TRACE::2025-03-14.15:42:19::SCWPlatform::Trying to open the hw design at C:/PXL/devWorks/devWorks2/CAR/HC_SR04/Vitis/HC_SR04/hw/HC_SR04.xsa
TRACE::2025-03-14.15:42:19::SCWPlatform::DSA given C:/PXL/devWorks/devWorks2/CAR/HC_SR04/Vitis/HC_SR04/hw/HC_SR04.xsa
TRACE::2025-03-14.15:42:19::SCWPlatform::DSA absoulate path C:/PXL/devWorks/devWorks2/CAR/HC_SR04/Vitis/HC_SR04/hw/HC_SR04.xsa
TRACE::2025-03-14.15:42:19::SCWPlatform::DSA directory C:/PXL/devWorks/devWorks2/CAR/HC_SR04/Vitis/HC_SR04/hw
TRACE::2025-03-14.15:42:19::SCWPlatform:: Platform Path C:/PXL/devWorks/devWorks2/CAR/HC_SR04/Vitis/HC_SR04/hw/HC_SR04.xsa
TRACE::2025-03-14.15:42:19::SCWPlatform:: Unique name xilinx:pynq-z2::0.0
TRACE::2025-03-14.15:42:19::SCWPlatform::Do not have an existing db opened. 
TRACE::2025-03-14.15:42:24::SCWPlatform::Opened new HwDB with name design_1_wrapper_0
TRACE::2025-03-14.15:42:24::SCWWriter::formatted JSON is {
	"platformName":	"HC_SR04",
	"sprVersion":	"2.0",
	"mode":	"gui",
	"dsaType":	"Fixed",
	"platformDesc":	"HC_SR04",
	"platHandOff":	"C:/PXL/devWorks/devWorks2/CAR/HC_SR04/HC_SR04.xsa",
	"platIntHandOff":	"<platformDir>/hw/HC_SR04.xsa",
	"deviceType":	"zynq",
	"platIsPrebuiltAutogen":	"false",
	"platIsNoBootBsp":	"false",
	"hasFsblMakeHasChanges":	"false",
	"hasPmufwMakeHasChanges":	"false",
	"platPreBuiltFlag":	false,
	"platformSamplesDir":	""
}
TRACE::2025-03-14.15:42:24::SCWWriter::formatted JSON is {
	"platformName":	"HC_SR04",
	"sprVersion":	"2.0",
	"mode":	"gui",
	"dsaType":	"Fixed",
	"platformDesc":	"HC_SR04",
	"platHandOff":	"C:/PXL/devWorks/devWorks2/CAR/HC_SR04/HC_SR04.xsa",
	"platIntHandOff":	"<platformDir>/hw/HC_SR04.xsa",
	"deviceType":	"zynq",
	"platIsPrebuiltAutogen":	"false",
	"platIsNoBootBsp":	"false",
	"hasFsblMakeHasChanges":	"false",
	"hasPmufwMakeHasChanges":	"false",
	"platPreBuiltFlag":	false,
	"platformSamplesDir":	"",
	"platActiveSys":	"HC_SR04",
	"systems":	[{
			"systemName":	"HC_SR04",
			"systemDesc":	"HC_SR04",
			"sysIsBootAutoGen":	"true",
			"systemDispName":	"HC_SR04"
		}]
}
TRACE::2025-03-14.15:42:24::SCWPlatform::Boot application domains not present, creating them
TRACE::2025-03-14.15:42:24::SCWDomain::checking for install qemu data   : 
TRACE::2025-03-14.15:42:24::SCWDomain:: Using the QEMU Data from install at  : C:/Xilinx/Vitis/2024.1/data/emulation/platforms/zynq/sw/a9_standalone/qemu/
TRACE::2025-03-14.15:42:24::SCWDomain:: Using the QEMU args  from install at  : C:/Xilinx/Vitis/2024.1/data/emulation/platforms/zynq/sw/a9_standalone/qemu/qemu_args.txt
TRACE::2025-03-14.15:42:24::SCWPlatform::Trying to open the hw design at C:/PXL/devWorks/devWorks2/CAR/HC_SR04/Vitis/HC_SR04/hw/HC_SR04.xsa
TRACE::2025-03-14.15:42:24::SCWPlatform::DSA given C:/PXL/devWorks/devWorks2/CAR/HC_SR04/Vitis/HC_SR04/hw/HC_SR04.xsa
TRACE::2025-03-14.15:42:24::SCWPlatform::DSA absoulate path C:/PXL/devWorks/devWorks2/CAR/HC_SR04/Vitis/HC_SR04/hw/HC_SR04.xsa
TRACE::2025-03-14.15:42:24::SCWPlatform::DSA directory C:/PXL/devWorks/devWorks2/CAR/HC_SR04/Vitis/HC_SR04/hw
TRACE::2025-03-14.15:42:24::SCWPlatform:: Platform Path C:/PXL/devWorks/devWorks2/CAR/HC_SR04/Vitis/HC_SR04/hw/HC_SR04.xsa
TRACE::2025-03-14.15:42:24::SCWPlatform:: Unique name xilinx:pynq-z2::0.0
TRACE::2025-03-14.15:42:24::SCWPlatform::Trying to set the existing hwdb with name design_1_wrapper_0
TRACE::2025-03-14.15:42:24::SCWPlatform::Opened existing hwdb design_1_wrapper_0
TRACE::2025-03-14.15:42:24::SCWPlatform::Found the Hw Db part of the input DSA
TRACE::2025-03-14.15:42:24::SCWPlatform::Trying to open the hw design at C:/PXL/devWorks/devWorks2/CAR/HC_SR04/Vitis/HC_SR04/hw/HC_SR04.xsa
TRACE::2025-03-14.15:42:24::SCWPlatform::DSA given C:/PXL/devWorks/devWorks2/CAR/HC_SR04/Vitis/HC_SR04/hw/HC_SR04.xsa
TRACE::2025-03-14.15:42:24::SCWPlatform::DSA absoulate path C:/PXL/devWorks/devWorks2/CAR/HC_SR04/Vitis/HC_SR04/hw/HC_SR04.xsa
TRACE::2025-03-14.15:42:24::SCWPlatform::DSA directory C:/PXL/devWorks/devWorks2/CAR/HC_SR04/Vitis/HC_SR04/hw
TRACE::2025-03-14.15:42:24::SCWPlatform:: Platform Path C:/PXL/devWorks/devWorks2/CAR/HC_SR04/Vitis/HC_SR04/hw/HC_SR04.xsa
TRACE::2025-03-14.15:42:24::SCWPlatform:: Unique name xilinx:pynq-z2::0.0
TRACE::2025-03-14.15:42:24::SCWPlatform::Trying to set the existing hwdb with name design_1_wrapper_0
TRACE::2025-03-14.15:42:24::SCWPlatform::Opened existing hwdb design_1_wrapper_0
TRACE::2025-03-14.15:42:24::SCWPlatform::Found the Hw Db part of the input DSA
TRACE::2025-03-14.15:42:24::SCWPlatform::Trying to open the hw design at C:/PXL/devWorks/devWorks2/CAR/HC_SR04/Vitis/HC_SR04/hw/HC_SR04.xsa
TRACE::2025-03-14.15:42:24::SCWPlatform::DSA given C:/PXL/devWorks/devWorks2/CAR/HC_SR04/Vitis/HC_SR04/hw/HC_SR04.xsa
TRACE::2025-03-14.15:42:24::SCWPlatform::DSA absoulate path C:/PXL/devWorks/devWorks2/CAR/HC_SR04/Vitis/HC_SR04/hw/HC_SR04.xsa
TRACE::2025-03-14.15:42:24::SCWPlatform::DSA directory C:/PXL/devWorks/devWorks2/CAR/HC_SR04/Vitis/HC_SR04/hw
TRACE::2025-03-14.15:42:24::SCWPlatform:: Platform Path C:/PXL/devWorks/devWorks2/CAR/HC_SR04/Vitis/HC_SR04/hw/HC_SR04.xsa
TRACE::2025-03-14.15:42:24::SCWPlatform:: Unique name xilinx:pynq-z2::0.0
TRACE::2025-03-14.15:42:24::SCWPlatform::Trying to set the existing hwdb with name design_1_wrapper_0
TRACE::2025-03-14.15:42:24::SCWPlatform::Opened existing hwdb design_1_wrapper_0
TRACE::2025-03-14.15:42:24::SCWPlatform::Found the Hw Db part of the input DSA
TRACE::2025-03-14.15:42:24::SCWPlatform::Boot application domain added for zynq_fsbl
TRACE::2025-03-14.15:42:24::SCWPlatform::Generating the sources  .
TRACE::2025-03-14.15:42:24::SCWBDomain::Generating boot domain sources.
TRACE::2025-03-14.15:42:24::SCWBDomain:: Generating the zynq_fsbl Application.
TRACE::2025-03-14.15:42:24::SCWPlatform::Trying to open the hw design at C:/PXL/devWorks/devWorks2/CAR/HC_SR04/Vitis/HC_SR04/hw/HC_SR04.xsa
TRACE::2025-03-14.15:42:24::SCWPlatform::DSA given C:/PXL/devWorks/devWorks2/CAR/HC_SR04/Vitis/HC_SR04/hw/HC_SR04.xsa
TRACE::2025-03-14.15:42:24::SCWPlatform::DSA absoulate path C:/PXL/devWorks/devWorks2/CAR/HC_SR04/Vitis/HC_SR04/hw/HC_SR04.xsa
TRACE::2025-03-14.15:42:24::SCWPlatform::DSA directory C:/PXL/devWorks/devWorks2/CAR/HC_SR04/Vitis/HC_SR04/hw
TRACE::2025-03-14.15:42:24::SCWPlatform:: Platform Path C:/PXL/devWorks/devWorks2/CAR/HC_SR04/Vitis/HC_SR04/hw/HC_SR04.xsa
TRACE::2025-03-14.15:42:24::SCWPlatform:: Unique name xilinx:pynq-z2::0.0
TRACE::2025-03-14.15:42:24::SCWPlatform::Trying to set the existing hwdb with name design_1_wrapper_0
TRACE::2025-03-14.15:42:24::SCWPlatform::Opened existing hwdb design_1_wrapper_0
TRACE::2025-03-14.15:42:24::SCWPlatform::Found the Hw Db part of the input DSA
TRACE::2025-03-14.15:42:24::SCWMssOS::Checking the sw design at  C:/PXL/devWorks/devWorks2/CAR/HC_SR04/Vitis/HC_SR04/zynq_fsbl/zynq_fsbl_bsp/system.mss
TRACE::2025-03-14.15:42:24::SCWMssOS::DEBUG:  swdes dump  
TRACE::2025-03-14.15:42:24::SCWMssOS::No sw design opened at  C:/PXL/devWorks/devWorks2/CAR/HC_SR04/Vitis/HC_SR04/zynq_fsbl/zynq_fsbl_bsp/system.mss
TRACE::2025-03-14.15:42:24::SCWMssOS::mss does not exists at C:/PXL/devWorks/devWorks2/CAR/HC_SR04/Vitis/HC_SR04/zynq_fsbl/zynq_fsbl_bsp/system.mss
TRACE::2025-03-14.15:42:24::SCWMssOS::Creating sw design at  C:/PXL/devWorks/devWorks2/CAR/HC_SR04/Vitis/HC_SR04/zynq_fsbl/zynq_fsbl_bsp/system.mss
TRACE::2025-03-14.15:42:24::SCWMssOS::Adding the swdes entry, created swdb C:/PXL/devWorks/devWorks2/CAR/HC_SR04/Vitis/HC_SR04/zynq_fsbl/zynq_fsbl_bsp/system.mss with des name C:/PXL/devWorks/devWorks2/CAR/HC_SR04/Vitis/HC_SR04/zynq_fsbl/zynq_fsbl_bsp/system.mss
TRACE::2025-03-14.15:42:24::SCWMssOS::updating the scw layer changes to swdes at   C:/PXL/devWorks/devWorks2/CAR/HC_SR04/Vitis/HC_SR04/zynq_fsbl/zynq_fsbl_bsp/system.mss
TRACE::2025-03-14.15:42:24::SCWMssOS::Writing mss at C:/PXL/devWorks/devWorks2/CAR/HC_SR04/Vitis/HC_SR04/zynq_fsbl/zynq_fsbl_bsp/system.mss
TRACE::2025-03-14.15:42:24::SCWMssOS::Completed writing the mss file at C:/PXL/devWorks/devWorks2/CAR/HC_SR04/Vitis/HC_SR04/zynq_fsbl/zynq_fsbl_bsp
TRACE::2025-03-14.15:42:24::SCWMssOS::Picking up changes from newly written mss file into SCW Layer. 
TRACE::2025-03-14.15:42:25::SCWMssOS::Updated the changes from newly written mss file into SCW Layer. 
TRACE::2025-03-14.15:42:25::SCWBDomain::Completed writing the mss file at C:/PXL/devWorks/devWorks2/CAR/HC_SR04/Vitis/HC_SR04/zynq_fsbl/zynq_fsbl_bsp
TRACE::2025-03-14.15:42:42::SCWPlatform::Generating sources Done.
TRACE::2025-03-14.15:42:42::SCWPlatform::Trying to open the hw design at C:/PXL/devWorks/devWorks2/CAR/HC_SR04/Vitis/HC_SR04/hw/HC_SR04.xsa
TRACE::2025-03-14.15:42:42::SCWPlatform::DSA given C:/PXL/devWorks/devWorks2/CAR/HC_SR04/Vitis/HC_SR04/hw/HC_SR04.xsa
TRACE::2025-03-14.15:42:42::SCWPlatform::DSA absoulate path C:/PXL/devWorks/devWorks2/CAR/HC_SR04/Vitis/HC_SR04/hw/HC_SR04.xsa
TRACE::2025-03-14.15:42:42::SCWPlatform::DSA directory C:/PXL/devWorks/devWorks2/CAR/HC_SR04/Vitis/HC_SR04/hw
TRACE::2025-03-14.15:42:42::SCWPlatform:: Platform Path C:/PXL/devWorks/devWorks2/CAR/HC_SR04/Vitis/HC_SR04/hw/HC_SR04.xsa
TRACE::2025-03-14.15:42:42::SCWPlatform:: Unique name xilinx:pynq-z2::0.0
TRACE::2025-03-14.15:42:42::SCWPlatform::Trying to set the existing hwdb with name design_1_wrapper_0
TRACE::2025-03-14.15:42:42::SCWPlatform::Opened existing hwdb design_1_wrapper_0
TRACE::2025-03-14.15:42:42::SCWPlatform::Found the Hw Db part of the input DSA
TRACE::2025-03-14.15:42:42::SCWMssOS::Checking the sw design at  C:/PXL/devWorks/devWorks2/CAR/HC_SR04/Vitis/HC_SR04/zynq_fsbl/zynq_fsbl_bsp/system.mss
TRACE::2025-03-14.15:42:42::SCWMssOS::DEBUG:  swdes dump  
TRACE::2025-03-14.15:42:42::SCWMssOS::No sw design opened at  C:/PXL/devWorks/devWorks2/CAR/HC_SR04/Vitis/HC_SR04/zynq_fsbl/zynq_fsbl_bsp/system.mss
TRACE::2025-03-14.15:42:42::SCWMssOS::mss exists loading the mss file  C:/PXL/devWorks/devWorks2/CAR/HC_SR04/Vitis/HC_SR04/zynq_fsbl/zynq_fsbl_bsp/system.mss
TRACE::2025-03-14.15:42:42::SCWMssOS::Opened the sw design from mss  C:/PXL/devWorks/devWorks2/CAR/HC_SR04/Vitis/HC_SR04/zynq_fsbl/zynq_fsbl_bsp/system.mss
TRACE::2025-03-14.15:42:42::SCWMssOS::Adding the swdes entry C:/PXL/devWorks/devWorks2/CAR/HC_SR04/Vitis/HC_SR04/zynq_fsbl/zynq_fsbl_bsp/system.mss with des name system
TRACE::2025-03-14.15:42:42::SCWMssOS::updating the scw layer about changes
TRACE::2025-03-14.15:42:42::SCWMssOS::Opened the sw design.  C:/PXL/devWorks/devWorks2/CAR/HC_SR04/Vitis/HC_SR04/zynq_fsbl/zynq_fsbl_bsp/system.mss
TRACE::2025-03-14.15:42:42::SCWMssOS::Saving the mss changes C:/PXL/devWorks/devWorks2/CAR/HC_SR04/Vitis/HC_SR04/zynq_fsbl/zynq_fsbl_bsp/system.mss
TRACE::2025-03-14.15:42:42::SCWMssOS::Found a swdesign opened with the mssfile.
TRACE::2025-03-14.15:42:42::SCWMssOS::Completed writemss as part of save.
TRACE::2025-03-14.15:42:42::SCWMssOS::Commit changes completed.
TRACE::2025-03-14.15:42:42::SCWPlatform::Trying to open the hw design at C:/PXL/devWorks/devWorks2/CAR/HC_SR04/Vitis/HC_SR04/hw/HC_SR04.xsa
TRACE::2025-03-14.15:42:42::SCWPlatform::DSA given C:/PXL/devWorks/devWorks2/CAR/HC_SR04/Vitis/HC_SR04/hw/HC_SR04.xsa
TRACE::2025-03-14.15:42:42::SCWPlatform::DSA absoulate path C:/PXL/devWorks/devWorks2/CAR/HC_SR04/Vitis/HC_SR04/hw/HC_SR04.xsa
TRACE::2025-03-14.15:42:42::SCWPlatform::DSA directory C:/PXL/devWorks/devWorks2/CAR/HC_SR04/Vitis/HC_SR04/hw
TRACE::2025-03-14.15:42:42::SCWPlatform:: Platform Path C:/PXL/devWorks/devWorks2/CAR/HC_SR04/Vitis/HC_SR04/hw/HC_SR04.xsa
TRACE::2025-03-14.15:42:42::SCWPlatform:: Unique name xilinx:pynq-z2::0.0
TRACE::2025-03-14.15:42:42::SCWPlatform::Trying to set the existing hwdb with name design_1_wrapper_0
TRACE::2025-03-14.15:42:42::SCWPlatform::Opened existing hwdb design_1_wrapper_0
TRACE::2025-03-14.15:42:42::SCWPlatform::Found the Hw Db part of the input DSA
TRACE::2025-03-14.15:42:42::SCWMssOS::Checking the sw design at  C:/PXL/devWorks/devWorks2/CAR/HC_SR04/Vitis/HC_SR04/zynq_fsbl/zynq_fsbl_bsp/system.mss
TRACE::2025-03-14.15:42:42::SCWMssOS::DEBUG:  swdes dump  C:/PXL/devWorks/devWorks2/CAR/HC_SR04/Vitis/HC_SR04/zynq_fsbl/zynq_fsbl_bsp/system.mss|system||

TRACE::2025-03-14.15:42:42::SCWMssOS::Sw design exists and opened at  C:/PXL/devWorks/devWorks2/CAR/HC_SR04/Vitis/HC_SR04/zynq_fsbl/zynq_fsbl_bsp/system.mss
TRACE::2025-03-14.15:42:42::SCWPlatform::Trying to open the hw design at C:/PXL/devWorks/devWorks2/CAR/HC_SR04/Vitis/HC_SR04/hw/HC_SR04.xsa
TRACE::2025-03-14.15:42:42::SCWPlatform::DSA given C:/PXL/devWorks/devWorks2/CAR/HC_SR04/Vitis/HC_SR04/hw/HC_SR04.xsa
TRACE::2025-03-14.15:42:42::SCWPlatform::DSA absoulate path C:/PXL/devWorks/devWorks2/CAR/HC_SR04/Vitis/HC_SR04/hw/HC_SR04.xsa
TRACE::2025-03-14.15:42:42::SCWPlatform::DSA directory C:/PXL/devWorks/devWorks2/CAR/HC_SR04/Vitis/HC_SR04/hw
TRACE::2025-03-14.15:42:42::SCWPlatform:: Platform Path C:/PXL/devWorks/devWorks2/CAR/HC_SR04/Vitis/HC_SR04/hw/HC_SR04.xsa
TRACE::2025-03-14.15:42:42::SCWPlatform:: Unique name xilinx:pynq-z2::0.0
TRACE::2025-03-14.15:42:42::SCWPlatform::Trying to set the existing hwdb with name design_1_wrapper_0
TRACE::2025-03-14.15:42:42::SCWPlatform::Opened existing hwdb design_1_wrapper_0
TRACE::2025-03-14.15:42:42::SCWPlatform::Found the Hw Db part of the input DSA
TRACE::2025-03-14.15:42:42::SCWMssOS::Checking the sw design at  C:/PXL/devWorks/devWorks2/CAR/HC_SR04/Vitis/HC_SR04/zynq_fsbl/zynq_fsbl_bsp/system.mss
TRACE::2025-03-14.15:42:42::SCWMssOS::DEBUG:  swdes dump  C:/PXL/devWorks/devWorks2/CAR/HC_SR04/Vitis/HC_SR04/zynq_fsbl/zynq_fsbl_bsp/system.mss|system||

TRACE::2025-03-14.15:42:42::SCWMssOS::Sw design exists and opened at  C:/PXL/devWorks/devWorks2/CAR/HC_SR04/Vitis/HC_SR04/zynq_fsbl/zynq_fsbl_bsp/system.mss
TRACE::2025-03-14.15:42:42::SCWPlatform::Trying to open the hw design at C:/PXL/devWorks/devWorks2/CAR/HC_SR04/Vitis/HC_SR04/hw/HC_SR04.xsa
TRACE::2025-03-14.15:42:42::SCWPlatform::DSA given C:/PXL/devWorks/devWorks2/CAR/HC_SR04/Vitis/HC_SR04/hw/HC_SR04.xsa
TRACE::2025-03-14.15:42:42::SCWPlatform::DSA absoulate path C:/PXL/devWorks/devWorks2/CAR/HC_SR04/Vitis/HC_SR04/hw/HC_SR04.xsa
TRACE::2025-03-14.15:42:42::SCWPlatform::DSA directory C:/PXL/devWorks/devWorks2/CAR/HC_SR04/Vitis/HC_SR04/hw
TRACE::2025-03-14.15:42:42::SCWPlatform:: Platform Path C:/PXL/devWorks/devWorks2/CAR/HC_SR04/Vitis/HC_SR04/hw/HC_SR04.xsa
TRACE::2025-03-14.15:42:42::SCWPlatform:: Unique name xilinx:pynq-z2::0.0
TRACE::2025-03-14.15:42:42::SCWPlatform::Trying to set the existing hwdb with name design_1_wrapper_0
TRACE::2025-03-14.15:42:42::SCWPlatform::Opened existing hwdb design_1_wrapper_0
TRACE::2025-03-14.15:42:42::SCWPlatform::Found the Hw Db part of the input DSA
TRACE::2025-03-14.15:42:42::SCWMssOS::Checking the sw design at  C:/PXL/devWorks/devWorks2/CAR/HC_SR04/Vitis/HC_SR04/zynq_fsbl/zynq_fsbl_bsp/system.mss
TRACE::2025-03-14.15:42:42::SCWMssOS::DEBUG:  swdes dump  C:/PXL/devWorks/devWorks2/CAR/HC_SR04/Vitis/HC_SR04/zynq_fsbl/zynq_fsbl_bsp/system.mss|system||

TRACE::2025-03-14.15:42:42::SCWMssOS::Sw design exists and opened at  C:/PXL/devWorks/devWorks2/CAR/HC_SR04/Vitis/HC_SR04/zynq_fsbl/zynq_fsbl_bsp/system.mss
TRACE::2025-03-14.15:42:42::SCWWriter::formatted JSON is {
	"platformName":	"HC_SR04",
	"sprVersion":	"2.0",
	"mode":	"gui",
	"dsaType":	"Fixed",
	"platformDesc":	"HC_SR04",
	"platHandOff":	"C:/PXL/devWorks/devWorks2/CAR/HC_SR04/HC_SR04.xsa",
	"platIntHandOff":	"<platformDir>/hw/HC_SR04.xsa",
	"deviceType":	"zynq",
	"platIsPrebuiltAutogen":	"false",
	"platIsNoBootBsp":	"false",
	"platFsblTarget":	"ps7_cortexa9_0",
	"hasFsblMakeHasChanges":	"false",
	"hasPmufwMakeHasChanges":	"false",
	"fsblExtraCompilerFlags":	"-MMD -MP       -mcpu=cortex-a9 -mfpu=vfpv3 -mfloat-abi=hard ",
	"platPreBuiltFlag":	false,
	"platformSamplesDir":	"",
	"platActiveSys":	"HC_SR04",
	"systems":	[{
			"systemName":	"HC_SR04",
			"systemDesc":	"HC_SR04",
			"sysIsBootAutoGen":	"true",
			"systemDispName":	"HC_SR04",
			"sysActiveDom":	"zynq_fsbl",
			"sysDefaultDom":	"",
			"domains":	[{
					"domainName":	"zynq_fsbl",
					"domainDispName":	"zynq_fsbl",
					"domainDesc":	"FSBL Application BSP - Auto Generated.",
					"processors":	"ps7_cortexa9_0",
					"os":	"standalone",
					"sdxOs":	"standalone",
					"debugEnable":	"",
					"domRuntimes":	["cpp"],
					"swRepo":	"",
					"mssOsVer":	"9.1",
					"mssFile":	"",
					"md5Digest":	"ae658e95b1240de293e29e0c55d316dd",
					"compatibleApp":	"zynq_fsbl",
					"domType":	"bootDomain",
					"arch":	"32-bit",
					"appSettings":	{
						"appCompilerFlags":	"",
						"appLinkerFlags":	""
					},
					"addedLibs":	["xilffs:5.2", "xilrsa:1.8"],
					"libOptions":	{
						"libsContainingOptions":	[]
					},
					"prebuiltLibs":	{
						"prebuiltIncPath":	[],
						"prebuiltLibPath":	[]
					},
					"isolation":	{
					}
				}]
		}]
}
TRACE::2025-03-14.15:42:42::SCWMssOS::Saving the mss changes C:/PXL/devWorks/devWorks2/CAR/HC_SR04/Vitis/HC_SR04/zynq_fsbl/zynq_fsbl_bsp/system.mss
TRACE::2025-03-14.15:42:42::SCWMssOS::Found a swdesign opened with the mssfile.
TRACE::2025-03-14.15:42:42::SCWMssOS::Completed writemss as part of save.
TRACE::2025-03-14.15:42:42::SCWMssOS::Commit changes completed.
TRACE::2025-03-14.15:42:42::SCWPlatform::Trying to open the hw design at C:/PXL/devWorks/devWorks2/CAR/HC_SR04/Vitis/HC_SR04/hw/HC_SR04.xsa
TRACE::2025-03-14.15:42:42::SCWPlatform::DSA given C:/PXL/devWorks/devWorks2/CAR/HC_SR04/Vitis/HC_SR04/hw/HC_SR04.xsa
TRACE::2025-03-14.15:42:42::SCWPlatform::DSA absoulate path C:/PXL/devWorks/devWorks2/CAR/HC_SR04/Vitis/HC_SR04/hw/HC_SR04.xsa
TRACE::2025-03-14.15:42:42::SCWPlatform::DSA directory C:/PXL/devWorks/devWorks2/CAR/HC_SR04/Vitis/HC_SR04/hw
TRACE::2025-03-14.15:42:42::SCWPlatform:: Platform Path C:/PXL/devWorks/devWorks2/CAR/HC_SR04/Vitis/HC_SR04/hw/HC_SR04.xsa
TRACE::2025-03-14.15:42:42::SCWPlatform:: Unique name xilinx:pynq-z2::0.0
TRACE::2025-03-14.15:42:42::SCWPlatform::Trying to set the existing hwdb with name design_1_wrapper_0
TRACE::2025-03-14.15:42:42::SCWPlatform::Opened existing hwdb design_1_wrapper_0
TRACE::2025-03-14.15:42:42::SCWPlatform::Found the Hw Db part of the input DSA
TRACE::2025-03-14.15:42:42::SCWMssOS::Checking the sw design at  C:/PXL/devWorks/devWorks2/CAR/HC_SR04/Vitis/HC_SR04/zynq_fsbl/zynq_fsbl_bsp/system.mss
TRACE::2025-03-14.15:42:42::SCWMssOS::DEBUG:  swdes dump  C:/PXL/devWorks/devWorks2/CAR/HC_SR04/Vitis/HC_SR04/zynq_fsbl/zynq_fsbl_bsp/system.mss|system||

TRACE::2025-03-14.15:42:42::SCWMssOS::Sw design exists and opened at  C:/PXL/devWorks/devWorks2/CAR/HC_SR04/Vitis/HC_SR04/zynq_fsbl/zynq_fsbl_bsp/system.mss
TRACE::2025-03-14.15:42:42::SCWPlatform::Trying to open the hw design at C:/PXL/devWorks/devWorks2/CAR/HC_SR04/Vitis/HC_SR04/hw/HC_SR04.xsa
TRACE::2025-03-14.15:42:42::SCWPlatform::DSA given C:/PXL/devWorks/devWorks2/CAR/HC_SR04/Vitis/HC_SR04/hw/HC_SR04.xsa
TRACE::2025-03-14.15:42:42::SCWPlatform::DSA absoulate path C:/PXL/devWorks/devWorks2/CAR/HC_SR04/Vitis/HC_SR04/hw/HC_SR04.xsa
TRACE::2025-03-14.15:42:42::SCWPlatform::DSA directory C:/PXL/devWorks/devWorks2/CAR/HC_SR04/Vitis/HC_SR04/hw
TRACE::2025-03-14.15:42:42::SCWPlatform:: Platform Path C:/PXL/devWorks/devWorks2/CAR/HC_SR04/Vitis/HC_SR04/hw/HC_SR04.xsa
TRACE::2025-03-14.15:42:42::SCWPlatform:: Unique name xilinx:pynq-z2::0.0
TRACE::2025-03-14.15:42:42::SCWPlatform::Trying to set the existing hwdb with name design_1_wrapper_0
TRACE::2025-03-14.15:42:42::SCWPlatform::Opened existing hwdb design_1_wrapper_0
TRACE::2025-03-14.15:42:42::SCWPlatform::Found the Hw Db part of the input DSA
TRACE::2025-03-14.15:42:42::SCWMssOS::Checking the sw design at  C:/PXL/devWorks/devWorks2/CAR/HC_SR04/Vitis/HC_SR04/zynq_fsbl/zynq_fsbl_bsp/system.mss
TRACE::2025-03-14.15:42:42::SCWMssOS::DEBUG:  swdes dump  C:/PXL/devWorks/devWorks2/CAR/HC_SR04/Vitis/HC_SR04/zynq_fsbl/zynq_fsbl_bsp/system.mss|system||

TRACE::2025-03-14.15:42:42::SCWMssOS::Sw design exists and opened at  C:/PXL/devWorks/devWorks2/CAR/HC_SR04/Vitis/HC_SR04/zynq_fsbl/zynq_fsbl_bsp/system.mss
TRACE::2025-03-14.15:42:42::SCWPlatform::Trying to open the hw design at C:/PXL/devWorks/devWorks2/CAR/HC_SR04/Vitis/HC_SR04/hw/HC_SR04.xsa
TRACE::2025-03-14.15:42:42::SCWPlatform::DSA given C:/PXL/devWorks/devWorks2/CAR/HC_SR04/Vitis/HC_SR04/hw/HC_SR04.xsa
TRACE::2025-03-14.15:42:42::SCWPlatform::DSA absoulate path C:/PXL/devWorks/devWorks2/CAR/HC_SR04/Vitis/HC_SR04/hw/HC_SR04.xsa
TRACE::2025-03-14.15:42:42::SCWPlatform::DSA directory C:/PXL/devWorks/devWorks2/CAR/HC_SR04/Vitis/HC_SR04/hw
TRACE::2025-03-14.15:42:42::SCWPlatform:: Platform Path C:/PXL/devWorks/devWorks2/CAR/HC_SR04/Vitis/HC_SR04/hw/HC_SR04.xsa
TRACE::2025-03-14.15:42:42::SCWPlatform:: Unique name xilinx:pynq-z2::0.0
TRACE::2025-03-14.15:42:42::SCWPlatform::Trying to set the existing hwdb with name design_1_wrapper_0
TRACE::2025-03-14.15:42:42::SCWPlatform::Opened existing hwdb design_1_wrapper_0
TRACE::2025-03-14.15:42:42::SCWPlatform::Found the Hw Db part of the input DSA
TRACE::2025-03-14.15:42:42::SCWMssOS::Checking the sw design at  C:/PXL/devWorks/devWorks2/CAR/HC_SR04/Vitis/HC_SR04/zynq_fsbl/zynq_fsbl_bsp/system.mss
TRACE::2025-03-14.15:42:42::SCWMssOS::DEBUG:  swdes dump  C:/PXL/devWorks/devWorks2/CAR/HC_SR04/Vitis/HC_SR04/zynq_fsbl/zynq_fsbl_bsp/system.mss|system||

TRACE::2025-03-14.15:42:42::SCWMssOS::Sw design exists and opened at  C:/PXL/devWorks/devWorks2/CAR/HC_SR04/Vitis/HC_SR04/zynq_fsbl/zynq_fsbl_bsp/system.mss
TRACE::2025-03-14.15:42:42::SCWWriter::formatted JSON is {
	"platformName":	"HC_SR04",
	"sprVersion":	"2.0",
	"mode":	"gui",
	"dsaType":	"Fixed",
	"platformDesc":	"HC_SR04",
	"platHandOff":	"C:/PXL/devWorks/devWorks2/CAR/HC_SR04/HC_SR04.xsa",
	"platIntHandOff":	"<platformDir>/hw/HC_SR04.xsa",
	"deviceType":	"zynq",
	"platIsPrebuiltAutogen":	"false",
	"platIsNoBootBsp":	"false",
	"platFsblTarget":	"ps7_cortexa9_0",
	"hasFsblMakeHasChanges":	"false",
	"hasPmufwMakeHasChanges":	"false",
	"fsblExtraCompilerFlags":	"-MMD -MP       -mcpu=cortex-a9 -mfpu=vfpv3 -mfloat-abi=hard ",
	"platPreBuiltFlag":	false,
	"platformSamplesDir":	"",
	"platActiveSys":	"HC_SR04",
	"systems":	[{
			"systemName":	"HC_SR04",
			"systemDesc":	"HC_SR04",
			"sysIsBootAutoGen":	"true",
			"systemDispName":	"HC_SR04",
			"sysActiveDom":	"zynq_fsbl",
			"sysDefaultDom":	"",
			"domains":	[{
					"domainName":	"zynq_fsbl",
					"domainDispName":	"zynq_fsbl",
					"domainDesc":	"FSBL Application BSP - Auto Generated.",
					"processors":	"ps7_cortexa9_0",
					"os":	"standalone",
					"sdxOs":	"standalone",
					"debugEnable":	"",
					"domRuntimes":	["cpp"],
					"swRepo":	"",
					"mssOsVer":	"9.1",
					"mssFile":	"",
					"md5Digest":	"ae658e95b1240de293e29e0c55d316dd",
					"compatibleApp":	"zynq_fsbl",
					"domType":	"bootDomain",
					"arch":	"32-bit",
					"appSettings":	{
						"appCompilerFlags":	"",
						"appLinkerFlags":	""
					},
					"addedLibs":	["xilffs:5.2", "xilrsa:1.8"],
					"libOptions":	{
						"libsContainingOptions":	[]
					},
					"prebuiltLibs":	{
						"prebuiltIncPath":	[],
						"prebuiltLibPath":	[]
					},
					"isolation":	{
					}
				}]
		}]
}
TRACE::2025-03-14.15:42:42::SCWPlatform::Trying to open the hw design at C:/PXL/devWorks/devWorks2/CAR/HC_SR04/Vitis/HC_SR04/hw/HC_SR04.xsa
TRACE::2025-03-14.15:42:42::SCWPlatform::DSA given C:/PXL/devWorks/devWorks2/CAR/HC_SR04/Vitis/HC_SR04/hw/HC_SR04.xsa
TRACE::2025-03-14.15:42:42::SCWPlatform::DSA absoulate path C:/PXL/devWorks/devWorks2/CAR/HC_SR04/Vitis/HC_SR04/hw/HC_SR04.xsa
TRACE::2025-03-14.15:42:42::SCWPlatform::DSA directory C:/PXL/devWorks/devWorks2/CAR/HC_SR04/Vitis/HC_SR04/hw
TRACE::2025-03-14.15:42:42::SCWPlatform:: Platform Path C:/PXL/devWorks/devWorks2/CAR/HC_SR04/Vitis/HC_SR04/hw/HC_SR04.xsa
TRACE::2025-03-14.15:42:42::SCWPlatform:: Unique name xilinx:pynq-z2::0.0
TRACE::2025-03-14.15:42:42::SCWPlatform::Trying to set the existing hwdb with name design_1_wrapper_0
TRACE::2025-03-14.15:42:42::SCWPlatform::Opened existing hwdb design_1_wrapper_0
TRACE::2025-03-14.15:42:42::SCWPlatform::Found the Hw Db part of the input DSA
TRACE::2025-03-14.15:42:42::SCWDomain::checking for install qemu data   : 
TRACE::2025-03-14.15:42:42::SCWDomain:: Using the QEMU Data from install at  : C:/Xilinx/Vitis/2024.1/data/emulation/platforms/zynq/sw/a9_standalone/qemu/
TRACE::2025-03-14.15:42:42::SCWDomain:: Using the QEMU args  from install at  : C:/Xilinx/Vitis/2024.1/data/emulation/platforms/zynq/sw/a9_standalone/qemu/qemu_args.txt
TRACE::2025-03-14.15:42:42::SCWPlatform::Trying to open the hw design at C:/PXL/devWorks/devWorks2/CAR/HC_SR04/Vitis/HC_SR04/hw/HC_SR04.xsa
TRACE::2025-03-14.15:42:42::SCWPlatform::DSA given C:/PXL/devWorks/devWorks2/CAR/HC_SR04/Vitis/HC_SR04/hw/HC_SR04.xsa
TRACE::2025-03-14.15:42:42::SCWPlatform::DSA absoulate path C:/PXL/devWorks/devWorks2/CAR/HC_SR04/Vitis/HC_SR04/hw/HC_SR04.xsa
TRACE::2025-03-14.15:42:42::SCWPlatform::DSA directory C:/PXL/devWorks/devWorks2/CAR/HC_SR04/Vitis/HC_SR04/hw
TRACE::2025-03-14.15:42:42::SCWPlatform:: Platform Path C:/PXL/devWorks/devWorks2/CAR/HC_SR04/Vitis/HC_SR04/hw/HC_SR04.xsa
TRACE::2025-03-14.15:42:42::SCWPlatform:: Unique name xilinx:pynq-z2::0.0
TRACE::2025-03-14.15:42:42::SCWPlatform::Trying to set the existing hwdb with name design_1_wrapper_0
TRACE::2025-03-14.15:42:42::SCWPlatform::Opened existing hwdb design_1_wrapper_0
TRACE::2025-03-14.15:42:42::SCWPlatform::Found the Hw Db part of the input DSA
TRACE::2025-03-14.15:42:42::SCWPlatform::Trying to open the hw design at C:/PXL/devWorks/devWorks2/CAR/HC_SR04/Vitis/HC_SR04/hw/HC_SR04.xsa
TRACE::2025-03-14.15:42:42::SCWPlatform::DSA given C:/PXL/devWorks/devWorks2/CAR/HC_SR04/Vitis/HC_SR04/hw/HC_SR04.xsa
TRACE::2025-03-14.15:42:42::SCWPlatform::DSA absoulate path C:/PXL/devWorks/devWorks2/CAR/HC_SR04/Vitis/HC_SR04/hw/HC_SR04.xsa
TRACE::2025-03-14.15:42:42::SCWPlatform::DSA directory C:/PXL/devWorks/devWorks2/CAR/HC_SR04/Vitis/HC_SR04/hw
TRACE::2025-03-14.15:42:42::SCWPlatform:: Platform Path C:/PXL/devWorks/devWorks2/CAR/HC_SR04/Vitis/HC_SR04/hw/HC_SR04.xsa
TRACE::2025-03-14.15:42:42::SCWPlatform:: Unique name xilinx:pynq-z2::0.0
TRACE::2025-03-14.15:42:42::SCWPlatform::Trying to set the existing hwdb with name design_1_wrapper_0
TRACE::2025-03-14.15:42:42::SCWPlatform::Opened existing hwdb design_1_wrapper_0
TRACE::2025-03-14.15:42:42::SCWPlatform::Found the Hw Db part of the input DSA
TRACE::2025-03-14.15:42:42::SCWDomain::Qemu Directory name is changed from "" to "qemu"
TRACE::2025-03-14.15:42:42::SCWPlatform::Trying to open the hw design at C:/PXL/devWorks/devWorks2/CAR/HC_SR04/Vitis/HC_SR04/hw/HC_SR04.xsa
TRACE::2025-03-14.15:42:42::SCWPlatform::DSA given C:/PXL/devWorks/devWorks2/CAR/HC_SR04/Vitis/HC_SR04/hw/HC_SR04.xsa
TRACE::2025-03-14.15:42:42::SCWPlatform::DSA absoulate path C:/PXL/devWorks/devWorks2/CAR/HC_SR04/Vitis/HC_SR04/hw/HC_SR04.xsa
TRACE::2025-03-14.15:42:42::SCWPlatform::DSA directory C:/PXL/devWorks/devWorks2/CAR/HC_SR04/Vitis/HC_SR04/hw
TRACE::2025-03-14.15:42:42::SCWPlatform:: Platform Path C:/PXL/devWorks/devWorks2/CAR/HC_SR04/Vitis/HC_SR04/hw/HC_SR04.xsa
TRACE::2025-03-14.15:42:42::SCWPlatform:: Unique name xilinx:pynq-z2::0.0
TRACE::2025-03-14.15:42:42::SCWPlatform::Trying to set the existing hwdb with name design_1_wrapper_0
TRACE::2025-03-14.15:42:42::SCWPlatform::Opened existing hwdb design_1_wrapper_0
TRACE::2025-03-14.15:42:42::SCWPlatform::Found the Hw Db part of the input DSA
TRACE::2025-03-14.15:42:42::SCWMssOS::Checking the sw design at  C:/PXL/devWorks/devWorks2/CAR/HC_SR04/Vitis/HC_SR04/ps7_cortexa9_0/standalone_ps7_cortexa9_0/bsp/system.mss
TRACE::2025-03-14.15:42:42::SCWMssOS::DEBUG:  swdes dump  C:/PXL/devWorks/devWorks2/CAR/HC_SR04/Vitis/HC_SR04/zynq_fsbl/zynq_fsbl_bsp/system.mss|system||

TRACE::2025-03-14.15:42:42::SCWMssOS::No sw design opened at  C:/PXL/devWorks/devWorks2/CAR/HC_SR04/Vitis/HC_SR04/ps7_cortexa9_0/standalone_ps7_cortexa9_0/bsp/system.mss
TRACE::2025-03-14.15:42:42::SCWMssOS::mss does not exists at C:/PXL/devWorks/devWorks2/CAR/HC_SR04/Vitis/HC_SR04/ps7_cortexa9_0/standalone_ps7_cortexa9_0/bsp/system.mss
TRACE::2025-03-14.15:42:42::SCWMssOS::Creating sw design at  C:/PXL/devWorks/devWorks2/CAR/HC_SR04/Vitis/HC_SR04/ps7_cortexa9_0/standalone_ps7_cortexa9_0/bsp/system.mss
TRACE::2025-03-14.15:42:42::SCWMssOS::Adding the swdes entry, created swdb C:/PXL/devWorks/devWorks2/CAR/HC_SR04/Vitis/HC_SR04/ps7_cortexa9_0/standalone_ps7_cortexa9_0/bsp/system.mss with des name C:/PXL/devWorks/devWorks2/CAR/HC_SR04/Vitis/HC_SR04/ps7_cortexa9_0/standalone_ps7_cortexa9_0/bsp/system.mss
TRACE::2025-03-14.15:42:42::SCWMssOS::updating the scw layer changes to swdes at   C:/PXL/devWorks/devWorks2/CAR/HC_SR04/Vitis/HC_SR04/ps7_cortexa9_0/standalone_ps7_cortexa9_0/bsp/system.mss
TRACE::2025-03-14.15:42:42::SCWMssOS::Writing mss at C:/PXL/devWorks/devWorks2/CAR/HC_SR04/Vitis/HC_SR04/ps7_cortexa9_0/standalone_ps7_cortexa9_0/bsp/system.mss
TRACE::2025-03-14.15:42:42::SCWMssOS::Completed writing the mss file at C:/PXL/devWorks/devWorks2/CAR/HC_SR04/Vitis/HC_SR04/ps7_cortexa9_0/standalone_ps7_cortexa9_0/bsp
TRACE::2025-03-14.15:42:42::SCWMssOS::Picking up changes from newly written mss file into SCW Layer. 
TRACE::2025-03-14.15:42:43::SCWMssOS::Updated the changes from newly written mss file into SCW Layer. 
TRACE::2025-03-14.15:42:43::SCWMssOS::Completed writing the mss file at C:/PXL/devWorks/devWorks2/CAR/HC_SR04/Vitis/HC_SR04/ps7_cortexa9_0/standalone_ps7_cortexa9_0/bsp
TRACE::2025-03-14.15:42:43::SCWMssOS::Forcing BSP Sources regeneration.
TRACE::2025-03-14.15:42:45::SCWMssOS::Saving the mss changes C:/PXL/devWorks/devWorks2/CAR/HC_SR04/Vitis/HC_SR04/zynq_fsbl/zynq_fsbl_bsp/system.mss
TRACE::2025-03-14.15:42:45::SCWMssOS::Found a swdesign opened with the mssfile.
TRACE::2025-03-14.15:42:45::SCWMssOS::Completed writemss as part of save.
TRACE::2025-03-14.15:42:45::SCWMssOS::Commit changes completed.
TRACE::2025-03-14.15:42:45::SCWMssOS::Saving the mss changes C:/PXL/devWorks/devWorks2/CAR/HC_SR04/Vitis/HC_SR04/ps7_cortexa9_0/standalone_ps7_cortexa9_0/bsp/system.mss
TRACE::2025-03-14.15:42:45::SCWMssOS::Adding the swdes entry, mss present, able to open swdb C:/PXL/devWorks/devWorks2/CAR/HC_SR04/Vitis/HC_SR04/ps7_cortexa9_0/standalone_ps7_cortexa9_0/bsp/system.mss with des name system_0
TRACE::2025-03-14.15:42:45::SCWMssOS::Writing the mss file completed C:/PXL/devWorks/devWorks2/CAR/HC_SR04/Vitis/HC_SR04/ps7_cortexa9_0/standalone_ps7_cortexa9_0/bsp/system.mss
TRACE::2025-03-14.15:42:45::SCWMssOS::Commit changes completed.
TRACE::2025-03-14.15:42:45::SCWPlatform::Trying to open the hw design at C:/PXL/devWorks/devWorks2/CAR/HC_SR04/Vitis/HC_SR04/hw/HC_SR04.xsa
TRACE::2025-03-14.15:42:45::SCWPlatform::DSA given C:/PXL/devWorks/devWorks2/CAR/HC_SR04/Vitis/HC_SR04/hw/HC_SR04.xsa
TRACE::2025-03-14.15:42:45::SCWPlatform::DSA absoulate path C:/PXL/devWorks/devWorks2/CAR/HC_SR04/Vitis/HC_SR04/hw/HC_SR04.xsa
TRACE::2025-03-14.15:42:45::SCWPlatform::DSA directory C:/PXL/devWorks/devWorks2/CAR/HC_SR04/Vitis/HC_SR04/hw
TRACE::2025-03-14.15:42:45::SCWPlatform:: Platform Path C:/PXL/devWorks/devWorks2/CAR/HC_SR04/Vitis/HC_SR04/hw/HC_SR04.xsa
TRACE::2025-03-14.15:42:45::SCWPlatform:: Unique name xilinx:pynq-z2::0.0
TRACE::2025-03-14.15:42:45::SCWPlatform::Trying to set the existing hwdb with name design_1_wrapper_0
TRACE::2025-03-14.15:42:45::SCWPlatform::Opened existing hwdb design_1_wrapper_0
TRACE::2025-03-14.15:42:45::SCWPlatform::Found the Hw Db part of the input DSA
TRACE::2025-03-14.15:42:45::SCWMssOS::Checking the sw design at  C:/PXL/devWorks/devWorks2/CAR/HC_SR04/Vitis/HC_SR04/zynq_fsbl/zynq_fsbl_bsp/system.mss
TRACE::2025-03-14.15:42:45::SCWMssOS::DEBUG:  swdes dump  C:/PXL/devWorks/devWorks2/CAR/HC_SR04/Vitis/HC_SR04/ps7_cortexa9_0/standalone_ps7_cortexa9_0/bsp/system.mss|system_0||
C:/PXL/devWorks/devWorks2/CAR/HC_SR04/Vitis/HC_SR04/zynq_fsbl/zynq_fsbl_bsp/system.mss|system||

TRACE::2025-03-14.15:42:45::SCWMssOS::Sw design exists and opened at  C:/PXL/devWorks/devWorks2/CAR/HC_SR04/Vitis/HC_SR04/zynq_fsbl/zynq_fsbl_bsp/system.mss
TRACE::2025-03-14.15:42:45::SCWPlatform::Trying to open the hw design at C:/PXL/devWorks/devWorks2/CAR/HC_SR04/Vitis/HC_SR04/hw/HC_SR04.xsa
TRACE::2025-03-14.15:42:45::SCWPlatform::DSA given C:/PXL/devWorks/devWorks2/CAR/HC_SR04/Vitis/HC_SR04/hw/HC_SR04.xsa
TRACE::2025-03-14.15:42:45::SCWPlatform::DSA absoulate path C:/PXL/devWorks/devWorks2/CAR/HC_SR04/Vitis/HC_SR04/hw/HC_SR04.xsa
TRACE::2025-03-14.15:42:45::SCWPlatform::DSA directory C:/PXL/devWorks/devWorks2/CAR/HC_SR04/Vitis/HC_SR04/hw
TRACE::2025-03-14.15:42:45::SCWPlatform:: Platform Path C:/PXL/devWorks/devWorks2/CAR/HC_SR04/Vitis/HC_SR04/hw/HC_SR04.xsa
TRACE::2025-03-14.15:42:45::SCWPlatform:: Unique name xilinx:pynq-z2::0.0
TRACE::2025-03-14.15:42:45::SCWPlatform::Trying to set the existing hwdb with name design_1_wrapper_0
TRACE::2025-03-14.15:42:45::SCWPlatform::Opened existing hwdb design_1_wrapper_0
TRACE::2025-03-14.15:42:45::SCWPlatform::Found the Hw Db part of the input DSA
TRACE::2025-03-14.15:42:45::SCWMssOS::Checking the sw design at  C:/PXL/devWorks/devWorks2/CAR/HC_SR04/Vitis/HC_SR04/zynq_fsbl/zynq_fsbl_bsp/system.mss
TRACE::2025-03-14.15:42:45::SCWMssOS::DEBUG:  swdes dump  C:/PXL/devWorks/devWorks2/CAR/HC_SR04/Vitis/HC_SR04/ps7_cortexa9_0/standalone_ps7_cortexa9_0/bsp/system.mss|system_0||
C:/PXL/devWorks/devWorks2/CAR/HC_SR04/Vitis/HC_SR04/zynq_fsbl/zynq_fsbl_bsp/system.mss|system||

TRACE::2025-03-14.15:42:45::SCWMssOS::Sw design exists and opened at  C:/PXL/devWorks/devWorks2/CAR/HC_SR04/Vitis/HC_SR04/zynq_fsbl/zynq_fsbl_bsp/system.mss
TRACE::2025-03-14.15:42:45::SCWPlatform::Trying to open the hw design at C:/PXL/devWorks/devWorks2/CAR/HC_SR04/Vitis/HC_SR04/hw/HC_SR04.xsa
TRACE::2025-03-14.15:42:45::SCWPlatform::DSA given C:/PXL/devWorks/devWorks2/CAR/HC_SR04/Vitis/HC_SR04/hw/HC_SR04.xsa
TRACE::2025-03-14.15:42:45::SCWPlatform::DSA absoulate path C:/PXL/devWorks/devWorks2/CAR/HC_SR04/Vitis/HC_SR04/hw/HC_SR04.xsa
TRACE::2025-03-14.15:42:45::SCWPlatform::DSA directory C:/PXL/devWorks/devWorks2/CAR/HC_SR04/Vitis/HC_SR04/hw
TRACE::2025-03-14.15:42:45::SCWPlatform:: Platform Path C:/PXL/devWorks/devWorks2/CAR/HC_SR04/Vitis/HC_SR04/hw/HC_SR04.xsa
TRACE::2025-03-14.15:42:45::SCWPlatform:: Unique name xilinx:pynq-z2::0.0
TRACE::2025-03-14.15:42:45::SCWPlatform::Trying to set the existing hwdb with name design_1_wrapper_0
TRACE::2025-03-14.15:42:45::SCWPlatform::Opened existing hwdb design_1_wrapper_0
TRACE::2025-03-14.15:42:45::SCWPlatform::Found the Hw Db part of the input DSA
TRACE::2025-03-14.15:42:45::SCWMssOS::Checking the sw design at  C:/PXL/devWorks/devWorks2/CAR/HC_SR04/Vitis/HC_SR04/zynq_fsbl/zynq_fsbl_bsp/system.mss
TRACE::2025-03-14.15:42:45::SCWMssOS::DEBUG:  swdes dump  C:/PXL/devWorks/devWorks2/CAR/HC_SR04/Vitis/HC_SR04/ps7_cortexa9_0/standalone_ps7_cortexa9_0/bsp/system.mss|system_0||
C:/PXL/devWorks/devWorks2/CAR/HC_SR04/Vitis/HC_SR04/zynq_fsbl/zynq_fsbl_bsp/system.mss|system||

TRACE::2025-03-14.15:42:45::SCWMssOS::Sw design exists and opened at  C:/PXL/devWorks/devWorks2/CAR/HC_SR04/Vitis/HC_SR04/zynq_fsbl/zynq_fsbl_bsp/system.mss
TRACE::2025-03-14.15:42:45::SCWPlatform::Trying to open the hw design at C:/PXL/devWorks/devWorks2/CAR/HC_SR04/Vitis/HC_SR04/hw/HC_SR04.xsa
TRACE::2025-03-14.15:42:45::SCWPlatform::DSA given C:/PXL/devWorks/devWorks2/CAR/HC_SR04/Vitis/HC_SR04/hw/HC_SR04.xsa
TRACE::2025-03-14.15:42:45::SCWPlatform::DSA absoulate path C:/PXL/devWorks/devWorks2/CAR/HC_SR04/Vitis/HC_SR04/hw/HC_SR04.xsa
TRACE::2025-03-14.15:42:45::SCWPlatform::DSA directory C:/PXL/devWorks/devWorks2/CAR/HC_SR04/Vitis/HC_SR04/hw
TRACE::2025-03-14.15:42:45::SCWPlatform:: Platform Path C:/PXL/devWorks/devWorks2/CAR/HC_SR04/Vitis/HC_SR04/hw/HC_SR04.xsa
TRACE::2025-03-14.15:42:45::SCWPlatform:: Unique name xilinx:pynq-z2::0.0
TRACE::2025-03-14.15:42:45::SCWPlatform::Trying to set the existing hwdb with name design_1_wrapper_0
TRACE::2025-03-14.15:42:45::SCWPlatform::Opened existing hwdb design_1_wrapper_0
TRACE::2025-03-14.15:42:45::SCWPlatform::Found the Hw Db part of the input DSA
TRACE::2025-03-14.15:42:45::SCWMssOS::Checking the sw design at  C:/PXL/devWorks/devWorks2/CAR/HC_SR04/Vitis/HC_SR04/ps7_cortexa9_0/standalone_ps7_cortexa9_0/bsp/system.mss
TRACE::2025-03-14.15:42:45::SCWMssOS::DEBUG:  swdes dump  C:/PXL/devWorks/devWorks2/CAR/HC_SR04/Vitis/HC_SR04/ps7_cortexa9_0/standalone_ps7_cortexa9_0/bsp/system.mss|system_0||
C:/PXL/devWorks/devWorks2/CAR/HC_SR04/Vitis/HC_SR04/zynq_fsbl/zynq_fsbl_bsp/system.mss|system||

TRACE::2025-03-14.15:42:45::SCWMssOS::Sw design exists and opened at  C:/PXL/devWorks/devWorks2/CAR/HC_SR04/Vitis/HC_SR04/ps7_cortexa9_0/standalone_ps7_cortexa9_0/bsp/system.mss
TRACE::2025-03-14.15:42:45::SCWPlatform::Trying to open the hw design at C:/PXL/devWorks/devWorks2/CAR/HC_SR04/Vitis/HC_SR04/hw/HC_SR04.xsa
TRACE::2025-03-14.15:42:45::SCWPlatform::DSA given C:/PXL/devWorks/devWorks2/CAR/HC_SR04/Vitis/HC_SR04/hw/HC_SR04.xsa
TRACE::2025-03-14.15:42:45::SCWPlatform::DSA absoulate path C:/PXL/devWorks/devWorks2/CAR/HC_SR04/Vitis/HC_SR04/hw/HC_SR04.xsa
TRACE::2025-03-14.15:42:45::SCWPlatform::DSA directory C:/PXL/devWorks/devWorks2/CAR/HC_SR04/Vitis/HC_SR04/hw
TRACE::2025-03-14.15:42:45::SCWPlatform:: Platform Path C:/PXL/devWorks/devWorks2/CAR/HC_SR04/Vitis/HC_SR04/hw/HC_SR04.xsa
TRACE::2025-03-14.15:42:45::SCWPlatform:: Unique name xilinx:pynq-z2::0.0
TRACE::2025-03-14.15:42:45::SCWPlatform::Trying to set the existing hwdb with name design_1_wrapper_0
TRACE::2025-03-14.15:42:45::SCWPlatform::Opened existing hwdb design_1_wrapper_0
TRACE::2025-03-14.15:42:45::SCWPlatform::Found the Hw Db part of the input DSA
TRACE::2025-03-14.15:42:45::SCWMssOS::Checking the sw design at  C:/PXL/devWorks/devWorks2/CAR/HC_SR04/Vitis/HC_SR04/ps7_cortexa9_0/standalone_ps7_cortexa9_0/bsp/system.mss
TRACE::2025-03-14.15:42:45::SCWMssOS::DEBUG:  swdes dump  C:/PXL/devWorks/devWorks2/CAR/HC_SR04/Vitis/HC_SR04/ps7_cortexa9_0/standalone_ps7_cortexa9_0/bsp/system.mss|system_0||
C:/PXL/devWorks/devWorks2/CAR/HC_SR04/Vitis/HC_SR04/zynq_fsbl/zynq_fsbl_bsp/system.mss|system||

TRACE::2025-03-14.15:42:45::SCWMssOS::Sw design exists and opened at  C:/PXL/devWorks/devWorks2/CAR/HC_SR04/Vitis/HC_SR04/ps7_cortexa9_0/standalone_ps7_cortexa9_0/bsp/system.mss
TRACE::2025-03-14.15:42:45::SCWPlatform::Trying to open the hw design at C:/PXL/devWorks/devWorks2/CAR/HC_SR04/Vitis/HC_SR04/hw/HC_SR04.xsa
TRACE::2025-03-14.15:42:45::SCWPlatform::DSA given C:/PXL/devWorks/devWorks2/CAR/HC_SR04/Vitis/HC_SR04/hw/HC_SR04.xsa
TRACE::2025-03-14.15:42:45::SCWPlatform::DSA absoulate path C:/PXL/devWorks/devWorks2/CAR/HC_SR04/Vitis/HC_SR04/hw/HC_SR04.xsa
TRACE::2025-03-14.15:42:45::SCWPlatform::DSA directory C:/PXL/devWorks/devWorks2/CAR/HC_SR04/Vitis/HC_SR04/hw
TRACE::2025-03-14.15:42:45::SCWPlatform:: Platform Path C:/PXL/devWorks/devWorks2/CAR/HC_SR04/Vitis/HC_SR04/hw/HC_SR04.xsa
TRACE::2025-03-14.15:42:45::SCWPlatform:: Unique name xilinx:pynq-z2::0.0
TRACE::2025-03-14.15:42:45::SCWPlatform::Trying to set the existing hwdb with name design_1_wrapper_0
TRACE::2025-03-14.15:42:45::SCWPlatform::Opened existing hwdb design_1_wrapper_0
TRACE::2025-03-14.15:42:45::SCWPlatform::Found the Hw Db part of the input DSA
TRACE::2025-03-14.15:42:45::SCWMssOS::Checking the sw design at  C:/PXL/devWorks/devWorks2/CAR/HC_SR04/Vitis/HC_SR04/ps7_cortexa9_0/standalone_ps7_cortexa9_0/bsp/system.mss
TRACE::2025-03-14.15:42:45::SCWMssOS::DEBUG:  swdes dump  C:/PXL/devWorks/devWorks2/CAR/HC_SR04/Vitis/HC_SR04/ps7_cortexa9_0/standalone_ps7_cortexa9_0/bsp/system.mss|system_0||
C:/PXL/devWorks/devWorks2/CAR/HC_SR04/Vitis/HC_SR04/zynq_fsbl/zynq_fsbl_bsp/system.mss|system||

TRACE::2025-03-14.15:42:45::SCWMssOS::Sw design exists and opened at  C:/PXL/devWorks/devWorks2/CAR/HC_SR04/Vitis/HC_SR04/ps7_cortexa9_0/standalone_ps7_cortexa9_0/bsp/system.mss
TRACE::2025-03-14.15:42:45::SCWWriter::formatted JSON is {
	"platformName":	"HC_SR04",
	"sprVersion":	"2.0",
	"mode":	"gui",
	"dsaType":	"Fixed",
	"platformDesc":	"HC_SR04",
	"platHandOff":	"C:/PXL/devWorks/devWorks2/CAR/HC_SR04/HC_SR04.xsa",
	"platIntHandOff":	"<platformDir>/hw/HC_SR04.xsa",
	"deviceType":	"zynq",
	"platIsPrebuiltAutogen":	"false",
	"platIsNoBootBsp":	"false",
	"platFsblTarget":	"ps7_cortexa9_0",
	"hasFsblMakeHasChanges":	"false",
	"hasPmufwMakeHasChanges":	"false",
	"fsblExtraCompilerFlags":	"-MMD -MP       -mcpu=cortex-a9 -mfpu=vfpv3 -mfloat-abi=hard ",
	"platPreBuiltFlag":	false,
	"platformSamplesDir":	"",
	"platActiveSys":	"HC_SR04",
	"systems":	[{
			"systemName":	"HC_SR04",
			"systemDesc":	"HC_SR04",
			"sysIsBootAutoGen":	"true",
			"systemDispName":	"HC_SR04",
			"sysActiveDom":	"standalone_ps7_cortexa9_0",
			"sysDefaultDom":	"standalone_ps7_cortexa9_0",
			"domains":	[{
					"domainName":	"zynq_fsbl",
					"domainDispName":	"zynq_fsbl",
					"domainDesc":	"FSBL Application BSP - Auto Generated.",
					"processors":	"ps7_cortexa9_0",
					"os":	"standalone",
					"sdxOs":	"standalone",
					"debugEnable":	"",
					"domRuntimes":	["cpp"],
					"swRepo":	"",
					"mssOsVer":	"9.1",
					"mssFile":	"",
					"md5Digest":	"ae658e95b1240de293e29e0c55d316dd",
					"compatibleApp":	"zynq_fsbl",
					"domType":	"bootDomain",
					"arch":	"32-bit",
					"appSettings":	{
						"appCompilerFlags":	"",
						"appLinkerFlags":	""
					},
					"addedLibs":	["xilffs:5.2", "xilrsa:1.8"],
					"libOptions":	{
						"libsContainingOptions":	[]
					},
					"prebuiltLibs":	{
						"prebuiltIncPath":	[],
						"prebuiltLibPath":	[]
					},
					"isolation":	{
					}
				}, {
					"domainName":	"standalone_ps7_cortexa9_0",
					"domainDispName":	"standalone_ps7_cortexa9_0",
					"domainDesc":	"standalone_ps7_cortexa9_0",
					"processors":	"ps7_cortexa9_0",
					"os":	"standalone",
					"sdxOs":	"standalone",
					"qemuArgs":	"<platformDir>/resources/HC_SR04/standalone_ps7_cortexa9_0/qemu_args.txt",
					"qemuData":	"<platformDir>/resources/HC_SR04/standalone_ps7_cortexa9_0/qemu",
					"debugEnable":	"False",
					"domRuntimes":	["cpp"],
					"swRepo":	"",
					"mssOsVer":	"9.1",
					"mssFile":	"",
					"md5Digest":	"decf39934d9cc24cccc491e678fcd076",
					"compatibleApp":	"hello_world",
					"domType":	"mssDomain",
					"arch":	"32-bit",
					"appSettings":	{
						"appCompilerFlags":	"",
						"appLinkerFlags":	""
					},
					"addedLibs":	[],
					"libOptions":	{
						"libsContainingOptions":	[]
					},
					"prebuiltLibs":	{
						"prebuiltIncPath":	[],
						"prebuiltLibPath":	[]
					},
					"isolation":	{
					}
				}]
		}]
}
LOG::2025-03-14.15:42:45::SCWPlatform::Started generating the artifacts platform HC_SR04
TRACE::2025-03-14.15:42:45::SCWPlatform::Sanity checking of platform is completed
LOG::2025-03-14.15:42:45::SCWPlatform::Started generating the artifacts for system configuration HC_SR04
LOG::2025-03-14.15:42:45::SCWSystem::Checking the domain zynq_fsbl
LOG::2025-03-14.15:42:45::SCWSystem::Doing application build for :  zynq_fsbl
TRACE::2025-03-14.15:42:45::SCWBDomain::Not a forced makefile updation, No changes are present. 
TRACE::2025-03-14.15:42:45::SCWDomain::Skipping the build for domain :  zynq_fsbl
LOG::2025-03-14.15:42:45::SCWSystem::Checking the domain standalone_ps7_cortexa9_0
LOG::2025-03-14.15:42:45::SCWSystem::Not a boot domain 
LOG::2025-03-14.15:42:45::SCWSystem::Started Processing the domain standalone_ps7_cortexa9_0
TRACE::2025-03-14.15:42:45::SCWDomain::Generating domain artifcats
TRACE::2025-03-14.15:42:45::SCWMssOS::Generating standalone artifcats
TRACE::2025-03-14.15:42:45::SCWMssOS::Copying the qemu file from  C:/PXL/devWorks/devWorks2/CAR/HC_SR04/Vitis/HC_SR04/resources/HC_SR04/standalone_ps7_cortexa9_0/qemu_args.txt To C:/PXL/devWorks/devWorks2/CAR/HC_SR04/Vitis/HC_SR04/export/HC_SR04/sw/HC_SR04/qemu/
TRACE::2025-03-14.15:42:45::SCWMssOS::Copying the qemu file from  C:/PXL/devWorks/devWorks2/CAR/HC_SR04/Vitis/HC_SR04/resources/HC_SR04/standalone_ps7_cortexa9_0/qemu_args.txt To C:/PXL/devWorks/devWorks2/CAR/HC_SR04/Vitis/HC_SR04/export/HC_SR04/sw/HC_SR04/standalone_ps7_cortexa9_0/qemu/
TRACE::2025-03-14.15:42:45::SCWMssOS:: Copying the user libraries. 
TRACE::2025-03-14.15:42:45::SCWPlatform::Trying to open the hw design at C:/PXL/devWorks/devWorks2/CAR/HC_SR04/Vitis/HC_SR04/hw/HC_SR04.xsa
TRACE::2025-03-14.15:42:45::SCWPlatform::DSA given C:/PXL/devWorks/devWorks2/CAR/HC_SR04/Vitis/HC_SR04/hw/HC_SR04.xsa
TRACE::2025-03-14.15:42:45::SCWPlatform::DSA absoulate path C:/PXL/devWorks/devWorks2/CAR/HC_SR04/Vitis/HC_SR04/hw/HC_SR04.xsa
TRACE::2025-03-14.15:42:45::SCWPlatform::DSA directory C:/PXL/devWorks/devWorks2/CAR/HC_SR04/Vitis/HC_SR04/hw
TRACE::2025-03-14.15:42:45::SCWPlatform:: Platform Path C:/PXL/devWorks/devWorks2/CAR/HC_SR04/Vitis/HC_SR04/hw/HC_SR04.xsa
TRACE::2025-03-14.15:42:45::SCWPlatform:: Unique name xilinx:pynq-z2::0.0
TRACE::2025-03-14.15:42:45::SCWPlatform::Trying to set the existing hwdb with name design_1_wrapper_0
TRACE::2025-03-14.15:42:45::SCWPlatform::Opened existing hwdb design_1_wrapper_0
TRACE::2025-03-14.15:42:45::SCWPlatform::Found the Hw Db part of the input DSA
TRACE::2025-03-14.15:42:45::SCWMssOS::Checking the sw design at  C:/PXL/devWorks/devWorks2/CAR/HC_SR04/Vitis/HC_SR04/ps7_cortexa9_0/standalone_ps7_cortexa9_0/bsp/system.mss
TRACE::2025-03-14.15:42:45::SCWMssOS::DEBUG:  swdes dump  C:/PXL/devWorks/devWorks2/CAR/HC_SR04/Vitis/HC_SR04/ps7_cortexa9_0/standalone_ps7_cortexa9_0/bsp/system.mss|system_0||
C:/PXL/devWorks/devWorks2/CAR/HC_SR04/Vitis/HC_SR04/zynq_fsbl/zynq_fsbl_bsp/system.mss|system||

TRACE::2025-03-14.15:42:45::SCWMssOS::Sw design exists and opened at  C:/PXL/devWorks/devWorks2/CAR/HC_SR04/Vitis/HC_SR04/ps7_cortexa9_0/standalone_ps7_cortexa9_0/bsp/system.mss
TRACE::2025-03-14.15:42:45::SCWMssOS::Completed writing the mss file at C:/PXL/devWorks/devWorks2/CAR/HC_SR04/Vitis/HC_SR04/ps7_cortexa9_0/standalone_ps7_cortexa9_0/bsp
TRACE::2025-03-14.15:42:45::SCWMssOS::Mss edits present, copying mssfile into export location C:/PXL/devWorks/devWorks2/CAR/HC_SR04/Vitis/HC_SR04/ps7_cortexa9_0/standalone_ps7_cortexa9_0/bsp/system.mss
TRACE::2025-03-14.15:42:45::SCWMssOS::bsp generated is upto date with the mss file. Skipping bsp generation.
TRACE::2025-03-14.15:42:45::SCWMssOS::BSP is already built. skipping the bsp build ... 
TRACE::2025-03-14.15:42:45::SCWDomain::Skipping the build for domain :  standalone_ps7_cortexa9_0
TRACE::2025-03-14.15:42:45::SCWMssOS::skipping the bsp build ... 
TRACE::2025-03-14.15:42:45::SCWMssOS::Copying to export directory.
TRACE::2025-03-14.15:42:45::SCWMssOS:: Checking if to create the Supporting Applications
TRACE::2025-03-14.15:42:45::SCWMssOS:: No Linux domain exists, trying to generate FSBL 
TRACE::2025-03-14.15:42:45::SCWMssOS:: Completed Standalone Artifacts creation 
LOG::2025-03-14.15:42:45::SCWSystem::Completed Processing the domain standalone_ps7_cortexa9_0
LOG::2025-03-14.15:42:45::SCWSystem::Completed Processing the sysconfig HC_SR04
LOG::2025-03-14.15:42:45::SCWPlatform::Completed generating the artifacts for system configuration HC_SR04
TRACE::2025-03-14.15:42:45::SCWPlatform::Started preparing the platform 
TRACE::2025-03-14.15:42:45::SCWSystem::Writing the bif file for system config HC_SR04
TRACE::2025-03-14.15:42:45::SCWSystem::dir created 
TRACE::2025-03-14.15:42:45::SCWSystem::Writing the bif 
TRACE::2025-03-14.15:42:45::SCWPlatform::Started writing the spfm file 
TRACE::2025-03-14.15:42:45::SCWPlatform::Started writing the xpfm file 
TRACE::2025-03-14.15:42:45::SCWPlatform::Completed generating the platform
TRACE::2025-03-14.15:42:45::SCWMssOS::Saving the mss changes C:/PXL/devWorks/devWorks2/CAR/HC_SR04/Vitis/HC_SR04/zynq_fsbl/zynq_fsbl_bsp/system.mss
TRACE::2025-03-14.15:42:45::SCWMssOS::Found a swdesign opened with the mssfile.
TRACE::2025-03-14.15:42:45::SCWMssOS::Completed writemss as part of save.
TRACE::2025-03-14.15:42:45::SCWMssOS::Commit changes completed.
TRACE::2025-03-14.15:42:45::SCWMssOS::Saving the mss changes C:/PXL/devWorks/devWorks2/CAR/HC_SR04/Vitis/HC_SR04/ps7_cortexa9_0/standalone_ps7_cortexa9_0/bsp/system.mss
TRACE::2025-03-14.15:42:45::SCWMssOS::Found a swdesign opened with the mssfile.
TRACE::2025-03-14.15:42:45::SCWMssOS::Completed writemss as part of save.
TRACE::2025-03-14.15:42:45::SCWMssOS::Commit changes completed.
TRACE::2025-03-14.15:42:45::SCWPlatform::Trying to open the hw design at C:/PXL/devWorks/devWorks2/CAR/HC_SR04/Vitis/HC_SR04/hw/HC_SR04.xsa
TRACE::2025-03-14.15:42:45::SCWPlatform::DSA given C:/PXL/devWorks/devWorks2/CAR/HC_SR04/Vitis/HC_SR04/hw/HC_SR04.xsa
TRACE::2025-03-14.15:42:45::SCWPlatform::DSA absoulate path C:/PXL/devWorks/devWorks2/CAR/HC_SR04/Vitis/HC_SR04/hw/HC_SR04.xsa
TRACE::2025-03-14.15:42:45::SCWPlatform::DSA directory C:/PXL/devWorks/devWorks2/CAR/HC_SR04/Vitis/HC_SR04/hw
TRACE::2025-03-14.15:42:45::SCWPlatform:: Platform Path C:/PXL/devWorks/devWorks2/CAR/HC_SR04/Vitis/HC_SR04/hw/HC_SR04.xsa
TRACE::2025-03-14.15:42:45::SCWPlatform:: Unique name xilinx:pynq-z2::0.0
TRACE::2025-03-14.15:42:45::SCWPlatform::Trying to set the existing hwdb with name design_1_wrapper_0
TRACE::2025-03-14.15:42:45::SCWPlatform::Opened existing hwdb design_1_wrapper_0
TRACE::2025-03-14.15:42:45::SCWPlatform::Found the Hw Db part of the input DSA
TRACE::2025-03-14.15:42:45::SCWMssOS::Checking the sw design at  C:/PXL/devWorks/devWorks2/CAR/HC_SR04/Vitis/HC_SR04/zynq_fsbl/zynq_fsbl_bsp/system.mss
TRACE::2025-03-14.15:42:45::SCWMssOS::DEBUG:  swdes dump  C:/PXL/devWorks/devWorks2/CAR/HC_SR04/Vitis/HC_SR04/ps7_cortexa9_0/standalone_ps7_cortexa9_0/bsp/system.mss|system_0||
C:/PXL/devWorks/devWorks2/CAR/HC_SR04/Vitis/HC_SR04/zynq_fsbl/zynq_fsbl_bsp/system.mss|system||

TRACE::2025-03-14.15:42:45::SCWMssOS::Sw design exists and opened at  C:/PXL/devWorks/devWorks2/CAR/HC_SR04/Vitis/HC_SR04/zynq_fsbl/zynq_fsbl_bsp/system.mss
TRACE::2025-03-14.15:42:45::SCWPlatform::Trying to open the hw design at C:/PXL/devWorks/devWorks2/CAR/HC_SR04/Vitis/HC_SR04/hw/HC_SR04.xsa
TRACE::2025-03-14.15:42:45::SCWPlatform::DSA given C:/PXL/devWorks/devWorks2/CAR/HC_SR04/Vitis/HC_SR04/hw/HC_SR04.xsa
TRACE::2025-03-14.15:42:45::SCWPlatform::DSA absoulate path C:/PXL/devWorks/devWorks2/CAR/HC_SR04/Vitis/HC_SR04/hw/HC_SR04.xsa
TRACE::2025-03-14.15:42:45::SCWPlatform::DSA directory C:/PXL/devWorks/devWorks2/CAR/HC_SR04/Vitis/HC_SR04/hw
TRACE::2025-03-14.15:42:45::SCWPlatform:: Platform Path C:/PXL/devWorks/devWorks2/CAR/HC_SR04/Vitis/HC_SR04/hw/HC_SR04.xsa
TRACE::2025-03-14.15:42:45::SCWPlatform:: Unique name xilinx:pynq-z2::0.0
TRACE::2025-03-14.15:42:45::SCWPlatform::Trying to set the existing hwdb with name design_1_wrapper_0
TRACE::2025-03-14.15:42:45::SCWPlatform::Opened existing hwdb design_1_wrapper_0
TRACE::2025-03-14.15:42:45::SCWPlatform::Found the Hw Db part of the input DSA
TRACE::2025-03-14.15:42:45::SCWMssOS::Checking the sw design at  C:/PXL/devWorks/devWorks2/CAR/HC_SR04/Vitis/HC_SR04/zynq_fsbl/zynq_fsbl_bsp/system.mss
TRACE::2025-03-14.15:42:45::SCWMssOS::DEBUG:  swdes dump  C:/PXL/devWorks/devWorks2/CAR/HC_SR04/Vitis/HC_SR04/ps7_cortexa9_0/standalone_ps7_cortexa9_0/bsp/system.mss|system_0||
C:/PXL/devWorks/devWorks2/CAR/HC_SR04/Vitis/HC_SR04/zynq_fsbl/zynq_fsbl_bsp/system.mss|system||

TRACE::2025-03-14.15:42:45::SCWMssOS::Sw design exists and opened at  C:/PXL/devWorks/devWorks2/CAR/HC_SR04/Vitis/HC_SR04/zynq_fsbl/zynq_fsbl_bsp/system.mss
TRACE::2025-03-14.15:42:45::SCWPlatform::Trying to open the hw design at C:/PXL/devWorks/devWorks2/CAR/HC_SR04/Vitis/HC_SR04/hw/HC_SR04.xsa
TRACE::2025-03-14.15:42:45::SCWPlatform::DSA given C:/PXL/devWorks/devWorks2/CAR/HC_SR04/Vitis/HC_SR04/hw/HC_SR04.xsa
TRACE::2025-03-14.15:42:45::SCWPlatform::DSA absoulate path C:/PXL/devWorks/devWorks2/CAR/HC_SR04/Vitis/HC_SR04/hw/HC_SR04.xsa
TRACE::2025-03-14.15:42:45::SCWPlatform::DSA directory C:/PXL/devWorks/devWorks2/CAR/HC_SR04/Vitis/HC_SR04/hw
TRACE::2025-03-14.15:42:45::SCWPlatform:: Platform Path C:/PXL/devWorks/devWorks2/CAR/HC_SR04/Vitis/HC_SR04/hw/HC_SR04.xsa
TRACE::2025-03-14.15:42:45::SCWPlatform:: Unique name xilinx:pynq-z2::0.0
TRACE::2025-03-14.15:42:45::SCWPlatform::Trying to set the existing hwdb with name design_1_wrapper_0
TRACE::2025-03-14.15:42:45::SCWPlatform::Opened existing hwdb design_1_wrapper_0
TRACE::2025-03-14.15:42:45::SCWPlatform::Found the Hw Db part of the input DSA
TRACE::2025-03-14.15:42:45::SCWMssOS::Checking the sw design at  C:/PXL/devWorks/devWorks2/CAR/HC_SR04/Vitis/HC_SR04/zynq_fsbl/zynq_fsbl_bsp/system.mss
TRACE::2025-03-14.15:42:45::SCWMssOS::DEBUG:  swdes dump  C:/PXL/devWorks/devWorks2/CAR/HC_SR04/Vitis/HC_SR04/ps7_cortexa9_0/standalone_ps7_cortexa9_0/bsp/system.mss|system_0||
C:/PXL/devWorks/devWorks2/CAR/HC_SR04/Vitis/HC_SR04/zynq_fsbl/zynq_fsbl_bsp/system.mss|system||

TRACE::2025-03-14.15:42:45::SCWMssOS::Sw design exists and opened at  C:/PXL/devWorks/devWorks2/CAR/HC_SR04/Vitis/HC_SR04/zynq_fsbl/zynq_fsbl_bsp/system.mss
TRACE::2025-03-14.15:42:45::SCWPlatform::Trying to open the hw design at C:/PXL/devWorks/devWorks2/CAR/HC_SR04/Vitis/HC_SR04/hw/HC_SR04.xsa
TRACE::2025-03-14.15:42:45::SCWPlatform::DSA given C:/PXL/devWorks/devWorks2/CAR/HC_SR04/Vitis/HC_SR04/hw/HC_SR04.xsa
TRACE::2025-03-14.15:42:45::SCWPlatform::DSA absoulate path C:/PXL/devWorks/devWorks2/CAR/HC_SR04/Vitis/HC_SR04/hw/HC_SR04.xsa
TRACE::2025-03-14.15:42:45::SCWPlatform::DSA directory C:/PXL/devWorks/devWorks2/CAR/HC_SR04/Vitis/HC_SR04/hw
TRACE::2025-03-14.15:42:45::SCWPlatform:: Platform Path C:/PXL/devWorks/devWorks2/CAR/HC_SR04/Vitis/HC_SR04/hw/HC_SR04.xsa
TRACE::2025-03-14.15:42:45::SCWPlatform:: Unique name xilinx:pynq-z2::0.0
TRACE::2025-03-14.15:42:45::SCWPlatform::Trying to set the existing hwdb with name design_1_wrapper_0
TRACE::2025-03-14.15:42:45::SCWPlatform::Opened existing hwdb design_1_wrapper_0
TRACE::2025-03-14.15:42:45::SCWPlatform::Found the Hw Db part of the input DSA
TRACE::2025-03-14.15:42:45::SCWMssOS::Checking the sw design at  C:/PXL/devWorks/devWorks2/CAR/HC_SR04/Vitis/HC_SR04/ps7_cortexa9_0/standalone_ps7_cortexa9_0/bsp/system.mss
TRACE::2025-03-14.15:42:45::SCWMssOS::DEBUG:  swdes dump  C:/PXL/devWorks/devWorks2/CAR/HC_SR04/Vitis/HC_SR04/ps7_cortexa9_0/standalone_ps7_cortexa9_0/bsp/system.mss|system_0||
C:/PXL/devWorks/devWorks2/CAR/HC_SR04/Vitis/HC_SR04/zynq_fsbl/zynq_fsbl_bsp/system.mss|system||

TRACE::2025-03-14.15:42:45::SCWMssOS::Sw design exists and opened at  C:/PXL/devWorks/devWorks2/CAR/HC_SR04/Vitis/HC_SR04/ps7_cortexa9_0/standalone_ps7_cortexa9_0/bsp/system.mss
TRACE::2025-03-14.15:42:45::SCWPlatform::Trying to open the hw design at C:/PXL/devWorks/devWorks2/CAR/HC_SR04/Vitis/HC_SR04/hw/HC_SR04.xsa
TRACE::2025-03-14.15:42:45::SCWPlatform::DSA given C:/PXL/devWorks/devWorks2/CAR/HC_SR04/Vitis/HC_SR04/hw/HC_SR04.xsa
TRACE::2025-03-14.15:42:45::SCWPlatform::DSA absoulate path C:/PXL/devWorks/devWorks2/CAR/HC_SR04/Vitis/HC_SR04/hw/HC_SR04.xsa
TRACE::2025-03-14.15:42:45::SCWPlatform::DSA directory C:/PXL/devWorks/devWorks2/CAR/HC_SR04/Vitis/HC_SR04/hw
TRACE::2025-03-14.15:42:45::SCWPlatform:: Platform Path C:/PXL/devWorks/devWorks2/CAR/HC_SR04/Vitis/HC_SR04/hw/HC_SR04.xsa
TRACE::2025-03-14.15:42:45::SCWPlatform:: Unique name xilinx:pynq-z2::0.0
TRACE::2025-03-14.15:42:45::SCWPlatform::Trying to set the existing hwdb with name design_1_wrapper_0
TRACE::2025-03-14.15:42:45::SCWPlatform::Opened existing hwdb design_1_wrapper_0
TRACE::2025-03-14.15:42:45::SCWPlatform::Found the Hw Db part of the input DSA
TRACE::2025-03-14.15:42:45::SCWMssOS::Checking the sw design at  C:/PXL/devWorks/devWorks2/CAR/HC_SR04/Vitis/HC_SR04/ps7_cortexa9_0/standalone_ps7_cortexa9_0/bsp/system.mss
TRACE::2025-03-14.15:42:45::SCWMssOS::DEBUG:  swdes dump  C:/PXL/devWorks/devWorks2/CAR/HC_SR04/Vitis/HC_SR04/ps7_cortexa9_0/standalone_ps7_cortexa9_0/bsp/system.mss|system_0||
C:/PXL/devWorks/devWorks2/CAR/HC_SR04/Vitis/HC_SR04/zynq_fsbl/zynq_fsbl_bsp/system.mss|system||

TRACE::2025-03-14.15:42:45::SCWMssOS::Sw design exists and opened at  C:/PXL/devWorks/devWorks2/CAR/HC_SR04/Vitis/HC_SR04/ps7_cortexa9_0/standalone_ps7_cortexa9_0/bsp/system.mss
TRACE::2025-03-14.15:42:45::SCWPlatform::Trying to open the hw design at C:/PXL/devWorks/devWorks2/CAR/HC_SR04/Vitis/HC_SR04/hw/HC_SR04.xsa
TRACE::2025-03-14.15:42:45::SCWPlatform::DSA given C:/PXL/devWorks/devWorks2/CAR/HC_SR04/Vitis/HC_SR04/hw/HC_SR04.xsa
TRACE::2025-03-14.15:42:45::SCWPlatform::DSA absoulate path C:/PXL/devWorks/devWorks2/CAR/HC_SR04/Vitis/HC_SR04/hw/HC_SR04.xsa
TRACE::2025-03-14.15:42:45::SCWPlatform::DSA directory C:/PXL/devWorks/devWorks2/CAR/HC_SR04/Vitis/HC_SR04/hw
TRACE::2025-03-14.15:42:45::SCWPlatform:: Platform Path C:/PXL/devWorks/devWorks2/CAR/HC_SR04/Vitis/HC_SR04/hw/HC_SR04.xsa
TRACE::2025-03-14.15:42:45::SCWPlatform:: Unique name xilinx:pynq-z2::0.0
TRACE::2025-03-14.15:42:45::SCWPlatform::Trying to set the existing hwdb with name design_1_wrapper_0
TRACE::2025-03-14.15:42:45::SCWPlatform::Opened existing hwdb design_1_wrapper_0
TRACE::2025-03-14.15:42:45::SCWPlatform::Found the Hw Db part of the input DSA
TRACE::2025-03-14.15:42:45::SCWMssOS::Checking the sw design at  C:/PXL/devWorks/devWorks2/CAR/HC_SR04/Vitis/HC_SR04/ps7_cortexa9_0/standalone_ps7_cortexa9_0/bsp/system.mss
TRACE::2025-03-14.15:42:45::SCWMssOS::DEBUG:  swdes dump  C:/PXL/devWorks/devWorks2/CAR/HC_SR04/Vitis/HC_SR04/ps7_cortexa9_0/standalone_ps7_cortexa9_0/bsp/system.mss|system_0||
C:/PXL/devWorks/devWorks2/CAR/HC_SR04/Vitis/HC_SR04/zynq_fsbl/zynq_fsbl_bsp/system.mss|system||

TRACE::2025-03-14.15:42:45::SCWMssOS::Sw design exists and opened at  C:/PXL/devWorks/devWorks2/CAR/HC_SR04/Vitis/HC_SR04/ps7_cortexa9_0/standalone_ps7_cortexa9_0/bsp/system.mss
TRACE::2025-03-14.15:42:45::SCWWriter::formatted JSON is {
	"platformName":	"HC_SR04",
	"sprVersion":	"2.0",
	"mode":	"gui",
	"dsaType":	"Fixed",
	"platformDesc":	"HC_SR04",
	"platHandOff":	"C:/PXL/devWorks/devWorks2/CAR/HC_SR04/HC_SR04.xsa",
	"platIntHandOff":	"<platformDir>/hw/HC_SR04.xsa",
	"deviceType":	"zynq",
	"platIsPrebuiltAutogen":	"false",
	"platIsNoBootBsp":	"false",
	"platFsblTarget":	"ps7_cortexa9_0",
	"hasFsblMakeHasChanges":	"false",
	"hasPmufwMakeHasChanges":	"false",
	"fsblExtraCompilerFlags":	"-MMD -MP       -mcpu=cortex-a9 -mfpu=vfpv3 -mfloat-abi=hard ",
	"platPreBuiltFlag":	false,
	"platformSamplesDir":	"",
	"platActiveSys":	"HC_SR04",
	"systems":	[{
			"systemName":	"HC_SR04",
			"systemDesc":	"HC_SR04",
			"sysIsBootAutoGen":	"true",
			"systemDispName":	"HC_SR04",
			"sysActiveDom":	"standalone_ps7_cortexa9_0",
			"sysDefaultDom":	"standalone_ps7_cortexa9_0",
			"domains":	[{
					"domainName":	"zynq_fsbl",
					"domainDispName":	"zynq_fsbl",
					"domainDesc":	"FSBL Application BSP - Auto Generated.",
					"processors":	"ps7_cortexa9_0",
					"os":	"standalone",
					"sdxOs":	"standalone",
					"debugEnable":	"",
					"domRuntimes":	["cpp"],
					"swRepo":	"",
					"mssOsVer":	"9.1",
					"mssFile":	"",
					"md5Digest":	"ae658e95b1240de293e29e0c55d316dd",
					"compatibleApp":	"zynq_fsbl",
					"domType":	"bootDomain",
					"arch":	"32-bit",
					"appSettings":	{
						"appCompilerFlags":	"",
						"appLinkerFlags":	""
					},
					"addedLibs":	["xilffs:5.2", "xilrsa:1.8"],
					"libOptions":	{
						"libsContainingOptions":	[]
					},
					"prebuiltLibs":	{
						"prebuiltIncPath":	[],
						"prebuiltLibPath":	[]
					},
					"isolation":	{
					}
				}, {
					"domainName":	"standalone_ps7_cortexa9_0",
					"domainDispName":	"standalone_ps7_cortexa9_0",
					"domainDesc":	"standalone_ps7_cortexa9_0",
					"processors":	"ps7_cortexa9_0",
					"os":	"standalone",
					"sdxOs":	"standalone",
					"qemuArgs":	"<platformDir>/resources/HC_SR04/standalone_ps7_cortexa9_0/qemu_args.txt",
					"qemuData":	"<platformDir>/resources/HC_SR04/standalone_ps7_cortexa9_0/qemu",
					"debugEnable":	"False",
					"domRuntimes":	["cpp"],
					"swRepo":	"",
					"mssOsVer":	"9.1",
					"mssFile":	"",
					"md5Digest":	"decf39934d9cc24cccc491e678fcd076",
					"compatibleApp":	"hello_world",
					"domType":	"mssDomain",
					"arch":	"32-bit",
					"appSettings":	{
						"appCompilerFlags":	"",
						"appLinkerFlags":	""
					},
					"addedLibs":	[],
					"libOptions":	{
						"libsContainingOptions":	[]
					},
					"prebuiltLibs":	{
						"prebuiltIncPath":	[],
						"prebuiltLibPath":	[]
					},
					"isolation":	{
					}
				}]
		}]
}
KEYINFO::2025-03-14.15:42:45::SCWPlatform::updated the xpfm file.
TRACE::2025-03-14.15:42:45::SCWPlatform::Trying to open the hw design at C:/PXL/devWorks/devWorks2/CAR/HC_SR04/Vitis/HC_SR04/hw/HC_SR04.xsa
TRACE::2025-03-14.15:42:45::SCWPlatform::DSA given C:/PXL/devWorks/devWorks2/CAR/HC_SR04/Vitis/HC_SR04/hw/HC_SR04.xsa
TRACE::2025-03-14.15:42:45::SCWPlatform::DSA absoulate path C:/PXL/devWorks/devWorks2/CAR/HC_SR04/Vitis/HC_SR04/hw/HC_SR04.xsa
TRACE::2025-03-14.15:42:45::SCWPlatform::DSA directory C:/PXL/devWorks/devWorks2/CAR/HC_SR04/Vitis/HC_SR04/hw
TRACE::2025-03-14.15:42:45::SCWPlatform:: Platform Path C:/PXL/devWorks/devWorks2/CAR/HC_SR04/Vitis/HC_SR04/hw/HC_SR04.xsa
TRACE::2025-03-14.15:42:45::SCWPlatform:: Unique name xilinx:pynq-z2::0.0
TRACE::2025-03-14.15:42:45::SCWPlatform::Trying to set the existing hwdb with name design_1_wrapper_0
TRACE::2025-03-14.15:42:45::SCWPlatform::Opened existing hwdb design_1_wrapper_0
TRACE::2025-03-14.15:42:45::SCWPlatform::Found the Hw Db part of the input DSA
TRACE::2025-03-14.15:42:45::SCWMssOS::Checking the sw design at  C:/PXL/devWorks/devWorks2/CAR/HC_SR04/Vitis/HC_SR04/ps7_cortexa9_0/standalone_ps7_cortexa9_0/bsp/system.mss
TRACE::2025-03-14.15:42:45::SCWMssOS::DEBUG:  swdes dump  C:/PXL/devWorks/devWorks2/CAR/HC_SR04/Vitis/HC_SR04/ps7_cortexa9_0/standalone_ps7_cortexa9_0/bsp/system.mss|system_0||
C:/PXL/devWorks/devWorks2/CAR/HC_SR04/Vitis/HC_SR04/zynq_fsbl/zynq_fsbl_bsp/system.mss|system||

TRACE::2025-03-14.15:42:45::SCWMssOS::Sw design exists and opened at  C:/PXL/devWorks/devWorks2/CAR/HC_SR04/Vitis/HC_SR04/ps7_cortexa9_0/standalone_ps7_cortexa9_0/bsp/system.mss
TRACE::2025-03-14.15:42:45::SCWMssOS::Saving the mss changes C:/PXL/devWorks/devWorks2/CAR/HC_SR04/Vitis/HC_SR04/zynq_fsbl/zynq_fsbl_bsp/system.mss
TRACE::2025-03-14.15:42:45::SCWMssOS::Found a swdesign opened with the mssfile.
TRACE::2025-03-14.15:42:45::SCWMssOS::Completed writemss as part of save.
TRACE::2025-03-14.15:42:45::SCWMssOS::Commit changes completed.
TRACE::2025-03-14.15:42:45::SCWMssOS::Saving the mss changes C:/PXL/devWorks/devWorks2/CAR/HC_SR04/Vitis/HC_SR04/ps7_cortexa9_0/standalone_ps7_cortexa9_0/bsp/system.mss
TRACE::2025-03-14.15:42:45::SCWMssOS::Found a swdesign opened with the mssfile.
TRACE::2025-03-14.15:42:45::SCWMssOS::Completed writemss as part of save.
TRACE::2025-03-14.15:42:45::SCWMssOS::Commit changes completed.
TRACE::2025-03-14.15:42:45::SCWPlatform::Trying to open the hw design at C:/PXL/devWorks/devWorks2/CAR/HC_SR04/Vitis/HC_SR04/hw/HC_SR04.xsa
TRACE::2025-03-14.15:42:45::SCWPlatform::DSA given C:/PXL/devWorks/devWorks2/CAR/HC_SR04/Vitis/HC_SR04/hw/HC_SR04.xsa
TRACE::2025-03-14.15:42:45::SCWPlatform::DSA absoulate path C:/PXL/devWorks/devWorks2/CAR/HC_SR04/Vitis/HC_SR04/hw/HC_SR04.xsa
TRACE::2025-03-14.15:42:45::SCWPlatform::DSA directory C:/PXL/devWorks/devWorks2/CAR/HC_SR04/Vitis/HC_SR04/hw
TRACE::2025-03-14.15:42:45::SCWPlatform:: Platform Path C:/PXL/devWorks/devWorks2/CAR/HC_SR04/Vitis/HC_SR04/hw/HC_SR04.xsa
TRACE::2025-03-14.15:42:45::SCWPlatform:: Unique name xilinx:pynq-z2::0.0
TRACE::2025-03-14.15:42:45::SCWPlatform::Trying to set the existing hwdb with name design_1_wrapper_0
TRACE::2025-03-14.15:42:45::SCWPlatform::Opened existing hwdb design_1_wrapper_0
TRACE::2025-03-14.15:42:45::SCWPlatform::Found the Hw Db part of the input DSA
TRACE::2025-03-14.15:42:45::SCWMssOS::Checking the sw design at  C:/PXL/devWorks/devWorks2/CAR/HC_SR04/Vitis/HC_SR04/zynq_fsbl/zynq_fsbl_bsp/system.mss
TRACE::2025-03-14.15:42:45::SCWMssOS::DEBUG:  swdes dump  C:/PXL/devWorks/devWorks2/CAR/HC_SR04/Vitis/HC_SR04/ps7_cortexa9_0/standalone_ps7_cortexa9_0/bsp/system.mss|system_0||
C:/PXL/devWorks/devWorks2/CAR/HC_SR04/Vitis/HC_SR04/zynq_fsbl/zynq_fsbl_bsp/system.mss|system||

TRACE::2025-03-14.15:42:45::SCWMssOS::Sw design exists and opened at  C:/PXL/devWorks/devWorks2/CAR/HC_SR04/Vitis/HC_SR04/zynq_fsbl/zynq_fsbl_bsp/system.mss
TRACE::2025-03-14.15:42:45::SCWPlatform::Trying to open the hw design at C:/PXL/devWorks/devWorks2/CAR/HC_SR04/Vitis/HC_SR04/hw/HC_SR04.xsa
TRACE::2025-03-14.15:42:45::SCWPlatform::DSA given C:/PXL/devWorks/devWorks2/CAR/HC_SR04/Vitis/HC_SR04/hw/HC_SR04.xsa
TRACE::2025-03-14.15:42:45::SCWPlatform::DSA absoulate path C:/PXL/devWorks/devWorks2/CAR/HC_SR04/Vitis/HC_SR04/hw/HC_SR04.xsa
TRACE::2025-03-14.15:42:45::SCWPlatform::DSA directory C:/PXL/devWorks/devWorks2/CAR/HC_SR04/Vitis/HC_SR04/hw
TRACE::2025-03-14.15:42:45::SCWPlatform:: Platform Path C:/PXL/devWorks/devWorks2/CAR/HC_SR04/Vitis/HC_SR04/hw/HC_SR04.xsa
TRACE::2025-03-14.15:42:45::SCWPlatform:: Unique name xilinx:pynq-z2::0.0
TRACE::2025-03-14.15:42:45::SCWPlatform::Trying to set the existing hwdb with name design_1_wrapper_0
TRACE::2025-03-14.15:42:45::SCWPlatform::Opened existing hwdb design_1_wrapper_0
TRACE::2025-03-14.15:42:45::SCWPlatform::Found the Hw Db part of the input DSA
TRACE::2025-03-14.15:42:45::SCWMssOS::Checking the sw design at  C:/PXL/devWorks/devWorks2/CAR/HC_SR04/Vitis/HC_SR04/zynq_fsbl/zynq_fsbl_bsp/system.mss
TRACE::2025-03-14.15:42:45::SCWMssOS::DEBUG:  swdes dump  C:/PXL/devWorks/devWorks2/CAR/HC_SR04/Vitis/HC_SR04/ps7_cortexa9_0/standalone_ps7_cortexa9_0/bsp/system.mss|system_0||
C:/PXL/devWorks/devWorks2/CAR/HC_SR04/Vitis/HC_SR04/zynq_fsbl/zynq_fsbl_bsp/system.mss|system||

TRACE::2025-03-14.15:42:45::SCWMssOS::Sw design exists and opened at  C:/PXL/devWorks/devWorks2/CAR/HC_SR04/Vitis/HC_SR04/zynq_fsbl/zynq_fsbl_bsp/system.mss
TRACE::2025-03-14.15:42:45::SCWPlatform::Trying to open the hw design at C:/PXL/devWorks/devWorks2/CAR/HC_SR04/Vitis/HC_SR04/hw/HC_SR04.xsa
TRACE::2025-03-14.15:42:45::SCWPlatform::DSA given C:/PXL/devWorks/devWorks2/CAR/HC_SR04/Vitis/HC_SR04/hw/HC_SR04.xsa
TRACE::2025-03-14.15:42:45::SCWPlatform::DSA absoulate path C:/PXL/devWorks/devWorks2/CAR/HC_SR04/Vitis/HC_SR04/hw/HC_SR04.xsa
TRACE::2025-03-14.15:42:45::SCWPlatform::DSA directory C:/PXL/devWorks/devWorks2/CAR/HC_SR04/Vitis/HC_SR04/hw
TRACE::2025-03-14.15:42:45::SCWPlatform:: Platform Path C:/PXL/devWorks/devWorks2/CAR/HC_SR04/Vitis/HC_SR04/hw/HC_SR04.xsa
TRACE::2025-03-14.15:42:45::SCWPlatform:: Unique name xilinx:pynq-z2::0.0
TRACE::2025-03-14.15:42:45::SCWPlatform::Trying to set the existing hwdb with name design_1_wrapper_0
TRACE::2025-03-14.15:42:45::SCWPlatform::Opened existing hwdb design_1_wrapper_0
TRACE::2025-03-14.15:42:45::SCWPlatform::Found the Hw Db part of the input DSA
TRACE::2025-03-14.15:42:45::SCWMssOS::Checking the sw design at  C:/PXL/devWorks/devWorks2/CAR/HC_SR04/Vitis/HC_SR04/zynq_fsbl/zynq_fsbl_bsp/system.mss
TRACE::2025-03-14.15:42:45::SCWMssOS::DEBUG:  swdes dump  C:/PXL/devWorks/devWorks2/CAR/HC_SR04/Vitis/HC_SR04/ps7_cortexa9_0/standalone_ps7_cortexa9_0/bsp/system.mss|system_0||
C:/PXL/devWorks/devWorks2/CAR/HC_SR04/Vitis/HC_SR04/zynq_fsbl/zynq_fsbl_bsp/system.mss|system||

TRACE::2025-03-14.15:42:45::SCWMssOS::Sw design exists and opened at  C:/PXL/devWorks/devWorks2/CAR/HC_SR04/Vitis/HC_SR04/zynq_fsbl/zynq_fsbl_bsp/system.mss
TRACE::2025-03-14.15:42:45::SCWPlatform::Trying to open the hw design at C:/PXL/devWorks/devWorks2/CAR/HC_SR04/Vitis/HC_SR04/hw/HC_SR04.xsa
TRACE::2025-03-14.15:42:45::SCWPlatform::DSA given C:/PXL/devWorks/devWorks2/CAR/HC_SR04/Vitis/HC_SR04/hw/HC_SR04.xsa
TRACE::2025-03-14.15:42:45::SCWPlatform::DSA absoulate path C:/PXL/devWorks/devWorks2/CAR/HC_SR04/Vitis/HC_SR04/hw/HC_SR04.xsa
TRACE::2025-03-14.15:42:45::SCWPlatform::DSA directory C:/PXL/devWorks/devWorks2/CAR/HC_SR04/Vitis/HC_SR04/hw
TRACE::2025-03-14.15:42:45::SCWPlatform:: Platform Path C:/PXL/devWorks/devWorks2/CAR/HC_SR04/Vitis/HC_SR04/hw/HC_SR04.xsa
TRACE::2025-03-14.15:42:45::SCWPlatform:: Unique name xilinx:pynq-z2::0.0
TRACE::2025-03-14.15:42:45::SCWPlatform::Trying to set the existing hwdb with name design_1_wrapper_0
TRACE::2025-03-14.15:42:45::SCWPlatform::Opened existing hwdb design_1_wrapper_0
TRACE::2025-03-14.15:42:45::SCWPlatform::Found the Hw Db part of the input DSA
TRACE::2025-03-14.15:42:45::SCWMssOS::Checking the sw design at  C:/PXL/devWorks/devWorks2/CAR/HC_SR04/Vitis/HC_SR04/ps7_cortexa9_0/standalone_ps7_cortexa9_0/bsp/system.mss
TRACE::2025-03-14.15:42:45::SCWMssOS::DEBUG:  swdes dump  C:/PXL/devWorks/devWorks2/CAR/HC_SR04/Vitis/HC_SR04/ps7_cortexa9_0/standalone_ps7_cortexa9_0/bsp/system.mss|system_0||
C:/PXL/devWorks/devWorks2/CAR/HC_SR04/Vitis/HC_SR04/zynq_fsbl/zynq_fsbl_bsp/system.mss|system||

TRACE::2025-03-14.15:42:45::SCWMssOS::Sw design exists and opened at  C:/PXL/devWorks/devWorks2/CAR/HC_SR04/Vitis/HC_SR04/ps7_cortexa9_0/standalone_ps7_cortexa9_0/bsp/system.mss
TRACE::2025-03-14.15:42:45::SCWPlatform::Trying to open the hw design at C:/PXL/devWorks/devWorks2/CAR/HC_SR04/Vitis/HC_SR04/hw/HC_SR04.xsa
TRACE::2025-03-14.15:42:45::SCWPlatform::DSA given C:/PXL/devWorks/devWorks2/CAR/HC_SR04/Vitis/HC_SR04/hw/HC_SR04.xsa
TRACE::2025-03-14.15:42:45::SCWPlatform::DSA absoulate path C:/PXL/devWorks/devWorks2/CAR/HC_SR04/Vitis/HC_SR04/hw/HC_SR04.xsa
TRACE::2025-03-14.15:42:45::SCWPlatform::DSA directory C:/PXL/devWorks/devWorks2/CAR/HC_SR04/Vitis/HC_SR04/hw
TRACE::2025-03-14.15:42:45::SCWPlatform:: Platform Path C:/PXL/devWorks/devWorks2/CAR/HC_SR04/Vitis/HC_SR04/hw/HC_SR04.xsa
TRACE::2025-03-14.15:42:45::SCWPlatform:: Unique name xilinx:pynq-z2::0.0
TRACE::2025-03-14.15:42:45::SCWPlatform::Trying to set the existing hwdb with name design_1_wrapper_0
TRACE::2025-03-14.15:42:45::SCWPlatform::Opened existing hwdb design_1_wrapper_0
TRACE::2025-03-14.15:42:45::SCWPlatform::Found the Hw Db part of the input DSA
TRACE::2025-03-14.15:42:45::SCWMssOS::Checking the sw design at  C:/PXL/devWorks/devWorks2/CAR/HC_SR04/Vitis/HC_SR04/ps7_cortexa9_0/standalone_ps7_cortexa9_0/bsp/system.mss
TRACE::2025-03-14.15:42:45::SCWMssOS::DEBUG:  swdes dump  C:/PXL/devWorks/devWorks2/CAR/HC_SR04/Vitis/HC_SR04/ps7_cortexa9_0/standalone_ps7_cortexa9_0/bsp/system.mss|system_0||
C:/PXL/devWorks/devWorks2/CAR/HC_SR04/Vitis/HC_SR04/zynq_fsbl/zynq_fsbl_bsp/system.mss|system||

TRACE::2025-03-14.15:42:45::SCWMssOS::Sw design exists and opened at  C:/PXL/devWorks/devWorks2/CAR/HC_SR04/Vitis/HC_SR04/ps7_cortexa9_0/standalone_ps7_cortexa9_0/bsp/system.mss
TRACE::2025-03-14.15:42:45::SCWPlatform::Trying to open the hw design at C:/PXL/devWorks/devWorks2/CAR/HC_SR04/Vitis/HC_SR04/hw/HC_SR04.xsa
TRACE::2025-03-14.15:42:45::SCWPlatform::DSA given C:/PXL/devWorks/devWorks2/CAR/HC_SR04/Vitis/HC_SR04/hw/HC_SR04.xsa
TRACE::2025-03-14.15:42:45::SCWPlatform::DSA absoulate path C:/PXL/devWorks/devWorks2/CAR/HC_SR04/Vitis/HC_SR04/hw/HC_SR04.xsa
TRACE::2025-03-14.15:42:45::SCWPlatform::DSA directory C:/PXL/devWorks/devWorks2/CAR/HC_SR04/Vitis/HC_SR04/hw
TRACE::2025-03-14.15:42:45::SCWPlatform:: Platform Path C:/PXL/devWorks/devWorks2/CAR/HC_SR04/Vitis/HC_SR04/hw/HC_SR04.xsa
TRACE::2025-03-14.15:42:45::SCWPlatform:: Unique name xilinx:pynq-z2::0.0
TRACE::2025-03-14.15:42:45::SCWPlatform::Trying to set the existing hwdb with name design_1_wrapper_0
TRACE::2025-03-14.15:42:45::SCWPlatform::Opened existing hwdb design_1_wrapper_0
TRACE::2025-03-14.15:42:45::SCWPlatform::Found the Hw Db part of the input DSA
TRACE::2025-03-14.15:42:45::SCWMssOS::Checking the sw design at  C:/PXL/devWorks/devWorks2/CAR/HC_SR04/Vitis/HC_SR04/ps7_cortexa9_0/standalone_ps7_cortexa9_0/bsp/system.mss
TRACE::2025-03-14.15:42:45::SCWMssOS::DEBUG:  swdes dump  C:/PXL/devWorks/devWorks2/CAR/HC_SR04/Vitis/HC_SR04/ps7_cortexa9_0/standalone_ps7_cortexa9_0/bsp/system.mss|system_0||
C:/PXL/devWorks/devWorks2/CAR/HC_SR04/Vitis/HC_SR04/zynq_fsbl/zynq_fsbl_bsp/system.mss|system||

TRACE::2025-03-14.15:42:45::SCWMssOS::Sw design exists and opened at  C:/PXL/devWorks/devWorks2/CAR/HC_SR04/Vitis/HC_SR04/ps7_cortexa9_0/standalone_ps7_cortexa9_0/bsp/system.mss
TRACE::2025-03-14.15:42:45::SCWWriter::formatted JSON is {
	"platformName":	"HC_SR04",
	"sprVersion":	"2.0",
	"mode":	"gui",
	"dsaType":	"Fixed",
	"platformDesc":	"HC_SR04",
	"platHandOff":	"C:/PXL/devWorks/devWorks2/CAR/HC_SR04/HC_SR04.xsa",
	"platIntHandOff":	"<platformDir>/hw/HC_SR04.xsa",
	"deviceType":	"zynq",
	"platIsPrebuiltAutogen":	"false",
	"platIsNoBootBsp":	"false",
	"platFsblTarget":	"ps7_cortexa9_0",
	"hasFsblMakeHasChanges":	"false",
	"hasPmufwMakeHasChanges":	"false",
	"fsblExtraCompilerFlags":	"-MMD -MP       -mcpu=cortex-a9 -mfpu=vfpv3 -mfloat-abi=hard ",
	"platPreBuiltFlag":	false,
	"platformSamplesDir":	"",
	"platActiveSys":	"HC_SR04",
	"systems":	[{
			"systemName":	"HC_SR04",
			"systemDesc":	"HC_SR04",
			"sysIsBootAutoGen":	"true",
			"systemDispName":	"HC_SR04",
			"sysActiveDom":	"standalone_ps7_cortexa9_0",
			"sysDefaultDom":	"standalone_ps7_cortexa9_0",
			"domains":	[{
					"domainName":	"zynq_fsbl",
					"domainDispName":	"zynq_fsbl",
					"domainDesc":	"FSBL Application BSP - Auto Generated.",
					"processors":	"ps7_cortexa9_0",
					"os":	"standalone",
					"sdxOs":	"standalone",
					"debugEnable":	"",
					"domRuntimes":	["cpp"],
					"swRepo":	"",
					"mssOsVer":	"9.1",
					"mssFile":	"",
					"md5Digest":	"ae658e95b1240de293e29e0c55d316dd",
					"compatibleApp":	"zynq_fsbl",
					"domType":	"bootDomain",
					"arch":	"32-bit",
					"appSettings":	{
						"appCompilerFlags":	"",
						"appLinkerFlags":	""
					},
					"addedLibs":	["xilffs:5.2", "xilrsa:1.8"],
					"libOptions":	{
						"libsContainingOptions":	[]
					},
					"prebuiltLibs":	{
						"prebuiltIncPath":	[],
						"prebuiltLibPath":	[]
					},
					"isolation":	{
					}
				}, {
					"domainName":	"standalone_ps7_cortexa9_0",
					"domainDispName":	"standalone_ps7_cortexa9_0",
					"domainDesc":	"standalone_ps7_cortexa9_0",
					"processors":	"ps7_cortexa9_0",
					"os":	"standalone",
					"sdxOs":	"standalone",
					"qemuArgs":	"<platformDir>/resources/HC_SR04/standalone_ps7_cortexa9_0/qemu_args.txt",
					"qemuData":	"<platformDir>/resources/HC_SR04/standalone_ps7_cortexa9_0/qemu",
					"debugEnable":	"False",
					"domRuntimes":	["cpp"],
					"swRepo":	"",
					"mssOsVer":	"9.1",
					"mssFile":	"",
					"md5Digest":	"decf39934d9cc24cccc491e678fcd076",
					"compatibleApp":	"hello_world",
					"domType":	"mssDomain",
					"arch":	"32-bit",
					"appSettings":	{
						"appCompilerFlags":	"",
						"appLinkerFlags":	""
					},
					"addedLibs":	[],
					"libOptions":	{
						"libsContainingOptions":	[]
					},
					"prebuiltLibs":	{
						"prebuiltIncPath":	[],
						"prebuiltLibPath":	[]
					},
					"isolation":	{
					}
				}]
		}]
}
TRACE::2025-03-14.15:42:45::SCWPlatform::Trying to open the hw design at C:/PXL/devWorks/devWorks2/CAR/HC_SR04/Vitis/HC_SR04/hw/HC_SR04.xsa
TRACE::2025-03-14.15:42:45::SCWPlatform::DSA given C:/PXL/devWorks/devWorks2/CAR/HC_SR04/Vitis/HC_SR04/hw/HC_SR04.xsa
TRACE::2025-03-14.15:42:45::SCWPlatform::DSA absoulate path C:/PXL/devWorks/devWorks2/CAR/HC_SR04/Vitis/HC_SR04/hw/HC_SR04.xsa
TRACE::2025-03-14.15:42:45::SCWPlatform::DSA directory C:/PXL/devWorks/devWorks2/CAR/HC_SR04/Vitis/HC_SR04/hw
TRACE::2025-03-14.15:42:45::SCWPlatform:: Platform Path C:/PXL/devWorks/devWorks2/CAR/HC_SR04/Vitis/HC_SR04/hw/HC_SR04.xsa
TRACE::2025-03-14.15:42:45::SCWPlatform:: Unique name xilinx:pynq-z2::0.0
TRACE::2025-03-14.15:42:45::SCWPlatform::Trying to set the existing hwdb with name design_1_wrapper_0
TRACE::2025-03-14.15:42:45::SCWPlatform::Opened existing hwdb design_1_wrapper_0
TRACE::2025-03-14.15:42:45::SCWPlatform::Found the Hw Db part of the input DSA
TRACE::2025-03-14.15:42:45::SCWMssOS::Checking the sw design at  C:/PXL/devWorks/devWorks2/CAR/HC_SR04/Vitis/HC_SR04/ps7_cortexa9_0/standalone_ps7_cortexa9_0/bsp/system.mss
TRACE::2025-03-14.15:42:45::SCWMssOS::DEBUG:  swdes dump  C:/PXL/devWorks/devWorks2/CAR/HC_SR04/Vitis/HC_SR04/ps7_cortexa9_0/standalone_ps7_cortexa9_0/bsp/system.mss|system_0||
C:/PXL/devWorks/devWorks2/CAR/HC_SR04/Vitis/HC_SR04/zynq_fsbl/zynq_fsbl_bsp/system.mss|system||

TRACE::2025-03-14.15:42:45::SCWMssOS::Sw design exists and opened at  C:/PXL/devWorks/devWorks2/CAR/HC_SR04/Vitis/HC_SR04/ps7_cortexa9_0/standalone_ps7_cortexa9_0/bsp/system.mss
TRACE::2025-03-14.15:42:45::SCWPlatform::Trying to open the hw design at C:/PXL/devWorks/devWorks2/CAR/HC_SR04/Vitis/HC_SR04/hw/HC_SR04.xsa
TRACE::2025-03-14.15:42:45::SCWPlatform::DSA given C:/PXL/devWorks/devWorks2/CAR/HC_SR04/Vitis/HC_SR04/hw/HC_SR04.xsa
TRACE::2025-03-14.15:42:45::SCWPlatform::DSA absoulate path C:/PXL/devWorks/devWorks2/CAR/HC_SR04/Vitis/HC_SR04/hw/HC_SR04.xsa
TRACE::2025-03-14.15:42:45::SCWPlatform::DSA directory C:/PXL/devWorks/devWorks2/CAR/HC_SR04/Vitis/HC_SR04/hw
TRACE::2025-03-14.15:42:45::SCWPlatform:: Platform Path C:/PXL/devWorks/devWorks2/CAR/HC_SR04/Vitis/HC_SR04/hw/HC_SR04.xsa
TRACE::2025-03-14.15:42:45::SCWPlatform:: Unique name xilinx:pynq-z2::0.0
TRACE::2025-03-14.15:42:45::SCWPlatform::Trying to set the existing hwdb with name design_1_wrapper_0
TRACE::2025-03-14.15:42:45::SCWPlatform::Opened existing hwdb design_1_wrapper_0
TRACE::2025-03-14.15:42:45::SCWPlatform::Found the Hw Db part of the input DSA
TRACE::2025-03-14.15:42:45::SCWMssOS::Checking the sw design at  C:/PXL/devWorks/devWorks2/CAR/HC_SR04/Vitis/HC_SR04/ps7_cortexa9_0/standalone_ps7_cortexa9_0/bsp/system.mss
TRACE::2025-03-14.15:42:45::SCWMssOS::DEBUG:  swdes dump  C:/PXL/devWorks/devWorks2/CAR/HC_SR04/Vitis/HC_SR04/ps7_cortexa9_0/standalone_ps7_cortexa9_0/bsp/system.mss|system_0||
C:/PXL/devWorks/devWorks2/CAR/HC_SR04/Vitis/HC_SR04/zynq_fsbl/zynq_fsbl_bsp/system.mss|system||

TRACE::2025-03-14.15:42:45::SCWMssOS::Sw design exists and opened at  C:/PXL/devWorks/devWorks2/CAR/HC_SR04/Vitis/HC_SR04/ps7_cortexa9_0/standalone_ps7_cortexa9_0/bsp/system.mss
TRACE::2025-03-14.15:42:45::SCWMssOS::Saving the mss changes C:/PXL/devWorks/devWorks2/CAR/HC_SR04/Vitis/HC_SR04/zynq_fsbl/zynq_fsbl_bsp/system.mss
TRACE::2025-03-14.15:42:45::SCWMssOS::Found a swdesign opened with the mssfile.
TRACE::2025-03-14.15:42:45::SCWMssOS::Completed writemss as part of save.
TRACE::2025-03-14.15:42:45::SCWMssOS::Commit changes completed.
TRACE::2025-03-14.15:42:45::SCWMssOS::Saving the mss changes C:/PXL/devWorks/devWorks2/CAR/HC_SR04/Vitis/HC_SR04/ps7_cortexa9_0/standalone_ps7_cortexa9_0/bsp/system.mss
TRACE::2025-03-14.15:42:45::SCWMssOS::Found a swdesign opened with the mssfile.
TRACE::2025-03-14.15:42:45::SCWMssOS::Completed writemss as part of save.
TRACE::2025-03-14.15:42:45::SCWMssOS::Commit changes completed.
TRACE::2025-03-14.15:42:45::SCWPlatform::Trying to open the hw design at C:/PXL/devWorks/devWorks2/CAR/HC_SR04/Vitis/HC_SR04/hw/HC_SR04.xsa
TRACE::2025-03-14.15:42:45::SCWPlatform::DSA given C:/PXL/devWorks/devWorks2/CAR/HC_SR04/Vitis/HC_SR04/hw/HC_SR04.xsa
TRACE::2025-03-14.15:42:45::SCWPlatform::DSA absoulate path C:/PXL/devWorks/devWorks2/CAR/HC_SR04/Vitis/HC_SR04/hw/HC_SR04.xsa
TRACE::2025-03-14.15:42:45::SCWPlatform::DSA directory C:/PXL/devWorks/devWorks2/CAR/HC_SR04/Vitis/HC_SR04/hw
TRACE::2025-03-14.15:42:45::SCWPlatform:: Platform Path C:/PXL/devWorks/devWorks2/CAR/HC_SR04/Vitis/HC_SR04/hw/HC_SR04.xsa
TRACE::2025-03-14.15:42:45::SCWPlatform:: Unique name xilinx:pynq-z2::0.0
TRACE::2025-03-14.15:42:45::SCWPlatform::Trying to set the existing hwdb with name design_1_wrapper_0
TRACE::2025-03-14.15:42:45::SCWPlatform::Opened existing hwdb design_1_wrapper_0
TRACE::2025-03-14.15:42:45::SCWPlatform::Found the Hw Db part of the input DSA
TRACE::2025-03-14.15:42:45::SCWMssOS::Checking the sw design at  C:/PXL/devWorks/devWorks2/CAR/HC_SR04/Vitis/HC_SR04/zynq_fsbl/zynq_fsbl_bsp/system.mss
TRACE::2025-03-14.15:42:45::SCWMssOS::DEBUG:  swdes dump  C:/PXL/devWorks/devWorks2/CAR/HC_SR04/Vitis/HC_SR04/ps7_cortexa9_0/standalone_ps7_cortexa9_0/bsp/system.mss|system_0||
C:/PXL/devWorks/devWorks2/CAR/HC_SR04/Vitis/HC_SR04/zynq_fsbl/zynq_fsbl_bsp/system.mss|system||

TRACE::2025-03-14.15:42:45::SCWMssOS::Sw design exists and opened at  C:/PXL/devWorks/devWorks2/CAR/HC_SR04/Vitis/HC_SR04/zynq_fsbl/zynq_fsbl_bsp/system.mss
TRACE::2025-03-14.15:42:45::SCWPlatform::Trying to open the hw design at C:/PXL/devWorks/devWorks2/CAR/HC_SR04/Vitis/HC_SR04/hw/HC_SR04.xsa
TRACE::2025-03-14.15:42:45::SCWPlatform::DSA given C:/PXL/devWorks/devWorks2/CAR/HC_SR04/Vitis/HC_SR04/hw/HC_SR04.xsa
TRACE::2025-03-14.15:42:45::SCWPlatform::DSA absoulate path C:/PXL/devWorks/devWorks2/CAR/HC_SR04/Vitis/HC_SR04/hw/HC_SR04.xsa
TRACE::2025-03-14.15:42:45::SCWPlatform::DSA directory C:/PXL/devWorks/devWorks2/CAR/HC_SR04/Vitis/HC_SR04/hw
TRACE::2025-03-14.15:42:45::SCWPlatform:: Platform Path C:/PXL/devWorks/devWorks2/CAR/HC_SR04/Vitis/HC_SR04/hw/HC_SR04.xsa
TRACE::2025-03-14.15:42:45::SCWPlatform:: Unique name xilinx:pynq-z2::0.0
TRACE::2025-03-14.15:42:45::SCWPlatform::Trying to set the existing hwdb with name design_1_wrapper_0
TRACE::2025-03-14.15:42:45::SCWPlatform::Opened existing hwdb design_1_wrapper_0
TRACE::2025-03-14.15:42:45::SCWPlatform::Found the Hw Db part of the input DSA
TRACE::2025-03-14.15:42:45::SCWMssOS::Checking the sw design at  C:/PXL/devWorks/devWorks2/CAR/HC_SR04/Vitis/HC_SR04/zynq_fsbl/zynq_fsbl_bsp/system.mss
TRACE::2025-03-14.15:42:45::SCWMssOS::DEBUG:  swdes dump  C:/PXL/devWorks/devWorks2/CAR/HC_SR04/Vitis/HC_SR04/ps7_cortexa9_0/standalone_ps7_cortexa9_0/bsp/system.mss|system_0||
C:/PXL/devWorks/devWorks2/CAR/HC_SR04/Vitis/HC_SR04/zynq_fsbl/zynq_fsbl_bsp/system.mss|system||

TRACE::2025-03-14.15:42:45::SCWMssOS::Sw design exists and opened at  C:/PXL/devWorks/devWorks2/CAR/HC_SR04/Vitis/HC_SR04/zynq_fsbl/zynq_fsbl_bsp/system.mss
TRACE::2025-03-14.15:42:45::SCWPlatform::Trying to open the hw design at C:/PXL/devWorks/devWorks2/CAR/HC_SR04/Vitis/HC_SR04/hw/HC_SR04.xsa
TRACE::2025-03-14.15:42:45::SCWPlatform::DSA given C:/PXL/devWorks/devWorks2/CAR/HC_SR04/Vitis/HC_SR04/hw/HC_SR04.xsa
TRACE::2025-03-14.15:42:45::SCWPlatform::DSA absoulate path C:/PXL/devWorks/devWorks2/CAR/HC_SR04/Vitis/HC_SR04/hw/HC_SR04.xsa
TRACE::2025-03-14.15:42:45::SCWPlatform::DSA directory C:/PXL/devWorks/devWorks2/CAR/HC_SR04/Vitis/HC_SR04/hw
TRACE::2025-03-14.15:42:45::SCWPlatform:: Platform Path C:/PXL/devWorks/devWorks2/CAR/HC_SR04/Vitis/HC_SR04/hw/HC_SR04.xsa
TRACE::2025-03-14.15:42:45::SCWPlatform:: Unique name xilinx:pynq-z2::0.0
TRACE::2025-03-14.15:42:45::SCWPlatform::Trying to set the existing hwdb with name design_1_wrapper_0
TRACE::2025-03-14.15:42:45::SCWPlatform::Opened existing hwdb design_1_wrapper_0
TRACE::2025-03-14.15:42:45::SCWPlatform::Found the Hw Db part of the input DSA
TRACE::2025-03-14.15:42:45::SCWMssOS::Checking the sw design at  C:/PXL/devWorks/devWorks2/CAR/HC_SR04/Vitis/HC_SR04/zynq_fsbl/zynq_fsbl_bsp/system.mss
TRACE::2025-03-14.15:42:45::SCWMssOS::DEBUG:  swdes dump  C:/PXL/devWorks/devWorks2/CAR/HC_SR04/Vitis/HC_SR04/ps7_cortexa9_0/standalone_ps7_cortexa9_0/bsp/system.mss|system_0||
C:/PXL/devWorks/devWorks2/CAR/HC_SR04/Vitis/HC_SR04/zynq_fsbl/zynq_fsbl_bsp/system.mss|system||

TRACE::2025-03-14.15:42:45::SCWMssOS::Sw design exists and opened at  C:/PXL/devWorks/devWorks2/CAR/HC_SR04/Vitis/HC_SR04/zynq_fsbl/zynq_fsbl_bsp/system.mss
TRACE::2025-03-14.15:42:45::SCWPlatform::Trying to open the hw design at C:/PXL/devWorks/devWorks2/CAR/HC_SR04/Vitis/HC_SR04/hw/HC_SR04.xsa
TRACE::2025-03-14.15:42:45::SCWPlatform::DSA given C:/PXL/devWorks/devWorks2/CAR/HC_SR04/Vitis/HC_SR04/hw/HC_SR04.xsa
TRACE::2025-03-14.15:42:45::SCWPlatform::DSA absoulate path C:/PXL/devWorks/devWorks2/CAR/HC_SR04/Vitis/HC_SR04/hw/HC_SR04.xsa
TRACE::2025-03-14.15:42:45::SCWPlatform::DSA directory C:/PXL/devWorks/devWorks2/CAR/HC_SR04/Vitis/HC_SR04/hw
TRACE::2025-03-14.15:42:45::SCWPlatform:: Platform Path C:/PXL/devWorks/devWorks2/CAR/HC_SR04/Vitis/HC_SR04/hw/HC_SR04.xsa
TRACE::2025-03-14.15:42:45::SCWPlatform:: Unique name xilinx:pynq-z2::0.0
TRACE::2025-03-14.15:42:45::SCWPlatform::Trying to set the existing hwdb with name design_1_wrapper_0
TRACE::2025-03-14.15:42:45::SCWPlatform::Opened existing hwdb design_1_wrapper_0
TRACE::2025-03-14.15:42:45::SCWPlatform::Found the Hw Db part of the input DSA
TRACE::2025-03-14.15:42:45::SCWMssOS::Checking the sw design at  C:/PXL/devWorks/devWorks2/CAR/HC_SR04/Vitis/HC_SR04/ps7_cortexa9_0/standalone_ps7_cortexa9_0/bsp/system.mss
TRACE::2025-03-14.15:42:45::SCWMssOS::DEBUG:  swdes dump  C:/PXL/devWorks/devWorks2/CAR/HC_SR04/Vitis/HC_SR04/ps7_cortexa9_0/standalone_ps7_cortexa9_0/bsp/system.mss|system_0||
C:/PXL/devWorks/devWorks2/CAR/HC_SR04/Vitis/HC_SR04/zynq_fsbl/zynq_fsbl_bsp/system.mss|system||

TRACE::2025-03-14.15:42:45::SCWMssOS::Sw design exists and opened at  C:/PXL/devWorks/devWorks2/CAR/HC_SR04/Vitis/HC_SR04/ps7_cortexa9_0/standalone_ps7_cortexa9_0/bsp/system.mss
TRACE::2025-03-14.15:42:45::SCWPlatform::Trying to open the hw design at C:/PXL/devWorks/devWorks2/CAR/HC_SR04/Vitis/HC_SR04/hw/HC_SR04.xsa
TRACE::2025-03-14.15:42:45::SCWPlatform::DSA given C:/PXL/devWorks/devWorks2/CAR/HC_SR04/Vitis/HC_SR04/hw/HC_SR04.xsa
TRACE::2025-03-14.15:42:45::SCWPlatform::DSA absoulate path C:/PXL/devWorks/devWorks2/CAR/HC_SR04/Vitis/HC_SR04/hw/HC_SR04.xsa
TRACE::2025-03-14.15:42:45::SCWPlatform::DSA directory C:/PXL/devWorks/devWorks2/CAR/HC_SR04/Vitis/HC_SR04/hw
TRACE::2025-03-14.15:42:45::SCWPlatform:: Platform Path C:/PXL/devWorks/devWorks2/CAR/HC_SR04/Vitis/HC_SR04/hw/HC_SR04.xsa
TRACE::2025-03-14.15:42:45::SCWPlatform:: Unique name xilinx:pynq-z2::0.0
TRACE::2025-03-14.15:42:45::SCWPlatform::Trying to set the existing hwdb with name design_1_wrapper_0
TRACE::2025-03-14.15:42:45::SCWPlatform::Opened existing hwdb design_1_wrapper_0
TRACE::2025-03-14.15:42:45::SCWPlatform::Found the Hw Db part of the input DSA
TRACE::2025-03-14.15:42:45::SCWMssOS::Checking the sw design at  C:/PXL/devWorks/devWorks2/CAR/HC_SR04/Vitis/HC_SR04/ps7_cortexa9_0/standalone_ps7_cortexa9_0/bsp/system.mss
TRACE::2025-03-14.15:42:45::SCWMssOS::DEBUG:  swdes dump  C:/PXL/devWorks/devWorks2/CAR/HC_SR04/Vitis/HC_SR04/ps7_cortexa9_0/standalone_ps7_cortexa9_0/bsp/system.mss|system_0||
C:/PXL/devWorks/devWorks2/CAR/HC_SR04/Vitis/HC_SR04/zynq_fsbl/zynq_fsbl_bsp/system.mss|system||

TRACE::2025-03-14.15:42:45::SCWMssOS::Sw design exists and opened at  C:/PXL/devWorks/devWorks2/CAR/HC_SR04/Vitis/HC_SR04/ps7_cortexa9_0/standalone_ps7_cortexa9_0/bsp/system.mss
TRACE::2025-03-14.15:42:45::SCWPlatform::Trying to open the hw design at C:/PXL/devWorks/devWorks2/CAR/HC_SR04/Vitis/HC_SR04/hw/HC_SR04.xsa
TRACE::2025-03-14.15:42:45::SCWPlatform::DSA given C:/PXL/devWorks/devWorks2/CAR/HC_SR04/Vitis/HC_SR04/hw/HC_SR04.xsa
TRACE::2025-03-14.15:42:45::SCWPlatform::DSA absoulate path C:/PXL/devWorks/devWorks2/CAR/HC_SR04/Vitis/HC_SR04/hw/HC_SR04.xsa
TRACE::2025-03-14.15:42:45::SCWPlatform::DSA directory C:/PXL/devWorks/devWorks2/CAR/HC_SR04/Vitis/HC_SR04/hw
TRACE::2025-03-14.15:42:45::SCWPlatform:: Platform Path C:/PXL/devWorks/devWorks2/CAR/HC_SR04/Vitis/HC_SR04/hw/HC_SR04.xsa
TRACE::2025-03-14.15:42:45::SCWPlatform:: Unique name xilinx:pynq-z2::0.0
TRACE::2025-03-14.15:42:45::SCWPlatform::Trying to set the existing hwdb with name design_1_wrapper_0
TRACE::2025-03-14.15:42:45::SCWPlatform::Opened existing hwdb design_1_wrapper_0
TRACE::2025-03-14.15:42:45::SCWPlatform::Found the Hw Db part of the input DSA
TRACE::2025-03-14.15:42:45::SCWMssOS::Checking the sw design at  C:/PXL/devWorks/devWorks2/CAR/HC_SR04/Vitis/HC_SR04/ps7_cortexa9_0/standalone_ps7_cortexa9_0/bsp/system.mss
TRACE::2025-03-14.15:42:45::SCWMssOS::DEBUG:  swdes dump  C:/PXL/devWorks/devWorks2/CAR/HC_SR04/Vitis/HC_SR04/ps7_cortexa9_0/standalone_ps7_cortexa9_0/bsp/system.mss|system_0||
C:/PXL/devWorks/devWorks2/CAR/HC_SR04/Vitis/HC_SR04/zynq_fsbl/zynq_fsbl_bsp/system.mss|system||

TRACE::2025-03-14.15:42:45::SCWMssOS::Sw design exists and opened at  C:/PXL/devWorks/devWorks2/CAR/HC_SR04/Vitis/HC_SR04/ps7_cortexa9_0/standalone_ps7_cortexa9_0/bsp/system.mss
TRACE::2025-03-14.15:42:45::SCWWriter::formatted JSON is {
	"platformName":	"HC_SR04",
	"sprVersion":	"2.0",
	"mode":	"gui",
	"dsaType":	"Fixed",
	"platformDesc":	"HC_SR04",
	"platHandOff":	"C:/PXL/devWorks/devWorks2/CAR/HC_SR04/HC_SR04.xsa",
	"platIntHandOff":	"<platformDir>/hw/HC_SR04.xsa",
	"deviceType":	"zynq",
	"platIsPrebuiltAutogen":	"false",
	"platIsNoBootBsp":	"false",
	"platFsblTarget":	"ps7_cortexa9_0",
	"hasFsblMakeHasChanges":	"false",
	"hasPmufwMakeHasChanges":	"false",
	"fsblExtraCompilerFlags":	"-MMD -MP       -mcpu=cortex-a9 -mfpu=vfpv3 -mfloat-abi=hard ",
	"platPreBuiltFlag":	false,
	"platformSamplesDir":	"",
	"platActiveSys":	"HC_SR04",
	"systems":	[{
			"systemName":	"HC_SR04",
			"systemDesc":	"HC_SR04",
			"sysIsBootAutoGen":	"true",
			"systemDispName":	"HC_SR04",
			"sysActiveDom":	"standalone_ps7_cortexa9_0",
			"sysDefaultDom":	"standalone_ps7_cortexa9_0",
			"domains":	[{
					"domainName":	"zynq_fsbl",
					"domainDispName":	"zynq_fsbl",
					"domainDesc":	"FSBL Application BSP - Auto Generated.",
					"processors":	"ps7_cortexa9_0",
					"os":	"standalone",
					"sdxOs":	"standalone",
					"debugEnable":	"",
					"domRuntimes":	["cpp"],
					"swRepo":	"",
					"mssOsVer":	"9.1",
					"mssFile":	"",
					"md5Digest":	"ae658e95b1240de293e29e0c55d316dd",
					"compatibleApp":	"zynq_fsbl",
					"domType":	"bootDomain",
					"arch":	"32-bit",
					"appSettings":	{
						"appCompilerFlags":	"",
						"appLinkerFlags":	""
					},
					"addedLibs":	["xilffs:5.2", "xilrsa:1.8"],
					"libOptions":	{
						"libsContainingOptions":	[]
					},
					"prebuiltLibs":	{
						"prebuiltIncPath":	[],
						"prebuiltLibPath":	[]
					},
					"isolation":	{
					}
				}, {
					"domainName":	"standalone_ps7_cortexa9_0",
					"domainDispName":	"standalone_ps7_cortexa9_0",
					"domainDesc":	"standalone_ps7_cortexa9_0",
					"processors":	"ps7_cortexa9_0",
					"os":	"standalone",
					"sdxOs":	"standalone",
					"qemuArgs":	"<platformDir>/resources/HC_SR04/standalone_ps7_cortexa9_0/qemu_args.txt",
					"qemuData":	"<platformDir>/resources/HC_SR04/standalone_ps7_cortexa9_0/qemu",
					"debugEnable":	"False",
					"domRuntimes":	["cpp"],
					"swRepo":	"",
					"mssOsVer":	"9.1",
					"mssFile":	"",
					"md5Digest":	"decf39934d9cc24cccc491e678fcd076",
					"compatibleApp":	"hello_world",
					"domType":	"mssDomain",
					"arch":	"32-bit",
					"appSettings":	{
						"appCompilerFlags":	"",
						"appLinkerFlags":	""
					},
					"addedLibs":	[],
					"libOptions":	{
						"libsContainingOptions":	[]
					},
					"prebuiltLibs":	{
						"prebuiltIncPath":	[],
						"prebuiltLibPath":	[]
					},
					"isolation":	{
					}
				}]
		}]
}
LOG::2025-03-14.15:42:45::SCWPlatform::Started generating the artifacts platform HC_SR04
TRACE::2025-03-14.15:42:45::SCWPlatform::Sanity checking of platform is completed
LOG::2025-03-14.15:42:45::SCWPlatform::Started generating the artifacts for system configuration HC_SR04
LOG::2025-03-14.15:42:45::SCWSystem::Started Processing the domain standalone_ps7_cortexa9_0
TRACE::2025-03-14.15:42:45::SCWDomain::Generating domain artifcats
TRACE::2025-03-14.15:42:45::SCWMssOS::Generating standalone artifcats
TRACE::2025-03-14.15:42:45::SCWMssOS::Copying the qemu file from  C:/PXL/devWorks/devWorks2/CAR/HC_SR04/Vitis/HC_SR04/resources/HC_SR04/standalone_ps7_cortexa9_0/qemu_args.txt To C:/PXL/devWorks/devWorks2/CAR/HC_SR04/Vitis/HC_SR04/export/HC_SR04/sw/HC_SR04/qemu/
TRACE::2025-03-14.15:42:45::SCWMssOS::Copying the qemu file from  C:/PXL/devWorks/devWorks2/CAR/HC_SR04/Vitis/HC_SR04/resources/HC_SR04/standalone_ps7_cortexa9_0/qemu_args.txt To C:/PXL/devWorks/devWorks2/CAR/HC_SR04/Vitis/HC_SR04/export/HC_SR04/sw/HC_SR04/standalone_ps7_cortexa9_0/qemu/
TRACE::2025-03-14.15:42:45::SCWMssOS:: Copying the user libraries. 
TRACE::2025-03-14.15:42:45::SCWPlatform::Trying to open the hw design at C:/PXL/devWorks/devWorks2/CAR/HC_SR04/Vitis/HC_SR04/hw/HC_SR04.xsa
TRACE::2025-03-14.15:42:45::SCWPlatform::DSA given C:/PXL/devWorks/devWorks2/CAR/HC_SR04/Vitis/HC_SR04/hw/HC_SR04.xsa
TRACE::2025-03-14.15:42:45::SCWPlatform::DSA absoulate path C:/PXL/devWorks/devWorks2/CAR/HC_SR04/Vitis/HC_SR04/hw/HC_SR04.xsa
TRACE::2025-03-14.15:42:45::SCWPlatform::DSA directory C:/PXL/devWorks/devWorks2/CAR/HC_SR04/Vitis/HC_SR04/hw
TRACE::2025-03-14.15:42:45::SCWPlatform:: Platform Path C:/PXL/devWorks/devWorks2/CAR/HC_SR04/Vitis/HC_SR04/hw/HC_SR04.xsa
TRACE::2025-03-14.15:42:45::SCWPlatform:: Unique name xilinx:pynq-z2::0.0
TRACE::2025-03-14.15:42:45::SCWPlatform::Trying to set the existing hwdb with name design_1_wrapper_0
TRACE::2025-03-14.15:42:45::SCWPlatform::Opened existing hwdb design_1_wrapper_0
TRACE::2025-03-14.15:42:45::SCWPlatform::Found the Hw Db part of the input DSA
TRACE::2025-03-14.15:42:45::SCWMssOS::Checking the sw design at  C:/PXL/devWorks/devWorks2/CAR/HC_SR04/Vitis/HC_SR04/ps7_cortexa9_0/standalone_ps7_cortexa9_0/bsp/system.mss
TRACE::2025-03-14.15:42:45::SCWMssOS::DEBUG:  swdes dump  C:/PXL/devWorks/devWorks2/CAR/HC_SR04/Vitis/HC_SR04/ps7_cortexa9_0/standalone_ps7_cortexa9_0/bsp/system.mss|system_0||
C:/PXL/devWorks/devWorks2/CAR/HC_SR04/Vitis/HC_SR04/zynq_fsbl/zynq_fsbl_bsp/system.mss|system||

TRACE::2025-03-14.15:42:45::SCWMssOS::Sw design exists and opened at  C:/PXL/devWorks/devWorks2/CAR/HC_SR04/Vitis/HC_SR04/ps7_cortexa9_0/standalone_ps7_cortexa9_0/bsp/system.mss
TRACE::2025-03-14.15:42:45::SCWMssOS::Completed writing the mss file at C:/PXL/devWorks/devWorks2/CAR/HC_SR04/Vitis/HC_SR04/ps7_cortexa9_0/standalone_ps7_cortexa9_0/bsp
TRACE::2025-03-14.15:42:45::SCWMssOS::Mss edits present, copying mssfile into export location C:/PXL/devWorks/devWorks2/CAR/HC_SR04/Vitis/HC_SR04/ps7_cortexa9_0/standalone_ps7_cortexa9_0/bsp/system.mss
TRACE::2025-03-14.15:42:45::SCWMssOS::bsp generated is upto date with the mss file. Skipping bsp generation.
TRACE::2025-03-14.15:42:45::SCWMssOS::BSP is already built. skipping the bsp build ... 
TRACE::2025-03-14.15:42:45::SCWDomain::Building the domain as part of full build :  standalone_ps7_cortexa9_0
TRACE::2025-03-14.15:42:45::SCWMssOS::skipping the bsp build ... 
TRACE::2025-03-14.15:42:45::SCWMssOS::Copying to export directory.
TRACE::2025-03-14.15:42:45::SCWMssOS:: Checking if to create the Supporting Applications
TRACE::2025-03-14.15:42:45::SCWMssOS:: No Linux domain exists, trying to generate FSBL 
TRACE::2025-03-14.15:42:45::SCWMssOS:: Completed Standalone Artifacts creation 
LOG::2025-03-14.15:42:45::SCWSystem::Completed Processing the domain standalone_ps7_cortexa9_0
LOG::2025-03-14.15:42:45::SCWSystem::Completed Processing the sysconfig HC_SR04
LOG::2025-03-14.15:42:45::SCWPlatform::Completed generating the artifacts for system configuration HC_SR04
TRACE::2025-03-14.15:42:45::SCWPlatform::Started preparing the platform 
TRACE::2025-03-14.15:42:45::SCWSystem::Writing the bif file for system config HC_SR04
TRACE::2025-03-14.15:42:45::SCWSystem::dir created 
TRACE::2025-03-14.15:42:45::SCWSystem::Writing the bif 
TRACE::2025-03-14.15:42:45::SCWPlatform::Started writing the spfm file 
TRACE::2025-03-14.15:42:45::SCWPlatform::Started writing the xpfm file 
TRACE::2025-03-14.15:42:45::SCWPlatform::Completed generating the platform
TRACE::2025-03-14.15:42:45::SCWMssOS::Saving the mss changes C:/PXL/devWorks/devWorks2/CAR/HC_SR04/Vitis/HC_SR04/zynq_fsbl/zynq_fsbl_bsp/system.mss
TRACE::2025-03-14.15:42:45::SCWMssOS::Found a swdesign opened with the mssfile.
TRACE::2025-03-14.15:42:45::SCWMssOS::Completed writemss as part of save.
TRACE::2025-03-14.15:42:45::SCWMssOS::Commit changes completed.
TRACE::2025-03-14.15:42:45::SCWMssOS::Saving the mss changes C:/PXL/devWorks/devWorks2/CAR/HC_SR04/Vitis/HC_SR04/ps7_cortexa9_0/standalone_ps7_cortexa9_0/bsp/system.mss
TRACE::2025-03-14.15:42:45::SCWMssOS::Found a swdesign opened with the mssfile.
TRACE::2025-03-14.15:42:45::SCWMssOS::Completed writemss as part of save.
TRACE::2025-03-14.15:42:45::SCWMssOS::Commit changes completed.
TRACE::2025-03-14.15:42:45::SCWPlatform::Trying to open the hw design at C:/PXL/devWorks/devWorks2/CAR/HC_SR04/Vitis/HC_SR04/hw/HC_SR04.xsa
TRACE::2025-03-14.15:42:45::SCWPlatform::DSA given C:/PXL/devWorks/devWorks2/CAR/HC_SR04/Vitis/HC_SR04/hw/HC_SR04.xsa
TRACE::2025-03-14.15:42:45::SCWPlatform::DSA absoulate path C:/PXL/devWorks/devWorks2/CAR/HC_SR04/Vitis/HC_SR04/hw/HC_SR04.xsa
TRACE::2025-03-14.15:42:45::SCWPlatform::DSA directory C:/PXL/devWorks/devWorks2/CAR/HC_SR04/Vitis/HC_SR04/hw
TRACE::2025-03-14.15:42:45::SCWPlatform:: Platform Path C:/PXL/devWorks/devWorks2/CAR/HC_SR04/Vitis/HC_SR04/hw/HC_SR04.xsa
TRACE::2025-03-14.15:42:45::SCWPlatform:: Unique name xilinx:pynq-z2::0.0
TRACE::2025-03-14.15:42:45::SCWPlatform::Trying to set the existing hwdb with name design_1_wrapper_0
TRACE::2025-03-14.15:42:45::SCWPlatform::Opened existing hwdb design_1_wrapper_0
TRACE::2025-03-14.15:42:45::SCWPlatform::Found the Hw Db part of the input DSA
TRACE::2025-03-14.15:42:45::SCWMssOS::Checking the sw design at  C:/PXL/devWorks/devWorks2/CAR/HC_SR04/Vitis/HC_SR04/zynq_fsbl/zynq_fsbl_bsp/system.mss
TRACE::2025-03-14.15:42:45::SCWMssOS::DEBUG:  swdes dump  C:/PXL/devWorks/devWorks2/CAR/HC_SR04/Vitis/HC_SR04/ps7_cortexa9_0/standalone_ps7_cortexa9_0/bsp/system.mss|system_0||
C:/PXL/devWorks/devWorks2/CAR/HC_SR04/Vitis/HC_SR04/zynq_fsbl/zynq_fsbl_bsp/system.mss|system||

TRACE::2025-03-14.15:42:45::SCWMssOS::Sw design exists and opened at  C:/PXL/devWorks/devWorks2/CAR/HC_SR04/Vitis/HC_SR04/zynq_fsbl/zynq_fsbl_bsp/system.mss
TRACE::2025-03-14.15:42:45::SCWPlatform::Trying to open the hw design at C:/PXL/devWorks/devWorks2/CAR/HC_SR04/Vitis/HC_SR04/hw/HC_SR04.xsa
TRACE::2025-03-14.15:42:45::SCWPlatform::DSA given C:/PXL/devWorks/devWorks2/CAR/HC_SR04/Vitis/HC_SR04/hw/HC_SR04.xsa
TRACE::2025-03-14.15:42:45::SCWPlatform::DSA absoulate path C:/PXL/devWorks/devWorks2/CAR/HC_SR04/Vitis/HC_SR04/hw/HC_SR04.xsa
TRACE::2025-03-14.15:42:45::SCWPlatform::DSA directory C:/PXL/devWorks/devWorks2/CAR/HC_SR04/Vitis/HC_SR04/hw
TRACE::2025-03-14.15:42:45::SCWPlatform:: Platform Path C:/PXL/devWorks/devWorks2/CAR/HC_SR04/Vitis/HC_SR04/hw/HC_SR04.xsa
TRACE::2025-03-14.15:42:45::SCWPlatform:: Unique name xilinx:pynq-z2::0.0
TRACE::2025-03-14.15:42:45::SCWPlatform::Trying to set the existing hwdb with name design_1_wrapper_0
TRACE::2025-03-14.15:42:45::SCWPlatform::Opened existing hwdb design_1_wrapper_0
TRACE::2025-03-14.15:42:45::SCWPlatform::Found the Hw Db part of the input DSA
TRACE::2025-03-14.15:42:45::SCWMssOS::Checking the sw design at  C:/PXL/devWorks/devWorks2/CAR/HC_SR04/Vitis/HC_SR04/zynq_fsbl/zynq_fsbl_bsp/system.mss
TRACE::2025-03-14.15:42:45::SCWMssOS::DEBUG:  swdes dump  C:/PXL/devWorks/devWorks2/CAR/HC_SR04/Vitis/HC_SR04/ps7_cortexa9_0/standalone_ps7_cortexa9_0/bsp/system.mss|system_0||
C:/PXL/devWorks/devWorks2/CAR/HC_SR04/Vitis/HC_SR04/zynq_fsbl/zynq_fsbl_bsp/system.mss|system||

TRACE::2025-03-14.15:42:45::SCWMssOS::Sw design exists and opened at  C:/PXL/devWorks/devWorks2/CAR/HC_SR04/Vitis/HC_SR04/zynq_fsbl/zynq_fsbl_bsp/system.mss
TRACE::2025-03-14.15:42:45::SCWPlatform::Trying to open the hw design at C:/PXL/devWorks/devWorks2/CAR/HC_SR04/Vitis/HC_SR04/hw/HC_SR04.xsa
TRACE::2025-03-14.15:42:45::SCWPlatform::DSA given C:/PXL/devWorks/devWorks2/CAR/HC_SR04/Vitis/HC_SR04/hw/HC_SR04.xsa
TRACE::2025-03-14.15:42:45::SCWPlatform::DSA absoulate path C:/PXL/devWorks/devWorks2/CAR/HC_SR04/Vitis/HC_SR04/hw/HC_SR04.xsa
TRACE::2025-03-14.15:42:45::SCWPlatform::DSA directory C:/PXL/devWorks/devWorks2/CAR/HC_SR04/Vitis/HC_SR04/hw
TRACE::2025-03-14.15:42:45::SCWPlatform:: Platform Path C:/PXL/devWorks/devWorks2/CAR/HC_SR04/Vitis/HC_SR04/hw/HC_SR04.xsa
TRACE::2025-03-14.15:42:45::SCWPlatform:: Unique name xilinx:pynq-z2::0.0
TRACE::2025-03-14.15:42:45::SCWPlatform::Trying to set the existing hwdb with name design_1_wrapper_0
TRACE::2025-03-14.15:42:45::SCWPlatform::Opened existing hwdb design_1_wrapper_0
TRACE::2025-03-14.15:42:45::SCWPlatform::Found the Hw Db part of the input DSA
TRACE::2025-03-14.15:42:45::SCWMssOS::Checking the sw design at  C:/PXL/devWorks/devWorks2/CAR/HC_SR04/Vitis/HC_SR04/zynq_fsbl/zynq_fsbl_bsp/system.mss
TRACE::2025-03-14.15:42:45::SCWMssOS::DEBUG:  swdes dump  C:/PXL/devWorks/devWorks2/CAR/HC_SR04/Vitis/HC_SR04/ps7_cortexa9_0/standalone_ps7_cortexa9_0/bsp/system.mss|system_0||
C:/PXL/devWorks/devWorks2/CAR/HC_SR04/Vitis/HC_SR04/zynq_fsbl/zynq_fsbl_bsp/system.mss|system||

TRACE::2025-03-14.15:42:45::SCWMssOS::Sw design exists and opened at  C:/PXL/devWorks/devWorks2/CAR/HC_SR04/Vitis/HC_SR04/zynq_fsbl/zynq_fsbl_bsp/system.mss
TRACE::2025-03-14.15:42:45::SCWPlatform::Trying to open the hw design at C:/PXL/devWorks/devWorks2/CAR/HC_SR04/Vitis/HC_SR04/hw/HC_SR04.xsa
TRACE::2025-03-14.15:42:45::SCWPlatform::DSA given C:/PXL/devWorks/devWorks2/CAR/HC_SR04/Vitis/HC_SR04/hw/HC_SR04.xsa
TRACE::2025-03-14.15:42:45::SCWPlatform::DSA absoulate path C:/PXL/devWorks/devWorks2/CAR/HC_SR04/Vitis/HC_SR04/hw/HC_SR04.xsa
TRACE::2025-03-14.15:42:45::SCWPlatform::DSA directory C:/PXL/devWorks/devWorks2/CAR/HC_SR04/Vitis/HC_SR04/hw
TRACE::2025-03-14.15:42:45::SCWPlatform:: Platform Path C:/PXL/devWorks/devWorks2/CAR/HC_SR04/Vitis/HC_SR04/hw/HC_SR04.xsa
TRACE::2025-03-14.15:42:45::SCWPlatform:: Unique name xilinx:pynq-z2::0.0
TRACE::2025-03-14.15:42:45::SCWPlatform::Trying to set the existing hwdb with name design_1_wrapper_0
TRACE::2025-03-14.15:42:45::SCWPlatform::Opened existing hwdb design_1_wrapper_0
TRACE::2025-03-14.15:42:45::SCWPlatform::Found the Hw Db part of the input DSA
TRACE::2025-03-14.15:42:45::SCWMssOS::Checking the sw design at  C:/PXL/devWorks/devWorks2/CAR/HC_SR04/Vitis/HC_SR04/ps7_cortexa9_0/standalone_ps7_cortexa9_0/bsp/system.mss
TRACE::2025-03-14.15:42:45::SCWMssOS::DEBUG:  swdes dump  C:/PXL/devWorks/devWorks2/CAR/HC_SR04/Vitis/HC_SR04/ps7_cortexa9_0/standalone_ps7_cortexa9_0/bsp/system.mss|system_0||
C:/PXL/devWorks/devWorks2/CAR/HC_SR04/Vitis/HC_SR04/zynq_fsbl/zynq_fsbl_bsp/system.mss|system||

TRACE::2025-03-14.15:42:45::SCWMssOS::Sw design exists and opened at  C:/PXL/devWorks/devWorks2/CAR/HC_SR04/Vitis/HC_SR04/ps7_cortexa9_0/standalone_ps7_cortexa9_0/bsp/system.mss
TRACE::2025-03-14.15:42:45::SCWPlatform::Trying to open the hw design at C:/PXL/devWorks/devWorks2/CAR/HC_SR04/Vitis/HC_SR04/hw/HC_SR04.xsa
TRACE::2025-03-14.15:42:45::SCWPlatform::DSA given C:/PXL/devWorks/devWorks2/CAR/HC_SR04/Vitis/HC_SR04/hw/HC_SR04.xsa
TRACE::2025-03-14.15:42:45::SCWPlatform::DSA absoulate path C:/PXL/devWorks/devWorks2/CAR/HC_SR04/Vitis/HC_SR04/hw/HC_SR04.xsa
TRACE::2025-03-14.15:42:45::SCWPlatform::DSA directory C:/PXL/devWorks/devWorks2/CAR/HC_SR04/Vitis/HC_SR04/hw
TRACE::2025-03-14.15:42:45::SCWPlatform:: Platform Path C:/PXL/devWorks/devWorks2/CAR/HC_SR04/Vitis/HC_SR04/hw/HC_SR04.xsa
TRACE::2025-03-14.15:42:45::SCWPlatform:: Unique name xilinx:pynq-z2::0.0
TRACE::2025-03-14.15:42:45::SCWPlatform::Trying to set the existing hwdb with name design_1_wrapper_0
TRACE::2025-03-14.15:42:45::SCWPlatform::Opened existing hwdb design_1_wrapper_0
TRACE::2025-03-14.15:42:45::SCWPlatform::Found the Hw Db part of the input DSA
TRACE::2025-03-14.15:42:45::SCWMssOS::Checking the sw design at  C:/PXL/devWorks/devWorks2/CAR/HC_SR04/Vitis/HC_SR04/ps7_cortexa9_0/standalone_ps7_cortexa9_0/bsp/system.mss
TRACE::2025-03-14.15:42:45::SCWMssOS::DEBUG:  swdes dump  C:/PXL/devWorks/devWorks2/CAR/HC_SR04/Vitis/HC_SR04/ps7_cortexa9_0/standalone_ps7_cortexa9_0/bsp/system.mss|system_0||
C:/PXL/devWorks/devWorks2/CAR/HC_SR04/Vitis/HC_SR04/zynq_fsbl/zynq_fsbl_bsp/system.mss|system||

TRACE::2025-03-14.15:42:45::SCWMssOS::Sw design exists and opened at  C:/PXL/devWorks/devWorks2/CAR/HC_SR04/Vitis/HC_SR04/ps7_cortexa9_0/standalone_ps7_cortexa9_0/bsp/system.mss
TRACE::2025-03-14.15:42:45::SCWPlatform::Trying to open the hw design at C:/PXL/devWorks/devWorks2/CAR/HC_SR04/Vitis/HC_SR04/hw/HC_SR04.xsa
TRACE::2025-03-14.15:42:45::SCWPlatform::DSA given C:/PXL/devWorks/devWorks2/CAR/HC_SR04/Vitis/HC_SR04/hw/HC_SR04.xsa
TRACE::2025-03-14.15:42:45::SCWPlatform::DSA absoulate path C:/PXL/devWorks/devWorks2/CAR/HC_SR04/Vitis/HC_SR04/hw/HC_SR04.xsa
TRACE::2025-03-14.15:42:45::SCWPlatform::DSA directory C:/PXL/devWorks/devWorks2/CAR/HC_SR04/Vitis/HC_SR04/hw
TRACE::2025-03-14.15:42:45::SCWPlatform:: Platform Path C:/PXL/devWorks/devWorks2/CAR/HC_SR04/Vitis/HC_SR04/hw/HC_SR04.xsa
TRACE::2025-03-14.15:42:45::SCWPlatform:: Unique name xilinx:pynq-z2::0.0
TRACE::2025-03-14.15:42:45::SCWPlatform::Trying to set the existing hwdb with name design_1_wrapper_0
TRACE::2025-03-14.15:42:45::SCWPlatform::Opened existing hwdb design_1_wrapper_0
TRACE::2025-03-14.15:42:45::SCWPlatform::Found the Hw Db part of the input DSA
TRACE::2025-03-14.15:42:45::SCWMssOS::Checking the sw design at  C:/PXL/devWorks/devWorks2/CAR/HC_SR04/Vitis/HC_SR04/ps7_cortexa9_0/standalone_ps7_cortexa9_0/bsp/system.mss
TRACE::2025-03-14.15:42:45::SCWMssOS::DEBUG:  swdes dump  C:/PXL/devWorks/devWorks2/CAR/HC_SR04/Vitis/HC_SR04/ps7_cortexa9_0/standalone_ps7_cortexa9_0/bsp/system.mss|system_0||
C:/PXL/devWorks/devWorks2/CAR/HC_SR04/Vitis/HC_SR04/zynq_fsbl/zynq_fsbl_bsp/system.mss|system||

TRACE::2025-03-14.15:42:45::SCWMssOS::Sw design exists and opened at  C:/PXL/devWorks/devWorks2/CAR/HC_SR04/Vitis/HC_SR04/ps7_cortexa9_0/standalone_ps7_cortexa9_0/bsp/system.mss
TRACE::2025-03-14.15:42:45::SCWWriter::formatted JSON is {
	"platformName":	"HC_SR04",
	"sprVersion":	"2.0",
	"mode":	"gui",
	"dsaType":	"Fixed",
	"platformDesc":	"HC_SR04",
	"platHandOff":	"C:/PXL/devWorks/devWorks2/CAR/HC_SR04/HC_SR04.xsa",
	"platIntHandOff":	"<platformDir>/hw/HC_SR04.xsa",
	"deviceType":	"zynq",
	"platIsPrebuiltAutogen":	"false",
	"platIsNoBootBsp":	"false",
	"platFsblTarget":	"ps7_cortexa9_0",
	"hasFsblMakeHasChanges":	"false",
	"hasPmufwMakeHasChanges":	"false",
	"fsblExtraCompilerFlags":	"-MMD -MP       -mcpu=cortex-a9 -mfpu=vfpv3 -mfloat-abi=hard ",
	"platPreBuiltFlag":	false,
	"platformSamplesDir":	"",
	"platActiveSys":	"HC_SR04",
	"systems":	[{
			"systemName":	"HC_SR04",
			"systemDesc":	"HC_SR04",
			"sysIsBootAutoGen":	"true",
			"systemDispName":	"HC_SR04",
			"sysActiveDom":	"standalone_ps7_cortexa9_0",
			"sysDefaultDom":	"standalone_ps7_cortexa9_0",
			"domains":	[{
					"domainName":	"zynq_fsbl",
					"domainDispName":	"zynq_fsbl",
					"domainDesc":	"FSBL Application BSP - Auto Generated.",
					"processors":	"ps7_cortexa9_0",
					"os":	"standalone",
					"sdxOs":	"standalone",
					"debugEnable":	"",
					"domRuntimes":	["cpp"],
					"swRepo":	"",
					"mssOsVer":	"9.1",
					"mssFile":	"",
					"md5Digest":	"ae658e95b1240de293e29e0c55d316dd",
					"compatibleApp":	"zynq_fsbl",
					"domType":	"bootDomain",
					"arch":	"32-bit",
					"appSettings":	{
						"appCompilerFlags":	"",
						"appLinkerFlags":	""
					},
					"addedLibs":	["xilffs:5.2", "xilrsa:1.8"],
					"libOptions":	{
						"libsContainingOptions":	[]
					},
					"prebuiltLibs":	{
						"prebuiltIncPath":	[],
						"prebuiltLibPath":	[]
					},
					"isolation":	{
					}
				}, {
					"domainName":	"standalone_ps7_cortexa9_0",
					"domainDispName":	"standalone_ps7_cortexa9_0",
					"domainDesc":	"standalone_ps7_cortexa9_0",
					"processors":	"ps7_cortexa9_0",
					"os":	"standalone",
					"sdxOs":	"standalone",
					"qemuArgs":	"<platformDir>/resources/HC_SR04/standalone_ps7_cortexa9_0/qemu_args.txt",
					"qemuData":	"<platformDir>/resources/HC_SR04/standalone_ps7_cortexa9_0/qemu",
					"debugEnable":	"False",
					"domRuntimes":	["cpp"],
					"swRepo":	"",
					"mssOsVer":	"9.1",
					"mssFile":	"",
					"md5Digest":	"decf39934d9cc24cccc491e678fcd076",
					"compatibleApp":	"hello_world",
					"domType":	"mssDomain",
					"arch":	"32-bit",
					"appSettings":	{
						"appCompilerFlags":	"",
						"appLinkerFlags":	""
					},
					"addedLibs":	[],
					"libOptions":	{
						"libsContainingOptions":	[]
					},
					"prebuiltLibs":	{
						"prebuiltIncPath":	[],
						"prebuiltLibPath":	[]
					},
					"isolation":	{
					}
				}]
		}]
}
KEYINFO::2025-03-14.15:42:45::SCWPlatform::updated the xpfm file.
LOG::2025-03-14.15:47:35::SCWPlatform::Started generating the artifacts platform HC_SR04
TRACE::2025-03-14.15:47:35::SCWPlatform::Sanity checking of platform is completed
LOG::2025-03-14.15:47:35::SCWPlatform::Started generating the artifacts for system configuration HC_SR04
LOG::2025-03-14.15:47:35::SCWSystem::Checking the domain zynq_fsbl
LOG::2025-03-14.15:47:35::SCWSystem::Doing application build for :  zynq_fsbl
TRACE::2025-03-14.15:47:35::SCWBDomain::Not a forced makefile updation, No changes are present. 
TRACE::2025-03-14.15:47:35::SCWDomain::Building the domain as part of full build :  zynq_fsbl
TRACE::2025-03-14.15:47:35::SCWPlatform::Trying to open the hw design at C:/PXL/devWorks/devWorks2/CAR/HC_SR04/Vitis/HC_SR04/hw/HC_SR04.xsa
TRACE::2025-03-14.15:47:35::SCWPlatform::DSA given C:/PXL/devWorks/devWorks2/CAR/HC_SR04/Vitis/HC_SR04/hw/HC_SR04.xsa
TRACE::2025-03-14.15:47:35::SCWPlatform::DSA absoulate path C:/PXL/devWorks/devWorks2/CAR/HC_SR04/Vitis/HC_SR04/hw/HC_SR04.xsa
TRACE::2025-03-14.15:47:35::SCWPlatform::DSA directory C:/PXL/devWorks/devWorks2/CAR/HC_SR04/Vitis/HC_SR04/hw
TRACE::2025-03-14.15:47:35::SCWPlatform:: Platform Path C:/PXL/devWorks/devWorks2/CAR/HC_SR04/Vitis/HC_SR04/hw/HC_SR04.xsa
TRACE::2025-03-14.15:47:35::SCWPlatform:: Unique name xilinx:pynq-z2::0.0
TRACE::2025-03-14.15:47:35::SCWPlatform::Trying to set the existing hwdb with name design_1_wrapper_0
TRACE::2025-03-14.15:47:35::SCWPlatform::Opened existing hwdb design_1_wrapper_0
TRACE::2025-03-14.15:47:35::SCWPlatform::Found the Hw Db part of the input DSA
TRACE::2025-03-14.15:47:35::SCWMssOS::Checking the sw design at  C:/PXL/devWorks/devWorks2/CAR/HC_SR04/Vitis/HC_SR04/zynq_fsbl/zynq_fsbl_bsp/system.mss
TRACE::2025-03-14.15:47:35::SCWMssOS::DEBUG:  swdes dump  C:/PXL/devWorks/devWorks2/CAR/HC_SR04/Vitis/HC_SR04/ps7_cortexa9_0/standalone_ps7_cortexa9_0/bsp/system.mss|system_0||
C:/PXL/devWorks/devWorks2/CAR/HC_SR04/Vitis/HC_SR04/zynq_fsbl/zynq_fsbl_bsp/system.mss|system||

TRACE::2025-03-14.15:47:35::SCWMssOS::Sw design exists and opened at  C:/PXL/devWorks/devWorks2/CAR/HC_SR04/Vitis/HC_SR04/zynq_fsbl/zynq_fsbl_bsp/system.mss
TRACE::2025-03-14.15:47:35::SCWBDomain::Completed writing the mss file at C:/PXL/devWorks/devWorks2/CAR/HC_SR04/Vitis/HC_SR04/zynq_fsbl/zynq_fsbl_bsp
TRACE::2025-03-14.15:47:35::SCWBDomain::bsp generated is upto date with the mss file. Skipping bsp generation.
TRACE::2025-03-14.15:47:35::SCWBDomain::Not a forced makefile updation, No changes are present. 
TRACE::2025-03-14.15:47:35::SCWBDomain::System Command Ran  C:&  cd  C:/PXL/devWorks/devWorks2/CAR/HC_SR04/Vitis/HC_SR04/zynq_fsbl& make -C  zynq_fsbl_bsp & make 
TRACE::2025-03-14.15:47:36::SCWBDomain::make: Entering directory 'C:/PXL/devWorks/devWorks2/CAR/HC_SR04/Vitis/HC_SR04/zynq_fsbl/zynq_fsbl_bsp'

TRACE::2025-03-14.15:47:36::SCWBDomain::make --no-print-directory seq_libs

TRACE::2025-03-14.15:47:36::SCWBDomain::"Running Make include in ps7_cortexa9_0/libsrc/coresightps_dcc_v1_10/src"

TRACE::2025-03-14.15:47:36::SCWBDomain::make -C ps7_cortexa9_0/libsrc/coresightps_dcc_v1_10/src -s include  "SHELL=CMD" "COMPILER=arm-none-eabi-gcc" "ASSEMBLER=arm-non
TRACE::2025-03-14.15:47:36::SCWBDomain::e-eabi-as" "ARCHIVER=arm-none-eabi-ar" "COMPILER_FLAGS=  -O2 -c" "EXTRA_COMPILER_FLAGS=-mcpu=cortex-a9 -mfpu=vfpv3 -mfloat-abi=
TRACE::2025-03-14.15:47:36::SCWBDomain::hard -nostartfiles -g -Wall -Wextra -fno-tree-loop-distribute-patterns"

TRACE::2025-03-14.15:47:36::SCWBDomain::"Running Make include in ps7_cortexa9_0/libsrc/cpu_cortexa9_v2_12/src"

TRACE::2025-03-14.15:47:36::SCWBDomain::make -C ps7_cortexa9_0/libsrc/cpu_cortexa9_v2_12/src -s include  "SHELL=CMD" "COMPILER=arm-none-eabi-gcc" "ASSEMBLER=arm-none-e
TRACE::2025-03-14.15:47:36::SCWBDomain::abi-as" "ARCHIVER=arm-none-eabi-ar" "COMPILER_FLAGS=  -O2 -c" "EXTRA_COMPILER_FLAGS=-mcpu=cortex-a9 -mfpu=vfpv3 -mfloat-abi=har
TRACE::2025-03-14.15:47:36::SCWBDomain::d -nostartfiles -g -Wall -Wextra -fno-tree-loop-distribute-patterns"

TRACE::2025-03-14.15:47:37::SCWBDomain::"Running Make include in ps7_cortexa9_0/libsrc/ddrps_v1_2/src"

TRACE::2025-03-14.15:47:37::SCWBDomain::make -C ps7_cortexa9_0/libsrc/ddrps_v1_2/src -s include  "SHELL=CMD" "COMPILER=arm-none-eabi-gcc" "ASSEMBLER=arm-none-eabi-as" 
TRACE::2025-03-14.15:47:37::SCWBDomain::"ARCHIVER=arm-none-eabi-ar" "COMPILER_FLAGS=  -O2 -c" "EXTRA_COMPILER_FLAGS=-mcpu=cortex-a9 -mfpu=vfpv3 -mfloat-abi=hard -nosta
TRACE::2025-03-14.15:47:37::SCWBDomain::rtfiles -g -Wall -Wextra -fno-tree-loop-distribute-patterns"

TRACE::2025-03-14.15:47:37::SCWBDomain::"Running Make include in ps7_cortexa9_0/libsrc/devcfg_v3_8/src"

TRACE::2025-03-14.15:47:37::SCWBDomain::make -C ps7_cortexa9_0/libsrc/devcfg_v3_8/src -s include  "SHELL=CMD" "COMPILER=arm-none-eabi-gcc" "ASSEMBLER=arm-none-eabi-as"
TRACE::2025-03-14.15:47:37::SCWBDomain:: "ARCHIVER=arm-none-eabi-ar" "COMPILER_FLAGS=  -O2 -c" "EXTRA_COMPILER_FLAGS=-mcpu=cortex-a9 -mfpu=vfpv3 -mfloat-abi=hard -nost
TRACE::2025-03-14.15:47:37::SCWBDomain::artfiles -g -Wall -Wextra -fno-tree-loop-distribute-patterns"

TRACE::2025-03-14.15:47:37::SCWBDomain::"Running Make include in ps7_cortexa9_0/libsrc/dmaps_v2_10/src"

TRACE::2025-03-14.15:47:37::SCWBDomain::make -C ps7_cortexa9_0/libsrc/dmaps_v2_10/src -s include  "SHELL=CMD" "COMPILER=arm-none-eabi-gcc" "ASSEMBLER=arm-none-eabi-as"
TRACE::2025-03-14.15:47:37::SCWBDomain:: "ARCHIVER=arm-none-eabi-ar" "COMPILER_FLAGS=  -O2 -c" "EXTRA_COMPILER_FLAGS=-mcpu=cortex-a9 -mfpu=vfpv3 -mfloat-abi=hard -nost
TRACE::2025-03-14.15:47:37::SCWBDomain::artfiles -g -Wall -Wextra -fno-tree-loop-distribute-patterns"

TRACE::2025-03-14.15:47:37::SCWBDomain::"Running Make include in ps7_cortexa9_0/libsrc/emacps_v3_20/src"

TRACE::2025-03-14.15:47:37::SCWBDomain::make -C ps7_cortexa9_0/libsrc/emacps_v3_20/src -s include  "SHELL=CMD" "COMPILER=arm-none-eabi-gcc" "ASSEMBLER=arm-none-eabi-as
TRACE::2025-03-14.15:47:37::SCWBDomain::" "ARCHIVER=arm-none-eabi-ar" "COMPILER_FLAGS=  -O2 -c" "EXTRA_COMPILER_FLAGS=-mcpu=cortex-a9 -mfpu=vfpv3 -mfloat-abi=hard -nos
TRACE::2025-03-14.15:47:37::SCWBDomain::tartfiles -g -Wall -Wextra -fno-tree-loop-distribute-patterns"

TRACE::2025-03-14.15:47:37::SCWBDomain::"Running Make include in ps7_cortexa9_0/libsrc/gpiops_v3_13/src"

TRACE::2025-03-14.15:47:37::SCWBDomain::make -C ps7_cortexa9_0/libsrc/gpiops_v3_13/src -s include  "SHELL=CMD" "COMPILER=arm-none-eabi-gcc" "ASSEMBLER=arm-none-eabi-as
TRACE::2025-03-14.15:47:37::SCWBDomain::" "ARCHIVER=arm-none-eabi-ar" "COMPILER_FLAGS=  -O2 -c" "EXTRA_COMPILER_FLAGS=-mcpu=cortex-a9 -mfpu=vfpv3 -mfloat-abi=hard -nos
TRACE::2025-03-14.15:47:37::SCWBDomain::tartfiles -g -Wall -Wextra -fno-tree-loop-distribute-patterns"

TRACE::2025-03-14.15:47:37::SCWBDomain::"Running Make include in ps7_cortexa9_0/libsrc/HC_SR04_v1_0/src"

TRACE::2025-03-14.15:47:37::SCWBDomain::make -C ps7_cortexa9_0/libsrc/HC_SR04_v1_0/src -s include  "SHELL=CMD" "COMPILER=arm-none-eabi-gcc" "ASSEMBLER=arm-none-eabi-as
TRACE::2025-03-14.15:47:37::SCWBDomain::" "ARCHIVER=arm-none-eabi-ar" "COMPILER_FLAGS=  -O2 -c" "EXTRA_COMPILER_FLAGS=-mcpu=cortex-a9 -mfpu=vfpv3 -mfloat-abi=hard -nos
TRACE::2025-03-14.15:47:37::SCWBDomain::tartfiles -g -Wall -Wextra -fno-tree-loop-distribute-patterns"

TRACE::2025-03-14.15:47:37::SCWBDomain::"Running Make include in ps7_cortexa9_0/libsrc/qspips_v3_12/src"

TRACE::2025-03-14.15:47:37::SCWBDomain::make -C ps7_cortexa9_0/libsrc/qspips_v3_12/src -s include  "SHELL=CMD" "COMPILER=arm-none-eabi-gcc" "ASSEMBLER=arm-none-eabi-as
TRACE::2025-03-14.15:47:37::SCWBDomain::" "ARCHIVER=arm-none-eabi-ar" "COMPILER_FLAGS=  -O2 -c" "EXTRA_COMPILER_FLAGS=-mcpu=cortex-a9 -mfpu=vfpv3 -mfloat-abi=hard -nos
TRACE::2025-03-14.15:47:37::SCWBDomain::tartfiles -g -Wall -Wextra -fno-tree-loop-distribute-patterns"

TRACE::2025-03-14.15:47:37::SCWBDomain::"Running Make include in ps7_cortexa9_0/libsrc/scugic_v5_3/src"

TRACE::2025-03-14.15:47:37::SCWBDomain::make -C ps7_cortexa9_0/libsrc/scugic_v5_3/src -s include  "SHELL=CMD" "COMPILER=arm-none-eabi-gcc" "ASSEMBLER=arm-none-eabi-as"
TRACE::2025-03-14.15:47:37::SCWBDomain:: "ARCHIVER=arm-none-eabi-ar" "COMPILER_FLAGS=  -O2 -c" "EXTRA_COMPILER_FLAGS=-mcpu=cortex-a9 -mfpu=vfpv3 -mfloat-abi=hard -nost
TRACE::2025-03-14.15:47:37::SCWBDomain::artfiles -g -Wall -Wextra -fno-tree-loop-distribute-patterns"

TRACE::2025-03-14.15:47:37::SCWBDomain::"Running Make include in ps7_cortexa9_0/libsrc/scutimer_v2_6/src"

TRACE::2025-03-14.15:47:37::SCWBDomain::make -C ps7_cortexa9_0/libsrc/scutimer_v2_6/src -s include  "SHELL=CMD" "COMPILER=arm-none-eabi-gcc" "ASSEMBLER=arm-none-eabi-a
TRACE::2025-03-14.15:47:37::SCWBDomain::s" "ARCHIVER=arm-none-eabi-ar" "COMPILER_FLAGS=  -O2 -c" "EXTRA_COMPILER_FLAGS=-mcpu=cortex-a9 -mfpu=vfpv3 -mfloat-abi=hard -no
TRACE::2025-03-14.15:47:37::SCWBDomain::startfiles -g -Wall -Wextra -fno-tree-loop-distribute-patterns"

TRACE::2025-03-14.15:47:38::SCWBDomain::"Running Make include in ps7_cortexa9_0/libsrc/scuwdt_v2_5/src"

TRACE::2025-03-14.15:47:38::SCWBDomain::make -C ps7_cortexa9_0/libsrc/scuwdt_v2_5/src -s include  "SHELL=CMD" "COMPILER=arm-none-eabi-gcc" "ASSEMBLER=arm-none-eabi-as"
TRACE::2025-03-14.15:47:38::SCWBDomain:: "ARCHIVER=arm-none-eabi-ar" "COMPILER_FLAGS=  -O2 -c" "EXTRA_COMPILER_FLAGS=-mcpu=cortex-a9 -mfpu=vfpv3 -mfloat-abi=hard -nost
TRACE::2025-03-14.15:47:38::SCWBDomain::artfiles -g -Wall -Wextra -fno-tree-loop-distribute-patterns"

TRACE::2025-03-14.15:47:38::SCWBDomain::"Running Make include in ps7_cortexa9_0/libsrc/sdps_v4_3/src"

TRACE::2025-03-14.15:47:38::SCWBDomain::make -C ps7_cortexa9_0/libsrc/sdps_v4_3/src -s include  "SHELL=CMD" "COMPILER=arm-none-eabi-gcc" "ASSEMBLER=arm-none-eabi-as" "
TRACE::2025-03-14.15:47:38::SCWBDomain::ARCHIVER=arm-none-eabi-ar" "COMPILER_FLAGS=  -O2 -c" "EXTRA_COMPILER_FLAGS=-mcpu=cortex-a9 -mfpu=vfpv3 -mfloat-abi=hard -nostar
TRACE::2025-03-14.15:47:38::SCWBDomain::tfiles -g -Wall -Wextra -fno-tree-loop-distribute-patterns"

TRACE::2025-03-14.15:47:38::SCWBDomain::"Running Make include in ps7_cortexa9_0/libsrc/standalone_v9_1/src"

TRACE::2025-03-14.15:47:38::SCWBDomain::make -C ps7_cortexa9_0/libsrc/standalone_v9_1/src -s include  "SHELL=CMD" "COMPILER=arm-none-eabi-gcc" "ASSEMBLER=arm-none-eabi
TRACE::2025-03-14.15:47:38::SCWBDomain::-as" "ARCHIVER=arm-none-eabi-ar" "COMPILER_FLAGS=  -O2 -c" "EXTRA_COMPILER_FLAGS=-mcpu=cortex-a9 -mfpu=vfpv3 -mfloat-abi=hard -
TRACE::2025-03-14.15:47:38::SCWBDomain::nostartfiles -g -Wall -Wextra -fno-tree-loop-distribute-patterns"

TRACE::2025-03-14.15:47:39::SCWBDomain::"Running Make include in ps7_cortexa9_0/libsrc/uartps_v3_14/src"

TRACE::2025-03-14.15:47:39::SCWBDomain::make -C ps7_cortexa9_0/libsrc/uartps_v3_14/src -s include  "SHELL=CMD" "COMPILER=arm-none-eabi-gcc" "ASSEMBLER=arm-none-eabi-as
TRACE::2025-03-14.15:47:39::SCWBDomain::" "ARCHIVER=arm-none-eabi-ar" "COMPILER_FLAGS=  -O2 -c" "EXTRA_COMPILER_FLAGS=-mcpu=cortex-a9 -mfpu=vfpv3 -mfloat-abi=hard -nos
TRACE::2025-03-14.15:47:39::SCWBDomain::tartfiles -g -Wall -Wextra -fno-tree-loop-distribute-patterns"

TRACE::2025-03-14.15:47:39::SCWBDomain::"Running Make include in ps7_cortexa9_0/libsrc/usbps_v2_9/src"

TRACE::2025-03-14.15:47:39::SCWBDomain::make -C ps7_cortexa9_0/libsrc/usbps_v2_9/src -s include  "SHELL=CMD" "COMPILER=arm-none-eabi-gcc" "ASSEMBLER=arm-none-eabi-as" 
TRACE::2025-03-14.15:47:39::SCWBDomain::"ARCHIVER=arm-none-eabi-ar" "COMPILER_FLAGS=  -O2 -c" "EXTRA_COMPILER_FLAGS=-mcpu=cortex-a9 -mfpu=vfpv3 -mfloat-abi=hard -nosta
TRACE::2025-03-14.15:47:39::SCWBDomain::rtfiles -g -Wall -Wextra -fno-tree-loop-distribute-patterns"

TRACE::2025-03-14.15:47:39::SCWBDomain::"Running Make include in ps7_cortexa9_0/libsrc/xadcps_v2_7/src"

TRACE::2025-03-14.15:47:39::SCWBDomain::make -C ps7_cortexa9_0/libsrc/xadcps_v2_7/src -s include  "SHELL=CMD" "COMPILER=arm-none-eabi-gcc" "ASSEMBLER=arm-none-eabi-as"
TRACE::2025-03-14.15:47:39::SCWBDomain:: "ARCHIVER=arm-none-eabi-ar" "COMPILER_FLAGS=  -O2 -c" "EXTRA_COMPILER_FLAGS=-mcpu=cortex-a9 -mfpu=vfpv3 -mfloat-abi=hard -nost
TRACE::2025-03-14.15:47:39::SCWBDomain::artfiles -g -Wall -Wextra -fno-tree-loop-distribute-patterns"

TRACE::2025-03-14.15:47:39::SCWBDomain::"Running Make include in ps7_cortexa9_0/libsrc/xilffs_v5_2/src"

TRACE::2025-03-14.15:47:39::SCWBDomain::make -C ps7_cortexa9_0/libsrc/xilffs_v5_2/src -s include  "SHELL=CMD" "COMPILER=arm-none-eabi-gcc" "ASSEMBLER=arm-none-eabi-as"
TRACE::2025-03-14.15:47:39::SCWBDomain:: "ARCHIVER=arm-none-eabi-ar" "COMPILER_FLAGS=  -O2 -c" "EXTRA_COMPILER_FLAGS=-mcpu=cortex-a9 -mfpu=vfpv3 -mfloat-abi=hard -nost
TRACE::2025-03-14.15:47:39::SCWBDomain::artfiles -g -Wall -Wextra -fno-tree-loop-distribute-patterns"

TRACE::2025-03-14.15:47:39::SCWBDomain::"Running Make include in ps7_cortexa9_0/libsrc/xilrsa_v1_8/src"

TRACE::2025-03-14.15:47:39::SCWBDomain::make -C ps7_cortexa9_0/libsrc/xilrsa_v1_8/src -s include  "SHELL=CMD" "COMPILER=arm-none-eabi-gcc" "ASSEMBLER=arm-none-eabi-as"
TRACE::2025-03-14.15:47:39::SCWBDomain:: "ARCHIVER=arm-none-eabi-ar" "COMPILER_FLAGS=  -O2 -c" "EXTRA_COMPILER_FLAGS=-mcpu=cortex-a9 -mfpu=vfpv3 -mfloat-abi=hard -nost
TRACE::2025-03-14.15:47:39::SCWBDomain::artfiles -g -Wall -Wextra -fno-tree-loop-distribute-patterns"

TRACE::2025-03-14.15:47:39::SCWBDomain::"Running Make libs in ps7_cortexa9_0/libsrc/HC_SR04_v1_0/src"

TRACE::2025-03-14.15:47:39::SCWBDomain::make -C ps7_cortexa9_0/libsrc/HC_SR04_v1_0/src -s libs  "SHELL=CMD" "COMPILER=arm-none-eabi-gcc" "ASSEMBLER=arm-none-eabi-as" "
TRACE::2025-03-14.15:47:39::SCWBDomain::ARCHIVER=arm-none-eabi-ar" "COMPILER_FLAGS=  -O2 -c" "EXTRA_COMPILER_FLAGS=-mcpu=cortex-a9 -mfpu=vfpv3 -mfloat-abi=hard -nostar
TRACE::2025-03-14.15:47:39::SCWBDomain::tfiles -g -Wall -Wextra -fno-tree-loop-distribute-patterns"

TRACE::2025-03-14.15:47:41::SCWBDomain::"Running Make libs in ps7_cortexa9_0/libsrc/xilrsa_v1_8/src"

TRACE::2025-03-14.15:47:41::SCWBDomain::make -C ps7_cortexa9_0/libsrc/xilrsa_v1_8/src -s libs  "SHELL=CMD" "COMPILER=arm-none-eabi-gcc" "ASSEMBLER=arm-none-eabi-as" "A
TRACE::2025-03-14.15:47:41::SCWBDomain::RCHIVER=arm-none-eabi-ar" "COMPILER_FLAGS=  -O2 -c" "EXTRA_COMPILER_FLAGS=-mcpu=cortex-a9 -mfpu=vfpv3 -mfloat-abi=hard -nostart
TRACE::2025-03-14.15:47:41::SCWBDomain::files -g -Wall -Wextra -fno-tree-loop-distribute-patterns"

TRACE::2025-03-14.15:47:41::SCWBDomain::'Finished building libraries sequentially.'

TRACE::2025-03-14.15:47:41::SCWBDomain::make -j 6 --no-print-directory par_libs

TRACE::2025-03-14.15:47:41::SCWBDomain::"Running Make include in ps7_cortexa9_0/libsrc/coresightps_dcc_v1_10/src"

TRACE::2025-03-14.15:47:41::SCWBDomain::make -C ps7_cortexa9_0/libsrc/coresightps_dcc_v1_10/src -s include  "SHELL=CMD" "COMPILER=arm-none-eabi-gcc" "ASSEMBLER=arm-non
TRACE::2025-03-14.15:47:41::SCWBDomain::e-eabi-as" "ARCHIVER=arm-none-eabi-ar" "COMPILER_FLAGS=  -O2 -c" "EXTRA_COMPILER_FLAGS=-mcpu=cortex-a9 -mfpu=vfpv3 -mfloat-abi=
TRACE::2025-03-14.15:47:41::SCWBDomain::hard -nostartfiles -g -Wall -Wextra -fno-tree-loop-distribute-patterns"

TRACE::2025-03-14.15:47:41::SCWBDomain::"Running Make include in ps7_cortexa9_0/libsrc/cpu_cortexa9_v2_12/src"

TRACE::2025-03-14.15:47:41::SCWBDomain::make -C ps7_cortexa9_0/libsrc/cpu_cortexa9_v2_12/src -s include  "SHELL=CMD" "COMPILER=arm-none-eabi-gcc" "ASSEMBLER=arm-none-e
TRACE::2025-03-14.15:47:41::SCWBDomain::abi-as" "ARCHIVER=arm-none-eabi-ar" "COMPILER_FLAGS=  -O2 -c" "EXTRA_COMPILER_FLAGS=-mcpu=cortex-a9 -mfpu=vfpv3 -mfloat-abi=har
TRACE::2025-03-14.15:47:41::SCWBDomain::d -nostartfiles -g -Wall -Wextra -fno-tree-loop-distribute-patterns"

TRACE::2025-03-14.15:47:41::SCWBDomain::"Running Make include in ps7_cortexa9_0/libsrc/ddrps_v1_2/src"

TRACE::2025-03-14.15:47:41::SCWBDomain::make -C ps7_cortexa9_0/libsrc/ddrps_v1_2/src -s include  "SHELL=CMD" "COMPILER=arm-none-eabi-gcc" "ASSEMBLER=arm-none-eabi-as" 
TRACE::2025-03-14.15:47:41::SCWBDomain::"ARCHIVER=arm-none-eabi-ar" "COMPILER_FLAGS=  -O2 -c" "EXTRA_COMPILER_FLAGS=-mcpu=cortex-a9 -mfpu=vfpv3 -mfloat-abi=hard -nosta
TRACE::2025-03-14.15:47:41::SCWBDomain::rtfiles -g -Wall -Wextra -fno-tree-loop-distribute-patterns"

TRACE::2025-03-14.15:47:41::SCWBDomain::"Running Make include in ps7_cortexa9_0/libsrc/devcfg_v3_8/src"

TRACE::2025-03-14.15:47:41::SCWBDomain::make -C ps7_cortexa9_0/libsrc/devcfg_v3_8/src -s include  "SHELL=CMD" "COMPILER=arm-none-eabi-gcc" "ASSEMBLER=arm-none-eabi-as"
TRACE::2025-03-14.15:47:41::SCWBDomain:: "ARCHIVER=arm-none-eabi-ar" "COMPILER_FLAGS=  -O2 -c" "EXTRA_COMPILER_FLAGS=-mcpu=cortex-a9 -mfpu=vfpv3 -mfloat-abi=hard -nost
TRACE::2025-03-14.15:47:41::SCWBDomain::artfiles -g -Wall -Wextra -fno-tree-loop-distribute-patterns"

TRACE::2025-03-14.15:47:41::SCWBDomain::"Running Make include in ps7_cortexa9_0/libsrc/dmaps_v2_10/src"

TRACE::2025-03-14.15:47:41::SCWBDomain::make -C ps7_cortexa9_0/libsrc/dmaps_v2_10/src -s include  "SHELL=CMD" "COMPILER=arm-none-eabi-gcc" "ASSEMBLER=arm-none-eabi-as"
TRACE::2025-03-14.15:47:41::SCWBDomain:: "ARCHIVER=arm-none-eabi-ar" "COMPILER_FLAGS=  -O2 -c" "EXTRA_COMPILER_FLAGS=-mcpu=cortex-a9 -mfpu=vfpv3 -mfloat-abi=hard -nost
TRACE::2025-03-14.15:47:41::SCWBDomain::artfiles -g -Wall -Wextra -fno-tree-loop-distribute-patterns"

TRACE::2025-03-14.15:47:41::SCWBDomain::"Running Make include in ps7_cortexa9_0/libsrc/emacps_v3_20/src"

TRACE::2025-03-14.15:47:41::SCWBDomain::make -C ps7_cortexa9_0/libsrc/emacps_v3_20/src -s include  "SHELL=CMD" "COMPILER=arm-none-eabi-gcc" "ASSEMBLER=arm-none-eabi-as
TRACE::2025-03-14.15:47:41::SCWBDomain::" "ARCHIVER=arm-none-eabi-ar" "COMPILER_FLAGS=  -O2 -c" "EXTRA_COMPILER_FLAGS=-mcpu=cortex-a9 -mfpu=vfpv3 -mfloat-abi=hard -nos
TRACE::2025-03-14.15:47:41::SCWBDomain::tartfiles -g -Wall -Wextra -fno-tree-loop-distribute-patterns"

TRACE::2025-03-14.15:47:41::SCWBDomain::"Running Make include in ps7_cortexa9_0/libsrc/gpiops_v3_13/src"

TRACE::2025-03-14.15:47:41::SCWBDomain::make -C ps7_cortexa9_0/libsrc/gpiops_v3_13/src -s include  "SHELL=CMD" "COMPILER=arm-none-eabi-gcc" "ASSEMBLER=arm-none-eabi-as
TRACE::2025-03-14.15:47:41::SCWBDomain::" "ARCHIVER=arm-none-eabi-ar" "COMPILER_FLAGS=  -O2 -c" "EXTRA_COMPILER_FLAGS=-mcpu=cortex-a9 -mfpu=vfpv3 -mfloat-abi=hard -nos
TRACE::2025-03-14.15:47:41::SCWBDomain::tartfiles -g -Wall -Wextra -fno-tree-loop-distribute-patterns"

TRACE::2025-03-14.15:47:41::SCWBDomain::"Running Make include in ps7_cortexa9_0/libsrc/HC_SR04_v1_0/src"

TRACE::2025-03-14.15:47:41::SCWBDomain::make -C ps7_cortexa9_0/libsrc/HC_SR04_v1_0/src -s include  "SHELL=CMD" "COMPILER=arm-none-eabi-gcc" "ASSEMBLER=arm-none-eabi-as
TRACE::2025-03-14.15:47:41::SCWBDomain::" "ARCHIVER=arm-none-eabi-ar" "COMPILER_FLAGS=  -O2 -c" "EXTRA_COMPILER_FLAGS=-mcpu=cortex-a9 -mfpu=vfpv3 -mfloat-abi=hard -nos
TRACE::2025-03-14.15:47:41::SCWBDomain::tartfiles -g -Wall -Wextra -fno-tree-loop-distribute-patterns"

TRACE::2025-03-14.15:47:41::SCWBDomain::"Running Make include in ps7_cortexa9_0/libsrc/qspips_v3_12/src"

TRACE::2025-03-14.15:47:41::SCWBDomain::make -C ps7_cortexa9_0/libsrc/qspips_v3_12/src -s include  "SHELL=CMD" "COMPILER=arm-none-eabi-gcc" "ASSEMBLER=arm-none-eabi-as
TRACE::2025-03-14.15:47:41::SCWBDomain::" "ARCHIVER=arm-none-eabi-ar" "COMPILER_FLAGS=  -O2 -c" "EXTRA_COMPILER_FLAGS=-mcpu=cortex-a9 -mfpu=vfpv3 -mfloat-abi=hard -nos
TRACE::2025-03-14.15:47:41::SCWBDomain::tartfiles -g -Wall -Wextra -fno-tree-loop-distribute-patterns"

TRACE::2025-03-14.15:47:41::SCWBDomain::"Running Make include in ps7_cortexa9_0/libsrc/scugic_v5_3/src"

TRACE::2025-03-14.15:47:41::SCWBDomain::make -C ps7_cortexa9_0/libsrc/scugic_v5_3/src -s include  "SHELL=CMD" "COMPILER=arm-none-eabi-gcc" "ASSEMBLER=arm-none-eabi-as"
TRACE::2025-03-14.15:47:41::SCWBDomain:: "ARCHIVER=arm-none-eabi-ar" "COMPILER_FLAGS=  -O2 -c" "EXTRA_COMPILER_FLAGS=-mcpu=cortex-a9 -mfpu=vfpv3 -mfloat-abi=hard -nost
TRACE::2025-03-14.15:47:41::SCWBDomain::artfiles -g -Wall -Wextra -fno-tree-loop-distribute-patterns"

TRACE::2025-03-14.15:47:41::SCWBDomain::"Running Make include in ps7_cortexa9_0/libsrc/scutimer_v2_6/src"

TRACE::2025-03-14.15:47:41::SCWBDomain::make -C ps7_cortexa9_0/libsrc/scutimer_v2_6/src -s include  "SHELL=CMD" "COMPILER=arm-none-eabi-gcc" "ASSEMBLER=arm-none-eabi-a
TRACE::2025-03-14.15:47:41::SCWBDomain::s" "ARCHIVER=arm-none-eabi-ar" "COMPILER_FLAGS=  -O2 -c" "EXTRA_COMPILER_FLAGS=-mcpu=cortex-a9 -mfpu=vfpv3 -mfloat-abi=hard -no
TRACE::2025-03-14.15:47:41::SCWBDomain::startfiles -g -Wall -Wextra -fno-tree-loop-distribute-patterns"

TRACE::2025-03-14.15:47:41::SCWBDomain::"Running Make include in ps7_cortexa9_0/libsrc/scuwdt_v2_5/src"

TRACE::2025-03-14.15:47:41::SCWBDomain::make -C ps7_cortexa9_0/libsrc/scuwdt_v2_5/src -s include  "SHELL=CMD" "COMPILER=arm-none-eabi-gcc" "ASSEMBLER=arm-none-eabi-as"
TRACE::2025-03-14.15:47:41::SCWBDomain:: "ARCHIVER=arm-none-eabi-ar" "COMPILER_FLAGS=  -O2 -c" "EXTRA_COMPILER_FLAGS=-mcpu=cortex-a9 -mfpu=vfpv3 -mfloat-abi=hard -nost
TRACE::2025-03-14.15:47:41::SCWBDomain::artfiles -g -Wall -Wextra -fno-tree-loop-distribute-patterns"

TRACE::2025-03-14.15:47:41::SCWBDomain::"Running Make include in ps7_cortexa9_0/libsrc/sdps_v4_3/src"

TRACE::2025-03-14.15:47:41::SCWBDomain::make -C ps7_cortexa9_0/libsrc/sdps_v4_3/src -s include  "SHELL=CMD" "COMPILER=arm-none-eabi-gcc" "ASSEMBLER=arm-none-eabi-as" "
TRACE::2025-03-14.15:47:41::SCWBDomain::ARCHIVER=arm-none-eabi-ar" "COMPILER_FLAGS=  -O2 -c" "EXTRA_COMPILER_FLAGS=-mcpu=cortex-a9 -mfpu=vfpv3 -mfloat-abi=hard -nostar
TRACE::2025-03-14.15:47:41::SCWBDomain::tfiles -g -Wall -Wextra -fno-tree-loop-distribute-patterns"

TRACE::2025-03-14.15:47:41::SCWBDomain::"Running Make include in ps7_cortexa9_0/libsrc/standalone_v9_1/src"

TRACE::2025-03-14.15:47:41::SCWBDomain::make -C ps7_cortexa9_0/libsrc/standalone_v9_1/src -s include  "SHELL=CMD" "COMPILER=arm-none-eabi-gcc" "ASSEMBLER=arm-none-eabi
TRACE::2025-03-14.15:47:41::SCWBDomain::-as" "ARCHIVER=arm-none-eabi-ar" "COMPILER_FLAGS=  -O2 -c" "EXTRA_COMPILER_FLAGS=-mcpu=cortex-a9 -mfpu=vfpv3 -mfloat-abi=hard -
TRACE::2025-03-14.15:47:41::SCWBDomain::nostartfiles -g -Wall -Wextra -fno-tree-loop-distribute-patterns"

TRACE::2025-03-14.15:47:41::SCWBDomain::"Running Make include in ps7_cortexa9_0/libsrc/uartps_v3_14/src"

TRACE::2025-03-14.15:47:41::SCWBDomain::make -C ps7_cortexa9_0/libsrc/uartps_v3_14/src -s include  "SHELL=CMD" "COMPILER=arm-none-eabi-gcc" "ASSEMBLER=arm-none-eabi-as
TRACE::2025-03-14.15:47:41::SCWBDomain::" "ARCHIVER=arm-none-eabi-ar" "COMPILER_FLAGS=  -O2 -c" "EXTRA_COMPILER_FLAGS=-mcpu=cortex-a9 -mfpu=vfpv3 -mfloat-abi=hard -nos
TRACE::2025-03-14.15:47:41::SCWBDomain::tartfiles -g -Wall -Wextra -fno-tree-loop-distribute-patterns"

TRACE::2025-03-14.15:47:41::SCWBDomain::"Running Make include in ps7_cortexa9_0/libsrc/usbps_v2_9/src"

TRACE::2025-03-14.15:47:41::SCWBDomain::make -C ps7_cortexa9_0/libsrc/usbps_v2_9/src -s include  "SHELL=CMD" "COMPILER=arm-none-eabi-gcc" "ASSEMBLER=arm-none-eabi-as" 
TRACE::2025-03-14.15:47:41::SCWBDomain::"ARCHIVER=arm-none-eabi-ar" "COMPILER_FLAGS=  -O2 -c" "EXTRA_COMPILER_FLAGS=-mcpu=cortex-a9 -mfpu=vfpv3 -mfloat-abi=hard -nosta
TRACE::2025-03-14.15:47:41::SCWBDomain::rtfiles -g -Wall -Wextra -fno-tree-loop-distribute-patterns"

TRACE::2025-03-14.15:47:41::SCWBDomain::"Running Make include in ps7_cortexa9_0/libsrc/xadcps_v2_7/src"

TRACE::2025-03-14.15:47:41::SCWBDomain::make -C ps7_cortexa9_0/libsrc/xadcps_v2_7/src -s include  "SHELL=CMD" "COMPILER=arm-none-eabi-gcc" "ASSEMBLER=arm-none-eabi-as"
TRACE::2025-03-14.15:47:41::SCWBDomain:: "ARCHIVER=arm-none-eabi-ar" "COMPILER_FLAGS=  -O2 -c" "EXTRA_COMPILER_FLAGS=-mcpu=cortex-a9 -mfpu=vfpv3 -mfloat-abi=hard -nost
TRACE::2025-03-14.15:47:41::SCWBDomain::artfiles -g -Wall -Wextra -fno-tree-loop-distribute-patterns"

TRACE::2025-03-14.15:47:41::SCWBDomain::"Running Make include in ps7_cortexa9_0/libsrc/xilffs_v5_2/src"

TRACE::2025-03-14.15:47:41::SCWBDomain::make -C ps7_cortexa9_0/libsrc/xilffs_v5_2/src -s include  "SHELL=CMD" "COMPILER=arm-none-eabi-gcc" "ASSEMBLER=arm-none-eabi-as"
TRACE::2025-03-14.15:47:41::SCWBDomain:: "ARCHIVER=arm-none-eabi-ar" "COMPILER_FLAGS=  -O2 -c" "EXTRA_COMPILER_FLAGS=-mcpu=cortex-a9 -mfpu=vfpv3 -mfloat-abi=hard -nost
TRACE::2025-03-14.15:47:41::SCWBDomain::artfiles -g -Wall -Wextra -fno-tree-loop-distribute-patterns"

TRACE::2025-03-14.15:47:41::SCWBDomain::"Running Make include in ps7_cortexa9_0/libsrc/xilrsa_v1_8/src"

TRACE::2025-03-14.15:47:41::SCWBDomain::make -C ps7_cortexa9_0/libsrc/xilrsa_v1_8/src -s include  "SHELL=CMD" "COMPILER=arm-none-eabi-gcc" "ASSEMBLER=arm-none-eabi-as"
TRACE::2025-03-14.15:47:41::SCWBDomain:: "ARCHIVER=arm-none-eabi-ar" "COMPILER_FLAGS=  -O2 -c" "EXTRA_COMPILER_FLAGS=-mcpu=cortex-a9 -mfpu=vfpv3 -mfloat-abi=hard -nost
TRACE::2025-03-14.15:47:41::SCWBDomain::artfiles -g -Wall -Wextra -fno-tree-loop-distribute-patterns"

TRACE::2025-03-14.15:47:41::SCWBDomain::"Running Make libs in ps7_cortexa9_0/libsrc/coresightps_dcc_v1_10/src"

TRACE::2025-03-14.15:47:41::SCWBDomain::make -C ps7_cortexa9_0/libsrc/coresightps_dcc_v1_10/src -s libs  "SHELL=CMD" "COMPILER=arm-none-eabi-gcc" "ASSEMBLER=arm-none-e
TRACE::2025-03-14.15:47:41::SCWBDomain::abi-as" "ARCHIVER=arm-none-eabi-ar" "COMPILER_FLAGS=  -O2 -c" "EXTRA_COMPILER_FLAGS=-mcpu=cortex-a9 -mfpu=vfpv3 -mfloat-abi=har
TRACE::2025-03-14.15:47:41::SCWBDomain::d -nostartfiles -g -Wall -Wextra -fno-tree-loop-distribute-patterns"

TRACE::2025-03-14.15:47:41::SCWBDomain::"Running Make libs in ps7_cortexa9_0/libsrc/cpu_cortexa9_v2_12/src"

TRACE::2025-03-14.15:47:41::SCWBDomain::make -C ps7_cortexa9_0/libsrc/cpu_cortexa9_v2_12/src -s libs  "SHELL=CMD" "COMPILER=arm-none-eabi-gcc" "ASSEMBLER=arm-none-eabi
TRACE::2025-03-14.15:47:41::SCWBDomain::-as" "ARCHIVER=arm-none-eabi-ar" "COMPILER_FLAGS=  -O2 -c" "EXTRA_COMPILER_FLAGS=-mcpu=cortex-a9 -mfpu=vfpv3 -mfloat-abi=hard -
TRACE::2025-03-14.15:47:41::SCWBDomain::nostartfiles -g -Wall -Wextra -fno-tree-loop-distribute-patterns"

TRACE::2025-03-14.15:47:41::SCWBDomain::"Running Make libs in ps7_cortexa9_0/libsrc/ddrps_v1_2/src"

TRACE::2025-03-14.15:47:41::SCWBDomain::make -C ps7_cortexa9_0/libsrc/ddrps_v1_2/src -s libs  "SHELL=CMD" "COMPILER=arm-none-eabi-gcc" "ASSEMBLER=arm-none-eabi-as" "AR
TRACE::2025-03-14.15:47:41::SCWBDomain::CHIVER=arm-none-eabi-ar" "COMPILER_FLAGS=  -O2 -c" "EXTRA_COMPILER_FLAGS=-mcpu=cortex-a9 -mfpu=vfpv3 -mfloat-abi=hard -nostartf
TRACE::2025-03-14.15:47:41::SCWBDomain::iles -g -Wall -Wextra -fno-tree-loop-distribute-patterns"

TRACE::2025-03-14.15:47:41::SCWBDomain::"Running Make libs in ps7_cortexa9_0/libsrc/devcfg_v3_8/src"

TRACE::2025-03-14.15:47:41::SCWBDomain::make -C ps7_cortexa9_0/libsrc/devcfg_v3_8/src -s libs  "SHELL=CMD" "COMPILER=arm-none-eabi-gcc" "ASSEMBLER=arm-none-eabi-as" "A
TRACE::2025-03-14.15:47:41::SCWBDomain::RCHIVER=arm-none-eabi-ar" "COMPILER_FLAGS=  -O2 -c" "EXTRA_COMPILER_FLAGS=-mcpu=cortex-a9 -mfpu=vfpv3 -mfloat-abi=hard -nostart
TRACE::2025-03-14.15:47:41::SCWBDomain::files -g -Wall -Wextra -fno-tree-loop-distribute-patterns"

TRACE::2025-03-14.15:47:41::SCWBDomain::"Running Make libs in ps7_cortexa9_0/libsrc/dmaps_v2_10/src"

TRACE::2025-03-14.15:47:41::SCWBDomain::make -C ps7_cortexa9_0/libsrc/dmaps_v2_10/src -s libs  "SHELL=CMD" "COMPILER=arm-none-eabi-gcc" "ASSEMBLER=arm-none-eabi-as" "A
TRACE::2025-03-14.15:47:41::SCWBDomain::RCHIVER=arm-none-eabi-ar" "COMPILER_FLAGS=  -O2 -c" "EXTRA_COMPILER_FLAGS=-mcpu=cortex-a9 -mfpu=vfpv3 -mfloat-abi=hard -nostart
TRACE::2025-03-14.15:47:41::SCWBDomain::files -g -Wall -Wextra -fno-tree-loop-distribute-patterns"

TRACE::2025-03-14.15:47:41::SCWBDomain::"Running Make libs in ps7_cortexa9_0/libsrc/emacps_v3_20/src"

TRACE::2025-03-14.15:47:41::SCWBDomain::make -C ps7_cortexa9_0/libsrc/emacps_v3_20/src -s libs  "SHELL=CMD" "COMPILER=arm-none-eabi-gcc" "ASSEMBLER=arm-none-eabi-as" "
TRACE::2025-03-14.15:47:41::SCWBDomain::ARCHIVER=arm-none-eabi-ar" "COMPILER_FLAGS=  -O2 -c" "EXTRA_COMPILER_FLAGS=-mcpu=cortex-a9 -mfpu=vfpv3 -mfloat-abi=hard -nostar
TRACE::2025-03-14.15:47:41::SCWBDomain::tfiles -g -Wall -Wextra -fno-tree-loop-distribute-patterns"

TRACE::2025-03-14.15:47:41::SCWBDomain::"Running Make libs in ps7_cortexa9_0/libsrc/gpiops_v3_13/src"

TRACE::2025-03-14.15:47:41::SCWBDomain::make -C ps7_cortexa9_0/libsrc/gpiops_v3_13/src -s libs  "SHELL=CMD" "COMPILER=arm-none-eabi-gcc" "ASSEMBLER=arm-none-eabi-as" "
TRACE::2025-03-14.15:47:41::SCWBDomain::ARCHIVER=arm-none-eabi-ar" "COMPILER_FLAGS=  -O2 -c" "EXTRA_COMPILER_FLAGS=-mcpu=cortex-a9 -mfpu=vfpv3 -mfloat-abi=hard -nostar
TRACE::2025-03-14.15:47:41::SCWBDomain::tfiles -g -Wall -Wextra -fno-tree-loop-distribute-patterns"

TRACE::2025-03-14.15:47:42::SCWBDomain::"Running Make libs in ps7_cortexa9_0/libsrc/qspips_v3_12/src"

TRACE::2025-03-14.15:47:42::SCWBDomain::make -C ps7_cortexa9_0/libsrc/qspips_v3_12/src -s libs  "SHELL=CMD" "COMPILER=arm-none-eabi-gcc" "ASSEMBLER=arm-none-eabi-as" "
TRACE::2025-03-14.15:47:42::SCWBDomain::ARCHIVER=arm-none-eabi-ar" "COMPILER_FLAGS=  -O2 -c" "EXTRA_COMPILER_FLAGS=-mcpu=cortex-a9 -mfpu=vfpv3 -mfloat-abi=hard -nostar
TRACE::2025-03-14.15:47:42::SCWBDomain::tfiles -g -Wall -Wextra -fno-tree-loop-distribute-patterns"

TRACE::2025-03-14.15:47:42::SCWBDomain::"Running Make libs in ps7_cortexa9_0/libsrc/scugic_v5_3/src"

TRACE::2025-03-14.15:47:42::SCWBDomain::make -C ps7_cortexa9_0/libsrc/scugic_v5_3/src -s libs  "SHELL=CMD" "COMPILER=arm-none-eabi-gcc" "ASSEMBLER=arm-none-eabi-as" "A
TRACE::2025-03-14.15:47:42::SCWBDomain::RCHIVER=arm-none-eabi-ar" "COMPILER_FLAGS=  -O2 -c" "EXTRA_COMPILER_FLAGS=-mcpu=cortex-a9 -mfpu=vfpv3 -mfloat-abi=hard -nostart
TRACE::2025-03-14.15:47:42::SCWBDomain::files -g -Wall -Wextra -fno-tree-loop-distribute-patterns"

TRACE::2025-03-14.15:47:43::SCWBDomain::"Running Make libs in ps7_cortexa9_0/libsrc/scutimer_v2_6/src"

TRACE::2025-03-14.15:47:43::SCWBDomain::make -C ps7_cortexa9_0/libsrc/scutimer_v2_6/src -s libs  "SHELL=CMD" "COMPILER=arm-none-eabi-gcc" "ASSEMBLER=arm-none-eabi-as" 
TRACE::2025-03-14.15:47:43::SCWBDomain::"ARCHIVER=arm-none-eabi-ar" "COMPILER_FLAGS=  -O2 -c" "EXTRA_COMPILER_FLAGS=-mcpu=cortex-a9 -mfpu=vfpv3 -mfloat-abi=hard -nosta
TRACE::2025-03-14.15:47:43::SCWBDomain::rtfiles -g -Wall -Wextra -fno-tree-loop-distribute-patterns"

TRACE::2025-03-14.15:47:43::SCWBDomain::"Running Make libs in ps7_cortexa9_0/libsrc/scuwdt_v2_5/src"

TRACE::2025-03-14.15:47:43::SCWBDomain::make -C ps7_cortexa9_0/libsrc/scuwdt_v2_5/src -s libs  "SHELL=CMD" "COMPILER=arm-none-eabi-gcc" "ASSEMBLER=arm-none-eabi-as" "A
TRACE::2025-03-14.15:47:43::SCWBDomain::RCHIVER=arm-none-eabi-ar" "COMPILER_FLAGS=  -O2 -c" "EXTRA_COMPILER_FLAGS=-mcpu=cortex-a9 -mfpu=vfpv3 -mfloat-abi=hard -nostart
TRACE::2025-03-14.15:47:43::SCWBDomain::files -g -Wall -Wextra -fno-tree-loop-distribute-patterns"

TRACE::2025-03-14.15:47:43::SCWBDomain::"Running Make libs in ps7_cortexa9_0/libsrc/sdps_v4_3/src"

TRACE::2025-03-14.15:47:43::SCWBDomain::make -C ps7_cortexa9_0/libsrc/sdps_v4_3/src -s libs  "SHELL=CMD" "COMPILER=arm-none-eabi-gcc" "ASSEMBLER=arm-none-eabi-as" "ARC
TRACE::2025-03-14.15:47:43::SCWBDomain::HIVER=arm-none-eabi-ar" "COMPILER_FLAGS=  -O2 -c" "EXTRA_COMPILER_FLAGS=-mcpu=cortex-a9 -mfpu=vfpv3 -mfloat-abi=hard -nostartfi
TRACE::2025-03-14.15:47:43::SCWBDomain::les -g -Wall -Wextra -fno-tree-loop-distribute-patterns"

TRACE::2025-03-14.15:47:43::SCWBDomain::"Running Make libs in ps7_cortexa9_0/libsrc/standalone_v9_1/src"

TRACE::2025-03-14.15:47:43::SCWBDomain::make -C ps7_cortexa9_0/libsrc/standalone_v9_1/src -s libs  "SHELL=CMD" "COMPILER=arm-none-eabi-gcc" "ASSEMBLER=arm-none-eabi-as
TRACE::2025-03-14.15:47:43::SCWBDomain::" "ARCHIVER=arm-none-eabi-ar" "COMPILER_FLAGS=  -O2 -c" "EXTRA_COMPILER_FLAGS=-mcpu=cortex-a9 -mfpu=vfpv3 -mfloat-abi=hard -nos
TRACE::2025-03-14.15:47:43::SCWBDomain::tartfiles -g -Wall -Wextra -fno-tree-loop-distribute-patterns"

TRACE::2025-03-14.15:47:43::SCWBDomain::"Running Make libs in ps7_cortexa9_0/libsrc/uartps_v3_14/src"

TRACE::2025-03-14.15:47:43::SCWBDomain::make -C ps7_cortexa9_0/libsrc/uartps_v3_14/src -s libs  "SHELL=CMD" "COMPILER=arm-none-eabi-gcc" "ASSEMBLER=arm-none-eabi-as" "
TRACE::2025-03-14.15:47:43::SCWBDomain::ARCHIVER=arm-none-eabi-ar" "COMPILER_FLAGS=  -O2 -c" "EXTRA_COMPILER_FLAGS=-mcpu=cortex-a9 -mfpu=vfpv3 -mfloat-abi=hard -nostar
TRACE::2025-03-14.15:47:43::SCWBDomain::tfiles -g -Wall -Wextra -fno-tree-loop-distribute-patterns"

TRACE::2025-03-14.15:47:43::SCWBDomain::"Running Make libs in ps7_cortexa9_0/libsrc/usbps_v2_9/src"

TRACE::2025-03-14.15:47:43::SCWBDomain::make -C ps7_cortexa9_0/libsrc/usbps_v2_9/src -s libs  "SHELL=CMD" "COMPILER=arm-none-eabi-gcc" "ASSEMBLER=arm-none-eabi-as" "AR
TRACE::2025-03-14.15:47:43::SCWBDomain::CHIVER=arm-none-eabi-ar" "COMPILER_FLAGS=  -O2 -c" "EXTRA_COMPILER_FLAGS=-mcpu=cortex-a9 -mfpu=vfpv3 -mfloat-abi=hard -nostartf
TRACE::2025-03-14.15:47:43::SCWBDomain::iles -g -Wall -Wextra -fno-tree-loop-distribute-patterns"

TRACE::2025-03-14.15:47:44::SCWBDomain::"Running Make libs in ps7_cortexa9_0/libsrc/xadcps_v2_7/src"

TRACE::2025-03-14.15:47:44::SCWBDomain::make -C ps7_cortexa9_0/libsrc/xadcps_v2_7/src -s libs  "SHELL=CMD" "COMPILER=arm-none-eabi-gcc" "ASSEMBLER=arm-none-eabi-as" "A
TRACE::2025-03-14.15:47:44::SCWBDomain::RCHIVER=arm-none-eabi-ar" "COMPILER_FLAGS=  -O2 -c" "EXTRA_COMPILER_FLAGS=-mcpu=cortex-a9 -mfpu=vfpv3 -mfloat-abi=hard -nostart
TRACE::2025-03-14.15:47:44::SCWBDomain::files -g -Wall -Wextra -fno-tree-loop-distribute-patterns"

TRACE::2025-03-14.15:47:44::SCWBDomain::"Running Make libs in ps7_cortexa9_0/libsrc/xilffs_v5_2/src"

TRACE::2025-03-14.15:47:44::SCWBDomain::make -C ps7_cortexa9_0/libsrc/xilffs_v5_2/src -s libs  "SHELL=CMD" "COMPILER=arm-none-eabi-gcc" "ASSEMBLER=arm-none-eabi-as" "A
TRACE::2025-03-14.15:47:44::SCWBDomain::RCHIVER=arm-none-eabi-ar" "COMPILER_FLAGS=  -O2 -c" "EXTRA_COMPILER_FLAGS=-mcpu=cortex-a9 -mfpu=vfpv3 -mfloat-abi=hard -nostart
TRACE::2025-03-14.15:47:44::SCWBDomain::files -g -Wall -Wextra -fno-tree-loop-distribute-patterns"

TRACE::2025-03-14.15:47:46::SCWBDomain::'Finished building libraries parallelly.'

TRACE::2025-03-14.15:47:46::SCWBDomain::make --no-print-directory archive

TRACE::2025-03-14.15:47:47::SCWBDomain::arm-none-eabi-ar -r  ps7_cortexa9_0/lib/libxil.a ps7_cortexa9_0/lib/HC_SR04.o ps7_cortexa9_0/lib/HC_SR04_selftest.o ps7_cortexa
TRACE::2025-03-14.15:47:47::SCWBDomain::9_0/lib/_exit.o ps7_cortexa9_0/lib/_open.o ps7_cortexa9_0/lib/_sbrk.o ps7_cortexa9_0/lib/abort.o ps7_cortexa9_0/lib/asm_vectors
TRACE::2025-03-14.15:47:47::SCWBDomain::.o ps7_cortexa9_0/lib/boot.o ps7_cortexa9_0/lib/close.o ps7_cortexa9_0/lib/cpputest_time.o ps7_cortexa9_0/lib/cpu_init.o ps7_co
TRACE::2025-03-14.15:47:47::SCWBDomain::rtexa9_0/lib/errno.o ps7_cortexa9_0/lib/fcntl.o ps7_cortexa9_0/lib/fstat.o ps7_cortexa9_0/lib/getentropy.o ps7_cortexa9_0/lib/g
TRACE::2025-03-14.15:47:47::SCWBDomain::etpid.o ps7_cortexa9_0/lib/inbyte.o ps7_cortexa9_0/lib/isatty.o ps7_cortexa9_0/lib/kill.o ps7_cortexa9_0/lib/lseek.o ps7_cortex
TRACE::2025-03-14.15:47:47::SCWBDomain::a9_0/lib/open.o ps7_cortexa9_0/lib/outbyte.o ps7_cortexa9_0/lib/print.o ps7_cortexa9_0/lib/putnum.o ps7_cortexa9_0/lib/read.o p
TRACE::2025-03-14.15:47:47::SCWBDomain::s7_cortexa9_0/lib/sbrk.o ps7_cortexa9_0/lib/sleep.o ps7_cortexa9_0/lib/time.o ps7_cortexa9_0/lib/translation_table.o ps7_cortex
TRACE::2025-03-14.15:47:47::SCWBDomain::a9_0/lib/unlink.o ps7_cortexa9_0/lib/usleep.o ps7_cortexa9_0/lib/vectors.o ps7_cortexa9_0/lib/write.o ps7_cortexa9_0/lib/xadcps
TRACE::2025-03-14.15:47:47::SCWBDomain::.o ps7_cortexa9_0/lib/xadcps_g.o ps7_cortexa9_0/lib/xadcps_intr.o ps7_cortexa9_0/lib/xadcps_selftest.o ps7_cortexa9_0/lib/xadcp
TRACE::2025-03-14.15:47:47::SCWBDomain::s_sinit.o ps7_cortexa9_0/lib/xcoresightpsdcc.o ps7_cortexa9_0/lib/xdevcfg.o ps7_cortexa9_0/lib/xdevcfg_g.o ps7_cortexa9_0/lib/x
TRACE::2025-03-14.15:47:47::SCWBDomain::devcfg_hw.o ps7_cortexa9_0/lib/xdevcfg_intr.o ps7_cortexa9_0/lib/xdevcfg_selftest.o ps7_cortexa9_0/lib/xdevcfg_sinit.o ps7_cort
TRACE::2025-03-14.15:47:47::SCWBDomain::exa9_0/lib/xdmaps.o ps7_cortexa9_0/lib/xdmaps_g.o ps7_cortexa9_0/lib/xdmaps_hw.o ps7_cortexa9_0/lib/xdmaps_selftest.o ps7_corte
TRACE::2025-03-14.15:47:47::SCWBDomain::xa9_0/lib/xdmaps_sinit.o ps7_cortexa9_0/lib/xemacps.o ps7_cortexa9_0/lib/xemacps_bdring.o ps7_cortexa9_0/lib/xemacps_control.o 
TRACE::2025-03-14.15:47:47::SCWBDomain::ps7_cortexa9_0/lib/xemacps_g.o ps7_cortexa9_0/lib/xemacps_hw.o ps7_cortexa9_0/lib/xemacps_intr.o ps7_cortexa9_0/lib/xemacps_sin
TRACE::2025-03-14.15:47:47::SCWBDomain::it.o ps7_cortexa9_0/lib/xgpiops.o ps7_cortexa9_0/lib/xgpiops_g.o ps7_cortexa9_0/lib/xgpiops_hw.o ps7_cortexa9_0/lib/xgpiops_int
TRACE::2025-03-14.15:47:47::SCWBDomain::r.o ps7_cortexa9_0/lib/xgpiops_selftest.o ps7_cortexa9_0/lib/xgpiops_sinit.o ps7_cortexa9_0/lib/xil-crt0.o ps7_cortexa9_0/lib/x
TRACE::2025-03-14.15:47:47::SCWBDomain::il_assert.o ps7_cortexa9_0/lib/xil_cache.o ps7_cortexa9_0/lib/xil_clocking.o ps7_cortexa9_0/lib/xil_exception.o ps7_cortexa9_0/
TRACE::2025-03-14.15:47:47::SCWBDomain::lib/xil_mem.o ps7_cortexa9_0/lib/xil_misc_psreset_api.o ps7_cortexa9_0/lib/xil_mmu.o ps7_cortexa9_0/lib/xil_printf.o ps7_cortex
TRACE::2025-03-14.15:47:47::SCWBDomain::a9_0/lib/xil_sleepcommon.o ps7_cortexa9_0/lib/xil_sleeptimer.o ps7_cortexa9_0/lib/xil_spinlock.o ps7_cortexa9_0/lib/xil_testcac
TRACE::2025-03-14.15:47:47::SCWBDomain::he.o ps7_cortexa9_0/lib/xil_testio.o ps7_cortexa9_0/lib/xil_testmem.o ps7_cortexa9_0/lib/xil_util.o ps7_cortexa9_0/lib/xinterru
TRACE::2025-03-14.15:47:47::SCWBDomain::pt_wrap.o ps7_cortexa9_0/lib/xl2cc_counter.o ps7_cortexa9_0/lib/xplatform_info.o ps7_cortexa9_0/lib/xpm_counter.o ps7_cortexa9_
TRACE::2025-03-14.15:47:47::SCWBDomain::0/lib/xpm_init.o ps7_cortexa9_0/lib/xqspips.o ps7_cortexa9_0/lib/xqspips_g.o ps7_cortexa9_0/lib/xqspips_hw.o ps7_cortexa9_0/lib
TRACE::2025-03-14.15:47:47::SCWBDomain::/xqspips_options.o ps7_cortexa9_0/lib/xqspips_selftest.o ps7_cortexa9_0/lib/xqspips_sinit.o ps7_cortexa9_0/lib/xscugic.o ps7_co
TRACE::2025-03-14.15:47:47::SCWBDomain::rtexa9_0/lib/xscugic_g.o ps7_cortexa9_0/lib/xscugic_hw.o ps7_cortexa9_0/lib/xscugic_intr.o ps7_cortexa9_0/lib/xscugic_selftest.
TRACE::2025-03-14.15:47:47::SCWBDomain::o ps7_cortexa9_0/lib/xscugic_sinit.o ps7_cortexa9_0/lib/xscutimer.o ps7_cortexa9_0/lib/xscutimer_g.o ps7_cortexa9_0/lib/xscutim
TRACE::2025-03-14.15:47:47::SCWBDomain::er_selftest.o ps7_cortexa9_0/lib/xscutimer_sinit.o ps7_cortexa9_0/lib/xscuwdt.o ps7_cortexa9_0/lib/xscuwdt_g.o ps7_cortexa9_0/l
TRACE::2025-03-14.15:47:47::SCWBDomain::ib/xscuwdt_selftest.o ps7_cortexa9_0/lib/xscuwdt_sinit.o ps7_cortexa9_0/lib/xsdps.o ps7_cortexa9_0/lib/xsdps_card.o ps7_cortexa
TRACE::2025-03-14.15:47:47::SCWBDomain::9_0/lib/xsdps_g.o ps7_cortexa9_0/lib/xsdps_host.o ps7_cortexa9_0/lib/xsdps_options.o ps7_cortexa9_0/lib/xsdps_sinit.o ps7_corte
TRACE::2025-03-14.15:47:47::SCWBDomain::xa9_0/lib/xtime_l.o ps7_cortexa9_0/lib/xuartps.o ps7_cortexa9_0/lib/xuartps_g.o ps7_cortexa9_0/lib/xuartps_hw.o ps7_cortexa9_0/
TRACE::2025-03-14.15:47:47::SCWBDomain::lib/xuartps_intr.o ps7_cortexa9_0/lib/xuartps_options.o ps7_cortexa9_0/lib/xuartps_selftest.o ps7_cortexa9_0/lib/xuartps_sinit.
TRACE::2025-03-14.15:47:47::SCWBDomain::o ps7_cortexa9_0/lib/xusbps.o ps7_cortexa9_0/lib/xusbps_endpoint.o ps7_cortexa9_0/lib/xusbps_g.o ps7_cortexa9_0/lib/xusbps_hw.o
TRACE::2025-03-14.15:47:47::SCWBDomain:: ps7_cortexa9_0/lib/xusbps_intr.o ps7_cortexa9_0/lib/xusbps_sinit.o

TRACE::2025-03-14.15:47:47::SCWBDomain::'Finished building libraries'

TRACE::2025-03-14.15:47:47::SCWBDomain::make: Leaving directory 'C:/PXL/devWorks/devWorks2/CAR/HC_SR04/Vitis/HC_SR04/zynq_fsbl/zynq_fsbl_bsp'

TRACE::2025-03-14.15:47:47::SCWBDomain::arm-none-eabi-gcc  -O2 -c -MMD -MP       -mcpu=cortex-a9 -mfpu=vfpv3 -mfloat-abi=hard  -c sd.c -o sd.o -Izynq_fsbl_bsp/ps7_cort
TRACE::2025-03-14.15:47:47::SCWBDomain::exa9_0/include -I.

TRACE::2025-03-14.15:47:47::SCWBDomain::arm-none-eabi-gcc  -O2 -c -MMD -MP       -mcpu=cortex-a9 -mfpu=vfpv3 -mfloat-abi=hard  -c nand.c -o nand.o -Izynq_fsbl_bsp/ps7_
TRACE::2025-03-14.15:47:47::SCWBDomain::cortexa9_0/include -I.

TRACE::2025-03-14.15:47:47::SCWBDomain::arm-none-eabi-gcc  -O2 -c -MMD -MP       -mcpu=cortex-a9 -mfpu=vfpv3 -mfloat-abi=hard  -c nor.c -o nor.o -Izynq_fsbl_bsp/ps7_co
TRACE::2025-03-14.15:47:47::SCWBDomain::rtexa9_0/include -I.

TRACE::2025-03-14.15:47:47::SCWBDomain::arm-none-eabi-gcc  -O2 -c -MMD -MP       -mcpu=cortex-a9 -mfpu=vfpv3 -mfloat-abi=hard  -c image_mover.c -o image_mover.o -Izynq
TRACE::2025-03-14.15:47:47::SCWBDomain::_fsbl_bsp/ps7_cortexa9_0/include -I.

TRACE::2025-03-14.15:47:47::SCWBDomain::arm-none-eabi-gcc  -O2 -c -MMD -MP       -mcpu=cortex-a9 -mfpu=vfpv3 -mfloat-abi=hard  -c md5.c -o md5.o -Izynq_fsbl_bsp/ps7_co
TRACE::2025-03-14.15:47:47::SCWBDomain::rtexa9_0/include -I.

TRACE::2025-03-14.15:47:48::SCWBDomain::arm-none-eabi-gcc  -O2 -c -MMD -MP       -mcpu=cortex-a9 -mfpu=vfpv3 -mfloat-abi=hard  -c fsbl_hooks.c -o fsbl_hooks.o -Izynq_f
TRACE::2025-03-14.15:47:48::SCWBDomain::sbl_bsp/ps7_cortexa9_0/include -I.

TRACE::2025-03-14.15:47:48::SCWBDomain::arm-none-eabi-gcc  -O2 -c -MMD -MP       -mcpu=cortex-a9 -mfpu=vfpv3 -mfloat-abi=hard  -c main.c -o main.o -Izynq_fsbl_bsp/ps7_
TRACE::2025-03-14.15:47:48::SCWBDomain::cortexa9_0/include -I.

TRACE::2025-03-14.15:47:48::SCWBDomain::arm-none-eabi-gcc  -O2 -c -MMD -MP       -mcpu=cortex-a9 -mfpu=vfpv3 -mfloat-abi=hard  -c rsa.c -o rsa.o -Izynq_fsbl_bsp/ps7_co
TRACE::2025-03-14.15:47:48::SCWBDomain::rtexa9_0/include -I.

TRACE::2025-03-14.15:47:48::SCWBDomain::arm-none-eabi-gcc  -O2 -c -MMD -MP       -mcpu=cortex-a9 -mfpu=vfpv3 -mfloat-abi=hard  -c qspi.c -o qspi.o -Izynq_fsbl_bsp/ps7_
TRACE::2025-03-14.15:47:48::SCWBDomain::cortexa9_0/include -I.

TRACE::2025-03-14.15:47:48::SCWBDomain::arm-none-eabi-gcc  -O2 -c -MMD -MP       -mcpu=cortex-a9 -mfpu=vfpv3 -mfloat-abi=hard  -c ps7_init.c -o ps7_init.o -Izynq_fsbl_
TRACE::2025-03-14.15:47:48::SCWBDomain::bsp/ps7_cortexa9_0/include -I.

TRACE::2025-03-14.15:47:48::SCWBDomain::arm-none-eabi-gcc  -O2 -c -MMD -MP       -mcpu=cortex-a9 -mfpu=vfpv3 -mfloat-abi=hard  -c pcap.c -o pcap.o -Izynq_fsbl_bsp/ps7_
TRACE::2025-03-14.15:47:48::SCWBDomain::cortexa9_0/include -I.

TRACE::2025-03-14.15:47:49::SCWBDomain::arm-none-eabi-gcc  -O2 -c -MMD -MP       -mcpu=cortex-a9 -mfpu=vfpv3 -mfloat-abi=hard  -c fsbl_handoff.S -o fsbl_handoff.o -Izy
TRACE::2025-03-14.15:47:49::SCWBDomain::nq_fsbl_bsp/ps7_cortexa9_0/include -I.

TRACE::2025-03-14.15:47:49::SCWBDomain::arm-none-eabi-gcc -o fsbl.elf fsbl_handoff.o fsbl_hooks.o image_mover.o main.o md5.o nand.o nor.o pcap.o ps7_init.o qspi.o rsa.
TRACE::2025-03-14.15:47:49::SCWBDomain::o sd.o -MMD -MP       -mcpu=cortex-a9 -mfpu=vfpv3 -mfloat-abi=hard   -mcpu=cortex-a9 -mfpu=vfpv3 -mfloat-abi=hard -Wl,-build-id
TRACE::2025-03-14.15:47:49::SCWBDomain::=none -specs=Xilinx.spec  -lrsa -Wl,--start-group,-lxil,-lgcc,-lc,--end-group -Wl,--start-group,-lxilffs,-lxil,-lgcc,-lc,--end-
TRACE::2025-03-14.15:47:49::SCWBDomain::group -Wl,--start-group,-lrsa,-lxil,-lgcc,-lc,--end-group                                     -Wl,--gc-sections -Lzynq_fsbl_bsp
TRACE::2025-03-14.15:47:49::SCWBDomain::/ps7_cortexa9_0/lib -L./ -Tlscript.ld

LOG::2025-03-14.15:47:49::SCWSystem::Checking the domain standalone_ps7_cortexa9_0
LOG::2025-03-14.15:47:49::SCWSystem::Not a boot domain 
LOG::2025-03-14.15:47:49::SCWSystem::Started Processing the domain standalone_ps7_cortexa9_0
TRACE::2025-03-14.15:47:49::SCWDomain::Generating domain artifcats
TRACE::2025-03-14.15:47:49::SCWMssOS::Generating standalone artifcats
TRACE::2025-03-14.15:47:49::SCWMssOS::Copying the qemu file from  C:/PXL/devWorks/devWorks2/CAR/HC_SR04/Vitis/HC_SR04/resources/HC_SR04/standalone_ps7_cortexa9_0/qemu_args.txt To C:/PXL/devWorks/devWorks2/CAR/HC_SR04/Vitis/HC_SR04/export/HC_SR04/sw/HC_SR04/qemu/
TRACE::2025-03-14.15:47:49::SCWMssOS::Copying the qemu file from  C:/PXL/devWorks/devWorks2/CAR/HC_SR04/Vitis/HC_SR04/resources/HC_SR04/standalone_ps7_cortexa9_0/qemu_args.txt To C:/PXL/devWorks/devWorks2/CAR/HC_SR04/Vitis/HC_SR04/export/HC_SR04/sw/HC_SR04/standalone_ps7_cortexa9_0/qemu/
TRACE::2025-03-14.15:47:49::SCWMssOS:: Copying the user libraries. 
TRACE::2025-03-14.15:47:49::SCWPlatform::Trying to open the hw design at C:/PXL/devWorks/devWorks2/CAR/HC_SR04/Vitis/HC_SR04/hw/HC_SR04.xsa
TRACE::2025-03-14.15:47:49::SCWPlatform::DSA given C:/PXL/devWorks/devWorks2/CAR/HC_SR04/Vitis/HC_SR04/hw/HC_SR04.xsa
TRACE::2025-03-14.15:47:49::SCWPlatform::DSA absoulate path C:/PXL/devWorks/devWorks2/CAR/HC_SR04/Vitis/HC_SR04/hw/HC_SR04.xsa
TRACE::2025-03-14.15:47:49::SCWPlatform::DSA directory C:/PXL/devWorks/devWorks2/CAR/HC_SR04/Vitis/HC_SR04/hw
TRACE::2025-03-14.15:47:49::SCWPlatform:: Platform Path C:/PXL/devWorks/devWorks2/CAR/HC_SR04/Vitis/HC_SR04/hw/HC_SR04.xsa
TRACE::2025-03-14.15:47:49::SCWPlatform:: Unique name xilinx:pynq-z2::0.0
TRACE::2025-03-14.15:47:49::SCWPlatform::Trying to set the existing hwdb with name design_1_wrapper_0
TRACE::2025-03-14.15:47:49::SCWPlatform::Opened existing hwdb design_1_wrapper_0
TRACE::2025-03-14.15:47:49::SCWPlatform::Found the Hw Db part of the input DSA
TRACE::2025-03-14.15:47:49::SCWMssOS::Checking the sw design at  C:/PXL/devWorks/devWorks2/CAR/HC_SR04/Vitis/HC_SR04/ps7_cortexa9_0/standalone_ps7_cortexa9_0/bsp/system.mss
TRACE::2025-03-14.15:47:49::SCWMssOS::DEBUG:  swdes dump  C:/PXL/devWorks/devWorks2/CAR/HC_SR04/Vitis/HC_SR04/ps7_cortexa9_0/standalone_ps7_cortexa9_0/bsp/system.mss|system_0||
C:/PXL/devWorks/devWorks2/CAR/HC_SR04/Vitis/HC_SR04/zynq_fsbl/zynq_fsbl_bsp/system.mss|system||

TRACE::2025-03-14.15:47:49::SCWMssOS::Sw design exists and opened at  C:/PXL/devWorks/devWorks2/CAR/HC_SR04/Vitis/HC_SR04/ps7_cortexa9_0/standalone_ps7_cortexa9_0/bsp/system.mss
TRACE::2025-03-14.15:47:49::SCWMssOS::Completed writing the mss file at C:/PXL/devWorks/devWorks2/CAR/HC_SR04/Vitis/HC_SR04/ps7_cortexa9_0/standalone_ps7_cortexa9_0/bsp
TRACE::2025-03-14.15:47:49::SCWMssOS::Mss edits present, copying mssfile into export location C:/PXL/devWorks/devWorks2/CAR/HC_SR04/Vitis/HC_SR04/ps7_cortexa9_0/standalone_ps7_cortexa9_0/bsp/system.mss
TRACE::2025-03-14.15:47:49::SCWMssOS::bsp generated is upto date with the mss file. Skipping bsp generation.
TRACE::2025-03-14.15:47:49::SCWMssOS::BSP is already built. skipping the bsp build ... 
TRACE::2025-03-14.15:47:49::SCWDomain::Building the domain as part of full build :  standalone_ps7_cortexa9_0
TRACE::2025-03-14.15:47:49::SCWMssOS::doing bsp build ... 
TRACE::2025-03-14.15:47:49::SCWMssOS::System Command Ran  C: & cd  C:/PXL/devWorks/devWorks2/CAR/HC_SR04/Vitis/HC_SR04/ps7_cortexa9_0/standalone_ps7_cortexa9_0/bsp & make 
TRACE::2025-03-14.15:47:49::SCWMssOS::make --no-print-directory seq_libs

TRACE::2025-03-14.15:47:49::SCWMssOS::"Running Make include in ps7_cortexa9_0/libsrc/coresightps_dcc_v1_10/src"

TRACE::2025-03-14.15:47:49::SCWMssOS::make -C ps7_cortexa9_0/libsrc/coresightps_dcc_v1_10/src -s include  "SHELL=CMD" "COMPILER=arm-none-eabi-gcc" "ASSEMBLER=arm-non
TRACE::2025-03-14.15:47:49::SCWMssOS::e-eabi-as" "ARCHIVER=arm-none-eabi-ar" "COMPILER_FLAGS=  -O2 -c" "EXTRA_COMPILER_FLAGS=-mcpu=cortex-a9 -mfpu=vfpv3 -mfloat-abi=
TRACE::2025-03-14.15:47:49::SCWMssOS::hard -nostartfiles -g -Wall -Wextra -fno-tree-loop-distribute-patterns"

TRACE::2025-03-14.15:47:49::SCWMssOS::"Running Make include in ps7_cortexa9_0/libsrc/cpu_cortexa9_v2_12/src"

TRACE::2025-03-14.15:47:49::SCWMssOS::make -C ps7_cortexa9_0/libsrc/cpu_cortexa9_v2_12/src -s include  "SHELL=CMD" "COMPILER=arm-none-eabi-gcc" "ASSEMBLER=arm-none-e
TRACE::2025-03-14.15:47:49::SCWMssOS::abi-as" "ARCHIVER=arm-none-eabi-ar" "COMPILER_FLAGS=  -O2 -c" "EXTRA_COMPILER_FLAGS=-mcpu=cortex-a9 -mfpu=vfpv3 -mfloat-abi=har
TRACE::2025-03-14.15:47:49::SCWMssOS::d -nostartfiles -g -Wall -Wextra -fno-tree-loop-distribute-patterns"

TRACE::2025-03-14.15:47:49::SCWMssOS::"Running Make include in ps7_cortexa9_0/libsrc/ddrps_v1_2/src"

TRACE::2025-03-14.15:47:49::SCWMssOS::make -C ps7_cortexa9_0/libsrc/ddrps_v1_2/src -s include  "SHELL=CMD" "COMPILER=arm-none-eabi-gcc" "ASSEMBLER=arm-none-eabi-as" 
TRACE::2025-03-14.15:47:49::SCWMssOS::"ARCHIVER=arm-none-eabi-ar" "COMPILER_FLAGS=  -O2 -c" "EXTRA_COMPILER_FLAGS=-mcpu=cortex-a9 -mfpu=vfpv3 -mfloat-abi=hard -nosta
TRACE::2025-03-14.15:47:49::SCWMssOS::rtfiles -g -Wall -Wextra -fno-tree-loop-distribute-patterns"

TRACE::2025-03-14.15:47:49::SCWMssOS::"Running Make include in ps7_cortexa9_0/libsrc/devcfg_v3_8/src"

TRACE::2025-03-14.15:47:49::SCWMssOS::make -C ps7_cortexa9_0/libsrc/devcfg_v3_8/src -s include  "SHELL=CMD" "COMPILER=arm-none-eabi-gcc" "ASSEMBLER=arm-none-eabi-as"
TRACE::2025-03-14.15:47:49::SCWMssOS:: "ARCHIVER=arm-none-eabi-ar" "COMPILER_FLAGS=  -O2 -c" "EXTRA_COMPILER_FLAGS=-mcpu=cortex-a9 -mfpu=vfpv3 -mfloat-abi=hard -nost
TRACE::2025-03-14.15:47:49::SCWMssOS::artfiles -g -Wall -Wextra -fno-tree-loop-distribute-patterns"

TRACE::2025-03-14.15:47:50::SCWMssOS::"Running Make include in ps7_cortexa9_0/libsrc/dmaps_v2_10/src"

TRACE::2025-03-14.15:47:50::SCWMssOS::make -C ps7_cortexa9_0/libsrc/dmaps_v2_10/src -s include  "SHELL=CMD" "COMPILER=arm-none-eabi-gcc" "ASSEMBLER=arm-none-eabi-as"
TRACE::2025-03-14.15:47:50::SCWMssOS:: "ARCHIVER=arm-none-eabi-ar" "COMPILER_FLAGS=  -O2 -c" "EXTRA_COMPILER_FLAGS=-mcpu=cortex-a9 -mfpu=vfpv3 -mfloat-abi=hard -nost
TRACE::2025-03-14.15:47:50::SCWMssOS::artfiles -g -Wall -Wextra -fno-tree-loop-distribute-patterns"

TRACE::2025-03-14.15:47:50::SCWMssOS::"Running Make include in ps7_cortexa9_0/libsrc/emacps_v3_20/src"

TRACE::2025-03-14.15:47:50::SCWMssOS::make -C ps7_cortexa9_0/libsrc/emacps_v3_20/src -s include  "SHELL=CMD" "COMPILER=arm-none-eabi-gcc" "ASSEMBLER=arm-none-eabi-as
TRACE::2025-03-14.15:47:50::SCWMssOS::" "ARCHIVER=arm-none-eabi-ar" "COMPILER_FLAGS=  -O2 -c" "EXTRA_COMPILER_FLAGS=-mcpu=cortex-a9 -mfpu=vfpv3 -mfloat-abi=hard -nos
TRACE::2025-03-14.15:47:50::SCWMssOS::tartfiles -g -Wall -Wextra -fno-tree-loop-distribute-patterns"

TRACE::2025-03-14.15:47:50::SCWMssOS::"Running Make include in ps7_cortexa9_0/libsrc/gpiops_v3_13/src"

TRACE::2025-03-14.15:47:50::SCWMssOS::make -C ps7_cortexa9_0/libsrc/gpiops_v3_13/src -s include  "SHELL=CMD" "COMPILER=arm-none-eabi-gcc" "ASSEMBLER=arm-none-eabi-as
TRACE::2025-03-14.15:47:50::SCWMssOS::" "ARCHIVER=arm-none-eabi-ar" "COMPILER_FLAGS=  -O2 -c" "EXTRA_COMPILER_FLAGS=-mcpu=cortex-a9 -mfpu=vfpv3 -mfloat-abi=hard -nos
TRACE::2025-03-14.15:47:50::SCWMssOS::tartfiles -g -Wall -Wextra -fno-tree-loop-distribute-patterns"

TRACE::2025-03-14.15:47:50::SCWMssOS::"Running Make include in ps7_cortexa9_0/libsrc/HC_SR04_v1_0/src"

TRACE::2025-03-14.15:47:50::SCWMssOS::make -C ps7_cortexa9_0/libsrc/HC_SR04_v1_0/src -s include  "SHELL=CMD" "COMPILER=arm-none-eabi-gcc" "ASSEMBLER=arm-none-eabi-as
TRACE::2025-03-14.15:47:50::SCWMssOS::" "ARCHIVER=arm-none-eabi-ar" "COMPILER_FLAGS=  -O2 -c" "EXTRA_COMPILER_FLAGS=-mcpu=cortex-a9 -mfpu=vfpv3 -mfloat-abi=hard -nos
TRACE::2025-03-14.15:47:50::SCWMssOS::tartfiles -g -Wall -Wextra -fno-tree-loop-distribute-patterns"

TRACE::2025-03-14.15:47:50::SCWMssOS::"Running Make include in ps7_cortexa9_0/libsrc/qspips_v3_12/src"

TRACE::2025-03-14.15:47:50::SCWMssOS::make -C ps7_cortexa9_0/libsrc/qspips_v3_12/src -s include  "SHELL=CMD" "COMPILER=arm-none-eabi-gcc" "ASSEMBLER=arm-none-eabi-as
TRACE::2025-03-14.15:47:50::SCWMssOS::" "ARCHIVER=arm-none-eabi-ar" "COMPILER_FLAGS=  -O2 -c" "EXTRA_COMPILER_FLAGS=-mcpu=cortex-a9 -mfpu=vfpv3 -mfloat-abi=hard -nos
TRACE::2025-03-14.15:47:50::SCWMssOS::tartfiles -g -Wall -Wextra -fno-tree-loop-distribute-patterns"

TRACE::2025-03-14.15:47:50::SCWMssOS::"Running Make include in ps7_cortexa9_0/libsrc/scugic_v5_3/src"

TRACE::2025-03-14.15:47:50::SCWMssOS::make -C ps7_cortexa9_0/libsrc/scugic_v5_3/src -s include  "SHELL=CMD" "COMPILER=arm-none-eabi-gcc" "ASSEMBLER=arm-none-eabi-as"
TRACE::2025-03-14.15:47:50::SCWMssOS:: "ARCHIVER=arm-none-eabi-ar" "COMPILER_FLAGS=  -O2 -c" "EXTRA_COMPILER_FLAGS=-mcpu=cortex-a9 -mfpu=vfpv3 -mfloat-abi=hard -nost
TRACE::2025-03-14.15:47:50::SCWMssOS::artfiles -g -Wall -Wextra -fno-tree-loop-distribute-patterns"

TRACE::2025-03-14.15:47:50::SCWMssOS::"Running Make include in ps7_cortexa9_0/libsrc/scutimer_v2_6/src"

TRACE::2025-03-14.15:47:50::SCWMssOS::make -C ps7_cortexa9_0/libsrc/scutimer_v2_6/src -s include  "SHELL=CMD" "COMPILER=arm-none-eabi-gcc" "ASSEMBLER=arm-none-eabi-a
TRACE::2025-03-14.15:47:50::SCWMssOS::s" "ARCHIVER=arm-none-eabi-ar" "COMPILER_FLAGS=  -O2 -c" "EXTRA_COMPILER_FLAGS=-mcpu=cortex-a9 -mfpu=vfpv3 -mfloat-abi=hard -no
TRACE::2025-03-14.15:47:50::SCWMssOS::startfiles -g -Wall -Wextra -fno-tree-loop-distribute-patterns"

TRACE::2025-03-14.15:47:50::SCWMssOS::"Running Make include in ps7_cortexa9_0/libsrc/scuwdt_v2_5/src"

TRACE::2025-03-14.15:47:50::SCWMssOS::make -C ps7_cortexa9_0/libsrc/scuwdt_v2_5/src -s include  "SHELL=CMD" "COMPILER=arm-none-eabi-gcc" "ASSEMBLER=arm-none-eabi-as"
TRACE::2025-03-14.15:47:50::SCWMssOS:: "ARCHIVER=arm-none-eabi-ar" "COMPILER_FLAGS=  -O2 -c" "EXTRA_COMPILER_FLAGS=-mcpu=cortex-a9 -mfpu=vfpv3 -mfloat-abi=hard -nost
TRACE::2025-03-14.15:47:50::SCWMssOS::artfiles -g -Wall -Wextra -fno-tree-loop-distribute-patterns"

TRACE::2025-03-14.15:47:50::SCWMssOS::"Running Make include in ps7_cortexa9_0/libsrc/sdps_v4_3/src"

TRACE::2025-03-14.15:47:50::SCWMssOS::make -C ps7_cortexa9_0/libsrc/sdps_v4_3/src -s include  "SHELL=CMD" "COMPILER=arm-none-eabi-gcc" "ASSEMBLER=arm-none-eabi-as" "
TRACE::2025-03-14.15:47:50::SCWMssOS::ARCHIVER=arm-none-eabi-ar" "COMPILER_FLAGS=  -O2 -c" "EXTRA_COMPILER_FLAGS=-mcpu=cortex-a9 -mfpu=vfpv3 -mfloat-abi=hard -nostar
TRACE::2025-03-14.15:47:50::SCWMssOS::tfiles -g -Wall -Wextra -fno-tree-loop-distribute-patterns"

TRACE::2025-03-14.15:47:51::SCWMssOS::"Running Make include in ps7_cortexa9_0/libsrc/standalone_v9_1/src"

TRACE::2025-03-14.15:47:51::SCWMssOS::make -C ps7_cortexa9_0/libsrc/standalone_v9_1/src -s include  "SHELL=CMD" "COMPILER=arm-none-eabi-gcc" "ASSEMBLER=arm-none-eabi
TRACE::2025-03-14.15:47:51::SCWMssOS::-as" "ARCHIVER=arm-none-eabi-ar" "COMPILER_FLAGS=  -O2 -c" "EXTRA_COMPILER_FLAGS=-mcpu=cortex-a9 -mfpu=vfpv3 -mfloat-abi=hard -
TRACE::2025-03-14.15:47:51::SCWMssOS::nostartfiles -g -Wall -Wextra -fno-tree-loop-distribute-patterns"

TRACE::2025-03-14.15:47:52::SCWMssOS::"Running Make include in ps7_cortexa9_0/libsrc/uartps_v3_14/src"

TRACE::2025-03-14.15:47:52::SCWMssOS::make -C ps7_cortexa9_0/libsrc/uartps_v3_14/src -s include  "SHELL=CMD" "COMPILER=arm-none-eabi-gcc" "ASSEMBLER=arm-none-eabi-as
TRACE::2025-03-14.15:47:52::SCWMssOS::" "ARCHIVER=arm-none-eabi-ar" "COMPILER_FLAGS=  -O2 -c" "EXTRA_COMPILER_FLAGS=-mcpu=cortex-a9 -mfpu=vfpv3 -mfloat-abi=hard -nos
TRACE::2025-03-14.15:47:52::SCWMssOS::tartfiles -g -Wall -Wextra -fno-tree-loop-distribute-patterns"

TRACE::2025-03-14.15:47:52::SCWMssOS::"Running Make include in ps7_cortexa9_0/libsrc/usbps_v2_9/src"

TRACE::2025-03-14.15:47:52::SCWMssOS::make -C ps7_cortexa9_0/libsrc/usbps_v2_9/src -s include  "SHELL=CMD" "COMPILER=arm-none-eabi-gcc" "ASSEMBLER=arm-none-eabi-as" 
TRACE::2025-03-14.15:47:52::SCWMssOS::"ARCHIVER=arm-none-eabi-ar" "COMPILER_FLAGS=  -O2 -c" "EXTRA_COMPILER_FLAGS=-mcpu=cortex-a9 -mfpu=vfpv3 -mfloat-abi=hard -nosta
TRACE::2025-03-14.15:47:52::SCWMssOS::rtfiles -g -Wall -Wextra -fno-tree-loop-distribute-patterns"

TRACE::2025-03-14.15:47:52::SCWMssOS::"Running Make include in ps7_cortexa9_0/libsrc/xadcps_v2_7/src"

TRACE::2025-03-14.15:47:52::SCWMssOS::make -C ps7_cortexa9_0/libsrc/xadcps_v2_7/src -s include  "SHELL=CMD" "COMPILER=arm-none-eabi-gcc" "ASSEMBLER=arm-none-eabi-as"
TRACE::2025-03-14.15:47:52::SCWMssOS:: "ARCHIVER=arm-none-eabi-ar" "COMPILER_FLAGS=  -O2 -c" "EXTRA_COMPILER_FLAGS=-mcpu=cortex-a9 -mfpu=vfpv3 -mfloat-abi=hard -nost
TRACE::2025-03-14.15:47:52::SCWMssOS::artfiles -g -Wall -Wextra -fno-tree-loop-distribute-patterns"

TRACE::2025-03-14.15:47:52::SCWMssOS::"Running Make libs in ps7_cortexa9_0/libsrc/HC_SR04_v1_0/src"

TRACE::2025-03-14.15:47:52::SCWMssOS::make -C ps7_cortexa9_0/libsrc/HC_SR04_v1_0/src -s libs  "SHELL=CMD" "COMPILER=arm-none-eabi-gcc" "ASSEMBLER=arm-none-eabi-as" "
TRACE::2025-03-14.15:47:52::SCWMssOS::ARCHIVER=arm-none-eabi-ar" "COMPILER_FLAGS=  -O2 -c" "EXTRA_COMPILER_FLAGS=-mcpu=cortex-a9 -mfpu=vfpv3 -mfloat-abi=hard -nostar
TRACE::2025-03-14.15:47:52::SCWMssOS::tfiles -g -Wall -Wextra -fno-tree-loop-distribute-patterns"

TRACE::2025-03-14.15:47:52::SCWMssOS::'Finished building libraries sequentially.'

TRACE::2025-03-14.15:47:52::SCWMssOS::make -j 6 --no-print-directory par_libs

TRACE::2025-03-14.15:47:52::SCWMssOS::"Running Make include in ps7_cortexa9_0/libsrc/coresightps_dcc_v1_10/src"

TRACE::2025-03-14.15:47:52::SCWMssOS::make -C ps7_cortexa9_0/libsrc/coresightps_dcc_v1_10/src -s include  "SHELL=CMD" "COMPILER=arm-none-eabi-gcc" "ASSEMBLER=arm-non
TRACE::2025-03-14.15:47:52::SCWMssOS::e-eabi-as" "ARCHIVER=arm-none-eabi-ar" "COMPILER_FLAGS=  -O2 -c" "EXTRA_COMPILER_FLAGS=-mcpu=cortex-a9 -mfpu=vfpv3 -mfloat-abi=
TRACE::2025-03-14.15:47:52::SCWMssOS::hard -nostartfiles -g -Wall -Wextra -fno-tree-loop-distribute-patterns"

TRACE::2025-03-14.15:47:52::SCWMssOS::"Running Make include in ps7_cortexa9_0/libsrc/cpu_cortexa9_v2_12/src"

TRACE::2025-03-14.15:47:52::SCWMssOS::make -C ps7_cortexa9_0/libsrc/cpu_cortexa9_v2_12/src -s include  "SHELL=CMD" "COMPILER=arm-none-eabi-gcc" "ASSEMBLER=arm-none-e
TRACE::2025-03-14.15:47:52::SCWMssOS::abi-as" "ARCHIVER=arm-none-eabi-ar" "COMPILER_FLAGS=  -O2 -c" "EXTRA_COMPILER_FLAGS=-mcpu=cortex-a9 -mfpu=vfpv3 -mfloat-abi=har
TRACE::2025-03-14.15:47:52::SCWMssOS::d -nostartfiles -g -Wall -Wextra -fno-tree-loop-distribute-patterns"

TRACE::2025-03-14.15:47:52::SCWMssOS::"Running Make include in ps7_cortexa9_0/libsrc/ddrps_v1_2/src"

TRACE::2025-03-14.15:47:52::SCWMssOS::make -C ps7_cortexa9_0/libsrc/ddrps_v1_2/src -s include  "SHELL=CMD" "COMPILER=arm-none-eabi-gcc" "ASSEMBLER=arm-none-eabi-as" 
TRACE::2025-03-14.15:47:52::SCWMssOS::"ARCHIVER=arm-none-eabi-ar" "COMPILER_FLAGS=  -O2 -c" "EXTRA_COMPILER_FLAGS=-mcpu=cortex-a9 -mfpu=vfpv3 -mfloat-abi=hard -nosta
TRACE::2025-03-14.15:47:52::SCWMssOS::rtfiles -g -Wall -Wextra -fno-tree-loop-distribute-patterns"

TRACE::2025-03-14.15:47:52::SCWMssOS::"Running Make include in ps7_cortexa9_0/libsrc/devcfg_v3_8/src"

TRACE::2025-03-14.15:47:52::SCWMssOS::make -C ps7_cortexa9_0/libsrc/devcfg_v3_8/src -s include  "SHELL=CMD" "COMPILER=arm-none-eabi-gcc" "ASSEMBLER=arm-none-eabi-as"
TRACE::2025-03-14.15:47:52::SCWMssOS:: "ARCHIVER=arm-none-eabi-ar" "COMPILER_FLAGS=  -O2 -c" "EXTRA_COMPILER_FLAGS=-mcpu=cortex-a9 -mfpu=vfpv3 -mfloat-abi=hard -nost
TRACE::2025-03-14.15:47:52::SCWMssOS::artfiles -g -Wall -Wextra -fno-tree-loop-distribute-patterns"

TRACE::2025-03-14.15:47:52::SCWMssOS::"Running Make include in ps7_cortexa9_0/libsrc/dmaps_v2_10/src"

TRACE::2025-03-14.15:47:52::SCWMssOS::make -C ps7_cortexa9_0/libsrc/dmaps_v2_10/src -s include  "SHELL=CMD" "COMPILER=arm-none-eabi-gcc" "ASSEMBLER=arm-none-eabi-as"
TRACE::2025-03-14.15:47:52::SCWMssOS:: "ARCHIVER=arm-none-eabi-ar" "COMPILER_FLAGS=  -O2 -c" "EXTRA_COMPILER_FLAGS=-mcpu=cortex-a9 -mfpu=vfpv3 -mfloat-abi=hard -nost
TRACE::2025-03-14.15:47:52::SCWMssOS::artfiles -g -Wall -Wextra -fno-tree-loop-distribute-patterns"

TRACE::2025-03-14.15:47:52::SCWMssOS::"Running Make include in ps7_cortexa9_0/libsrc/emacps_v3_20/src"

TRACE::2025-03-14.15:47:52::SCWMssOS::make -C ps7_cortexa9_0/libsrc/emacps_v3_20/src -s include  "SHELL=CMD" "COMPILER=arm-none-eabi-gcc" "ASSEMBLER=arm-none-eabi-as
TRACE::2025-03-14.15:47:52::SCWMssOS::" "ARCHIVER=arm-none-eabi-ar" "COMPILER_FLAGS=  -O2 -c" "EXTRA_COMPILER_FLAGS=-mcpu=cortex-a9 -mfpu=vfpv3 -mfloat-abi=hard -nos
TRACE::2025-03-14.15:47:52::SCWMssOS::tartfiles -g -Wall -Wextra -fno-tree-loop-distribute-patterns"

TRACE::2025-03-14.15:47:52::SCWMssOS::"Running Make include in ps7_cortexa9_0/libsrc/gpiops_v3_13/src"

TRACE::2025-03-14.15:47:52::SCWMssOS::make -C ps7_cortexa9_0/libsrc/gpiops_v3_13/src -s include  "SHELL=CMD" "COMPILER=arm-none-eabi-gcc" "ASSEMBLER=arm-none-eabi-as
TRACE::2025-03-14.15:47:52::SCWMssOS::" "ARCHIVER=arm-none-eabi-ar" "COMPILER_FLAGS=  -O2 -c" "EXTRA_COMPILER_FLAGS=-mcpu=cortex-a9 -mfpu=vfpv3 -mfloat-abi=hard -nos
TRACE::2025-03-14.15:47:52::SCWMssOS::tartfiles -g -Wall -Wextra -fno-tree-loop-distribute-patterns"

TRACE::2025-03-14.15:47:52::SCWMssOS::"Running Make include in ps7_cortexa9_0/libsrc/HC_SR04_v1_0/src"

TRACE::2025-03-14.15:47:52::SCWMssOS::make -C ps7_cortexa9_0/libsrc/HC_SR04_v1_0/src -s include  "SHELL=CMD" "COMPILER=arm-none-eabi-gcc" "ASSEMBLER=arm-none-eabi-as
TRACE::2025-03-14.15:47:52::SCWMssOS::" "ARCHIVER=arm-none-eabi-ar" "COMPILER_FLAGS=  -O2 -c" "EXTRA_COMPILER_FLAGS=-mcpu=cortex-a9 -mfpu=vfpv3 -mfloat-abi=hard -nos
TRACE::2025-03-14.15:47:52::SCWMssOS::tartfiles -g -Wall -Wextra -fno-tree-loop-distribute-patterns"

TRACE::2025-03-14.15:47:52::SCWMssOS::"Running Make include in ps7_cortexa9_0/libsrc/qspips_v3_12/src"

TRACE::2025-03-14.15:47:52::SCWMssOS::make -C ps7_cortexa9_0/libsrc/qspips_v3_12/src -s include  "SHELL=CMD" "COMPILER=arm-none-eabi-gcc" "ASSEMBLER=arm-none-eabi-as
TRACE::2025-03-14.15:47:52::SCWMssOS::" "ARCHIVER=arm-none-eabi-ar" "COMPILER_FLAGS=  -O2 -c" "EXTRA_COMPILER_FLAGS=-mcpu=cortex-a9 -mfpu=vfpv3 -mfloat-abi=hard -nos
TRACE::2025-03-14.15:47:52::SCWMssOS::tartfiles -g -Wall -Wextra -fno-tree-loop-distribute-patterns"

TRACE::2025-03-14.15:47:52::SCWMssOS::"Running Make include in ps7_cortexa9_0/libsrc/scugic_v5_3/src"

TRACE::2025-03-14.15:47:52::SCWMssOS::make -C ps7_cortexa9_0/libsrc/scugic_v5_3/src -s include  "SHELL=CMD" "COMPILER=arm-none-eabi-gcc" "ASSEMBLER=arm-none-eabi-as"
TRACE::2025-03-14.15:47:52::SCWMssOS:: "ARCHIVER=arm-none-eabi-ar" "COMPILER_FLAGS=  -O2 -c" "EXTRA_COMPILER_FLAGS=-mcpu=cortex-a9 -mfpu=vfpv3 -mfloat-abi=hard -nost
TRACE::2025-03-14.15:47:52::SCWMssOS::artfiles -g -Wall -Wextra -fno-tree-loop-distribute-patterns"

TRACE::2025-03-14.15:47:52::SCWMssOS::"Running Make include in ps7_cortexa9_0/libsrc/scutimer_v2_6/src"

TRACE::2025-03-14.15:47:52::SCWMssOS::make -C ps7_cortexa9_0/libsrc/scutimer_v2_6/src -s include  "SHELL=CMD" "COMPILER=arm-none-eabi-gcc" "ASSEMBLER=arm-none-eabi-a
TRACE::2025-03-14.15:47:52::SCWMssOS::s" "ARCHIVER=arm-none-eabi-ar" "COMPILER_FLAGS=  -O2 -c" "EXTRA_COMPILER_FLAGS=-mcpu=cortex-a9 -mfpu=vfpv3 -mfloat-abi=hard -no
TRACE::2025-03-14.15:47:52::SCWMssOS::startfiles -g -Wall -Wextra -fno-tree-loop-distribute-patterns"

TRACE::2025-03-14.15:47:52::SCWMssOS::"Running Make include in ps7_cortexa9_0/libsrc/scuwdt_v2_5/src"

TRACE::2025-03-14.15:47:52::SCWMssOS::make -C ps7_cortexa9_0/libsrc/scuwdt_v2_5/src -s include  "SHELL=CMD" "COMPILER=arm-none-eabi-gcc" "ASSEMBLER=arm-none-eabi-as"
TRACE::2025-03-14.15:47:52::SCWMssOS:: "ARCHIVER=arm-none-eabi-ar" "COMPILER_FLAGS=  -O2 -c" "EXTRA_COMPILER_FLAGS=-mcpu=cortex-a9 -mfpu=vfpv3 -mfloat-abi=hard -nost
TRACE::2025-03-14.15:47:52::SCWMssOS::artfiles -g -Wall -Wextra -fno-tree-loop-distribute-patterns"

TRACE::2025-03-14.15:47:52::SCWMssOS::"Running Make include in ps7_cortexa9_0/libsrc/sdps_v4_3/src"

TRACE::2025-03-14.15:47:52::SCWMssOS::make -C ps7_cortexa9_0/libsrc/sdps_v4_3/src -s include  "SHELL=CMD" "COMPILER=arm-none-eabi-gcc" "ASSEMBLER=arm-none-eabi-as" "
TRACE::2025-03-14.15:47:52::SCWMssOS::ARCHIVER=arm-none-eabi-ar" "COMPILER_FLAGS=  -O2 -c" "EXTRA_COMPILER_FLAGS=-mcpu=cortex-a9 -mfpu=vfpv3 -mfloat-abi=hard -nostar
TRACE::2025-03-14.15:47:52::SCWMssOS::tfiles -g -Wall -Wextra -fno-tree-loop-distribute-patterns"

TRACE::2025-03-14.15:47:53::SCWMssOS::"Running Make include in ps7_cortexa9_0/libsrc/standalone_v9_1/src"

TRACE::2025-03-14.15:47:53::SCWMssOS::make -C ps7_cortexa9_0/libsrc/standalone_v9_1/src -s include  "SHELL=CMD" "COMPILER=arm-none-eabi-gcc" "ASSEMBLER=arm-none-eabi
TRACE::2025-03-14.15:47:53::SCWMssOS::-as" "ARCHIVER=arm-none-eabi-ar" "COMPILER_FLAGS=  -O2 -c" "EXTRA_COMPILER_FLAGS=-mcpu=cortex-a9 -mfpu=vfpv3 -mfloat-abi=hard -
TRACE::2025-03-14.15:47:53::SCWMssOS::nostartfiles -g -Wall -Wextra -fno-tree-loop-distribute-patterns"

TRACE::2025-03-14.15:47:53::SCWMssOS::"Running Make include in ps7_cortexa9_0/libsrc/uartps_v3_14/src"

TRACE::2025-03-14.15:47:53::SCWMssOS::make -C ps7_cortexa9_0/libsrc/uartps_v3_14/src -s include  "SHELL=CMD" "COMPILER=arm-none-eabi-gcc" "ASSEMBLER=arm-none-eabi-as
TRACE::2025-03-14.15:47:53::SCWMssOS::" "ARCHIVER=arm-none-eabi-ar" "COMPILER_FLAGS=  -O2 -c" "EXTRA_COMPILER_FLAGS=-mcpu=cortex-a9 -mfpu=vfpv3 -mfloat-abi=hard -nos
TRACE::2025-03-14.15:47:53::SCWMssOS::tartfiles -g -Wall -Wextra -fno-tree-loop-distribute-patterns"

TRACE::2025-03-14.15:47:53::SCWMssOS::"Running Make include in ps7_cortexa9_0/libsrc/usbps_v2_9/src"

TRACE::2025-03-14.15:47:53::SCWMssOS::make -C ps7_cortexa9_0/libsrc/usbps_v2_9/src -s include  "SHELL=CMD" "COMPILER=arm-none-eabi-gcc" "ASSEMBLER=arm-none-eabi-as" 
TRACE::2025-03-14.15:47:53::SCWMssOS::"ARCHIVER=arm-none-eabi-ar" "COMPILER_FLAGS=  -O2 -c" "EXTRA_COMPILER_FLAGS=-mcpu=cortex-a9 -mfpu=vfpv3 -mfloat-abi=hard -nosta
TRACE::2025-03-14.15:47:53::SCWMssOS::rtfiles -g -Wall -Wextra -fno-tree-loop-distribute-patterns"

TRACE::2025-03-14.15:47:53::SCWMssOS::"Running Make include in ps7_cortexa9_0/libsrc/xadcps_v2_7/src"

TRACE::2025-03-14.15:47:53::SCWMssOS::make -C ps7_cortexa9_0/libsrc/xadcps_v2_7/src -s include  "SHELL=CMD" "COMPILER=arm-none-eabi-gcc" "ASSEMBLER=arm-none-eabi-as"
TRACE::2025-03-14.15:47:53::SCWMssOS:: "ARCHIVER=arm-none-eabi-ar" "COMPILER_FLAGS=  -O2 -c" "EXTRA_COMPILER_FLAGS=-mcpu=cortex-a9 -mfpu=vfpv3 -mfloat-abi=hard -nost
TRACE::2025-03-14.15:47:53::SCWMssOS::artfiles -g -Wall -Wextra -fno-tree-loop-distribute-patterns"

TRACE::2025-03-14.15:47:53::SCWMssOS::"Running Make libs in ps7_cortexa9_0/libsrc/coresightps_dcc_v1_10/src"

TRACE::2025-03-14.15:47:53::SCWMssOS::make -C ps7_cortexa9_0/libsrc/coresightps_dcc_v1_10/src -s libs  "SHELL=CMD" "COMPILER=arm-none-eabi-gcc" "ASSEMBLER=arm-none-e
TRACE::2025-03-14.15:47:53::SCWMssOS::abi-as" "ARCHIVER=arm-none-eabi-ar" "COMPILER_FLAGS=  -O2 -c" "EXTRA_COMPILER_FLAGS=-mcpu=cortex-a9 -mfpu=vfpv3 -mfloat-abi=har
TRACE::2025-03-14.15:47:53::SCWMssOS::d -nostartfiles -g -Wall -Wextra -fno-tree-loop-distribute-patterns"

TRACE::2025-03-14.15:47:53::SCWMssOS::"Running Make libs in ps7_cortexa9_0/libsrc/cpu_cortexa9_v2_12/src"

TRACE::2025-03-14.15:47:53::SCWMssOS::make -C ps7_cortexa9_0/libsrc/cpu_cortexa9_v2_12/src -s libs  "SHELL=CMD" "COMPILER=arm-none-eabi-gcc" "ASSEMBLER=arm-none-eabi
TRACE::2025-03-14.15:47:53::SCWMssOS::-as" "ARCHIVER=arm-none-eabi-ar" "COMPILER_FLAGS=  -O2 -c" "EXTRA_COMPILER_FLAGS=-mcpu=cortex-a9 -mfpu=vfpv3 -mfloat-abi=hard -
TRACE::2025-03-14.15:47:53::SCWMssOS::nostartfiles -g -Wall -Wextra -fno-tree-loop-distribute-patterns"

TRACE::2025-03-14.15:47:53::SCWMssOS::"Running Make libs in ps7_cortexa9_0/libsrc/ddrps_v1_2/src"

TRACE::2025-03-14.15:47:53::SCWMssOS::make -C ps7_cortexa9_0/libsrc/ddrps_v1_2/src -s libs  "SHELL=CMD" "COMPILER=arm-none-eabi-gcc" "ASSEMBLER=arm-none-eabi-as" "AR
TRACE::2025-03-14.15:47:53::SCWMssOS::CHIVER=arm-none-eabi-ar" "COMPILER_FLAGS=  -O2 -c" "EXTRA_COMPILER_FLAGS=-mcpu=cortex-a9 -mfpu=vfpv3 -mfloat-abi=hard -nostartf
TRACE::2025-03-14.15:47:53::SCWMssOS::iles -g -Wall -Wextra -fno-tree-loop-distribute-patterns"

TRACE::2025-03-14.15:47:53::SCWMssOS::"Running Make libs in ps7_cortexa9_0/libsrc/devcfg_v3_8/src"

TRACE::2025-03-14.15:47:53::SCWMssOS::make -C ps7_cortexa9_0/libsrc/devcfg_v3_8/src -s libs  "SHELL=CMD" "COMPILER=arm-none-eabi-gcc" "ASSEMBLER=arm-none-eabi-as" "A
TRACE::2025-03-14.15:47:53::SCWMssOS::RCHIVER=arm-none-eabi-ar" "COMPILER_FLAGS=  -O2 -c" "EXTRA_COMPILER_FLAGS=-mcpu=cortex-a9 -mfpu=vfpv3 -mfloat-abi=hard -nostart
TRACE::2025-03-14.15:47:53::SCWMssOS::files -g -Wall -Wextra -fno-tree-loop-distribute-patterns"

TRACE::2025-03-14.15:47:53::SCWMssOS::"Running Make libs in ps7_cortexa9_0/libsrc/dmaps_v2_10/src"

TRACE::2025-03-14.15:47:53::SCWMssOS::make -C ps7_cortexa9_0/libsrc/dmaps_v2_10/src -s libs  "SHELL=CMD" "COMPILER=arm-none-eabi-gcc" "ASSEMBLER=arm-none-eabi-as" "A
TRACE::2025-03-14.15:47:53::SCWMssOS::RCHIVER=arm-none-eabi-ar" "COMPILER_FLAGS=  -O2 -c" "EXTRA_COMPILER_FLAGS=-mcpu=cortex-a9 -mfpu=vfpv3 -mfloat-abi=hard -nostart
TRACE::2025-03-14.15:47:53::SCWMssOS::files -g -Wall -Wextra -fno-tree-loop-distribute-patterns"

TRACE::2025-03-14.15:47:53::SCWMssOS::"Running Make libs in ps7_cortexa9_0/libsrc/emacps_v3_20/src"

TRACE::2025-03-14.15:47:53::SCWMssOS::make -C ps7_cortexa9_0/libsrc/emacps_v3_20/src -s libs  "SHELL=CMD" "COMPILER=arm-none-eabi-gcc" "ASSEMBLER=arm-none-eabi-as" "
TRACE::2025-03-14.15:47:53::SCWMssOS::ARCHIVER=arm-none-eabi-ar" "COMPILER_FLAGS=  -O2 -c" "EXTRA_COMPILER_FLAGS=-mcpu=cortex-a9 -mfpu=vfpv3 -mfloat-abi=hard -nostar
TRACE::2025-03-14.15:47:53::SCWMssOS::tfiles -g -Wall -Wextra -fno-tree-loop-distribute-patterns"

TRACE::2025-03-14.15:47:53::SCWMssOS::"Running Make libs in ps7_cortexa9_0/libsrc/gpiops_v3_13/src"

TRACE::2025-03-14.15:47:53::SCWMssOS::make -C ps7_cortexa9_0/libsrc/gpiops_v3_13/src -s libs  "SHELL=CMD" "COMPILER=arm-none-eabi-gcc" "ASSEMBLER=arm-none-eabi-as" "
TRACE::2025-03-14.15:47:53::SCWMssOS::ARCHIVER=arm-none-eabi-ar" "COMPILER_FLAGS=  -O2 -c" "EXTRA_COMPILER_FLAGS=-mcpu=cortex-a9 -mfpu=vfpv3 -mfloat-abi=hard -nostar
TRACE::2025-03-14.15:47:53::SCWMssOS::tfiles -g -Wall -Wextra -fno-tree-loop-distribute-patterns"

TRACE::2025-03-14.15:47:53::SCWMssOS::"Running Make libs in ps7_cortexa9_0/libsrc/qspips_v3_12/src"

TRACE::2025-03-14.15:47:53::SCWMssOS::make -C ps7_cortexa9_0/libsrc/qspips_v3_12/src -s libs  "SHELL=CMD" "COMPILER=arm-none-eabi-gcc" "ASSEMBLER=arm-none-eabi-as" "
TRACE::2025-03-14.15:47:53::SCWMssOS::ARCHIVER=arm-none-eabi-ar" "COMPILER_FLAGS=  -O2 -c" "EXTRA_COMPILER_FLAGS=-mcpu=cortex-a9 -mfpu=vfpv3 -mfloat-abi=hard -nostar
TRACE::2025-03-14.15:47:53::SCWMssOS::tfiles -g -Wall -Wextra -fno-tree-loop-distribute-patterns"

TRACE::2025-03-14.15:47:53::SCWMssOS::"Running Make libs in ps7_cortexa9_0/libsrc/scugic_v5_3/src"

TRACE::2025-03-14.15:47:53::SCWMssOS::make -C ps7_cortexa9_0/libsrc/scugic_v5_3/src -s libs  "SHELL=CMD" "COMPILER=arm-none-eabi-gcc" "ASSEMBLER=arm-none-eabi-as" "A
TRACE::2025-03-14.15:47:53::SCWMssOS::RCHIVER=arm-none-eabi-ar" "COMPILER_FLAGS=  -O2 -c" "EXTRA_COMPILER_FLAGS=-mcpu=cortex-a9 -mfpu=vfpv3 -mfloat-abi=hard -nostart
TRACE::2025-03-14.15:47:53::SCWMssOS::files -g -Wall -Wextra -fno-tree-loop-distribute-patterns"

TRACE::2025-03-14.15:47:54::SCWMssOS::"Running Make libs in ps7_cortexa9_0/libsrc/scutimer_v2_6/src"

TRACE::2025-03-14.15:47:54::SCWMssOS::make -C ps7_cortexa9_0/libsrc/scutimer_v2_6/src -s libs  "SHELL=CMD" "COMPILER=arm-none-eabi-gcc" "ASSEMBLER=arm-none-eabi-as" 
TRACE::2025-03-14.15:47:54::SCWMssOS::"ARCHIVER=arm-none-eabi-ar" "COMPILER_FLAGS=  -O2 -c" "EXTRA_COMPILER_FLAGS=-mcpu=cortex-a9 -mfpu=vfpv3 -mfloat-abi=hard -nosta
TRACE::2025-03-14.15:47:54::SCWMssOS::rtfiles -g -Wall -Wextra -fno-tree-loop-distribute-patterns"

TRACE::2025-03-14.15:47:54::SCWMssOS::"Running Make libs in ps7_cortexa9_0/libsrc/scuwdt_v2_5/src"

TRACE::2025-03-14.15:47:54::SCWMssOS::make -C ps7_cortexa9_0/libsrc/scuwdt_v2_5/src -s libs  "SHELL=CMD" "COMPILER=arm-none-eabi-gcc" "ASSEMBLER=arm-none-eabi-as" "A
TRACE::2025-03-14.15:47:54::SCWMssOS::RCHIVER=arm-none-eabi-ar" "COMPILER_FLAGS=  -O2 -c" "EXTRA_COMPILER_FLAGS=-mcpu=cortex-a9 -mfpu=vfpv3 -mfloat-abi=hard -nostart
TRACE::2025-03-14.15:47:54::SCWMssOS::files -g -Wall -Wextra -fno-tree-loop-distribute-patterns"

TRACE::2025-03-14.15:47:54::SCWMssOS::"Running Make libs in ps7_cortexa9_0/libsrc/sdps_v4_3/src"

TRACE::2025-03-14.15:47:54::SCWMssOS::make -C ps7_cortexa9_0/libsrc/sdps_v4_3/src -s libs  "SHELL=CMD" "COMPILER=arm-none-eabi-gcc" "ASSEMBLER=arm-none-eabi-as" "ARC
TRACE::2025-03-14.15:47:54::SCWMssOS::HIVER=arm-none-eabi-ar" "COMPILER_FLAGS=  -O2 -c" "EXTRA_COMPILER_FLAGS=-mcpu=cortex-a9 -mfpu=vfpv3 -mfloat-abi=hard -nostartfi
TRACE::2025-03-14.15:47:54::SCWMssOS::les -g -Wall -Wextra -fno-tree-loop-distribute-patterns"

TRACE::2025-03-14.15:47:54::SCWMssOS::"Running Make libs in ps7_cortexa9_0/libsrc/standalone_v9_1/src"

TRACE::2025-03-14.15:47:54::SCWMssOS::make -C ps7_cortexa9_0/libsrc/standalone_v9_1/src -s libs  "SHELL=CMD" "COMPILER=arm-none-eabi-gcc" "ASSEMBLER=arm-none-eabi-as
TRACE::2025-03-14.15:47:54::SCWMssOS::" "ARCHIVER=arm-none-eabi-ar" "COMPILER_FLAGS=  -O2 -c" "EXTRA_COMPILER_FLAGS=-mcpu=cortex-a9 -mfpu=vfpv3 -mfloat-abi=hard -nos
TRACE::2025-03-14.15:47:54::SCWMssOS::tartfiles -g -Wall -Wextra -fno-tree-loop-distribute-patterns"

TRACE::2025-03-14.15:47:54::SCWMssOS::"Running Make libs in ps7_cortexa9_0/libsrc/uartps_v3_14/src"

TRACE::2025-03-14.15:47:54::SCWMssOS::make -C ps7_cortexa9_0/libsrc/uartps_v3_14/src -s libs  "SHELL=CMD" "COMPILER=arm-none-eabi-gcc" "ASSEMBLER=arm-none-eabi-as" "
TRACE::2025-03-14.15:47:54::SCWMssOS::ARCHIVER=arm-none-eabi-ar" "COMPILER_FLAGS=  -O2 -c" "EXTRA_COMPILER_FLAGS=-mcpu=cortex-a9 -mfpu=vfpv3 -mfloat-abi=hard -nostar
TRACE::2025-03-14.15:47:54::SCWMssOS::tfiles -g -Wall -Wextra -fno-tree-loop-distribute-patterns"

TRACE::2025-03-14.15:47:54::SCWMssOS::"Running Make libs in ps7_cortexa9_0/libsrc/usbps_v2_9/src"

TRACE::2025-03-14.15:47:54::SCWMssOS::make -C ps7_cortexa9_0/libsrc/usbps_v2_9/src -s libs  "SHELL=CMD" "COMPILER=arm-none-eabi-gcc" "ASSEMBLER=arm-none-eabi-as" "AR
TRACE::2025-03-14.15:47:54::SCWMssOS::CHIVER=arm-none-eabi-ar" "COMPILER_FLAGS=  -O2 -c" "EXTRA_COMPILER_FLAGS=-mcpu=cortex-a9 -mfpu=vfpv3 -mfloat-abi=hard -nostartf
TRACE::2025-03-14.15:47:54::SCWMssOS::iles -g -Wall -Wextra -fno-tree-loop-distribute-patterns"

TRACE::2025-03-14.15:47:55::SCWMssOS::"Running Make libs in ps7_cortexa9_0/libsrc/xadcps_v2_7/src"

TRACE::2025-03-14.15:47:55::SCWMssOS::make -C ps7_cortexa9_0/libsrc/xadcps_v2_7/src -s libs  "SHELL=CMD" "COMPILER=arm-none-eabi-gcc" "ASSEMBLER=arm-none-eabi-as" "A
TRACE::2025-03-14.15:47:55::SCWMssOS::RCHIVER=arm-none-eabi-ar" "COMPILER_FLAGS=  -O2 -c" "EXTRA_COMPILER_FLAGS=-mcpu=cortex-a9 -mfpu=vfpv3 -mfloat-abi=hard -nostart
TRACE::2025-03-14.15:47:55::SCWMssOS::files -g -Wall -Wextra -fno-tree-loop-distribute-patterns"

TRACE::2025-03-14.15:47:57::SCWMssOS::'Finished building libraries parallelly.'

TRACE::2025-03-14.15:47:57::SCWMssOS::make --no-print-directory archive

TRACE::2025-03-14.15:47:57::SCWMssOS::arm-none-eabi-ar -r  ps7_cortexa9_0/lib/libxil.a ps7_cortexa9_0/lib/HC_SR04.o ps7_cortexa9_0/lib/HC_SR04_selftest.o ps7_cortexa
TRACE::2025-03-14.15:47:57::SCWMssOS::9_0/lib/_exit.o ps7_cortexa9_0/lib/_open.o ps7_cortexa9_0/lib/_sbrk.o ps7_cortexa9_0/lib/abort.o ps7_cortexa9_0/lib/asm_vectors
TRACE::2025-03-14.15:47:57::SCWMssOS::.o ps7_cortexa9_0/lib/boot.o ps7_cortexa9_0/lib/close.o ps7_cortexa9_0/lib/cpputest_time.o ps7_cortexa9_0/lib/cpu_init.o ps7_co
TRACE::2025-03-14.15:47:57::SCWMssOS::rtexa9_0/lib/errno.o ps7_cortexa9_0/lib/fcntl.o ps7_cortexa9_0/lib/fstat.o ps7_cortexa9_0/lib/getentropy.o ps7_cortexa9_0/lib/g
TRACE::2025-03-14.15:47:57::SCWMssOS::etpid.o ps7_cortexa9_0/lib/inbyte.o ps7_cortexa9_0/lib/isatty.o ps7_cortexa9_0/lib/kill.o ps7_cortexa9_0/lib/lseek.o ps7_cortex
TRACE::2025-03-14.15:47:57::SCWMssOS::a9_0/lib/open.o ps7_cortexa9_0/lib/outbyte.o ps7_cortexa9_0/lib/print.o ps7_cortexa9_0/lib/putnum.o ps7_cortexa9_0/lib/read.o p
TRACE::2025-03-14.15:47:57::SCWMssOS::s7_cortexa9_0/lib/sbrk.o ps7_cortexa9_0/lib/sleep.o ps7_cortexa9_0/lib/time.o ps7_cortexa9_0/lib/translation_table.o ps7_cortex
TRACE::2025-03-14.15:47:57::SCWMssOS::a9_0/lib/unlink.o ps7_cortexa9_0/lib/usleep.o ps7_cortexa9_0/lib/vectors.o ps7_cortexa9_0/lib/write.o ps7_cortexa9_0/lib/xadcps
TRACE::2025-03-14.15:47:57::SCWMssOS::.o ps7_cortexa9_0/lib/xadcps_g.o ps7_cortexa9_0/lib/xadcps_intr.o ps7_cortexa9_0/lib/xadcps_selftest.o ps7_cortexa9_0/lib/xadcp
TRACE::2025-03-14.15:47:57::SCWMssOS::s_sinit.o ps7_cortexa9_0/lib/xcoresightpsdcc.o ps7_cortexa9_0/lib/xdevcfg.o ps7_cortexa9_0/lib/xdevcfg_g.o ps7_cortexa9_0/lib/x
TRACE::2025-03-14.15:47:57::SCWMssOS::devcfg_hw.o ps7_cortexa9_0/lib/xdevcfg_intr.o ps7_cortexa9_0/lib/xdevcfg_selftest.o ps7_cortexa9_0/lib/xdevcfg_sinit.o ps7_cort
TRACE::2025-03-14.15:47:57::SCWMssOS::exa9_0/lib/xdmaps.o ps7_cortexa9_0/lib/xdmaps_g.o ps7_cortexa9_0/lib/xdmaps_hw.o ps7_cortexa9_0/lib/xdmaps_selftest.o ps7_corte
TRACE::2025-03-14.15:47:57::SCWMssOS::xa9_0/lib/xdmaps_sinit.o ps7_cortexa9_0/lib/xemacps.o ps7_cortexa9_0/lib/xemacps_bdring.o ps7_cortexa9_0/lib/xemacps_control.o 
TRACE::2025-03-14.15:47:57::SCWMssOS::ps7_cortexa9_0/lib/xemacps_g.o ps7_cortexa9_0/lib/xemacps_hw.o ps7_cortexa9_0/lib/xemacps_intr.o ps7_cortexa9_0/lib/xemacps_sin
TRACE::2025-03-14.15:47:57::SCWMssOS::it.o ps7_cortexa9_0/lib/xgpiops.o ps7_cortexa9_0/lib/xgpiops_g.o ps7_cortexa9_0/lib/xgpiops_hw.o ps7_cortexa9_0/lib/xgpiops_int
TRACE::2025-03-14.15:47:57::SCWMssOS::r.o ps7_cortexa9_0/lib/xgpiops_selftest.o ps7_cortexa9_0/lib/xgpiops_sinit.o ps7_cortexa9_0/lib/xil-crt0.o ps7_cortexa9_0/lib/x
TRACE::2025-03-14.15:47:57::SCWMssOS::il_assert.o ps7_cortexa9_0/lib/xil_cache.o ps7_cortexa9_0/lib/xil_clocking.o ps7_cortexa9_0/lib/xil_exception.o ps7_cortexa9_0/
TRACE::2025-03-14.15:47:57::SCWMssOS::lib/xil_mem.o ps7_cortexa9_0/lib/xil_misc_psreset_api.o ps7_cortexa9_0/lib/xil_mmu.o ps7_cortexa9_0/lib/xil_printf.o ps7_cortex
TRACE::2025-03-14.15:47:57::SCWMssOS::a9_0/lib/xil_sleepcommon.o ps7_cortexa9_0/lib/xil_sleeptimer.o ps7_cortexa9_0/lib/xil_spinlock.o ps7_cortexa9_0/lib/xil_testcac
TRACE::2025-03-14.15:47:57::SCWMssOS::he.o ps7_cortexa9_0/lib/xil_testio.o ps7_cortexa9_0/lib/xil_testmem.o ps7_cortexa9_0/lib/xil_util.o ps7_cortexa9_0/lib/xinterru
TRACE::2025-03-14.15:47:57::SCWMssOS::pt_wrap.o ps7_cortexa9_0/lib/xl2cc_counter.o ps7_cortexa9_0/lib/xplatform_info.o ps7_cortexa9_0/lib/xpm_counter.o ps7_cortexa9_
TRACE::2025-03-14.15:47:57::SCWMssOS::0/lib/xpm_init.o ps7_cortexa9_0/lib/xqspips.o ps7_cortexa9_0/lib/xqspips_g.o ps7_cortexa9_0/lib/xqspips_hw.o ps7_cortexa9_0/lib
TRACE::2025-03-14.15:47:57::SCWMssOS::/xqspips_options.o ps7_cortexa9_0/lib/xqspips_selftest.o ps7_cortexa9_0/lib/xqspips_sinit.o ps7_cortexa9_0/lib/xscugic.o ps7_co
TRACE::2025-03-14.15:47:57::SCWMssOS::rtexa9_0/lib/xscugic_g.o ps7_cortexa9_0/lib/xscugic_hw.o ps7_cortexa9_0/lib/xscugic_intr.o ps7_cortexa9_0/lib/xscugic_selftest.
TRACE::2025-03-14.15:47:57::SCWMssOS::o ps7_cortexa9_0/lib/xscugic_sinit.o ps7_cortexa9_0/lib/xscutimer.o ps7_cortexa9_0/lib/xscutimer_g.o ps7_cortexa9_0/lib/xscutim
TRACE::2025-03-14.15:47:57::SCWMssOS::er_selftest.o ps7_cortexa9_0/lib/xscutimer_sinit.o ps7_cortexa9_0/lib/xscuwdt.o ps7_cortexa9_0/lib/xscuwdt_g.o ps7_cortexa9_0/l
TRACE::2025-03-14.15:47:57::SCWMssOS::ib/xscuwdt_selftest.o ps7_cortexa9_0/lib/xscuwdt_sinit.o ps7_cortexa9_0/lib/xsdps.o ps7_cortexa9_0/lib/xsdps_card.o ps7_cortexa
TRACE::2025-03-14.15:47:57::SCWMssOS::9_0/lib/xsdps_g.o ps7_cortexa9_0/lib/xsdps_host.o ps7_cortexa9_0/lib/xsdps_options.o ps7_cortexa9_0/lib/xsdps_sinit.o ps7_corte
TRACE::2025-03-14.15:47:57::SCWMssOS::xa9_0/lib/xtime_l.o ps7_cortexa9_0/lib/xuartps.o ps7_cortexa9_0/lib/xuartps_g.o ps7_cortexa9_0/lib/xuartps_hw.o ps7_cortexa9_0/
TRACE::2025-03-14.15:47:57::SCWMssOS::lib/xuartps_intr.o ps7_cortexa9_0/lib/xuartps_options.o ps7_cortexa9_0/lib/xuartps_selftest.o ps7_cortexa9_0/lib/xuartps_sinit.
TRACE::2025-03-14.15:47:57::SCWMssOS::o ps7_cortexa9_0/lib/xusbps.o ps7_cortexa9_0/lib/xusbps_endpoint.o ps7_cortexa9_0/lib/xusbps_g.o ps7_cortexa9_0/lib/xusbps_hw.o
TRACE::2025-03-14.15:47:57::SCWMssOS:: ps7_cortexa9_0/lib/xusbps_intr.o ps7_cortexa9_0/lib/xusbps_sinit.o

TRACE::2025-03-14.15:47:57::SCWMssOS::'Finished building libraries'

TRACE::2025-03-14.15:47:57::SCWMssOS::Copying to export directory.
TRACE::2025-03-14.15:47:57::SCWMssOS:: Checking if to create the Supporting Applications
TRACE::2025-03-14.15:47:57::SCWMssOS:: No Linux domain exists, trying to generate FSBL 
LOG::2025-03-14.15:47:57::SCWSystem::Completed Processing the domain standalone_ps7_cortexa9_0
LOG::2025-03-14.15:47:57::SCWSystem::Completed Processing the sysconfig HC_SR04
LOG::2025-03-14.15:47:57::SCWPlatform::Completed generating the artifacts for system configuration HC_SR04
TRACE::2025-03-14.15:47:57::SCWPlatform::Started preparing the platform 
TRACE::2025-03-14.15:47:57::SCWSystem::Writing the bif file for system config HC_SR04
TRACE::2025-03-14.15:47:57::SCWSystem::dir created 
TRACE::2025-03-14.15:47:57::SCWSystem::Writing the bif 
TRACE::2025-03-14.15:47:57::SCWPlatform::Started writing the spfm file 
TRACE::2025-03-14.15:47:57::SCWPlatform::Started writing the xpfm file 
TRACE::2025-03-14.15:47:57::SCWPlatform::Completed generating the platform
TRACE::2025-03-14.15:47:57::SCWMssOS::Saving the mss changes C:/PXL/devWorks/devWorks2/CAR/HC_SR04/Vitis/HC_SR04/zynq_fsbl/zynq_fsbl_bsp/system.mss
TRACE::2025-03-14.15:47:57::SCWMssOS::Found a swdesign opened with the mssfile.
TRACE::2025-03-14.15:47:57::SCWMssOS::Completed writemss as part of save.
TRACE::2025-03-14.15:47:57::SCWMssOS::Commit changes completed.
TRACE::2025-03-14.15:47:57::SCWMssOS::Saving the mss changes C:/PXL/devWorks/devWorks2/CAR/HC_SR04/Vitis/HC_SR04/ps7_cortexa9_0/standalone_ps7_cortexa9_0/bsp/system.mss
TRACE::2025-03-14.15:47:57::SCWMssOS::Found a swdesign opened with the mssfile.
TRACE::2025-03-14.15:47:57::SCWMssOS::Completed writemss as part of save.
TRACE::2025-03-14.15:47:57::SCWMssOS::Commit changes completed.
TRACE::2025-03-14.15:47:57::SCWPlatform::Trying to open the hw design at C:/PXL/devWorks/devWorks2/CAR/HC_SR04/Vitis/HC_SR04/hw/HC_SR04.xsa
TRACE::2025-03-14.15:47:57::SCWPlatform::DSA given C:/PXL/devWorks/devWorks2/CAR/HC_SR04/Vitis/HC_SR04/hw/HC_SR04.xsa
TRACE::2025-03-14.15:47:57::SCWPlatform::DSA absoulate path C:/PXL/devWorks/devWorks2/CAR/HC_SR04/Vitis/HC_SR04/hw/HC_SR04.xsa
TRACE::2025-03-14.15:47:57::SCWPlatform::DSA directory C:/PXL/devWorks/devWorks2/CAR/HC_SR04/Vitis/HC_SR04/hw
TRACE::2025-03-14.15:47:57::SCWPlatform:: Platform Path C:/PXL/devWorks/devWorks2/CAR/HC_SR04/Vitis/HC_SR04/hw/HC_SR04.xsa
TRACE::2025-03-14.15:47:57::SCWPlatform:: Unique name xilinx:pynq-z2::0.0
TRACE::2025-03-14.15:47:57::SCWPlatform::Trying to set the existing hwdb with name design_1_wrapper_0
TRACE::2025-03-14.15:47:57::SCWPlatform::Opened existing hwdb design_1_wrapper_0
TRACE::2025-03-14.15:47:57::SCWPlatform::Found the Hw Db part of the input DSA
TRACE::2025-03-14.15:47:57::SCWMssOS::Checking the sw design at  C:/PXL/devWorks/devWorks2/CAR/HC_SR04/Vitis/HC_SR04/zynq_fsbl/zynq_fsbl_bsp/system.mss
TRACE::2025-03-14.15:47:57::SCWMssOS::DEBUG:  swdes dump  C:/PXL/devWorks/devWorks2/CAR/HC_SR04/Vitis/HC_SR04/ps7_cortexa9_0/standalone_ps7_cortexa9_0/bsp/system.mss|system_0||
C:/PXL/devWorks/devWorks2/CAR/HC_SR04/Vitis/HC_SR04/zynq_fsbl/zynq_fsbl_bsp/system.mss|system||

TRACE::2025-03-14.15:47:57::SCWMssOS::Sw design exists and opened at  C:/PXL/devWorks/devWorks2/CAR/HC_SR04/Vitis/HC_SR04/zynq_fsbl/zynq_fsbl_bsp/system.mss
TRACE::2025-03-14.15:47:57::SCWPlatform::Trying to open the hw design at C:/PXL/devWorks/devWorks2/CAR/HC_SR04/Vitis/HC_SR04/hw/HC_SR04.xsa
TRACE::2025-03-14.15:47:57::SCWPlatform::DSA given C:/PXL/devWorks/devWorks2/CAR/HC_SR04/Vitis/HC_SR04/hw/HC_SR04.xsa
TRACE::2025-03-14.15:47:57::SCWPlatform::DSA absoulate path C:/PXL/devWorks/devWorks2/CAR/HC_SR04/Vitis/HC_SR04/hw/HC_SR04.xsa
TRACE::2025-03-14.15:47:57::SCWPlatform::DSA directory C:/PXL/devWorks/devWorks2/CAR/HC_SR04/Vitis/HC_SR04/hw
TRACE::2025-03-14.15:47:57::SCWPlatform:: Platform Path C:/PXL/devWorks/devWorks2/CAR/HC_SR04/Vitis/HC_SR04/hw/HC_SR04.xsa
TRACE::2025-03-14.15:47:57::SCWPlatform:: Unique name xilinx:pynq-z2::0.0
TRACE::2025-03-14.15:47:57::SCWPlatform::Trying to set the existing hwdb with name design_1_wrapper_0
TRACE::2025-03-14.15:47:57::SCWPlatform::Opened existing hwdb design_1_wrapper_0
TRACE::2025-03-14.15:47:57::SCWPlatform::Found the Hw Db part of the input DSA
TRACE::2025-03-14.15:47:57::SCWMssOS::Checking the sw design at  C:/PXL/devWorks/devWorks2/CAR/HC_SR04/Vitis/HC_SR04/zynq_fsbl/zynq_fsbl_bsp/system.mss
TRACE::2025-03-14.15:47:57::SCWMssOS::DEBUG:  swdes dump  C:/PXL/devWorks/devWorks2/CAR/HC_SR04/Vitis/HC_SR04/ps7_cortexa9_0/standalone_ps7_cortexa9_0/bsp/system.mss|system_0||
C:/PXL/devWorks/devWorks2/CAR/HC_SR04/Vitis/HC_SR04/zynq_fsbl/zynq_fsbl_bsp/system.mss|system||

TRACE::2025-03-14.15:47:57::SCWMssOS::Sw design exists and opened at  C:/PXL/devWorks/devWorks2/CAR/HC_SR04/Vitis/HC_SR04/zynq_fsbl/zynq_fsbl_bsp/system.mss
TRACE::2025-03-14.15:47:57::SCWPlatform::Trying to open the hw design at C:/PXL/devWorks/devWorks2/CAR/HC_SR04/Vitis/HC_SR04/hw/HC_SR04.xsa
TRACE::2025-03-14.15:47:57::SCWPlatform::DSA given C:/PXL/devWorks/devWorks2/CAR/HC_SR04/Vitis/HC_SR04/hw/HC_SR04.xsa
TRACE::2025-03-14.15:47:57::SCWPlatform::DSA absoulate path C:/PXL/devWorks/devWorks2/CAR/HC_SR04/Vitis/HC_SR04/hw/HC_SR04.xsa
TRACE::2025-03-14.15:47:57::SCWPlatform::DSA directory C:/PXL/devWorks/devWorks2/CAR/HC_SR04/Vitis/HC_SR04/hw
TRACE::2025-03-14.15:47:57::SCWPlatform:: Platform Path C:/PXL/devWorks/devWorks2/CAR/HC_SR04/Vitis/HC_SR04/hw/HC_SR04.xsa
TRACE::2025-03-14.15:47:57::SCWPlatform:: Unique name xilinx:pynq-z2::0.0
TRACE::2025-03-14.15:47:57::SCWPlatform::Trying to set the existing hwdb with name design_1_wrapper_0
TRACE::2025-03-14.15:47:57::SCWPlatform::Opened existing hwdb design_1_wrapper_0
TRACE::2025-03-14.15:47:57::SCWPlatform::Found the Hw Db part of the input DSA
TRACE::2025-03-14.15:47:57::SCWMssOS::Checking the sw design at  C:/PXL/devWorks/devWorks2/CAR/HC_SR04/Vitis/HC_SR04/zynq_fsbl/zynq_fsbl_bsp/system.mss
TRACE::2025-03-14.15:47:57::SCWMssOS::DEBUG:  swdes dump  C:/PXL/devWorks/devWorks2/CAR/HC_SR04/Vitis/HC_SR04/ps7_cortexa9_0/standalone_ps7_cortexa9_0/bsp/system.mss|system_0||
C:/PXL/devWorks/devWorks2/CAR/HC_SR04/Vitis/HC_SR04/zynq_fsbl/zynq_fsbl_bsp/system.mss|system||

TRACE::2025-03-14.15:47:57::SCWMssOS::Sw design exists and opened at  C:/PXL/devWorks/devWorks2/CAR/HC_SR04/Vitis/HC_SR04/zynq_fsbl/zynq_fsbl_bsp/system.mss
TRACE::2025-03-14.15:47:57::SCWPlatform::Trying to open the hw design at C:/PXL/devWorks/devWorks2/CAR/HC_SR04/Vitis/HC_SR04/hw/HC_SR04.xsa
TRACE::2025-03-14.15:47:57::SCWPlatform::DSA given C:/PXL/devWorks/devWorks2/CAR/HC_SR04/Vitis/HC_SR04/hw/HC_SR04.xsa
TRACE::2025-03-14.15:47:57::SCWPlatform::DSA absoulate path C:/PXL/devWorks/devWorks2/CAR/HC_SR04/Vitis/HC_SR04/hw/HC_SR04.xsa
TRACE::2025-03-14.15:47:57::SCWPlatform::DSA directory C:/PXL/devWorks/devWorks2/CAR/HC_SR04/Vitis/HC_SR04/hw
TRACE::2025-03-14.15:47:57::SCWPlatform:: Platform Path C:/PXL/devWorks/devWorks2/CAR/HC_SR04/Vitis/HC_SR04/hw/HC_SR04.xsa
TRACE::2025-03-14.15:47:57::SCWPlatform:: Unique name xilinx:pynq-z2::0.0
TRACE::2025-03-14.15:47:57::SCWPlatform::Trying to set the existing hwdb with name design_1_wrapper_0
TRACE::2025-03-14.15:47:57::SCWPlatform::Opened existing hwdb design_1_wrapper_0
TRACE::2025-03-14.15:47:57::SCWPlatform::Found the Hw Db part of the input DSA
TRACE::2025-03-14.15:47:57::SCWMssOS::Checking the sw design at  C:/PXL/devWorks/devWorks2/CAR/HC_SR04/Vitis/HC_SR04/ps7_cortexa9_0/standalone_ps7_cortexa9_0/bsp/system.mss
TRACE::2025-03-14.15:47:57::SCWMssOS::DEBUG:  swdes dump  C:/PXL/devWorks/devWorks2/CAR/HC_SR04/Vitis/HC_SR04/ps7_cortexa9_0/standalone_ps7_cortexa9_0/bsp/system.mss|system_0||
C:/PXL/devWorks/devWorks2/CAR/HC_SR04/Vitis/HC_SR04/zynq_fsbl/zynq_fsbl_bsp/system.mss|system||

TRACE::2025-03-14.15:47:57::SCWMssOS::Sw design exists and opened at  C:/PXL/devWorks/devWorks2/CAR/HC_SR04/Vitis/HC_SR04/ps7_cortexa9_0/standalone_ps7_cortexa9_0/bsp/system.mss
TRACE::2025-03-14.15:47:57::SCWPlatform::Trying to open the hw design at C:/PXL/devWorks/devWorks2/CAR/HC_SR04/Vitis/HC_SR04/hw/HC_SR04.xsa
TRACE::2025-03-14.15:47:57::SCWPlatform::DSA given C:/PXL/devWorks/devWorks2/CAR/HC_SR04/Vitis/HC_SR04/hw/HC_SR04.xsa
TRACE::2025-03-14.15:47:57::SCWPlatform::DSA absoulate path C:/PXL/devWorks/devWorks2/CAR/HC_SR04/Vitis/HC_SR04/hw/HC_SR04.xsa
TRACE::2025-03-14.15:47:57::SCWPlatform::DSA directory C:/PXL/devWorks/devWorks2/CAR/HC_SR04/Vitis/HC_SR04/hw
TRACE::2025-03-14.15:47:57::SCWPlatform:: Platform Path C:/PXL/devWorks/devWorks2/CAR/HC_SR04/Vitis/HC_SR04/hw/HC_SR04.xsa
TRACE::2025-03-14.15:47:57::SCWPlatform:: Unique name xilinx:pynq-z2::0.0
TRACE::2025-03-14.15:47:57::SCWPlatform::Trying to set the existing hwdb with name design_1_wrapper_0
TRACE::2025-03-14.15:47:57::SCWPlatform::Opened existing hwdb design_1_wrapper_0
TRACE::2025-03-14.15:47:57::SCWPlatform::Found the Hw Db part of the input DSA
TRACE::2025-03-14.15:47:57::SCWMssOS::Checking the sw design at  C:/PXL/devWorks/devWorks2/CAR/HC_SR04/Vitis/HC_SR04/ps7_cortexa9_0/standalone_ps7_cortexa9_0/bsp/system.mss
TRACE::2025-03-14.15:47:57::SCWMssOS::DEBUG:  swdes dump  C:/PXL/devWorks/devWorks2/CAR/HC_SR04/Vitis/HC_SR04/ps7_cortexa9_0/standalone_ps7_cortexa9_0/bsp/system.mss|system_0||
C:/PXL/devWorks/devWorks2/CAR/HC_SR04/Vitis/HC_SR04/zynq_fsbl/zynq_fsbl_bsp/system.mss|system||

TRACE::2025-03-14.15:47:57::SCWMssOS::Sw design exists and opened at  C:/PXL/devWorks/devWorks2/CAR/HC_SR04/Vitis/HC_SR04/ps7_cortexa9_0/standalone_ps7_cortexa9_0/bsp/system.mss
TRACE::2025-03-14.15:47:57::SCWPlatform::Trying to open the hw design at C:/PXL/devWorks/devWorks2/CAR/HC_SR04/Vitis/HC_SR04/hw/HC_SR04.xsa
TRACE::2025-03-14.15:47:57::SCWPlatform::DSA given C:/PXL/devWorks/devWorks2/CAR/HC_SR04/Vitis/HC_SR04/hw/HC_SR04.xsa
TRACE::2025-03-14.15:47:57::SCWPlatform::DSA absoulate path C:/PXL/devWorks/devWorks2/CAR/HC_SR04/Vitis/HC_SR04/hw/HC_SR04.xsa
TRACE::2025-03-14.15:47:57::SCWPlatform::DSA directory C:/PXL/devWorks/devWorks2/CAR/HC_SR04/Vitis/HC_SR04/hw
TRACE::2025-03-14.15:47:57::SCWPlatform:: Platform Path C:/PXL/devWorks/devWorks2/CAR/HC_SR04/Vitis/HC_SR04/hw/HC_SR04.xsa
TRACE::2025-03-14.15:47:57::SCWPlatform:: Unique name xilinx:pynq-z2::0.0
TRACE::2025-03-14.15:47:57::SCWPlatform::Trying to set the existing hwdb with name design_1_wrapper_0
TRACE::2025-03-14.15:47:57::SCWPlatform::Opened existing hwdb design_1_wrapper_0
TRACE::2025-03-14.15:47:57::SCWPlatform::Found the Hw Db part of the input DSA
TRACE::2025-03-14.15:47:57::SCWMssOS::Checking the sw design at  C:/PXL/devWorks/devWorks2/CAR/HC_SR04/Vitis/HC_SR04/ps7_cortexa9_0/standalone_ps7_cortexa9_0/bsp/system.mss
TRACE::2025-03-14.15:47:57::SCWMssOS::DEBUG:  swdes dump  C:/PXL/devWorks/devWorks2/CAR/HC_SR04/Vitis/HC_SR04/ps7_cortexa9_0/standalone_ps7_cortexa9_0/bsp/system.mss|system_0||
C:/PXL/devWorks/devWorks2/CAR/HC_SR04/Vitis/HC_SR04/zynq_fsbl/zynq_fsbl_bsp/system.mss|system||

TRACE::2025-03-14.15:47:57::SCWMssOS::Sw design exists and opened at  C:/PXL/devWorks/devWorks2/CAR/HC_SR04/Vitis/HC_SR04/ps7_cortexa9_0/standalone_ps7_cortexa9_0/bsp/system.mss
TRACE::2025-03-14.15:47:57::SCWWriter::formatted JSON is {
	"platformName":	"HC_SR04",
	"sprVersion":	"2.0",
	"mode":	"gui",
	"dsaType":	"Fixed",
	"platformDesc":	"HC_SR04",
	"platHandOff":	"C:/PXL/devWorks/devWorks2/CAR/HC_SR04/HC_SR04.xsa",
	"platIntHandOff":	"<platformDir>/hw/HC_SR04.xsa",
	"deviceType":	"zynq",
	"platIsPrebuiltAutogen":	"false",
	"platIsNoBootBsp":	"false",
	"platFsblTarget":	"ps7_cortexa9_0",
	"hasFsblMakeHasChanges":	"false",
	"hasPmufwMakeHasChanges":	"false",
	"fsblExtraCompilerFlags":	"-MMD -MP       -mcpu=cortex-a9 -mfpu=vfpv3 -mfloat-abi=hard ",
	"platPreBuiltFlag":	false,
	"platformSamplesDir":	"",
	"platActiveSys":	"HC_SR04",
	"systems":	[{
			"systemName":	"HC_SR04",
			"systemDesc":	"HC_SR04",
			"sysIsBootAutoGen":	"true",
			"systemDispName":	"HC_SR04",
			"sysActiveDom":	"standalone_ps7_cortexa9_0",
			"sysDefaultDom":	"standalone_ps7_cortexa9_0",
			"domains":	[{
					"domainName":	"zynq_fsbl",
					"domainDispName":	"zynq_fsbl",
					"domainDesc":	"FSBL Application BSP - Auto Generated.",
					"processors":	"ps7_cortexa9_0",
					"os":	"standalone",
					"sdxOs":	"standalone",
					"debugEnable":	"",
					"domRuntimes":	["cpp"],
					"swRepo":	"",
					"mssOsVer":	"9.1",
					"mssFile":	"",
					"md5Digest":	"ae658e95b1240de293e29e0c55d316dd",
					"compatibleApp":	"zynq_fsbl",
					"domType":	"bootDomain",
					"arch":	"32-bit",
					"appSettings":	{
						"appCompilerFlags":	"",
						"appLinkerFlags":	""
					},
					"addedLibs":	["xilffs:5.2", "xilrsa:1.8"],
					"libOptions":	{
						"libsContainingOptions":	[]
					},
					"prebuiltLibs":	{
						"prebuiltIncPath":	[],
						"prebuiltLibPath":	[]
					},
					"isolation":	{
					}
				}, {
					"domainName":	"standalone_ps7_cortexa9_0",
					"domainDispName":	"standalone_ps7_cortexa9_0",
					"domainDesc":	"standalone_ps7_cortexa9_0",
					"processors":	"ps7_cortexa9_0",
					"os":	"standalone",
					"sdxOs":	"standalone",
					"qemuArgs":	"<platformDir>/resources/HC_SR04/standalone_ps7_cortexa9_0/qemu_args.txt",
					"qemuData":	"<platformDir>/resources/HC_SR04/standalone_ps7_cortexa9_0/qemu",
					"debugEnable":	"False",
					"domRuntimes":	["cpp"],
					"swRepo":	"",
					"mssOsVer":	"9.1",
					"mssFile":	"",
					"md5Digest":	"decf39934d9cc24cccc491e678fcd076",
					"compatibleApp":	"hello_world",
					"domType":	"mssDomain",
					"arch":	"32-bit",
					"appSettings":	{
						"appCompilerFlags":	"",
						"appLinkerFlags":	""
					},
					"addedLibs":	[],
					"libOptions":	{
						"libsContainingOptions":	[]
					},
					"prebuiltLibs":	{
						"prebuiltIncPath":	[],
						"prebuiltLibPath":	[]
					},
					"isolation":	{
					}
				}]
		}]
}
KEYINFO::2025-03-14.15:47:57::SCWPlatform::updated the xpfm file.
TRACE::2025-03-14.15:47:57::SCWPlatform::Trying to open the hw design at C:/PXL/devWorks/devWorks2/CAR/HC_SR04/Vitis/HC_SR04/hw/HC_SR04.xsa
TRACE::2025-03-14.15:47:57::SCWPlatform::DSA given C:/PXL/devWorks/devWorks2/CAR/HC_SR04/Vitis/HC_SR04/hw/HC_SR04.xsa
TRACE::2025-03-14.15:47:57::SCWPlatform::DSA absoulate path C:/PXL/devWorks/devWorks2/CAR/HC_SR04/Vitis/HC_SR04/hw/HC_SR04.xsa
TRACE::2025-03-14.15:47:57::SCWPlatform::DSA directory C:/PXL/devWorks/devWorks2/CAR/HC_SR04/Vitis/HC_SR04/hw
TRACE::2025-03-14.15:47:57::SCWPlatform:: Platform Path C:/PXL/devWorks/devWorks2/CAR/HC_SR04/Vitis/HC_SR04/hw/HC_SR04.xsa
TRACE::2025-03-14.15:47:57::SCWPlatform:: Unique name xilinx:pynq-z2::0.0
TRACE::2025-03-14.15:47:57::SCWPlatform::Trying to set the existing hwdb with name design_1_wrapper_0
TRACE::2025-03-14.15:47:57::SCWPlatform::Opened existing hwdb design_1_wrapper_0
TRACE::2025-03-14.15:47:57::SCWPlatform::Found the Hw Db part of the input DSA
TRACE::2025-03-14.15:47:57::SCWMssOS::Checking the sw design at  C:/PXL/devWorks/devWorks2/CAR/HC_SR04/Vitis/HC_SR04/ps7_cortexa9_0/standalone_ps7_cortexa9_0/bsp/system.mss
TRACE::2025-03-14.15:47:57::SCWMssOS::DEBUG:  swdes dump  C:/PXL/devWorks/devWorks2/CAR/HC_SR04/Vitis/HC_SR04/ps7_cortexa9_0/standalone_ps7_cortexa9_0/bsp/system.mss|system_0||
C:/PXL/devWorks/devWorks2/CAR/HC_SR04/Vitis/HC_SR04/zynq_fsbl/zynq_fsbl_bsp/system.mss|system||

TRACE::2025-03-14.15:47:57::SCWMssOS::Sw design exists and opened at  C:/PXL/devWorks/devWorks2/CAR/HC_SR04/Vitis/HC_SR04/ps7_cortexa9_0/standalone_ps7_cortexa9_0/bsp/system.mss
