TRACE::2025-04-27.14:39:07::SCWPlatform::Trying to open the hw design at C:/PXL/devWorks/devWorks2/CAR/MotorcontrolSpeedsensor/Vitis/MotorcontrolSpeedsensor/hw/MotorcontrolSpeedsensor.xsa
TRACE::2025-04-27.14:39:07::SCWPlatform::DSA given C:/PXL/devWorks/devWorks2/CAR/MotorcontrolSpeedsensor/Vitis/MotorcontrolSpeedsensor/hw/MotorcontrolSpeedsensor.xsa
TRACE::2025-04-27.14:39:07::SCWPlatform::DSA absoulate path C:/PXL/devWorks/devWorks2/CAR/MotorcontrolSpeedsensor/Vitis/MotorcontrolSpeedsensor/hw/MotorcontrolSpeedsensor.xsa
TRACE::2025-04-27.14:39:07::SCWPlatform::DSA directory C:/PXL/devWorks/devWorks2/CAR/MotorcontrolSpeedsensor/Vitis/MotorcontrolSpeedsensor/hw
TRACE::2025-04-27.14:39:07::SCWPlatform:: Platform Path C:/PXL/devWorks/devWorks2/CAR/MotorcontrolSpeedsensor/Vitis/MotorcontrolSpeedsensor/hw/MotorcontrolSpeedsensor.xsa
TRACE::2025-04-27.14:39:07::SCWPlatform:: Unique name xilinx:pynq-z2::0.0
TRACE::2025-04-27.14:39:07::SCWPlatform::Do not have an existing db opened. 
TRACE::2025-04-27.14:39:10::SCWPlatform::Opened new HwDB with name design_1_wrapper_0
TRACE::2025-04-27.14:39:10::SCWWriter::formatted JSON is {
	"platformName":	"MotorcontrolSpeedsensor",
	"sprVersion":	"2.0",
	"mode":	"gui",
	"dsaType":	"Fixed",
	"platformDesc":	"MotorcontrolSpeedsensor",
	"platHandOff":	"C:/PXL/devWorks/devWorks2/CAR/MotorcontrolSpeedsensor/MotorcontrolSpeedsensor.xsa",
	"platIntHandOff":	"<platformDir>/hw/MotorcontrolSpeedsensor.xsa",
	"deviceType":	"zynq",
	"platIsPrebuiltAutogen":	"false",
	"platIsNoBootBsp":	"false",
	"hasFsblMakeHasChanges":	"false",
	"hasPmufwMakeHasChanges":	"false",
	"platPreBuiltFlag":	false,
	"platformSamplesDir":	""
}
TRACE::2025-04-27.14:39:10::SCWWriter::formatted JSON is {
	"platformName":	"MotorcontrolSpeedsensor",
	"sprVersion":	"2.0",
	"mode":	"gui",
	"dsaType":	"Fixed",
	"platformDesc":	"MotorcontrolSpeedsensor",
	"platHandOff":	"C:/PXL/devWorks/devWorks2/CAR/MotorcontrolSpeedsensor/MotorcontrolSpeedsensor.xsa",
	"platIntHandOff":	"<platformDir>/hw/MotorcontrolSpeedsensor.xsa",
	"deviceType":	"zynq",
	"platIsPrebuiltAutogen":	"false",
	"platIsNoBootBsp":	"false",
	"hasFsblMakeHasChanges":	"false",
	"hasPmufwMakeHasChanges":	"false",
	"platPreBuiltFlag":	false,
	"platformSamplesDir":	"",
	"platActiveSys":	"MotorcontrolSpeedsensor",
	"systems":	[{
			"systemName":	"MotorcontrolSpeedsensor",
			"systemDesc":	"MotorcontrolSpeedsensor",
			"sysIsBootAutoGen":	"true",
			"systemDispName":	"MotorcontrolSpeedsensor"
		}]
}
TRACE::2025-04-27.14:39:10::SCWPlatform::Boot application domains not present, creating them
TRACE::2025-04-27.14:39:10::SCWDomain::checking for install qemu data   : 
TRACE::2025-04-27.14:39:10::SCWDomain:: Using the QEMU Data from install at  : C:/Xilinx/Vitis/2024.1/data/emulation/platforms/zynq/sw/a9_standalone/qemu/
TRACE::2025-04-27.14:39:10::SCWDomain:: Using the QEMU args  from install at  : C:/Xilinx/Vitis/2024.1/data/emulation/platforms/zynq/sw/a9_standalone/qemu/qemu_args.txt
TRACE::2025-04-27.14:39:10::SCWPlatform::Trying to open the hw design at C:/PXL/devWorks/devWorks2/CAR/MotorcontrolSpeedsensor/Vitis/MotorcontrolSpeedsensor/hw/MotorcontrolSpeedsensor.xsa
TRACE::2025-04-27.14:39:10::SCWPlatform::DSA given C:/PXL/devWorks/devWorks2/CAR/MotorcontrolSpeedsensor/Vitis/MotorcontrolSpeedsensor/hw/MotorcontrolSpeedsensor.xsa
TRACE::2025-04-27.14:39:10::SCWPlatform::DSA absoulate path C:/PXL/devWorks/devWorks2/CAR/MotorcontrolSpeedsensor/Vitis/MotorcontrolSpeedsensor/hw/MotorcontrolSpeedsensor.xsa
TRACE::2025-04-27.14:39:10::SCWPlatform::DSA directory C:/PXL/devWorks/devWorks2/CAR/MotorcontrolSpeedsensor/Vitis/MotorcontrolSpeedsensor/hw
TRACE::2025-04-27.14:39:10::SCWPlatform:: Platform Path C:/PXL/devWorks/devWorks2/CAR/MotorcontrolSpeedsensor/Vitis/MotorcontrolSpeedsensor/hw/MotorcontrolSpeedsensor.xsa
TRACE::2025-04-27.14:39:10::SCWPlatform:: Unique name xilinx:pynq-z2::0.0
TRACE::2025-04-27.14:39:10::SCWPlatform::Trying to set the existing hwdb with name design_1_wrapper_0
TRACE::2025-04-27.14:39:10::SCWPlatform::Opened existing hwdb design_1_wrapper_0
TRACE::2025-04-27.14:39:10::SCWPlatform::Found the Hw Db part of the input DSA
TRACE::2025-04-27.14:39:10::SCWPlatform::Trying to open the hw design at C:/PXL/devWorks/devWorks2/CAR/MotorcontrolSpeedsensor/Vitis/MotorcontrolSpeedsensor/hw/MotorcontrolSpeedsensor.xsa
TRACE::2025-04-27.14:39:10::SCWPlatform::DSA given C:/PXL/devWorks/devWorks2/CAR/MotorcontrolSpeedsensor/Vitis/MotorcontrolSpeedsensor/hw/MotorcontrolSpeedsensor.xsa
TRACE::2025-04-27.14:39:10::SCWPlatform::DSA absoulate path C:/PXL/devWorks/devWorks2/CAR/MotorcontrolSpeedsensor/Vitis/MotorcontrolSpeedsensor/hw/MotorcontrolSpeedsensor.xsa
TRACE::2025-04-27.14:39:10::SCWPlatform::DSA directory C:/PXL/devWorks/devWorks2/CAR/MotorcontrolSpeedsensor/Vitis/MotorcontrolSpeedsensor/hw
TRACE::2025-04-27.14:39:10::SCWPlatform:: Platform Path C:/PXL/devWorks/devWorks2/CAR/MotorcontrolSpeedsensor/Vitis/MotorcontrolSpeedsensor/hw/MotorcontrolSpeedsensor.xsa
TRACE::2025-04-27.14:39:10::SCWPlatform:: Unique name xilinx:pynq-z2::0.0
TRACE::2025-04-27.14:39:10::SCWPlatform::Trying to set the existing hwdb with name design_1_wrapper_0
TRACE::2025-04-27.14:39:10::SCWPlatform::Opened existing hwdb design_1_wrapper_0
TRACE::2025-04-27.14:39:10::SCWPlatform::Found the Hw Db part of the input DSA
TRACE::2025-04-27.14:39:10::SCWPlatform::Trying to open the hw design at C:/PXL/devWorks/devWorks2/CAR/MotorcontrolSpeedsensor/Vitis/MotorcontrolSpeedsensor/hw/MotorcontrolSpeedsensor.xsa
TRACE::2025-04-27.14:39:10::SCWPlatform::DSA given C:/PXL/devWorks/devWorks2/CAR/MotorcontrolSpeedsensor/Vitis/MotorcontrolSpeedsensor/hw/MotorcontrolSpeedsensor.xsa
TRACE::2025-04-27.14:39:10::SCWPlatform::DSA absoulate path C:/PXL/devWorks/devWorks2/CAR/MotorcontrolSpeedsensor/Vitis/MotorcontrolSpeedsensor/hw/MotorcontrolSpeedsensor.xsa
TRACE::2025-04-27.14:39:10::SCWPlatform::DSA directory C:/PXL/devWorks/devWorks2/CAR/MotorcontrolSpeedsensor/Vitis/MotorcontrolSpeedsensor/hw
TRACE::2025-04-27.14:39:10::SCWPlatform:: Platform Path C:/PXL/devWorks/devWorks2/CAR/MotorcontrolSpeedsensor/Vitis/MotorcontrolSpeedsensor/hw/MotorcontrolSpeedsensor.xsa
TRACE::2025-04-27.14:39:10::SCWPlatform:: Unique name xilinx:pynq-z2::0.0
TRACE::2025-04-27.14:39:10::SCWPlatform::Trying to set the existing hwdb with name design_1_wrapper_0
TRACE::2025-04-27.14:39:10::SCWPlatform::Opened existing hwdb design_1_wrapper_0
TRACE::2025-04-27.14:39:10::SCWPlatform::Found the Hw Db part of the input DSA
TRACE::2025-04-27.14:39:10::SCWPlatform::Boot application domain added for zynq_fsbl
TRACE::2025-04-27.14:39:10::SCWPlatform::Generating the sources  .
TRACE::2025-04-27.14:39:10::SCWBDomain::Generating boot domain sources.
TRACE::2025-04-27.14:39:10::SCWBDomain:: Generating the zynq_fsbl Application.
TRACE::2025-04-27.14:39:10::SCWPlatform::Trying to open the hw design at C:/PXL/devWorks/devWorks2/CAR/MotorcontrolSpeedsensor/Vitis/MotorcontrolSpeedsensor/hw/MotorcontrolSpeedsensor.xsa
TRACE::2025-04-27.14:39:10::SCWPlatform::DSA given C:/PXL/devWorks/devWorks2/CAR/MotorcontrolSpeedsensor/Vitis/MotorcontrolSpeedsensor/hw/MotorcontrolSpeedsensor.xsa
TRACE::2025-04-27.14:39:10::SCWPlatform::DSA absoulate path C:/PXL/devWorks/devWorks2/CAR/MotorcontrolSpeedsensor/Vitis/MotorcontrolSpeedsensor/hw/MotorcontrolSpeedsensor.xsa
TRACE::2025-04-27.14:39:10::SCWPlatform::DSA directory C:/PXL/devWorks/devWorks2/CAR/MotorcontrolSpeedsensor/Vitis/MotorcontrolSpeedsensor/hw
TRACE::2025-04-27.14:39:10::SCWPlatform:: Platform Path C:/PXL/devWorks/devWorks2/CAR/MotorcontrolSpeedsensor/Vitis/MotorcontrolSpeedsensor/hw/MotorcontrolSpeedsensor.xsa
TRACE::2025-04-27.14:39:10::SCWPlatform:: Unique name xilinx:pynq-z2::0.0
TRACE::2025-04-27.14:39:10::SCWPlatform::Trying to set the existing hwdb with name design_1_wrapper_0
TRACE::2025-04-27.14:39:10::SCWPlatform::Opened existing hwdb design_1_wrapper_0
TRACE::2025-04-27.14:39:10::SCWPlatform::Found the Hw Db part of the input DSA
TRACE::2025-04-27.14:39:10::SCWMssOS::Checking the sw design at  C:/PXL/devWorks/devWorks2/CAR/MotorcontrolSpeedsensor/Vitis/MotorcontrolSpeedsensor/zynq_fsbl/zynq_fsbl_bsp/system.mss
TRACE::2025-04-27.14:39:10::SCWMssOS::DEBUG:  swdes dump  
TRACE::2025-04-27.14:39:10::SCWMssOS::No sw design opened at  C:/PXL/devWorks/devWorks2/CAR/MotorcontrolSpeedsensor/Vitis/MotorcontrolSpeedsensor/zynq_fsbl/zynq_fsbl_bsp/system.mss
TRACE::2025-04-27.14:39:10::SCWMssOS::mss does not exists at C:/PXL/devWorks/devWorks2/CAR/MotorcontrolSpeedsensor/Vitis/MotorcontrolSpeedsensor/zynq_fsbl/zynq_fsbl_bsp/system.mss
TRACE::2025-04-27.14:39:10::SCWMssOS::Creating sw design at  C:/PXL/devWorks/devWorks2/CAR/MotorcontrolSpeedsensor/Vitis/MotorcontrolSpeedsensor/zynq_fsbl/zynq_fsbl_bsp/system.mss
TRACE::2025-04-27.14:39:10::SCWMssOS::Adding the swdes entry, created swdb C:/PXL/devWorks/devWorks2/CAR/MotorcontrolSpeedsensor/Vitis/MotorcontrolSpeedsensor/zynq_fsbl/zynq_fsbl_bsp/system.mss with des name C:/PXL/devWorks/devWorks2/CAR/MotorcontrolSpeedsensor/Vitis/MotorcontrolSpeedsensor/zynq_fsbl/zynq_fsbl_bsp/system.mss
TRACE::2025-04-27.14:39:10::SCWMssOS::updating the scw layer changes to swdes at   C:/PXL/devWorks/devWorks2/CAR/MotorcontrolSpeedsensor/Vitis/MotorcontrolSpeedsensor/zynq_fsbl/zynq_fsbl_bsp/system.mss
TRACE::2025-04-27.14:39:10::SCWMssOS::Writing mss at C:/PXL/devWorks/devWorks2/CAR/MotorcontrolSpeedsensor/Vitis/MotorcontrolSpeedsensor/zynq_fsbl/zynq_fsbl_bsp/system.mss
TRACE::2025-04-27.14:39:10::SCWMssOS::Completed writing the mss file at C:/PXL/devWorks/devWorks2/CAR/MotorcontrolSpeedsensor/Vitis/MotorcontrolSpeedsensor/zynq_fsbl/zynq_fsbl_bsp
TRACE::2025-04-27.14:39:10::SCWMssOS::Picking up changes from newly written mss file into SCW Layer. 
TRACE::2025-04-27.14:39:10::SCWMssOS::Updated the changes from newly written mss file into SCW Layer. 
TRACE::2025-04-27.14:39:10::SCWBDomain::Completed writing the mss file at C:/PXL/devWorks/devWorks2/CAR/MotorcontrolSpeedsensor/Vitis/MotorcontrolSpeedsensor/zynq_fsbl/zynq_fsbl_bsp
TRACE::2025-04-27.14:39:20::SCWPlatform::Generating sources Done.
TRACE::2025-04-27.14:39:20::SCWPlatform::Trying to open the hw design at C:/PXL/devWorks/devWorks2/CAR/MotorcontrolSpeedsensor/Vitis/MotorcontrolSpeedsensor/hw/MotorcontrolSpeedsensor.xsa
TRACE::2025-04-27.14:39:20::SCWPlatform::DSA given C:/PXL/devWorks/devWorks2/CAR/MotorcontrolSpeedsensor/Vitis/MotorcontrolSpeedsensor/hw/MotorcontrolSpeedsensor.xsa
TRACE::2025-04-27.14:39:20::SCWPlatform::DSA absoulate path C:/PXL/devWorks/devWorks2/CAR/MotorcontrolSpeedsensor/Vitis/MotorcontrolSpeedsensor/hw/MotorcontrolSpeedsensor.xsa
TRACE::2025-04-27.14:39:20::SCWPlatform::DSA directory C:/PXL/devWorks/devWorks2/CAR/MotorcontrolSpeedsensor/Vitis/MotorcontrolSpeedsensor/hw
TRACE::2025-04-27.14:39:20::SCWPlatform:: Platform Path C:/PXL/devWorks/devWorks2/CAR/MotorcontrolSpeedsensor/Vitis/MotorcontrolSpeedsensor/hw/MotorcontrolSpeedsensor.xsa
TRACE::2025-04-27.14:39:20::SCWPlatform:: Unique name xilinx:pynq-z2::0.0
TRACE::2025-04-27.14:39:20::SCWPlatform::Trying to set the existing hwdb with name design_1_wrapper_0
TRACE::2025-04-27.14:39:20::SCWPlatform::Opened existing hwdb design_1_wrapper_0
TRACE::2025-04-27.14:39:20::SCWPlatform::Found the Hw Db part of the input DSA
TRACE::2025-04-27.14:39:20::SCWMssOS::Checking the sw design at  C:/PXL/devWorks/devWorks2/CAR/MotorcontrolSpeedsensor/Vitis/MotorcontrolSpeedsensor/zynq_fsbl/zynq_fsbl_bsp/system.mss
TRACE::2025-04-27.14:39:20::SCWMssOS::DEBUG:  swdes dump  
TRACE::2025-04-27.14:39:20::SCWMssOS::No sw design opened at  C:/PXL/devWorks/devWorks2/CAR/MotorcontrolSpeedsensor/Vitis/MotorcontrolSpeedsensor/zynq_fsbl/zynq_fsbl_bsp/system.mss
TRACE::2025-04-27.14:39:20::SCWMssOS::mss exists loading the mss file  C:/PXL/devWorks/devWorks2/CAR/MotorcontrolSpeedsensor/Vitis/MotorcontrolSpeedsensor/zynq_fsbl/zynq_fsbl_bsp/system.mss
TRACE::2025-04-27.14:39:20::SCWMssOS::Opened the sw design from mss  C:/PXL/devWorks/devWorks2/CAR/MotorcontrolSpeedsensor/Vitis/MotorcontrolSpeedsensor/zynq_fsbl/zynq_fsbl_bsp/system.mss
TRACE::2025-04-27.14:39:20::SCWMssOS::Adding the swdes entry C:/PXL/devWorks/devWorks2/CAR/MotorcontrolSpeedsensor/Vitis/MotorcontrolSpeedsensor/zynq_fsbl/zynq_fsbl_bsp/system.mss with des name system
TRACE::2025-04-27.14:39:20::SCWMssOS::updating the scw layer about changes
TRACE::2025-04-27.14:39:20::SCWMssOS::Opened the sw design.  C:/PXL/devWorks/devWorks2/CAR/MotorcontrolSpeedsensor/Vitis/MotorcontrolSpeedsensor/zynq_fsbl/zynq_fsbl_bsp/system.mss
TRACE::2025-04-27.14:39:20::SCWMssOS::Saving the mss changes C:/PXL/devWorks/devWorks2/CAR/MotorcontrolSpeedsensor/Vitis/MotorcontrolSpeedsensor/zynq_fsbl/zynq_fsbl_bsp/system.mss
TRACE::2025-04-27.14:39:20::SCWMssOS::Found a swdesign opened with the mssfile.
TRACE::2025-04-27.14:39:20::SCWMssOS::Completed writemss as part of save.
TRACE::2025-04-27.14:39:20::SCWMssOS::Commit changes completed.
TRACE::2025-04-27.14:39:20::SCWPlatform::Trying to open the hw design at C:/PXL/devWorks/devWorks2/CAR/MotorcontrolSpeedsensor/Vitis/MotorcontrolSpeedsensor/hw/MotorcontrolSpeedsensor.xsa
TRACE::2025-04-27.14:39:20::SCWPlatform::DSA given C:/PXL/devWorks/devWorks2/CAR/MotorcontrolSpeedsensor/Vitis/MotorcontrolSpeedsensor/hw/MotorcontrolSpeedsensor.xsa
TRACE::2025-04-27.14:39:20::SCWPlatform::DSA absoulate path C:/PXL/devWorks/devWorks2/CAR/MotorcontrolSpeedsensor/Vitis/MotorcontrolSpeedsensor/hw/MotorcontrolSpeedsensor.xsa
TRACE::2025-04-27.14:39:20::SCWPlatform::DSA directory C:/PXL/devWorks/devWorks2/CAR/MotorcontrolSpeedsensor/Vitis/MotorcontrolSpeedsensor/hw
TRACE::2025-04-27.14:39:21::SCWPlatform:: Platform Path C:/PXL/devWorks/devWorks2/CAR/MotorcontrolSpeedsensor/Vitis/MotorcontrolSpeedsensor/hw/MotorcontrolSpeedsensor.xsa
TRACE::2025-04-27.14:39:21::SCWPlatform:: Unique name xilinx:pynq-z2::0.0
TRACE::2025-04-27.14:39:21::SCWPlatform::Trying to set the existing hwdb with name design_1_wrapper_0
TRACE::2025-04-27.14:39:21::SCWPlatform::Opened existing hwdb design_1_wrapper_0
TRACE::2025-04-27.14:39:21::SCWPlatform::Found the Hw Db part of the input DSA
TRACE::2025-04-27.14:39:21::SCWMssOS::Checking the sw design at  C:/PXL/devWorks/devWorks2/CAR/MotorcontrolSpeedsensor/Vitis/MotorcontrolSpeedsensor/zynq_fsbl/zynq_fsbl_bsp/system.mss
TRACE::2025-04-27.14:39:21::SCWMssOS::DEBUG:  swdes dump  C:/PXL/devWorks/devWorks2/CAR/MotorcontrolSpeedsensor/Vitis/MotorcontrolSpeedsensor/zynq_fsbl/zynq_fsbl_bsp/system.mss|system||

TRACE::2025-04-27.14:39:21::SCWMssOS::Sw design exists and opened at  C:/PXL/devWorks/devWorks2/CAR/MotorcontrolSpeedsensor/Vitis/MotorcontrolSpeedsensor/zynq_fsbl/zynq_fsbl_bsp/system.mss
TRACE::2025-04-27.14:39:21::SCWPlatform::Trying to open the hw design at C:/PXL/devWorks/devWorks2/CAR/MotorcontrolSpeedsensor/Vitis/MotorcontrolSpeedsensor/hw/MotorcontrolSpeedsensor.xsa
TRACE::2025-04-27.14:39:21::SCWPlatform::DSA given C:/PXL/devWorks/devWorks2/CAR/MotorcontrolSpeedsensor/Vitis/MotorcontrolSpeedsensor/hw/MotorcontrolSpeedsensor.xsa
TRACE::2025-04-27.14:39:21::SCWPlatform::DSA absoulate path C:/PXL/devWorks/devWorks2/CAR/MotorcontrolSpeedsensor/Vitis/MotorcontrolSpeedsensor/hw/MotorcontrolSpeedsensor.xsa
TRACE::2025-04-27.14:39:21::SCWPlatform::DSA directory C:/PXL/devWorks/devWorks2/CAR/MotorcontrolSpeedsensor/Vitis/MotorcontrolSpeedsensor/hw
TRACE::2025-04-27.14:39:21::SCWPlatform:: Platform Path C:/PXL/devWorks/devWorks2/CAR/MotorcontrolSpeedsensor/Vitis/MotorcontrolSpeedsensor/hw/MotorcontrolSpeedsensor.xsa
TRACE::2025-04-27.14:39:21::SCWPlatform:: Unique name xilinx:pynq-z2::0.0
TRACE::2025-04-27.14:39:21::SCWPlatform::Trying to set the existing hwdb with name design_1_wrapper_0
TRACE::2025-04-27.14:39:21::SCWPlatform::Opened existing hwdb design_1_wrapper_0
TRACE::2025-04-27.14:39:21::SCWPlatform::Found the Hw Db part of the input DSA
TRACE::2025-04-27.14:39:21::SCWMssOS::Checking the sw design at  C:/PXL/devWorks/devWorks2/CAR/MotorcontrolSpeedsensor/Vitis/MotorcontrolSpeedsensor/zynq_fsbl/zynq_fsbl_bsp/system.mss
TRACE::2025-04-27.14:39:21::SCWMssOS::DEBUG:  swdes dump  C:/PXL/devWorks/devWorks2/CAR/MotorcontrolSpeedsensor/Vitis/MotorcontrolSpeedsensor/zynq_fsbl/zynq_fsbl_bsp/system.mss|system||

TRACE::2025-04-27.14:39:21::SCWMssOS::Sw design exists and opened at  C:/PXL/devWorks/devWorks2/CAR/MotorcontrolSpeedsensor/Vitis/MotorcontrolSpeedsensor/zynq_fsbl/zynq_fsbl_bsp/system.mss
TRACE::2025-04-27.14:39:21::SCWPlatform::Trying to open the hw design at C:/PXL/devWorks/devWorks2/CAR/MotorcontrolSpeedsensor/Vitis/MotorcontrolSpeedsensor/hw/MotorcontrolSpeedsensor.xsa
TRACE::2025-04-27.14:39:21::SCWPlatform::DSA given C:/PXL/devWorks/devWorks2/CAR/MotorcontrolSpeedsensor/Vitis/MotorcontrolSpeedsensor/hw/MotorcontrolSpeedsensor.xsa
TRACE::2025-04-27.14:39:21::SCWPlatform::DSA absoulate path C:/PXL/devWorks/devWorks2/CAR/MotorcontrolSpeedsensor/Vitis/MotorcontrolSpeedsensor/hw/MotorcontrolSpeedsensor.xsa
TRACE::2025-04-27.14:39:21::SCWPlatform::DSA directory C:/PXL/devWorks/devWorks2/CAR/MotorcontrolSpeedsensor/Vitis/MotorcontrolSpeedsensor/hw
TRACE::2025-04-27.14:39:21::SCWPlatform:: Platform Path C:/PXL/devWorks/devWorks2/CAR/MotorcontrolSpeedsensor/Vitis/MotorcontrolSpeedsensor/hw/MotorcontrolSpeedsensor.xsa
TRACE::2025-04-27.14:39:21::SCWPlatform:: Unique name xilinx:pynq-z2::0.0
TRACE::2025-04-27.14:39:21::SCWPlatform::Trying to set the existing hwdb with name design_1_wrapper_0
TRACE::2025-04-27.14:39:21::SCWPlatform::Opened existing hwdb design_1_wrapper_0
TRACE::2025-04-27.14:39:21::SCWPlatform::Found the Hw Db part of the input DSA
TRACE::2025-04-27.14:39:21::SCWMssOS::Checking the sw design at  C:/PXL/devWorks/devWorks2/CAR/MotorcontrolSpeedsensor/Vitis/MotorcontrolSpeedsensor/zynq_fsbl/zynq_fsbl_bsp/system.mss
TRACE::2025-04-27.14:39:21::SCWMssOS::DEBUG:  swdes dump  C:/PXL/devWorks/devWorks2/CAR/MotorcontrolSpeedsensor/Vitis/MotorcontrolSpeedsensor/zynq_fsbl/zynq_fsbl_bsp/system.mss|system||

TRACE::2025-04-27.14:39:21::SCWMssOS::Sw design exists and opened at  C:/PXL/devWorks/devWorks2/CAR/MotorcontrolSpeedsensor/Vitis/MotorcontrolSpeedsensor/zynq_fsbl/zynq_fsbl_bsp/system.mss
TRACE::2025-04-27.14:39:21::SCWWriter::formatted JSON is {
	"platformName":	"MotorcontrolSpeedsensor",
	"sprVersion":	"2.0",
	"mode":	"gui",
	"dsaType":	"Fixed",
	"platformDesc":	"MotorcontrolSpeedsensor",
	"platHandOff":	"C:/PXL/devWorks/devWorks2/CAR/MotorcontrolSpeedsensor/MotorcontrolSpeedsensor.xsa",
	"platIntHandOff":	"<platformDir>/hw/MotorcontrolSpeedsensor.xsa",
	"deviceType":	"zynq",
	"platIsPrebuiltAutogen":	"false",
	"platIsNoBootBsp":	"false",
	"platFsblTarget":	"ps7_cortexa9_0",
	"hasFsblMakeHasChanges":	"false",
	"hasPmufwMakeHasChanges":	"false",
	"fsblExtraCompilerFlags":	"-MMD -MP       -mcpu=cortex-a9 -mfpu=vfpv3 -mfloat-abi=hard ",
	"platPreBuiltFlag":	false,
	"platformSamplesDir":	"",
	"platActiveSys":	"MotorcontrolSpeedsensor",
	"systems":	[{
			"systemName":	"MotorcontrolSpeedsensor",
			"systemDesc":	"MotorcontrolSpeedsensor",
			"sysIsBootAutoGen":	"true",
			"systemDispName":	"MotorcontrolSpeedsensor",
			"sysActiveDom":	"zynq_fsbl",
			"sysDefaultDom":	"",
			"domains":	[{
					"domainName":	"zynq_fsbl",
					"domainDispName":	"zynq_fsbl",
					"domainDesc":	"FSBL Application BSP - Auto Generated.",
					"processors":	"ps7_cortexa9_0",
					"os":	"standalone",
					"sdxOs":	"standalone",
					"debugEnable":	"",
					"domRuntimes":	["cpp"],
					"swRepo":	"",
					"mssOsVer":	"9.1",
					"mssFile":	"",
					"md5Digest":	"dc8c56426ec9221d3af29f72af58266e",
					"compatibleApp":	"zynq_fsbl",
					"domType":	"bootDomain",
					"arch":	"32-bit",
					"appSettings":	{
						"appCompilerFlags":	"",
						"appLinkerFlags":	""
					},
					"addedLibs":	["xilffs:5.2", "xilrsa:1.8"],
					"libOptions":	{
						"libsContainingOptions":	[]
					},
					"prebuiltLibs":	{
						"prebuiltIncPath":	[],
						"prebuiltLibPath":	[]
					},
					"isolation":	{
					}
				}]
		}]
}
TRACE::2025-04-27.14:39:21::SCWMssOS::Saving the mss changes C:/PXL/devWorks/devWorks2/CAR/MotorcontrolSpeedsensor/Vitis/MotorcontrolSpeedsensor/zynq_fsbl/zynq_fsbl_bsp/system.mss
TRACE::2025-04-27.14:39:21::SCWMssOS::Found a swdesign opened with the mssfile.
TRACE::2025-04-27.14:39:21::SCWMssOS::Completed writemss as part of save.
TRACE::2025-04-27.14:39:21::SCWMssOS::Commit changes completed.
TRACE::2025-04-27.14:39:21::SCWPlatform::Trying to open the hw design at C:/PXL/devWorks/devWorks2/CAR/MotorcontrolSpeedsensor/Vitis/MotorcontrolSpeedsensor/hw/MotorcontrolSpeedsensor.xsa
TRACE::2025-04-27.14:39:21::SCWPlatform::DSA given C:/PXL/devWorks/devWorks2/CAR/MotorcontrolSpeedsensor/Vitis/MotorcontrolSpeedsensor/hw/MotorcontrolSpeedsensor.xsa
TRACE::2025-04-27.14:39:21::SCWPlatform::DSA absoulate path C:/PXL/devWorks/devWorks2/CAR/MotorcontrolSpeedsensor/Vitis/MotorcontrolSpeedsensor/hw/MotorcontrolSpeedsensor.xsa
TRACE::2025-04-27.14:39:21::SCWPlatform::DSA directory C:/PXL/devWorks/devWorks2/CAR/MotorcontrolSpeedsensor/Vitis/MotorcontrolSpeedsensor/hw
TRACE::2025-04-27.14:39:21::SCWPlatform:: Platform Path C:/PXL/devWorks/devWorks2/CAR/MotorcontrolSpeedsensor/Vitis/MotorcontrolSpeedsensor/hw/MotorcontrolSpeedsensor.xsa
TRACE::2025-04-27.14:39:21::SCWPlatform:: Unique name xilinx:pynq-z2::0.0
TRACE::2025-04-27.14:39:21::SCWPlatform::Trying to set the existing hwdb with name design_1_wrapper_0
TRACE::2025-04-27.14:39:21::SCWPlatform::Opened existing hwdb design_1_wrapper_0
TRACE::2025-04-27.14:39:21::SCWPlatform::Found the Hw Db part of the input DSA
TRACE::2025-04-27.14:39:21::SCWMssOS::Checking the sw design at  C:/PXL/devWorks/devWorks2/CAR/MotorcontrolSpeedsensor/Vitis/MotorcontrolSpeedsensor/zynq_fsbl/zynq_fsbl_bsp/system.mss
TRACE::2025-04-27.14:39:21::SCWMssOS::DEBUG:  swdes dump  C:/PXL/devWorks/devWorks2/CAR/MotorcontrolSpeedsensor/Vitis/MotorcontrolSpeedsensor/zynq_fsbl/zynq_fsbl_bsp/system.mss|system||

TRACE::2025-04-27.14:39:21::SCWMssOS::Sw design exists and opened at  C:/PXL/devWorks/devWorks2/CAR/MotorcontrolSpeedsensor/Vitis/MotorcontrolSpeedsensor/zynq_fsbl/zynq_fsbl_bsp/system.mss
TRACE::2025-04-27.14:39:21::SCWPlatform::Trying to open the hw design at C:/PXL/devWorks/devWorks2/CAR/MotorcontrolSpeedsensor/Vitis/MotorcontrolSpeedsensor/hw/MotorcontrolSpeedsensor.xsa
TRACE::2025-04-27.14:39:21::SCWPlatform::DSA given C:/PXL/devWorks/devWorks2/CAR/MotorcontrolSpeedsensor/Vitis/MotorcontrolSpeedsensor/hw/MotorcontrolSpeedsensor.xsa
TRACE::2025-04-27.14:39:21::SCWPlatform::DSA absoulate path C:/PXL/devWorks/devWorks2/CAR/MotorcontrolSpeedsensor/Vitis/MotorcontrolSpeedsensor/hw/MotorcontrolSpeedsensor.xsa
TRACE::2025-04-27.14:39:21::SCWPlatform::DSA directory C:/PXL/devWorks/devWorks2/CAR/MotorcontrolSpeedsensor/Vitis/MotorcontrolSpeedsensor/hw
TRACE::2025-04-27.14:39:21::SCWPlatform:: Platform Path C:/PXL/devWorks/devWorks2/CAR/MotorcontrolSpeedsensor/Vitis/MotorcontrolSpeedsensor/hw/MotorcontrolSpeedsensor.xsa
TRACE::2025-04-27.14:39:21::SCWPlatform:: Unique name xilinx:pynq-z2::0.0
TRACE::2025-04-27.14:39:21::SCWPlatform::Trying to set the existing hwdb with name design_1_wrapper_0
TRACE::2025-04-27.14:39:21::SCWPlatform::Opened existing hwdb design_1_wrapper_0
TRACE::2025-04-27.14:39:21::SCWPlatform::Found the Hw Db part of the input DSA
TRACE::2025-04-27.14:39:21::SCWMssOS::Checking the sw design at  C:/PXL/devWorks/devWorks2/CAR/MotorcontrolSpeedsensor/Vitis/MotorcontrolSpeedsensor/zynq_fsbl/zynq_fsbl_bsp/system.mss
TRACE::2025-04-27.14:39:21::SCWMssOS::DEBUG:  swdes dump  C:/PXL/devWorks/devWorks2/CAR/MotorcontrolSpeedsensor/Vitis/MotorcontrolSpeedsensor/zynq_fsbl/zynq_fsbl_bsp/system.mss|system||

TRACE::2025-04-27.14:39:21::SCWMssOS::Sw design exists and opened at  C:/PXL/devWorks/devWorks2/CAR/MotorcontrolSpeedsensor/Vitis/MotorcontrolSpeedsensor/zynq_fsbl/zynq_fsbl_bsp/system.mss
TRACE::2025-04-27.14:39:21::SCWPlatform::Trying to open the hw design at C:/PXL/devWorks/devWorks2/CAR/MotorcontrolSpeedsensor/Vitis/MotorcontrolSpeedsensor/hw/MotorcontrolSpeedsensor.xsa
TRACE::2025-04-27.14:39:21::SCWPlatform::DSA given C:/PXL/devWorks/devWorks2/CAR/MotorcontrolSpeedsensor/Vitis/MotorcontrolSpeedsensor/hw/MotorcontrolSpeedsensor.xsa
TRACE::2025-04-27.14:39:21::SCWPlatform::DSA absoulate path C:/PXL/devWorks/devWorks2/CAR/MotorcontrolSpeedsensor/Vitis/MotorcontrolSpeedsensor/hw/MotorcontrolSpeedsensor.xsa
TRACE::2025-04-27.14:39:21::SCWPlatform::DSA directory C:/PXL/devWorks/devWorks2/CAR/MotorcontrolSpeedsensor/Vitis/MotorcontrolSpeedsensor/hw
TRACE::2025-04-27.14:39:21::SCWPlatform:: Platform Path C:/PXL/devWorks/devWorks2/CAR/MotorcontrolSpeedsensor/Vitis/MotorcontrolSpeedsensor/hw/MotorcontrolSpeedsensor.xsa
TRACE::2025-04-27.14:39:21::SCWPlatform:: Unique name xilinx:pynq-z2::0.0
TRACE::2025-04-27.14:39:21::SCWPlatform::Trying to set the existing hwdb with name design_1_wrapper_0
TRACE::2025-04-27.14:39:21::SCWPlatform::Opened existing hwdb design_1_wrapper_0
TRACE::2025-04-27.14:39:21::SCWPlatform::Found the Hw Db part of the input DSA
TRACE::2025-04-27.14:39:21::SCWMssOS::Checking the sw design at  C:/PXL/devWorks/devWorks2/CAR/MotorcontrolSpeedsensor/Vitis/MotorcontrolSpeedsensor/zynq_fsbl/zynq_fsbl_bsp/system.mss
TRACE::2025-04-27.14:39:21::SCWMssOS::DEBUG:  swdes dump  C:/PXL/devWorks/devWorks2/CAR/MotorcontrolSpeedsensor/Vitis/MotorcontrolSpeedsensor/zynq_fsbl/zynq_fsbl_bsp/system.mss|system||

TRACE::2025-04-27.14:39:21::SCWMssOS::Sw design exists and opened at  C:/PXL/devWorks/devWorks2/CAR/MotorcontrolSpeedsensor/Vitis/MotorcontrolSpeedsensor/zynq_fsbl/zynq_fsbl_bsp/system.mss
TRACE::2025-04-27.14:39:21::SCWWriter::formatted JSON is {
	"platformName":	"MotorcontrolSpeedsensor",
	"sprVersion":	"2.0",
	"mode":	"gui",
	"dsaType":	"Fixed",
	"platformDesc":	"MotorcontrolSpeedsensor",
	"platHandOff":	"C:/PXL/devWorks/devWorks2/CAR/MotorcontrolSpeedsensor/MotorcontrolSpeedsensor.xsa",
	"platIntHandOff":	"<platformDir>/hw/MotorcontrolSpeedsensor.xsa",
	"deviceType":	"zynq",
	"platIsPrebuiltAutogen":	"false",
	"platIsNoBootBsp":	"false",
	"platFsblTarget":	"ps7_cortexa9_0",
	"hasFsblMakeHasChanges":	"false",
	"hasPmufwMakeHasChanges":	"false",
	"fsblExtraCompilerFlags":	"-MMD -MP       -mcpu=cortex-a9 -mfpu=vfpv3 -mfloat-abi=hard ",
	"platPreBuiltFlag":	false,
	"platformSamplesDir":	"",
	"platActiveSys":	"MotorcontrolSpeedsensor",
	"systems":	[{
			"systemName":	"MotorcontrolSpeedsensor",
			"systemDesc":	"MotorcontrolSpeedsensor",
			"sysIsBootAutoGen":	"true",
			"systemDispName":	"MotorcontrolSpeedsensor",
			"sysActiveDom":	"zynq_fsbl",
			"sysDefaultDom":	"",
			"domains":	[{
					"domainName":	"zynq_fsbl",
					"domainDispName":	"zynq_fsbl",
					"domainDesc":	"FSBL Application BSP - Auto Generated.",
					"processors":	"ps7_cortexa9_0",
					"os":	"standalone",
					"sdxOs":	"standalone",
					"debugEnable":	"",
					"domRuntimes":	["cpp"],
					"swRepo":	"",
					"mssOsVer":	"9.1",
					"mssFile":	"",
					"md5Digest":	"dc8c56426ec9221d3af29f72af58266e",
					"compatibleApp":	"zynq_fsbl",
					"domType":	"bootDomain",
					"arch":	"32-bit",
					"appSettings":	{
						"appCompilerFlags":	"",
						"appLinkerFlags":	""
					},
					"addedLibs":	["xilffs:5.2", "xilrsa:1.8"],
					"libOptions":	{
						"libsContainingOptions":	[]
					},
					"prebuiltLibs":	{
						"prebuiltIncPath":	[],
						"prebuiltLibPath":	[]
					},
					"isolation":	{
					}
				}]
		}]
}
TRACE::2025-04-27.14:39:21::SCWPlatform::Trying to open the hw design at C:/PXL/devWorks/devWorks2/CAR/MotorcontrolSpeedsensor/Vitis/MotorcontrolSpeedsensor/hw/MotorcontrolSpeedsensor.xsa
TRACE::2025-04-27.14:39:21::SCWPlatform::DSA given C:/PXL/devWorks/devWorks2/CAR/MotorcontrolSpeedsensor/Vitis/MotorcontrolSpeedsensor/hw/MotorcontrolSpeedsensor.xsa
TRACE::2025-04-27.14:39:21::SCWPlatform::DSA absoulate path C:/PXL/devWorks/devWorks2/CAR/MotorcontrolSpeedsensor/Vitis/MotorcontrolSpeedsensor/hw/MotorcontrolSpeedsensor.xsa
TRACE::2025-04-27.14:39:21::SCWPlatform::DSA directory C:/PXL/devWorks/devWorks2/CAR/MotorcontrolSpeedsensor/Vitis/MotorcontrolSpeedsensor/hw
TRACE::2025-04-27.14:39:21::SCWPlatform:: Platform Path C:/PXL/devWorks/devWorks2/CAR/MotorcontrolSpeedsensor/Vitis/MotorcontrolSpeedsensor/hw/MotorcontrolSpeedsensor.xsa
TRACE::2025-04-27.14:39:21::SCWPlatform:: Unique name xilinx:pynq-z2::0.0
TRACE::2025-04-27.14:39:21::SCWPlatform::Trying to set the existing hwdb with name design_1_wrapper_0
TRACE::2025-04-27.14:39:21::SCWPlatform::Opened existing hwdb design_1_wrapper_0
TRACE::2025-04-27.14:39:21::SCWPlatform::Found the Hw Db part of the input DSA
TRACE::2025-04-27.14:39:21::SCWDomain::checking for install qemu data   : 
TRACE::2025-04-27.14:39:21::SCWDomain:: Using the QEMU Data from install at  : C:/Xilinx/Vitis/2024.1/data/emulation/platforms/zynq/sw/a9_standalone/qemu/
TRACE::2025-04-27.14:39:21::SCWDomain:: Using the QEMU args  from install at  : C:/Xilinx/Vitis/2024.1/data/emulation/platforms/zynq/sw/a9_standalone/qemu/qemu_args.txt
TRACE::2025-04-27.14:39:21::SCWPlatform::Trying to open the hw design at C:/PXL/devWorks/devWorks2/CAR/MotorcontrolSpeedsensor/Vitis/MotorcontrolSpeedsensor/hw/MotorcontrolSpeedsensor.xsa
TRACE::2025-04-27.14:39:21::SCWPlatform::DSA given C:/PXL/devWorks/devWorks2/CAR/MotorcontrolSpeedsensor/Vitis/MotorcontrolSpeedsensor/hw/MotorcontrolSpeedsensor.xsa
TRACE::2025-04-27.14:39:21::SCWPlatform::DSA absoulate path C:/PXL/devWorks/devWorks2/CAR/MotorcontrolSpeedsensor/Vitis/MotorcontrolSpeedsensor/hw/MotorcontrolSpeedsensor.xsa
TRACE::2025-04-27.14:39:21::SCWPlatform::DSA directory C:/PXL/devWorks/devWorks2/CAR/MotorcontrolSpeedsensor/Vitis/MotorcontrolSpeedsensor/hw
TRACE::2025-04-27.14:39:21::SCWPlatform:: Platform Path C:/PXL/devWorks/devWorks2/CAR/MotorcontrolSpeedsensor/Vitis/MotorcontrolSpeedsensor/hw/MotorcontrolSpeedsensor.xsa
TRACE::2025-04-27.14:39:21::SCWPlatform:: Unique name xilinx:pynq-z2::0.0
TRACE::2025-04-27.14:39:21::SCWPlatform::Trying to set the existing hwdb with name design_1_wrapper_0
TRACE::2025-04-27.14:39:21::SCWPlatform::Opened existing hwdb design_1_wrapper_0
TRACE::2025-04-27.14:39:21::SCWPlatform::Found the Hw Db part of the input DSA
TRACE::2025-04-27.14:39:21::SCWPlatform::Trying to open the hw design at C:/PXL/devWorks/devWorks2/CAR/MotorcontrolSpeedsensor/Vitis/MotorcontrolSpeedsensor/hw/MotorcontrolSpeedsensor.xsa
TRACE::2025-04-27.14:39:21::SCWPlatform::DSA given C:/PXL/devWorks/devWorks2/CAR/MotorcontrolSpeedsensor/Vitis/MotorcontrolSpeedsensor/hw/MotorcontrolSpeedsensor.xsa
TRACE::2025-04-27.14:39:21::SCWPlatform::DSA absoulate path C:/PXL/devWorks/devWorks2/CAR/MotorcontrolSpeedsensor/Vitis/MotorcontrolSpeedsensor/hw/MotorcontrolSpeedsensor.xsa
TRACE::2025-04-27.14:39:21::SCWPlatform::DSA directory C:/PXL/devWorks/devWorks2/CAR/MotorcontrolSpeedsensor/Vitis/MotorcontrolSpeedsensor/hw
TRACE::2025-04-27.14:39:21::SCWPlatform:: Platform Path C:/PXL/devWorks/devWorks2/CAR/MotorcontrolSpeedsensor/Vitis/MotorcontrolSpeedsensor/hw/MotorcontrolSpeedsensor.xsa
TRACE::2025-04-27.14:39:21::SCWPlatform:: Unique name xilinx:pynq-z2::0.0
TRACE::2025-04-27.14:39:21::SCWPlatform::Trying to set the existing hwdb with name design_1_wrapper_0
TRACE::2025-04-27.14:39:21::SCWPlatform::Opened existing hwdb design_1_wrapper_0
TRACE::2025-04-27.14:39:21::SCWPlatform::Found the Hw Db part of the input DSA
TRACE::2025-04-27.14:39:21::SCWDomain::Qemu Directory name is changed from "" to "qemu"
TRACE::2025-04-27.14:39:21::SCWPlatform::Trying to open the hw design at C:/PXL/devWorks/devWorks2/CAR/MotorcontrolSpeedsensor/Vitis/MotorcontrolSpeedsensor/hw/MotorcontrolSpeedsensor.xsa
TRACE::2025-04-27.14:39:21::SCWPlatform::DSA given C:/PXL/devWorks/devWorks2/CAR/MotorcontrolSpeedsensor/Vitis/MotorcontrolSpeedsensor/hw/MotorcontrolSpeedsensor.xsa
TRACE::2025-04-27.14:39:21::SCWPlatform::DSA absoulate path C:/PXL/devWorks/devWorks2/CAR/MotorcontrolSpeedsensor/Vitis/MotorcontrolSpeedsensor/hw/MotorcontrolSpeedsensor.xsa
TRACE::2025-04-27.14:39:21::SCWPlatform::DSA directory C:/PXL/devWorks/devWorks2/CAR/MotorcontrolSpeedsensor/Vitis/MotorcontrolSpeedsensor/hw
TRACE::2025-04-27.14:39:21::SCWPlatform:: Platform Path C:/PXL/devWorks/devWorks2/CAR/MotorcontrolSpeedsensor/Vitis/MotorcontrolSpeedsensor/hw/MotorcontrolSpeedsensor.xsa
TRACE::2025-04-27.14:39:21::SCWPlatform:: Unique name xilinx:pynq-z2::0.0
TRACE::2025-04-27.14:39:21::SCWPlatform::Trying to set the existing hwdb with name design_1_wrapper_0
TRACE::2025-04-27.14:39:21::SCWPlatform::Opened existing hwdb design_1_wrapper_0
TRACE::2025-04-27.14:39:21::SCWPlatform::Found the Hw Db part of the input DSA
TRACE::2025-04-27.14:39:21::SCWMssOS::Checking the sw design at  C:/PXL/devWorks/devWorks2/CAR/MotorcontrolSpeedsensor/Vitis/MotorcontrolSpeedsensor/ps7_cortexa9_0/standalone_ps7_cortexa9_0/bsp/system.mss
TRACE::2025-04-27.14:39:21::SCWMssOS::DEBUG:  swdes dump  C:/PXL/devWorks/devWorks2/CAR/MotorcontrolSpeedsensor/Vitis/MotorcontrolSpeedsensor/zynq_fsbl/zynq_fsbl_bsp/system.mss|system||

TRACE::2025-04-27.14:39:21::SCWMssOS::No sw design opened at  C:/PXL/devWorks/devWorks2/CAR/MotorcontrolSpeedsensor/Vitis/MotorcontrolSpeedsensor/ps7_cortexa9_0/standalone_ps7_cortexa9_0/bsp/system.mss
TRACE::2025-04-27.14:39:21::SCWMssOS::mss does not exists at C:/PXL/devWorks/devWorks2/CAR/MotorcontrolSpeedsensor/Vitis/MotorcontrolSpeedsensor/ps7_cortexa9_0/standalone_ps7_cortexa9_0/bsp/system.mss
TRACE::2025-04-27.14:39:21::SCWMssOS::Creating sw design at  C:/PXL/devWorks/devWorks2/CAR/MotorcontrolSpeedsensor/Vitis/MotorcontrolSpeedsensor/ps7_cortexa9_0/standalone_ps7_cortexa9_0/bsp/system.mss
TRACE::2025-04-27.14:39:21::SCWMssOS::Adding the swdes entry, created swdb C:/PXL/devWorks/devWorks2/CAR/MotorcontrolSpeedsensor/Vitis/MotorcontrolSpeedsensor/ps7_cortexa9_0/standalone_ps7_cortexa9_0/bsp/system.mss with des name C:/PXL/devWorks/devWorks2/CAR/MotorcontrolSpeedsensor/Vitis/MotorcontrolSpeedsensor/ps7_cortexa9_0/standalone_ps7_cortexa9_0/bsp/system.mss
TRACE::2025-04-27.14:39:21::SCWMssOS::updating the scw layer changes to swdes at   C:/PXL/devWorks/devWorks2/CAR/MotorcontrolSpeedsensor/Vitis/MotorcontrolSpeedsensor/ps7_cortexa9_0/standalone_ps7_cortexa9_0/bsp/system.mss
TRACE::2025-04-27.14:39:21::SCWMssOS::Writing mss at C:/PXL/devWorks/devWorks2/CAR/MotorcontrolSpeedsensor/Vitis/MotorcontrolSpeedsensor/ps7_cortexa9_0/standalone_ps7_cortexa9_0/bsp/system.mss
TRACE::2025-04-27.14:39:21::SCWMssOS::Completed writing the mss file at C:/PXL/devWorks/devWorks2/CAR/MotorcontrolSpeedsensor/Vitis/MotorcontrolSpeedsensor/ps7_cortexa9_0/standalone_ps7_cortexa9_0/bsp
TRACE::2025-04-27.14:39:21::SCWMssOS::Picking up changes from newly written mss file into SCW Layer. 
TRACE::2025-04-27.14:39:21::SCWMssOS::Updated the changes from newly written mss file into SCW Layer. 
TRACE::2025-04-27.14:39:21::SCWMssOS::Completed writing the mss file at C:/PXL/devWorks/devWorks2/CAR/MotorcontrolSpeedsensor/Vitis/MotorcontrolSpeedsensor/ps7_cortexa9_0/standalone_ps7_cortexa9_0/bsp
TRACE::2025-04-27.14:39:21::SCWMssOS::Forcing BSP Sources regeneration.
TRACE::2025-04-27.14:39:23::SCWMssOS::Saving the mss changes C:/PXL/devWorks/devWorks2/CAR/MotorcontrolSpeedsensor/Vitis/MotorcontrolSpeedsensor/zynq_fsbl/zynq_fsbl_bsp/system.mss
TRACE::2025-04-27.14:39:23::SCWMssOS::Found a swdesign opened with the mssfile.
TRACE::2025-04-27.14:39:23::SCWMssOS::Completed writemss as part of save.
TRACE::2025-04-27.14:39:23::SCWMssOS::Commit changes completed.
TRACE::2025-04-27.14:39:23::SCWMssOS::Saving the mss changes C:/PXL/devWorks/devWorks2/CAR/MotorcontrolSpeedsensor/Vitis/MotorcontrolSpeedsensor/ps7_cortexa9_0/standalone_ps7_cortexa9_0/bsp/system.mss
TRACE::2025-04-27.14:39:23::SCWMssOS::Adding the swdes entry, mss present, able to open swdb C:/PXL/devWorks/devWorks2/CAR/MotorcontrolSpeedsensor/Vitis/MotorcontrolSpeedsensor/ps7_cortexa9_0/standalone_ps7_cortexa9_0/bsp/system.mss with des name system_0
TRACE::2025-04-27.14:39:23::SCWMssOS::Writing the mss file completed C:/PXL/devWorks/devWorks2/CAR/MotorcontrolSpeedsensor/Vitis/MotorcontrolSpeedsensor/ps7_cortexa9_0/standalone_ps7_cortexa9_0/bsp/system.mss
TRACE::2025-04-27.14:39:23::SCWMssOS::Commit changes completed.
TRACE::2025-04-27.14:39:23::SCWPlatform::Trying to open the hw design at C:/PXL/devWorks/devWorks2/CAR/MotorcontrolSpeedsensor/Vitis/MotorcontrolSpeedsensor/hw/MotorcontrolSpeedsensor.xsa
TRACE::2025-04-27.14:39:23::SCWPlatform::DSA given C:/PXL/devWorks/devWorks2/CAR/MotorcontrolSpeedsensor/Vitis/MotorcontrolSpeedsensor/hw/MotorcontrolSpeedsensor.xsa
TRACE::2025-04-27.14:39:23::SCWPlatform::DSA absoulate path C:/PXL/devWorks/devWorks2/CAR/MotorcontrolSpeedsensor/Vitis/MotorcontrolSpeedsensor/hw/MotorcontrolSpeedsensor.xsa
TRACE::2025-04-27.14:39:23::SCWPlatform::DSA directory C:/PXL/devWorks/devWorks2/CAR/MotorcontrolSpeedsensor/Vitis/MotorcontrolSpeedsensor/hw
TRACE::2025-04-27.14:39:23::SCWPlatform:: Platform Path C:/PXL/devWorks/devWorks2/CAR/MotorcontrolSpeedsensor/Vitis/MotorcontrolSpeedsensor/hw/MotorcontrolSpeedsensor.xsa
TRACE::2025-04-27.14:39:23::SCWPlatform:: Unique name xilinx:pynq-z2::0.0
TRACE::2025-04-27.14:39:23::SCWPlatform::Trying to set the existing hwdb with name design_1_wrapper_0
TRACE::2025-04-27.14:39:23::SCWPlatform::Opened existing hwdb design_1_wrapper_0
TRACE::2025-04-27.14:39:23::SCWPlatform::Found the Hw Db part of the input DSA
TRACE::2025-04-27.14:39:23::SCWMssOS::Checking the sw design at  C:/PXL/devWorks/devWorks2/CAR/MotorcontrolSpeedsensor/Vitis/MotorcontrolSpeedsensor/zynq_fsbl/zynq_fsbl_bsp/system.mss
TRACE::2025-04-27.14:39:23::SCWMssOS::DEBUG:  swdes dump  C:/PXL/devWorks/devWorks2/CAR/MotorcontrolSpeedsensor/Vitis/MotorcontrolSpeedsensor/ps7_cortexa9_0/standalone_ps7_cortexa9_0/bsp/system.mss|system_0||
C:/PXL/devWorks/devWorks2/CAR/MotorcontrolSpeedsensor/Vitis/MotorcontrolSpeedsensor/zynq_fsbl/zynq_fsbl_bsp/system.mss|system||

TRACE::2025-04-27.14:39:23::SCWMssOS::Sw design exists and opened at  C:/PXL/devWorks/devWorks2/CAR/MotorcontrolSpeedsensor/Vitis/MotorcontrolSpeedsensor/zynq_fsbl/zynq_fsbl_bsp/system.mss
TRACE::2025-04-27.14:39:23::SCWPlatform::Trying to open the hw design at C:/PXL/devWorks/devWorks2/CAR/MotorcontrolSpeedsensor/Vitis/MotorcontrolSpeedsensor/hw/MotorcontrolSpeedsensor.xsa
TRACE::2025-04-27.14:39:23::SCWPlatform::DSA given C:/PXL/devWorks/devWorks2/CAR/MotorcontrolSpeedsensor/Vitis/MotorcontrolSpeedsensor/hw/MotorcontrolSpeedsensor.xsa
TRACE::2025-04-27.14:39:23::SCWPlatform::DSA absoulate path C:/PXL/devWorks/devWorks2/CAR/MotorcontrolSpeedsensor/Vitis/MotorcontrolSpeedsensor/hw/MotorcontrolSpeedsensor.xsa
TRACE::2025-04-27.14:39:23::SCWPlatform::DSA directory C:/PXL/devWorks/devWorks2/CAR/MotorcontrolSpeedsensor/Vitis/MotorcontrolSpeedsensor/hw
TRACE::2025-04-27.14:39:23::SCWPlatform:: Platform Path C:/PXL/devWorks/devWorks2/CAR/MotorcontrolSpeedsensor/Vitis/MotorcontrolSpeedsensor/hw/MotorcontrolSpeedsensor.xsa
TRACE::2025-04-27.14:39:23::SCWPlatform:: Unique name xilinx:pynq-z2::0.0
TRACE::2025-04-27.14:39:23::SCWPlatform::Trying to set the existing hwdb with name design_1_wrapper_0
TRACE::2025-04-27.14:39:23::SCWPlatform::Opened existing hwdb design_1_wrapper_0
TRACE::2025-04-27.14:39:23::SCWPlatform::Found the Hw Db part of the input DSA
TRACE::2025-04-27.14:39:23::SCWMssOS::Checking the sw design at  C:/PXL/devWorks/devWorks2/CAR/MotorcontrolSpeedsensor/Vitis/MotorcontrolSpeedsensor/zynq_fsbl/zynq_fsbl_bsp/system.mss
TRACE::2025-04-27.14:39:23::SCWMssOS::DEBUG:  swdes dump  C:/PXL/devWorks/devWorks2/CAR/MotorcontrolSpeedsensor/Vitis/MotorcontrolSpeedsensor/ps7_cortexa9_0/standalone_ps7_cortexa9_0/bsp/system.mss|system_0||
C:/PXL/devWorks/devWorks2/CAR/MotorcontrolSpeedsensor/Vitis/MotorcontrolSpeedsensor/zynq_fsbl/zynq_fsbl_bsp/system.mss|system||

TRACE::2025-04-27.14:39:23::SCWMssOS::Sw design exists and opened at  C:/PXL/devWorks/devWorks2/CAR/MotorcontrolSpeedsensor/Vitis/MotorcontrolSpeedsensor/zynq_fsbl/zynq_fsbl_bsp/system.mss
TRACE::2025-04-27.14:39:23::SCWPlatform::Trying to open the hw design at C:/PXL/devWorks/devWorks2/CAR/MotorcontrolSpeedsensor/Vitis/MotorcontrolSpeedsensor/hw/MotorcontrolSpeedsensor.xsa
TRACE::2025-04-27.14:39:23::SCWPlatform::DSA given C:/PXL/devWorks/devWorks2/CAR/MotorcontrolSpeedsensor/Vitis/MotorcontrolSpeedsensor/hw/MotorcontrolSpeedsensor.xsa
TRACE::2025-04-27.14:39:23::SCWPlatform::DSA absoulate path C:/PXL/devWorks/devWorks2/CAR/MotorcontrolSpeedsensor/Vitis/MotorcontrolSpeedsensor/hw/MotorcontrolSpeedsensor.xsa
TRACE::2025-04-27.14:39:23::SCWPlatform::DSA directory C:/PXL/devWorks/devWorks2/CAR/MotorcontrolSpeedsensor/Vitis/MotorcontrolSpeedsensor/hw
TRACE::2025-04-27.14:39:23::SCWPlatform:: Platform Path C:/PXL/devWorks/devWorks2/CAR/MotorcontrolSpeedsensor/Vitis/MotorcontrolSpeedsensor/hw/MotorcontrolSpeedsensor.xsa
TRACE::2025-04-27.14:39:23::SCWPlatform:: Unique name xilinx:pynq-z2::0.0
TRACE::2025-04-27.14:39:23::SCWPlatform::Trying to set the existing hwdb with name design_1_wrapper_0
TRACE::2025-04-27.14:39:23::SCWPlatform::Opened existing hwdb design_1_wrapper_0
TRACE::2025-04-27.14:39:23::SCWPlatform::Found the Hw Db part of the input DSA
TRACE::2025-04-27.14:39:23::SCWMssOS::Checking the sw design at  C:/PXL/devWorks/devWorks2/CAR/MotorcontrolSpeedsensor/Vitis/MotorcontrolSpeedsensor/zynq_fsbl/zynq_fsbl_bsp/system.mss
TRACE::2025-04-27.14:39:23::SCWMssOS::DEBUG:  swdes dump  C:/PXL/devWorks/devWorks2/CAR/MotorcontrolSpeedsensor/Vitis/MotorcontrolSpeedsensor/ps7_cortexa9_0/standalone_ps7_cortexa9_0/bsp/system.mss|system_0||
C:/PXL/devWorks/devWorks2/CAR/MotorcontrolSpeedsensor/Vitis/MotorcontrolSpeedsensor/zynq_fsbl/zynq_fsbl_bsp/system.mss|system||

TRACE::2025-04-27.14:39:23::SCWMssOS::Sw design exists and opened at  C:/PXL/devWorks/devWorks2/CAR/MotorcontrolSpeedsensor/Vitis/MotorcontrolSpeedsensor/zynq_fsbl/zynq_fsbl_bsp/system.mss
TRACE::2025-04-27.14:39:23::SCWPlatform::Trying to open the hw design at C:/PXL/devWorks/devWorks2/CAR/MotorcontrolSpeedsensor/Vitis/MotorcontrolSpeedsensor/hw/MotorcontrolSpeedsensor.xsa
TRACE::2025-04-27.14:39:23::SCWPlatform::DSA given C:/PXL/devWorks/devWorks2/CAR/MotorcontrolSpeedsensor/Vitis/MotorcontrolSpeedsensor/hw/MotorcontrolSpeedsensor.xsa
TRACE::2025-04-27.14:39:23::SCWPlatform::DSA absoulate path C:/PXL/devWorks/devWorks2/CAR/MotorcontrolSpeedsensor/Vitis/MotorcontrolSpeedsensor/hw/MotorcontrolSpeedsensor.xsa
TRACE::2025-04-27.14:39:23::SCWPlatform::DSA directory C:/PXL/devWorks/devWorks2/CAR/MotorcontrolSpeedsensor/Vitis/MotorcontrolSpeedsensor/hw
TRACE::2025-04-27.14:39:23::SCWPlatform:: Platform Path C:/PXL/devWorks/devWorks2/CAR/MotorcontrolSpeedsensor/Vitis/MotorcontrolSpeedsensor/hw/MotorcontrolSpeedsensor.xsa
TRACE::2025-04-27.14:39:23::SCWPlatform:: Unique name xilinx:pynq-z2::0.0
TRACE::2025-04-27.14:39:23::SCWPlatform::Trying to set the existing hwdb with name design_1_wrapper_0
TRACE::2025-04-27.14:39:23::SCWPlatform::Opened existing hwdb design_1_wrapper_0
TRACE::2025-04-27.14:39:23::SCWPlatform::Found the Hw Db part of the input DSA
TRACE::2025-04-27.14:39:23::SCWMssOS::Checking the sw design at  C:/PXL/devWorks/devWorks2/CAR/MotorcontrolSpeedsensor/Vitis/MotorcontrolSpeedsensor/ps7_cortexa9_0/standalone_ps7_cortexa9_0/bsp/system.mss
TRACE::2025-04-27.14:39:23::SCWMssOS::DEBUG:  swdes dump  C:/PXL/devWorks/devWorks2/CAR/MotorcontrolSpeedsensor/Vitis/MotorcontrolSpeedsensor/ps7_cortexa9_0/standalone_ps7_cortexa9_0/bsp/system.mss|system_0||
C:/PXL/devWorks/devWorks2/CAR/MotorcontrolSpeedsensor/Vitis/MotorcontrolSpeedsensor/zynq_fsbl/zynq_fsbl_bsp/system.mss|system||

TRACE::2025-04-27.14:39:23::SCWMssOS::Sw design exists and opened at  C:/PXL/devWorks/devWorks2/CAR/MotorcontrolSpeedsensor/Vitis/MotorcontrolSpeedsensor/ps7_cortexa9_0/standalone_ps7_cortexa9_0/bsp/system.mss
TRACE::2025-04-27.14:39:23::SCWPlatform::Trying to open the hw design at C:/PXL/devWorks/devWorks2/CAR/MotorcontrolSpeedsensor/Vitis/MotorcontrolSpeedsensor/hw/MotorcontrolSpeedsensor.xsa
TRACE::2025-04-27.14:39:23::SCWPlatform::DSA given C:/PXL/devWorks/devWorks2/CAR/MotorcontrolSpeedsensor/Vitis/MotorcontrolSpeedsensor/hw/MotorcontrolSpeedsensor.xsa
TRACE::2025-04-27.14:39:23::SCWPlatform::DSA absoulate path C:/PXL/devWorks/devWorks2/CAR/MotorcontrolSpeedsensor/Vitis/MotorcontrolSpeedsensor/hw/MotorcontrolSpeedsensor.xsa
TRACE::2025-04-27.14:39:23::SCWPlatform::DSA directory C:/PXL/devWorks/devWorks2/CAR/MotorcontrolSpeedsensor/Vitis/MotorcontrolSpeedsensor/hw
TRACE::2025-04-27.14:39:23::SCWPlatform:: Platform Path C:/PXL/devWorks/devWorks2/CAR/MotorcontrolSpeedsensor/Vitis/MotorcontrolSpeedsensor/hw/MotorcontrolSpeedsensor.xsa
TRACE::2025-04-27.14:39:23::SCWPlatform:: Unique name xilinx:pynq-z2::0.0
TRACE::2025-04-27.14:39:23::SCWPlatform::Trying to set the existing hwdb with name design_1_wrapper_0
TRACE::2025-04-27.14:39:23::SCWPlatform::Opened existing hwdb design_1_wrapper_0
TRACE::2025-04-27.14:39:23::SCWPlatform::Found the Hw Db part of the input DSA
TRACE::2025-04-27.14:39:23::SCWMssOS::Checking the sw design at  C:/PXL/devWorks/devWorks2/CAR/MotorcontrolSpeedsensor/Vitis/MotorcontrolSpeedsensor/ps7_cortexa9_0/standalone_ps7_cortexa9_0/bsp/system.mss
TRACE::2025-04-27.14:39:23::SCWMssOS::DEBUG:  swdes dump  C:/PXL/devWorks/devWorks2/CAR/MotorcontrolSpeedsensor/Vitis/MotorcontrolSpeedsensor/ps7_cortexa9_0/standalone_ps7_cortexa9_0/bsp/system.mss|system_0||
C:/PXL/devWorks/devWorks2/CAR/MotorcontrolSpeedsensor/Vitis/MotorcontrolSpeedsensor/zynq_fsbl/zynq_fsbl_bsp/system.mss|system||

TRACE::2025-04-27.14:39:23::SCWMssOS::Sw design exists and opened at  C:/PXL/devWorks/devWorks2/CAR/MotorcontrolSpeedsensor/Vitis/MotorcontrolSpeedsensor/ps7_cortexa9_0/standalone_ps7_cortexa9_0/bsp/system.mss
TRACE::2025-04-27.14:39:23::SCWPlatform::Trying to open the hw design at C:/PXL/devWorks/devWorks2/CAR/MotorcontrolSpeedsensor/Vitis/MotorcontrolSpeedsensor/hw/MotorcontrolSpeedsensor.xsa
TRACE::2025-04-27.14:39:23::SCWPlatform::DSA given C:/PXL/devWorks/devWorks2/CAR/MotorcontrolSpeedsensor/Vitis/MotorcontrolSpeedsensor/hw/MotorcontrolSpeedsensor.xsa
TRACE::2025-04-27.14:39:23::SCWPlatform::DSA absoulate path C:/PXL/devWorks/devWorks2/CAR/MotorcontrolSpeedsensor/Vitis/MotorcontrolSpeedsensor/hw/MotorcontrolSpeedsensor.xsa
TRACE::2025-04-27.14:39:23::SCWPlatform::DSA directory C:/PXL/devWorks/devWorks2/CAR/MotorcontrolSpeedsensor/Vitis/MotorcontrolSpeedsensor/hw
TRACE::2025-04-27.14:39:23::SCWPlatform:: Platform Path C:/PXL/devWorks/devWorks2/CAR/MotorcontrolSpeedsensor/Vitis/MotorcontrolSpeedsensor/hw/MotorcontrolSpeedsensor.xsa
TRACE::2025-04-27.14:39:23::SCWPlatform:: Unique name xilinx:pynq-z2::0.0
TRACE::2025-04-27.14:39:23::SCWPlatform::Trying to set the existing hwdb with name design_1_wrapper_0
TRACE::2025-04-27.14:39:23::SCWPlatform::Opened existing hwdb design_1_wrapper_0
TRACE::2025-04-27.14:39:23::SCWPlatform::Found the Hw Db part of the input DSA
TRACE::2025-04-27.14:39:23::SCWMssOS::Checking the sw design at  C:/PXL/devWorks/devWorks2/CAR/MotorcontrolSpeedsensor/Vitis/MotorcontrolSpeedsensor/ps7_cortexa9_0/standalone_ps7_cortexa9_0/bsp/system.mss
TRACE::2025-04-27.14:39:23::SCWMssOS::DEBUG:  swdes dump  C:/PXL/devWorks/devWorks2/CAR/MotorcontrolSpeedsensor/Vitis/MotorcontrolSpeedsensor/ps7_cortexa9_0/standalone_ps7_cortexa9_0/bsp/system.mss|system_0||
C:/PXL/devWorks/devWorks2/CAR/MotorcontrolSpeedsensor/Vitis/MotorcontrolSpeedsensor/zynq_fsbl/zynq_fsbl_bsp/system.mss|system||

TRACE::2025-04-27.14:39:23::SCWMssOS::Sw design exists and opened at  C:/PXL/devWorks/devWorks2/CAR/MotorcontrolSpeedsensor/Vitis/MotorcontrolSpeedsensor/ps7_cortexa9_0/standalone_ps7_cortexa9_0/bsp/system.mss
TRACE::2025-04-27.14:39:23::SCWWriter::formatted JSON is {
	"platformName":	"MotorcontrolSpeedsensor",
	"sprVersion":	"2.0",
	"mode":	"gui",
	"dsaType":	"Fixed",
	"platformDesc":	"MotorcontrolSpeedsensor",
	"platHandOff":	"C:/PXL/devWorks/devWorks2/CAR/MotorcontrolSpeedsensor/MotorcontrolSpeedsensor.xsa",
	"platIntHandOff":	"<platformDir>/hw/MotorcontrolSpeedsensor.xsa",
	"deviceType":	"zynq",
	"platIsPrebuiltAutogen":	"false",
	"platIsNoBootBsp":	"false",
	"platFsblTarget":	"ps7_cortexa9_0",
	"hasFsblMakeHasChanges":	"false",
	"hasPmufwMakeHasChanges":	"false",
	"fsblExtraCompilerFlags":	"-MMD -MP       -mcpu=cortex-a9 -mfpu=vfpv3 -mfloat-abi=hard ",
	"platPreBuiltFlag":	false,
	"platformSamplesDir":	"",
	"platActiveSys":	"MotorcontrolSpeedsensor",
	"systems":	[{
			"systemName":	"MotorcontrolSpeedsensor",
			"systemDesc":	"MotorcontrolSpeedsensor",
			"sysIsBootAutoGen":	"true",
			"systemDispName":	"MotorcontrolSpeedsensor",
			"sysActiveDom":	"standalone_ps7_cortexa9_0",
			"sysDefaultDom":	"standalone_ps7_cortexa9_0",
			"domains":	[{
					"domainName":	"zynq_fsbl",
					"domainDispName":	"zynq_fsbl",
					"domainDesc":	"FSBL Application BSP - Auto Generated.",
					"processors":	"ps7_cortexa9_0",
					"os":	"standalone",
					"sdxOs":	"standalone",
					"debugEnable":	"",
					"domRuntimes":	["cpp"],
					"swRepo":	"",
					"mssOsVer":	"9.1",
					"mssFile":	"",
					"md5Digest":	"dc8c56426ec9221d3af29f72af58266e",
					"compatibleApp":	"zynq_fsbl",
					"domType":	"bootDomain",
					"arch":	"32-bit",
					"appSettings":	{
						"appCompilerFlags":	"",
						"appLinkerFlags":	""
					},
					"addedLibs":	["xilffs:5.2", "xilrsa:1.8"],
					"libOptions":	{
						"libsContainingOptions":	[]
					},
					"prebuiltLibs":	{
						"prebuiltIncPath":	[],
						"prebuiltLibPath":	[]
					},
					"isolation":	{
					}
				}, {
					"domainName":	"standalone_ps7_cortexa9_0",
					"domainDispName":	"standalone_ps7_cortexa9_0",
					"domainDesc":	"standalone_ps7_cortexa9_0",
					"processors":	"ps7_cortexa9_0",
					"os":	"standalone",
					"sdxOs":	"standalone",
					"qemuArgs":	"<platformDir>/resources/MotorcontrolSpeedsensor/standalone_ps7_cortexa9_0/qemu_args.txt",
					"qemuData":	"<platformDir>/resources/MotorcontrolSpeedsensor/standalone_ps7_cortexa9_0/qemu",
					"debugEnable":	"False",
					"domRuntimes":	["cpp"],
					"swRepo":	"",
					"mssOsVer":	"9.1",
					"mssFile":	"",
					"md5Digest":	"b57b2fd5cf4afcba76e12b19c60e852f",
					"compatibleApp":	"hello_world",
					"domType":	"mssDomain",
					"arch":	"32-bit",
					"appSettings":	{
						"appCompilerFlags":	"",
						"appLinkerFlags":	""
					},
					"addedLibs":	[],
					"libOptions":	{
						"libsContainingOptions":	[]
					},
					"prebuiltLibs":	{
						"prebuiltIncPath":	[],
						"prebuiltLibPath":	[]
					},
					"isolation":	{
					}
				}]
		}]
}
LOG::2025-04-27.14:39:23::SCWPlatform::Started generating the artifacts platform MotorcontrolSpeedsensor
TRACE::2025-04-27.14:39:23::SCWPlatform::Sanity checking of platform is completed
LOG::2025-04-27.14:39:23::SCWPlatform::Started generating the artifacts for system configuration MotorcontrolSpeedsensor
LOG::2025-04-27.14:39:23::SCWSystem::Checking the domain zynq_fsbl
LOG::2025-04-27.14:39:23::SCWSystem::Doing application build for :  zynq_fsbl
TRACE::2025-04-27.14:39:23::SCWBDomain::Not a forced makefile updation, No changes are present. 
TRACE::2025-04-27.14:39:23::SCWDomain::Skipping the build for domain :  zynq_fsbl
LOG::2025-04-27.14:39:23::SCWSystem::Checking the domain standalone_ps7_cortexa9_0
LOG::2025-04-27.14:39:23::SCWSystem::Not a boot domain 
LOG::2025-04-27.14:39:23::SCWSystem::Started Processing the domain standalone_ps7_cortexa9_0
TRACE::2025-04-27.14:39:23::SCWDomain::Generating domain artifcats
TRACE::2025-04-27.14:39:23::SCWMssOS::Generating standalone artifcats
TRACE::2025-04-27.14:39:23::SCWMssOS::Copying the qemu file from  C:/PXL/devWorks/devWorks2/CAR/MotorcontrolSpeedsensor/Vitis/MotorcontrolSpeedsensor/resources/MotorcontrolSpeedsensor/standalone_ps7_cortexa9_0/qemu_args.txt To C:/PXL/devWorks/devWorks2/CAR/MotorcontrolSpeedsensor/Vitis/MotorcontrolSpeedsensor/export/MotorcontrolSpeedsensor/sw/MotorcontrolSpeedsensor/qemu/
TRACE::2025-04-27.14:39:23::SCWMssOS::Copying the qemu file from  C:/PXL/devWorks/devWorks2/CAR/MotorcontrolSpeedsensor/Vitis/MotorcontrolSpeedsensor/resources/MotorcontrolSpeedsensor/standalone_ps7_cortexa9_0/qemu_args.txt To C:/PXL/devWorks/devWorks2/CAR/MotorcontrolSpeedsensor/Vitis/MotorcontrolSpeedsensor/export/MotorcontrolSpeedsensor/sw/MotorcontrolSpeedsensor/standalone_ps7_cortexa9_0/qemu/
TRACE::2025-04-27.14:39:23::SCWMssOS:: Copying the user libraries. 
TRACE::2025-04-27.14:39:23::SCWPlatform::Trying to open the hw design at C:/PXL/devWorks/devWorks2/CAR/MotorcontrolSpeedsensor/Vitis/MotorcontrolSpeedsensor/hw/MotorcontrolSpeedsensor.xsa
TRACE::2025-04-27.14:39:23::SCWPlatform::DSA given C:/PXL/devWorks/devWorks2/CAR/MotorcontrolSpeedsensor/Vitis/MotorcontrolSpeedsensor/hw/MotorcontrolSpeedsensor.xsa
TRACE::2025-04-27.14:39:23::SCWPlatform::DSA absoulate path C:/PXL/devWorks/devWorks2/CAR/MotorcontrolSpeedsensor/Vitis/MotorcontrolSpeedsensor/hw/MotorcontrolSpeedsensor.xsa
TRACE::2025-04-27.14:39:23::SCWPlatform::DSA directory C:/PXL/devWorks/devWorks2/CAR/MotorcontrolSpeedsensor/Vitis/MotorcontrolSpeedsensor/hw
TRACE::2025-04-27.14:39:23::SCWPlatform:: Platform Path C:/PXL/devWorks/devWorks2/CAR/MotorcontrolSpeedsensor/Vitis/MotorcontrolSpeedsensor/hw/MotorcontrolSpeedsensor.xsa
TRACE::2025-04-27.14:39:23::SCWPlatform:: Unique name xilinx:pynq-z2::0.0
TRACE::2025-04-27.14:39:23::SCWPlatform::Trying to set the existing hwdb with name design_1_wrapper_0
TRACE::2025-04-27.14:39:23::SCWPlatform::Opened existing hwdb design_1_wrapper_0
TRACE::2025-04-27.14:39:23::SCWPlatform::Found the Hw Db part of the input DSA
TRACE::2025-04-27.14:39:23::SCWMssOS::Checking the sw design at  C:/PXL/devWorks/devWorks2/CAR/MotorcontrolSpeedsensor/Vitis/MotorcontrolSpeedsensor/ps7_cortexa9_0/standalone_ps7_cortexa9_0/bsp/system.mss
TRACE::2025-04-27.14:39:23::SCWMssOS::DEBUG:  swdes dump  C:/PXL/devWorks/devWorks2/CAR/MotorcontrolSpeedsensor/Vitis/MotorcontrolSpeedsensor/ps7_cortexa9_0/standalone_ps7_cortexa9_0/bsp/system.mss|system_0||
C:/PXL/devWorks/devWorks2/CAR/MotorcontrolSpeedsensor/Vitis/MotorcontrolSpeedsensor/zynq_fsbl/zynq_fsbl_bsp/system.mss|system||

TRACE::2025-04-27.14:39:23::SCWMssOS::Sw design exists and opened at  C:/PXL/devWorks/devWorks2/CAR/MotorcontrolSpeedsensor/Vitis/MotorcontrolSpeedsensor/ps7_cortexa9_0/standalone_ps7_cortexa9_0/bsp/system.mss
TRACE::2025-04-27.14:39:23::SCWMssOS::Completed writing the mss file at C:/PXL/devWorks/devWorks2/CAR/MotorcontrolSpeedsensor/Vitis/MotorcontrolSpeedsensor/ps7_cortexa9_0/standalone_ps7_cortexa9_0/bsp
TRACE::2025-04-27.14:39:23::SCWMssOS::Mss edits present, copying mssfile into export location C:/PXL/devWorks/devWorks2/CAR/MotorcontrolSpeedsensor/Vitis/MotorcontrolSpeedsensor/ps7_cortexa9_0/standalone_ps7_cortexa9_0/bsp/system.mss
TRACE::2025-04-27.14:39:23::SCWMssOS::bsp generated is upto date with the mss file. Skipping bsp generation.
TRACE::2025-04-27.14:39:23::SCWMssOS::BSP is already built. skipping the bsp build ... 
TRACE::2025-04-27.14:39:23::SCWDomain::Skipping the build for domain :  standalone_ps7_cortexa9_0
TRACE::2025-04-27.14:39:23::SCWMssOS::skipping the bsp build ... 
TRACE::2025-04-27.14:39:23::SCWMssOS::Copying to export directory.
TRACE::2025-04-27.14:39:23::SCWMssOS:: Checking if to create the Supporting Applications
TRACE::2025-04-27.14:39:23::SCWMssOS:: No Linux domain exists, trying to generate FSBL 
TRACE::2025-04-27.14:39:23::SCWMssOS:: Completed Standalone Artifacts creation 
LOG::2025-04-27.14:39:23::SCWSystem::Completed Processing the domain standalone_ps7_cortexa9_0
LOG::2025-04-27.14:39:23::SCWSystem::Completed Processing the sysconfig MotorcontrolSpeedsensor
LOG::2025-04-27.14:39:23::SCWPlatform::Completed generating the artifacts for system configuration MotorcontrolSpeedsensor
TRACE::2025-04-27.14:39:23::SCWPlatform::Started preparing the platform 
TRACE::2025-04-27.14:39:23::SCWSystem::Writing the bif file for system config MotorcontrolSpeedsensor
TRACE::2025-04-27.14:39:23::SCWSystem::dir created 
TRACE::2025-04-27.14:39:23::SCWSystem::Writing the bif 
TRACE::2025-04-27.14:39:23::SCWPlatform::Started writing the spfm file 
TRACE::2025-04-27.14:39:23::SCWPlatform::Started writing the xpfm file 
TRACE::2025-04-27.14:39:23::SCWPlatform::Completed generating the platform
TRACE::2025-04-27.14:39:23::SCWMssOS::Saving the mss changes C:/PXL/devWorks/devWorks2/CAR/MotorcontrolSpeedsensor/Vitis/MotorcontrolSpeedsensor/zynq_fsbl/zynq_fsbl_bsp/system.mss
TRACE::2025-04-27.14:39:23::SCWMssOS::Found a swdesign opened with the mssfile.
TRACE::2025-04-27.14:39:23::SCWMssOS::Completed writemss as part of save.
TRACE::2025-04-27.14:39:23::SCWMssOS::Commit changes completed.
TRACE::2025-04-27.14:39:23::SCWMssOS::Saving the mss changes C:/PXL/devWorks/devWorks2/CAR/MotorcontrolSpeedsensor/Vitis/MotorcontrolSpeedsensor/ps7_cortexa9_0/standalone_ps7_cortexa9_0/bsp/system.mss
TRACE::2025-04-27.14:39:23::SCWMssOS::Found a swdesign opened with the mssfile.
TRACE::2025-04-27.14:39:23::SCWMssOS::Completed writemss as part of save.
TRACE::2025-04-27.14:39:23::SCWMssOS::Commit changes completed.
TRACE::2025-04-27.14:39:23::SCWPlatform::Trying to open the hw design at C:/PXL/devWorks/devWorks2/CAR/MotorcontrolSpeedsensor/Vitis/MotorcontrolSpeedsensor/hw/MotorcontrolSpeedsensor.xsa
TRACE::2025-04-27.14:39:23::SCWPlatform::DSA given C:/PXL/devWorks/devWorks2/CAR/MotorcontrolSpeedsensor/Vitis/MotorcontrolSpeedsensor/hw/MotorcontrolSpeedsensor.xsa
TRACE::2025-04-27.14:39:23::SCWPlatform::DSA absoulate path C:/PXL/devWorks/devWorks2/CAR/MotorcontrolSpeedsensor/Vitis/MotorcontrolSpeedsensor/hw/MotorcontrolSpeedsensor.xsa
TRACE::2025-04-27.14:39:23::SCWPlatform::DSA directory C:/PXL/devWorks/devWorks2/CAR/MotorcontrolSpeedsensor/Vitis/MotorcontrolSpeedsensor/hw
TRACE::2025-04-27.14:39:23::SCWPlatform:: Platform Path C:/PXL/devWorks/devWorks2/CAR/MotorcontrolSpeedsensor/Vitis/MotorcontrolSpeedsensor/hw/MotorcontrolSpeedsensor.xsa
TRACE::2025-04-27.14:39:23::SCWPlatform:: Unique name xilinx:pynq-z2::0.0
TRACE::2025-04-27.14:39:23::SCWPlatform::Trying to set the existing hwdb with name design_1_wrapper_0
TRACE::2025-04-27.14:39:23::SCWPlatform::Opened existing hwdb design_1_wrapper_0
TRACE::2025-04-27.14:39:23::SCWPlatform::Found the Hw Db part of the input DSA
TRACE::2025-04-27.14:39:23::SCWMssOS::Checking the sw design at  C:/PXL/devWorks/devWorks2/CAR/MotorcontrolSpeedsensor/Vitis/MotorcontrolSpeedsensor/zynq_fsbl/zynq_fsbl_bsp/system.mss
TRACE::2025-04-27.14:39:23::SCWMssOS::DEBUG:  swdes dump  C:/PXL/devWorks/devWorks2/CAR/MotorcontrolSpeedsensor/Vitis/MotorcontrolSpeedsensor/ps7_cortexa9_0/standalone_ps7_cortexa9_0/bsp/system.mss|system_0||
C:/PXL/devWorks/devWorks2/CAR/MotorcontrolSpeedsensor/Vitis/MotorcontrolSpeedsensor/zynq_fsbl/zynq_fsbl_bsp/system.mss|system||

TRACE::2025-04-27.14:39:23::SCWMssOS::Sw design exists and opened at  C:/PXL/devWorks/devWorks2/CAR/MotorcontrolSpeedsensor/Vitis/MotorcontrolSpeedsensor/zynq_fsbl/zynq_fsbl_bsp/system.mss
TRACE::2025-04-27.14:39:23::SCWPlatform::Trying to open the hw design at C:/PXL/devWorks/devWorks2/CAR/MotorcontrolSpeedsensor/Vitis/MotorcontrolSpeedsensor/hw/MotorcontrolSpeedsensor.xsa
TRACE::2025-04-27.14:39:23::SCWPlatform::DSA given C:/PXL/devWorks/devWorks2/CAR/MotorcontrolSpeedsensor/Vitis/MotorcontrolSpeedsensor/hw/MotorcontrolSpeedsensor.xsa
TRACE::2025-04-27.14:39:23::SCWPlatform::DSA absoulate path C:/PXL/devWorks/devWorks2/CAR/MotorcontrolSpeedsensor/Vitis/MotorcontrolSpeedsensor/hw/MotorcontrolSpeedsensor.xsa
TRACE::2025-04-27.14:39:23::SCWPlatform::DSA directory C:/PXL/devWorks/devWorks2/CAR/MotorcontrolSpeedsensor/Vitis/MotorcontrolSpeedsensor/hw
TRACE::2025-04-27.14:39:23::SCWPlatform:: Platform Path C:/PXL/devWorks/devWorks2/CAR/MotorcontrolSpeedsensor/Vitis/MotorcontrolSpeedsensor/hw/MotorcontrolSpeedsensor.xsa
TRACE::2025-04-27.14:39:23::SCWPlatform:: Unique name xilinx:pynq-z2::0.0
TRACE::2025-04-27.14:39:23::SCWPlatform::Trying to set the existing hwdb with name design_1_wrapper_0
TRACE::2025-04-27.14:39:23::SCWPlatform::Opened existing hwdb design_1_wrapper_0
TRACE::2025-04-27.14:39:23::SCWPlatform::Found the Hw Db part of the input DSA
TRACE::2025-04-27.14:39:23::SCWMssOS::Checking the sw design at  C:/PXL/devWorks/devWorks2/CAR/MotorcontrolSpeedsensor/Vitis/MotorcontrolSpeedsensor/zynq_fsbl/zynq_fsbl_bsp/system.mss
TRACE::2025-04-27.14:39:23::SCWMssOS::DEBUG:  swdes dump  C:/PXL/devWorks/devWorks2/CAR/MotorcontrolSpeedsensor/Vitis/MotorcontrolSpeedsensor/ps7_cortexa9_0/standalone_ps7_cortexa9_0/bsp/system.mss|system_0||
C:/PXL/devWorks/devWorks2/CAR/MotorcontrolSpeedsensor/Vitis/MotorcontrolSpeedsensor/zynq_fsbl/zynq_fsbl_bsp/system.mss|system||

TRACE::2025-04-27.14:39:23::SCWMssOS::Sw design exists and opened at  C:/PXL/devWorks/devWorks2/CAR/MotorcontrolSpeedsensor/Vitis/MotorcontrolSpeedsensor/zynq_fsbl/zynq_fsbl_bsp/system.mss
TRACE::2025-04-27.14:39:23::SCWPlatform::Trying to open the hw design at C:/PXL/devWorks/devWorks2/CAR/MotorcontrolSpeedsensor/Vitis/MotorcontrolSpeedsensor/hw/MotorcontrolSpeedsensor.xsa
TRACE::2025-04-27.14:39:23::SCWPlatform::DSA given C:/PXL/devWorks/devWorks2/CAR/MotorcontrolSpeedsensor/Vitis/MotorcontrolSpeedsensor/hw/MotorcontrolSpeedsensor.xsa
TRACE::2025-04-27.14:39:23::SCWPlatform::DSA absoulate path C:/PXL/devWorks/devWorks2/CAR/MotorcontrolSpeedsensor/Vitis/MotorcontrolSpeedsensor/hw/MotorcontrolSpeedsensor.xsa
TRACE::2025-04-27.14:39:23::SCWPlatform::DSA directory C:/PXL/devWorks/devWorks2/CAR/MotorcontrolSpeedsensor/Vitis/MotorcontrolSpeedsensor/hw
TRACE::2025-04-27.14:39:23::SCWPlatform:: Platform Path C:/PXL/devWorks/devWorks2/CAR/MotorcontrolSpeedsensor/Vitis/MotorcontrolSpeedsensor/hw/MotorcontrolSpeedsensor.xsa
TRACE::2025-04-27.14:39:23::SCWPlatform:: Unique name xilinx:pynq-z2::0.0
TRACE::2025-04-27.14:39:23::SCWPlatform::Trying to set the existing hwdb with name design_1_wrapper_0
TRACE::2025-04-27.14:39:23::SCWPlatform::Opened existing hwdb design_1_wrapper_0
TRACE::2025-04-27.14:39:23::SCWPlatform::Found the Hw Db part of the input DSA
TRACE::2025-04-27.14:39:23::SCWMssOS::Checking the sw design at  C:/PXL/devWorks/devWorks2/CAR/MotorcontrolSpeedsensor/Vitis/MotorcontrolSpeedsensor/zynq_fsbl/zynq_fsbl_bsp/system.mss
TRACE::2025-04-27.14:39:23::SCWMssOS::DEBUG:  swdes dump  C:/PXL/devWorks/devWorks2/CAR/MotorcontrolSpeedsensor/Vitis/MotorcontrolSpeedsensor/ps7_cortexa9_0/standalone_ps7_cortexa9_0/bsp/system.mss|system_0||
C:/PXL/devWorks/devWorks2/CAR/MotorcontrolSpeedsensor/Vitis/MotorcontrolSpeedsensor/zynq_fsbl/zynq_fsbl_bsp/system.mss|system||

TRACE::2025-04-27.14:39:23::SCWMssOS::Sw design exists and opened at  C:/PXL/devWorks/devWorks2/CAR/MotorcontrolSpeedsensor/Vitis/MotorcontrolSpeedsensor/zynq_fsbl/zynq_fsbl_bsp/system.mss
TRACE::2025-04-27.14:39:23::SCWPlatform::Trying to open the hw design at C:/PXL/devWorks/devWorks2/CAR/MotorcontrolSpeedsensor/Vitis/MotorcontrolSpeedsensor/hw/MotorcontrolSpeedsensor.xsa
TRACE::2025-04-27.14:39:23::SCWPlatform::DSA given C:/PXL/devWorks/devWorks2/CAR/MotorcontrolSpeedsensor/Vitis/MotorcontrolSpeedsensor/hw/MotorcontrolSpeedsensor.xsa
TRACE::2025-04-27.14:39:23::SCWPlatform::DSA absoulate path C:/PXL/devWorks/devWorks2/CAR/MotorcontrolSpeedsensor/Vitis/MotorcontrolSpeedsensor/hw/MotorcontrolSpeedsensor.xsa
TRACE::2025-04-27.14:39:23::SCWPlatform::DSA directory C:/PXL/devWorks/devWorks2/CAR/MotorcontrolSpeedsensor/Vitis/MotorcontrolSpeedsensor/hw
TRACE::2025-04-27.14:39:23::SCWPlatform:: Platform Path C:/PXL/devWorks/devWorks2/CAR/MotorcontrolSpeedsensor/Vitis/MotorcontrolSpeedsensor/hw/MotorcontrolSpeedsensor.xsa
TRACE::2025-04-27.14:39:23::SCWPlatform:: Unique name xilinx:pynq-z2::0.0
TRACE::2025-04-27.14:39:23::SCWPlatform::Trying to set the existing hwdb with name design_1_wrapper_0
TRACE::2025-04-27.14:39:23::SCWPlatform::Opened existing hwdb design_1_wrapper_0
TRACE::2025-04-27.14:39:23::SCWPlatform::Found the Hw Db part of the input DSA
TRACE::2025-04-27.14:39:23::SCWMssOS::Checking the sw design at  C:/PXL/devWorks/devWorks2/CAR/MotorcontrolSpeedsensor/Vitis/MotorcontrolSpeedsensor/ps7_cortexa9_0/standalone_ps7_cortexa9_0/bsp/system.mss
TRACE::2025-04-27.14:39:23::SCWMssOS::DEBUG:  swdes dump  C:/PXL/devWorks/devWorks2/CAR/MotorcontrolSpeedsensor/Vitis/MotorcontrolSpeedsensor/ps7_cortexa9_0/standalone_ps7_cortexa9_0/bsp/system.mss|system_0||
C:/PXL/devWorks/devWorks2/CAR/MotorcontrolSpeedsensor/Vitis/MotorcontrolSpeedsensor/zynq_fsbl/zynq_fsbl_bsp/system.mss|system||

TRACE::2025-04-27.14:39:23::SCWMssOS::Sw design exists and opened at  C:/PXL/devWorks/devWorks2/CAR/MotorcontrolSpeedsensor/Vitis/MotorcontrolSpeedsensor/ps7_cortexa9_0/standalone_ps7_cortexa9_0/bsp/system.mss
TRACE::2025-04-27.14:39:23::SCWPlatform::Trying to open the hw design at C:/PXL/devWorks/devWorks2/CAR/MotorcontrolSpeedsensor/Vitis/MotorcontrolSpeedsensor/hw/MotorcontrolSpeedsensor.xsa
TRACE::2025-04-27.14:39:23::SCWPlatform::DSA given C:/PXL/devWorks/devWorks2/CAR/MotorcontrolSpeedsensor/Vitis/MotorcontrolSpeedsensor/hw/MotorcontrolSpeedsensor.xsa
TRACE::2025-04-27.14:39:23::SCWPlatform::DSA absoulate path C:/PXL/devWorks/devWorks2/CAR/MotorcontrolSpeedsensor/Vitis/MotorcontrolSpeedsensor/hw/MotorcontrolSpeedsensor.xsa
TRACE::2025-04-27.14:39:23::SCWPlatform::DSA directory C:/PXL/devWorks/devWorks2/CAR/MotorcontrolSpeedsensor/Vitis/MotorcontrolSpeedsensor/hw
TRACE::2025-04-27.14:39:23::SCWPlatform:: Platform Path C:/PXL/devWorks/devWorks2/CAR/MotorcontrolSpeedsensor/Vitis/MotorcontrolSpeedsensor/hw/MotorcontrolSpeedsensor.xsa
TRACE::2025-04-27.14:39:23::SCWPlatform:: Unique name xilinx:pynq-z2::0.0
TRACE::2025-04-27.14:39:23::SCWPlatform::Trying to set the existing hwdb with name design_1_wrapper_0
TRACE::2025-04-27.14:39:23::SCWPlatform::Opened existing hwdb design_1_wrapper_0
TRACE::2025-04-27.14:39:23::SCWPlatform::Found the Hw Db part of the input DSA
TRACE::2025-04-27.14:39:23::SCWMssOS::Checking the sw design at  C:/PXL/devWorks/devWorks2/CAR/MotorcontrolSpeedsensor/Vitis/MotorcontrolSpeedsensor/ps7_cortexa9_0/standalone_ps7_cortexa9_0/bsp/system.mss
TRACE::2025-04-27.14:39:23::SCWMssOS::DEBUG:  swdes dump  C:/PXL/devWorks/devWorks2/CAR/MotorcontrolSpeedsensor/Vitis/MotorcontrolSpeedsensor/ps7_cortexa9_0/standalone_ps7_cortexa9_0/bsp/system.mss|system_0||
C:/PXL/devWorks/devWorks2/CAR/MotorcontrolSpeedsensor/Vitis/MotorcontrolSpeedsensor/zynq_fsbl/zynq_fsbl_bsp/system.mss|system||

TRACE::2025-04-27.14:39:23::SCWMssOS::Sw design exists and opened at  C:/PXL/devWorks/devWorks2/CAR/MotorcontrolSpeedsensor/Vitis/MotorcontrolSpeedsensor/ps7_cortexa9_0/standalone_ps7_cortexa9_0/bsp/system.mss
TRACE::2025-04-27.14:39:23::SCWPlatform::Trying to open the hw design at C:/PXL/devWorks/devWorks2/CAR/MotorcontrolSpeedsensor/Vitis/MotorcontrolSpeedsensor/hw/MotorcontrolSpeedsensor.xsa
TRACE::2025-04-27.14:39:23::SCWPlatform::DSA given C:/PXL/devWorks/devWorks2/CAR/MotorcontrolSpeedsensor/Vitis/MotorcontrolSpeedsensor/hw/MotorcontrolSpeedsensor.xsa
TRACE::2025-04-27.14:39:23::SCWPlatform::DSA absoulate path C:/PXL/devWorks/devWorks2/CAR/MotorcontrolSpeedsensor/Vitis/MotorcontrolSpeedsensor/hw/MotorcontrolSpeedsensor.xsa
TRACE::2025-04-27.14:39:23::SCWPlatform::DSA directory C:/PXL/devWorks/devWorks2/CAR/MotorcontrolSpeedsensor/Vitis/MotorcontrolSpeedsensor/hw
TRACE::2025-04-27.14:39:23::SCWPlatform:: Platform Path C:/PXL/devWorks/devWorks2/CAR/MotorcontrolSpeedsensor/Vitis/MotorcontrolSpeedsensor/hw/MotorcontrolSpeedsensor.xsa
TRACE::2025-04-27.14:39:23::SCWPlatform:: Unique name xilinx:pynq-z2::0.0
TRACE::2025-04-27.14:39:23::SCWPlatform::Trying to set the existing hwdb with name design_1_wrapper_0
TRACE::2025-04-27.14:39:23::SCWPlatform::Opened existing hwdb design_1_wrapper_0
TRACE::2025-04-27.14:39:23::SCWPlatform::Found the Hw Db part of the input DSA
TRACE::2025-04-27.14:39:23::SCWMssOS::Checking the sw design at  C:/PXL/devWorks/devWorks2/CAR/MotorcontrolSpeedsensor/Vitis/MotorcontrolSpeedsensor/ps7_cortexa9_0/standalone_ps7_cortexa9_0/bsp/system.mss
TRACE::2025-04-27.14:39:23::SCWMssOS::DEBUG:  swdes dump  C:/PXL/devWorks/devWorks2/CAR/MotorcontrolSpeedsensor/Vitis/MotorcontrolSpeedsensor/ps7_cortexa9_0/standalone_ps7_cortexa9_0/bsp/system.mss|system_0||
C:/PXL/devWorks/devWorks2/CAR/MotorcontrolSpeedsensor/Vitis/MotorcontrolSpeedsensor/zynq_fsbl/zynq_fsbl_bsp/system.mss|system||

TRACE::2025-04-27.14:39:23::SCWMssOS::Sw design exists and opened at  C:/PXL/devWorks/devWorks2/CAR/MotorcontrolSpeedsensor/Vitis/MotorcontrolSpeedsensor/ps7_cortexa9_0/standalone_ps7_cortexa9_0/bsp/system.mss
TRACE::2025-04-27.14:39:23::SCWWriter::formatted JSON is {
	"platformName":	"MotorcontrolSpeedsensor",
	"sprVersion":	"2.0",
	"mode":	"gui",
	"dsaType":	"Fixed",
	"platformDesc":	"MotorcontrolSpeedsensor",
	"platHandOff":	"C:/PXL/devWorks/devWorks2/CAR/MotorcontrolSpeedsensor/MotorcontrolSpeedsensor.xsa",
	"platIntHandOff":	"<platformDir>/hw/MotorcontrolSpeedsensor.xsa",
	"deviceType":	"zynq",
	"platIsPrebuiltAutogen":	"false",
	"platIsNoBootBsp":	"false",
	"platFsblTarget":	"ps7_cortexa9_0",
	"hasFsblMakeHasChanges":	"false",
	"hasPmufwMakeHasChanges":	"false",
	"fsblExtraCompilerFlags":	"-MMD -MP       -mcpu=cortex-a9 -mfpu=vfpv3 -mfloat-abi=hard ",
	"platPreBuiltFlag":	false,
	"platformSamplesDir":	"",
	"platActiveSys":	"MotorcontrolSpeedsensor",
	"systems":	[{
			"systemName":	"MotorcontrolSpeedsensor",
			"systemDesc":	"MotorcontrolSpeedsensor",
			"sysIsBootAutoGen":	"true",
			"systemDispName":	"MotorcontrolSpeedsensor",
			"sysActiveDom":	"standalone_ps7_cortexa9_0",
			"sysDefaultDom":	"standalone_ps7_cortexa9_0",
			"domains":	[{
					"domainName":	"zynq_fsbl",
					"domainDispName":	"zynq_fsbl",
					"domainDesc":	"FSBL Application BSP - Auto Generated.",
					"processors":	"ps7_cortexa9_0",
					"os":	"standalone",
					"sdxOs":	"standalone",
					"debugEnable":	"",
					"domRuntimes":	["cpp"],
					"swRepo":	"",
					"mssOsVer":	"9.1",
					"mssFile":	"",
					"md5Digest":	"dc8c56426ec9221d3af29f72af58266e",
					"compatibleApp":	"zynq_fsbl",
					"domType":	"bootDomain",
					"arch":	"32-bit",
					"appSettings":	{
						"appCompilerFlags":	"",
						"appLinkerFlags":	""
					},
					"addedLibs":	["xilffs:5.2", "xilrsa:1.8"],
					"libOptions":	{
						"libsContainingOptions":	[]
					},
					"prebuiltLibs":	{
						"prebuiltIncPath":	[],
						"prebuiltLibPath":	[]
					},
					"isolation":	{
					}
				}, {
					"domainName":	"standalone_ps7_cortexa9_0",
					"domainDispName":	"standalone_ps7_cortexa9_0",
					"domainDesc":	"standalone_ps7_cortexa9_0",
					"processors":	"ps7_cortexa9_0",
					"os":	"standalone",
					"sdxOs":	"standalone",
					"qemuArgs":	"<platformDir>/resources/MotorcontrolSpeedsensor/standalone_ps7_cortexa9_0/qemu_args.txt",
					"qemuData":	"<platformDir>/resources/MotorcontrolSpeedsensor/standalone_ps7_cortexa9_0/qemu",
					"debugEnable":	"False",
					"domRuntimes":	["cpp"],
					"swRepo":	"",
					"mssOsVer":	"9.1",
					"mssFile":	"",
					"md5Digest":	"b57b2fd5cf4afcba76e12b19c60e852f",
					"compatibleApp":	"hello_world",
					"domType":	"mssDomain",
					"arch":	"32-bit",
					"appSettings":	{
						"appCompilerFlags":	"",
						"appLinkerFlags":	""
					},
					"addedLibs":	[],
					"libOptions":	{
						"libsContainingOptions":	[]
					},
					"prebuiltLibs":	{
						"prebuiltIncPath":	[],
						"prebuiltLibPath":	[]
					},
					"isolation":	{
					}
				}]
		}]
}
KEYINFO::2025-04-27.14:39:23::SCWPlatform::updated the xpfm file.
TRACE::2025-04-27.14:39:23::SCWPlatform::Trying to open the hw design at C:/PXL/devWorks/devWorks2/CAR/MotorcontrolSpeedsensor/Vitis/MotorcontrolSpeedsensor/hw/MotorcontrolSpeedsensor.xsa
TRACE::2025-04-27.14:39:23::SCWPlatform::DSA given C:/PXL/devWorks/devWorks2/CAR/MotorcontrolSpeedsensor/Vitis/MotorcontrolSpeedsensor/hw/MotorcontrolSpeedsensor.xsa
TRACE::2025-04-27.14:39:23::SCWPlatform::DSA absoulate path C:/PXL/devWorks/devWorks2/CAR/MotorcontrolSpeedsensor/Vitis/MotorcontrolSpeedsensor/hw/MotorcontrolSpeedsensor.xsa
TRACE::2025-04-27.14:39:23::SCWPlatform::DSA directory C:/PXL/devWorks/devWorks2/CAR/MotorcontrolSpeedsensor/Vitis/MotorcontrolSpeedsensor/hw
TRACE::2025-04-27.14:39:23::SCWPlatform:: Platform Path C:/PXL/devWorks/devWorks2/CAR/MotorcontrolSpeedsensor/Vitis/MotorcontrolSpeedsensor/hw/MotorcontrolSpeedsensor.xsa
TRACE::2025-04-27.14:39:23::SCWPlatform:: Unique name xilinx:pynq-z2::0.0
TRACE::2025-04-27.14:39:23::SCWPlatform::Trying to set the existing hwdb with name design_1_wrapper_0
TRACE::2025-04-27.14:39:23::SCWPlatform::Opened existing hwdb design_1_wrapper_0
TRACE::2025-04-27.14:39:23::SCWPlatform::Found the Hw Db part of the input DSA
TRACE::2025-04-27.14:39:23::SCWMssOS::Checking the sw design at  C:/PXL/devWorks/devWorks2/CAR/MotorcontrolSpeedsensor/Vitis/MotorcontrolSpeedsensor/ps7_cortexa9_0/standalone_ps7_cortexa9_0/bsp/system.mss
TRACE::2025-04-27.14:39:23::SCWMssOS::DEBUG:  swdes dump  C:/PXL/devWorks/devWorks2/CAR/MotorcontrolSpeedsensor/Vitis/MotorcontrolSpeedsensor/ps7_cortexa9_0/standalone_ps7_cortexa9_0/bsp/system.mss|system_0||
C:/PXL/devWorks/devWorks2/CAR/MotorcontrolSpeedsensor/Vitis/MotorcontrolSpeedsensor/zynq_fsbl/zynq_fsbl_bsp/system.mss|system||

TRACE::2025-04-27.14:39:23::SCWMssOS::Sw design exists and opened at  C:/PXL/devWorks/devWorks2/CAR/MotorcontrolSpeedsensor/Vitis/MotorcontrolSpeedsensor/ps7_cortexa9_0/standalone_ps7_cortexa9_0/bsp/system.mss
TRACE::2025-04-27.14:39:23::SCWMssOS::Saving the mss changes C:/PXL/devWorks/devWorks2/CAR/MotorcontrolSpeedsensor/Vitis/MotorcontrolSpeedsensor/zynq_fsbl/zynq_fsbl_bsp/system.mss
TRACE::2025-04-27.14:39:23::SCWMssOS::Found a swdesign opened with the mssfile.
TRACE::2025-04-27.14:39:23::SCWMssOS::Completed writemss as part of save.
TRACE::2025-04-27.14:39:23::SCWMssOS::Commit changes completed.
TRACE::2025-04-27.14:39:23::SCWMssOS::Saving the mss changes C:/PXL/devWorks/devWorks2/CAR/MotorcontrolSpeedsensor/Vitis/MotorcontrolSpeedsensor/ps7_cortexa9_0/standalone_ps7_cortexa9_0/bsp/system.mss
TRACE::2025-04-27.14:39:23::SCWMssOS::Found a swdesign opened with the mssfile.
TRACE::2025-04-27.14:39:23::SCWMssOS::Completed writemss as part of save.
TRACE::2025-04-27.14:39:23::SCWMssOS::Commit changes completed.
TRACE::2025-04-27.14:39:23::SCWPlatform::Trying to open the hw design at C:/PXL/devWorks/devWorks2/CAR/MotorcontrolSpeedsensor/Vitis/MotorcontrolSpeedsensor/hw/MotorcontrolSpeedsensor.xsa
TRACE::2025-04-27.14:39:23::SCWPlatform::DSA given C:/PXL/devWorks/devWorks2/CAR/MotorcontrolSpeedsensor/Vitis/MotorcontrolSpeedsensor/hw/MotorcontrolSpeedsensor.xsa
TRACE::2025-04-27.14:39:23::SCWPlatform::DSA absoulate path C:/PXL/devWorks/devWorks2/CAR/MotorcontrolSpeedsensor/Vitis/MotorcontrolSpeedsensor/hw/MotorcontrolSpeedsensor.xsa
TRACE::2025-04-27.14:39:23::SCWPlatform::DSA directory C:/PXL/devWorks/devWorks2/CAR/MotorcontrolSpeedsensor/Vitis/MotorcontrolSpeedsensor/hw
TRACE::2025-04-27.14:39:23::SCWPlatform:: Platform Path C:/PXL/devWorks/devWorks2/CAR/MotorcontrolSpeedsensor/Vitis/MotorcontrolSpeedsensor/hw/MotorcontrolSpeedsensor.xsa
TRACE::2025-04-27.14:39:23::SCWPlatform:: Unique name xilinx:pynq-z2::0.0
TRACE::2025-04-27.14:39:23::SCWPlatform::Trying to set the existing hwdb with name design_1_wrapper_0
TRACE::2025-04-27.14:39:23::SCWPlatform::Opened existing hwdb design_1_wrapper_0
TRACE::2025-04-27.14:39:23::SCWPlatform::Found the Hw Db part of the input DSA
TRACE::2025-04-27.14:39:23::SCWMssOS::Checking the sw design at  C:/PXL/devWorks/devWorks2/CAR/MotorcontrolSpeedsensor/Vitis/MotorcontrolSpeedsensor/zynq_fsbl/zynq_fsbl_bsp/system.mss
TRACE::2025-04-27.14:39:23::SCWMssOS::DEBUG:  swdes dump  C:/PXL/devWorks/devWorks2/CAR/MotorcontrolSpeedsensor/Vitis/MotorcontrolSpeedsensor/ps7_cortexa9_0/standalone_ps7_cortexa9_0/bsp/system.mss|system_0||
C:/PXL/devWorks/devWorks2/CAR/MotorcontrolSpeedsensor/Vitis/MotorcontrolSpeedsensor/zynq_fsbl/zynq_fsbl_bsp/system.mss|system||

TRACE::2025-04-27.14:39:23::SCWMssOS::Sw design exists and opened at  C:/PXL/devWorks/devWorks2/CAR/MotorcontrolSpeedsensor/Vitis/MotorcontrolSpeedsensor/zynq_fsbl/zynq_fsbl_bsp/system.mss
TRACE::2025-04-27.14:39:23::SCWPlatform::Trying to open the hw design at C:/PXL/devWorks/devWorks2/CAR/MotorcontrolSpeedsensor/Vitis/MotorcontrolSpeedsensor/hw/MotorcontrolSpeedsensor.xsa
TRACE::2025-04-27.14:39:23::SCWPlatform::DSA given C:/PXL/devWorks/devWorks2/CAR/MotorcontrolSpeedsensor/Vitis/MotorcontrolSpeedsensor/hw/MotorcontrolSpeedsensor.xsa
TRACE::2025-04-27.14:39:23::SCWPlatform::DSA absoulate path C:/PXL/devWorks/devWorks2/CAR/MotorcontrolSpeedsensor/Vitis/MotorcontrolSpeedsensor/hw/MotorcontrolSpeedsensor.xsa
TRACE::2025-04-27.14:39:23::SCWPlatform::DSA directory C:/PXL/devWorks/devWorks2/CAR/MotorcontrolSpeedsensor/Vitis/MotorcontrolSpeedsensor/hw
TRACE::2025-04-27.14:39:23::SCWPlatform:: Platform Path C:/PXL/devWorks/devWorks2/CAR/MotorcontrolSpeedsensor/Vitis/MotorcontrolSpeedsensor/hw/MotorcontrolSpeedsensor.xsa
TRACE::2025-04-27.14:39:23::SCWPlatform:: Unique name xilinx:pynq-z2::0.0
TRACE::2025-04-27.14:39:23::SCWPlatform::Trying to set the existing hwdb with name design_1_wrapper_0
TRACE::2025-04-27.14:39:23::SCWPlatform::Opened existing hwdb design_1_wrapper_0
TRACE::2025-04-27.14:39:23::SCWPlatform::Found the Hw Db part of the input DSA
TRACE::2025-04-27.14:39:23::SCWMssOS::Checking the sw design at  C:/PXL/devWorks/devWorks2/CAR/MotorcontrolSpeedsensor/Vitis/MotorcontrolSpeedsensor/zynq_fsbl/zynq_fsbl_bsp/system.mss
TRACE::2025-04-27.14:39:23::SCWMssOS::DEBUG:  swdes dump  C:/PXL/devWorks/devWorks2/CAR/MotorcontrolSpeedsensor/Vitis/MotorcontrolSpeedsensor/ps7_cortexa9_0/standalone_ps7_cortexa9_0/bsp/system.mss|system_0||
C:/PXL/devWorks/devWorks2/CAR/MotorcontrolSpeedsensor/Vitis/MotorcontrolSpeedsensor/zynq_fsbl/zynq_fsbl_bsp/system.mss|system||

TRACE::2025-04-27.14:39:23::SCWMssOS::Sw design exists and opened at  C:/PXL/devWorks/devWorks2/CAR/MotorcontrolSpeedsensor/Vitis/MotorcontrolSpeedsensor/zynq_fsbl/zynq_fsbl_bsp/system.mss
TRACE::2025-04-27.14:39:23::SCWPlatform::Trying to open the hw design at C:/PXL/devWorks/devWorks2/CAR/MotorcontrolSpeedsensor/Vitis/MotorcontrolSpeedsensor/hw/MotorcontrolSpeedsensor.xsa
TRACE::2025-04-27.14:39:23::SCWPlatform::DSA given C:/PXL/devWorks/devWorks2/CAR/MotorcontrolSpeedsensor/Vitis/MotorcontrolSpeedsensor/hw/MotorcontrolSpeedsensor.xsa
TRACE::2025-04-27.14:39:23::SCWPlatform::DSA absoulate path C:/PXL/devWorks/devWorks2/CAR/MotorcontrolSpeedsensor/Vitis/MotorcontrolSpeedsensor/hw/MotorcontrolSpeedsensor.xsa
TRACE::2025-04-27.14:39:23::SCWPlatform::DSA directory C:/PXL/devWorks/devWorks2/CAR/MotorcontrolSpeedsensor/Vitis/MotorcontrolSpeedsensor/hw
TRACE::2025-04-27.14:39:23::SCWPlatform:: Platform Path C:/PXL/devWorks/devWorks2/CAR/MotorcontrolSpeedsensor/Vitis/MotorcontrolSpeedsensor/hw/MotorcontrolSpeedsensor.xsa
TRACE::2025-04-27.14:39:23::SCWPlatform:: Unique name xilinx:pynq-z2::0.0
TRACE::2025-04-27.14:39:23::SCWPlatform::Trying to set the existing hwdb with name design_1_wrapper_0
TRACE::2025-04-27.14:39:23::SCWPlatform::Opened existing hwdb design_1_wrapper_0
TRACE::2025-04-27.14:39:23::SCWPlatform::Found the Hw Db part of the input DSA
TRACE::2025-04-27.14:39:23::SCWMssOS::Checking the sw design at  C:/PXL/devWorks/devWorks2/CAR/MotorcontrolSpeedsensor/Vitis/MotorcontrolSpeedsensor/zynq_fsbl/zynq_fsbl_bsp/system.mss
TRACE::2025-04-27.14:39:23::SCWMssOS::DEBUG:  swdes dump  C:/PXL/devWorks/devWorks2/CAR/MotorcontrolSpeedsensor/Vitis/MotorcontrolSpeedsensor/ps7_cortexa9_0/standalone_ps7_cortexa9_0/bsp/system.mss|system_0||
C:/PXL/devWorks/devWorks2/CAR/MotorcontrolSpeedsensor/Vitis/MotorcontrolSpeedsensor/zynq_fsbl/zynq_fsbl_bsp/system.mss|system||

TRACE::2025-04-27.14:39:23::SCWMssOS::Sw design exists and opened at  C:/PXL/devWorks/devWorks2/CAR/MotorcontrolSpeedsensor/Vitis/MotorcontrolSpeedsensor/zynq_fsbl/zynq_fsbl_bsp/system.mss
TRACE::2025-04-27.14:39:23::SCWPlatform::Trying to open the hw design at C:/PXL/devWorks/devWorks2/CAR/MotorcontrolSpeedsensor/Vitis/MotorcontrolSpeedsensor/hw/MotorcontrolSpeedsensor.xsa
TRACE::2025-04-27.14:39:23::SCWPlatform::DSA given C:/PXL/devWorks/devWorks2/CAR/MotorcontrolSpeedsensor/Vitis/MotorcontrolSpeedsensor/hw/MotorcontrolSpeedsensor.xsa
TRACE::2025-04-27.14:39:23::SCWPlatform::DSA absoulate path C:/PXL/devWorks/devWorks2/CAR/MotorcontrolSpeedsensor/Vitis/MotorcontrolSpeedsensor/hw/MotorcontrolSpeedsensor.xsa
TRACE::2025-04-27.14:39:23::SCWPlatform::DSA directory C:/PXL/devWorks/devWorks2/CAR/MotorcontrolSpeedsensor/Vitis/MotorcontrolSpeedsensor/hw
TRACE::2025-04-27.14:39:23::SCWPlatform:: Platform Path C:/PXL/devWorks/devWorks2/CAR/MotorcontrolSpeedsensor/Vitis/MotorcontrolSpeedsensor/hw/MotorcontrolSpeedsensor.xsa
TRACE::2025-04-27.14:39:23::SCWPlatform:: Unique name xilinx:pynq-z2::0.0
TRACE::2025-04-27.14:39:23::SCWPlatform::Trying to set the existing hwdb with name design_1_wrapper_0
TRACE::2025-04-27.14:39:23::SCWPlatform::Opened existing hwdb design_1_wrapper_0
TRACE::2025-04-27.14:39:23::SCWPlatform::Found the Hw Db part of the input DSA
TRACE::2025-04-27.14:39:23::SCWMssOS::Checking the sw design at  C:/PXL/devWorks/devWorks2/CAR/MotorcontrolSpeedsensor/Vitis/MotorcontrolSpeedsensor/ps7_cortexa9_0/standalone_ps7_cortexa9_0/bsp/system.mss
TRACE::2025-04-27.14:39:23::SCWMssOS::DEBUG:  swdes dump  C:/PXL/devWorks/devWorks2/CAR/MotorcontrolSpeedsensor/Vitis/MotorcontrolSpeedsensor/ps7_cortexa9_0/standalone_ps7_cortexa9_0/bsp/system.mss|system_0||
C:/PXL/devWorks/devWorks2/CAR/MotorcontrolSpeedsensor/Vitis/MotorcontrolSpeedsensor/zynq_fsbl/zynq_fsbl_bsp/system.mss|system||

TRACE::2025-04-27.14:39:23::SCWMssOS::Sw design exists and opened at  C:/PXL/devWorks/devWorks2/CAR/MotorcontrolSpeedsensor/Vitis/MotorcontrolSpeedsensor/ps7_cortexa9_0/standalone_ps7_cortexa9_0/bsp/system.mss
TRACE::2025-04-27.14:39:23::SCWPlatform::Trying to open the hw design at C:/PXL/devWorks/devWorks2/CAR/MotorcontrolSpeedsensor/Vitis/MotorcontrolSpeedsensor/hw/MotorcontrolSpeedsensor.xsa
TRACE::2025-04-27.14:39:23::SCWPlatform::DSA given C:/PXL/devWorks/devWorks2/CAR/MotorcontrolSpeedsensor/Vitis/MotorcontrolSpeedsensor/hw/MotorcontrolSpeedsensor.xsa
TRACE::2025-04-27.14:39:23::SCWPlatform::DSA absoulate path C:/PXL/devWorks/devWorks2/CAR/MotorcontrolSpeedsensor/Vitis/MotorcontrolSpeedsensor/hw/MotorcontrolSpeedsensor.xsa
TRACE::2025-04-27.14:39:23::SCWPlatform::DSA directory C:/PXL/devWorks/devWorks2/CAR/MotorcontrolSpeedsensor/Vitis/MotorcontrolSpeedsensor/hw
TRACE::2025-04-27.14:39:23::SCWPlatform:: Platform Path C:/PXL/devWorks/devWorks2/CAR/MotorcontrolSpeedsensor/Vitis/MotorcontrolSpeedsensor/hw/MotorcontrolSpeedsensor.xsa
TRACE::2025-04-27.14:39:23::SCWPlatform:: Unique name xilinx:pynq-z2::0.0
TRACE::2025-04-27.14:39:23::SCWPlatform::Trying to set the existing hwdb with name design_1_wrapper_0
TRACE::2025-04-27.14:39:23::SCWPlatform::Opened existing hwdb design_1_wrapper_0
TRACE::2025-04-27.14:39:23::SCWPlatform::Found the Hw Db part of the input DSA
TRACE::2025-04-27.14:39:23::SCWMssOS::Checking the sw design at  C:/PXL/devWorks/devWorks2/CAR/MotorcontrolSpeedsensor/Vitis/MotorcontrolSpeedsensor/ps7_cortexa9_0/standalone_ps7_cortexa9_0/bsp/system.mss
TRACE::2025-04-27.14:39:23::SCWMssOS::DEBUG:  swdes dump  C:/PXL/devWorks/devWorks2/CAR/MotorcontrolSpeedsensor/Vitis/MotorcontrolSpeedsensor/ps7_cortexa9_0/standalone_ps7_cortexa9_0/bsp/system.mss|system_0||
C:/PXL/devWorks/devWorks2/CAR/MotorcontrolSpeedsensor/Vitis/MotorcontrolSpeedsensor/zynq_fsbl/zynq_fsbl_bsp/system.mss|system||

TRACE::2025-04-27.14:39:23::SCWMssOS::Sw design exists and opened at  C:/PXL/devWorks/devWorks2/CAR/MotorcontrolSpeedsensor/Vitis/MotorcontrolSpeedsensor/ps7_cortexa9_0/standalone_ps7_cortexa9_0/bsp/system.mss
TRACE::2025-04-27.14:39:23::SCWPlatform::Trying to open the hw design at C:/PXL/devWorks/devWorks2/CAR/MotorcontrolSpeedsensor/Vitis/MotorcontrolSpeedsensor/hw/MotorcontrolSpeedsensor.xsa
TRACE::2025-04-27.14:39:23::SCWPlatform::DSA given C:/PXL/devWorks/devWorks2/CAR/MotorcontrolSpeedsensor/Vitis/MotorcontrolSpeedsensor/hw/MotorcontrolSpeedsensor.xsa
TRACE::2025-04-27.14:39:23::SCWPlatform::DSA absoulate path C:/PXL/devWorks/devWorks2/CAR/MotorcontrolSpeedsensor/Vitis/MotorcontrolSpeedsensor/hw/MotorcontrolSpeedsensor.xsa
TRACE::2025-04-27.14:39:23::SCWPlatform::DSA directory C:/PXL/devWorks/devWorks2/CAR/MotorcontrolSpeedsensor/Vitis/MotorcontrolSpeedsensor/hw
TRACE::2025-04-27.14:39:23::SCWPlatform:: Platform Path C:/PXL/devWorks/devWorks2/CAR/MotorcontrolSpeedsensor/Vitis/MotorcontrolSpeedsensor/hw/MotorcontrolSpeedsensor.xsa
TRACE::2025-04-27.14:39:23::SCWPlatform:: Unique name xilinx:pynq-z2::0.0
TRACE::2025-04-27.14:39:23::SCWPlatform::Trying to set the existing hwdb with name design_1_wrapper_0
TRACE::2025-04-27.14:39:23::SCWPlatform::Opened existing hwdb design_1_wrapper_0
TRACE::2025-04-27.14:39:23::SCWPlatform::Found the Hw Db part of the input DSA
TRACE::2025-04-27.14:39:23::SCWMssOS::Checking the sw design at  C:/PXL/devWorks/devWorks2/CAR/MotorcontrolSpeedsensor/Vitis/MotorcontrolSpeedsensor/ps7_cortexa9_0/standalone_ps7_cortexa9_0/bsp/system.mss
TRACE::2025-04-27.14:39:23::SCWMssOS::DEBUG:  swdes dump  C:/PXL/devWorks/devWorks2/CAR/MotorcontrolSpeedsensor/Vitis/MotorcontrolSpeedsensor/ps7_cortexa9_0/standalone_ps7_cortexa9_0/bsp/system.mss|system_0||
C:/PXL/devWorks/devWorks2/CAR/MotorcontrolSpeedsensor/Vitis/MotorcontrolSpeedsensor/zynq_fsbl/zynq_fsbl_bsp/system.mss|system||

TRACE::2025-04-27.14:39:23::SCWMssOS::Sw design exists and opened at  C:/PXL/devWorks/devWorks2/CAR/MotorcontrolSpeedsensor/Vitis/MotorcontrolSpeedsensor/ps7_cortexa9_0/standalone_ps7_cortexa9_0/bsp/system.mss
TRACE::2025-04-27.14:39:23::SCWWriter::formatted JSON is {
	"platformName":	"MotorcontrolSpeedsensor",
	"sprVersion":	"2.0",
	"mode":	"gui",
	"dsaType":	"Fixed",
	"platformDesc":	"MotorcontrolSpeedsensor",
	"platHandOff":	"C:/PXL/devWorks/devWorks2/CAR/MotorcontrolSpeedsensor/MotorcontrolSpeedsensor.xsa",
	"platIntHandOff":	"<platformDir>/hw/MotorcontrolSpeedsensor.xsa",
	"deviceType":	"zynq",
	"platIsPrebuiltAutogen":	"false",
	"platIsNoBootBsp":	"false",
	"platFsblTarget":	"ps7_cortexa9_0",
	"hasFsblMakeHasChanges":	"false",
	"hasPmufwMakeHasChanges":	"false",
	"fsblExtraCompilerFlags":	"-MMD -MP       -mcpu=cortex-a9 -mfpu=vfpv3 -mfloat-abi=hard ",
	"platPreBuiltFlag":	false,
	"platformSamplesDir":	"",
	"platActiveSys":	"MotorcontrolSpeedsensor",
	"systems":	[{
			"systemName":	"MotorcontrolSpeedsensor",
			"systemDesc":	"MotorcontrolSpeedsensor",
			"sysIsBootAutoGen":	"true",
			"systemDispName":	"MotorcontrolSpeedsensor",
			"sysActiveDom":	"standalone_ps7_cortexa9_0",
			"sysDefaultDom":	"standalone_ps7_cortexa9_0",
			"domains":	[{
					"domainName":	"zynq_fsbl",
					"domainDispName":	"zynq_fsbl",
					"domainDesc":	"FSBL Application BSP - Auto Generated.",
					"processors":	"ps7_cortexa9_0",
					"os":	"standalone",
					"sdxOs":	"standalone",
					"debugEnable":	"",
					"domRuntimes":	["cpp"],
					"swRepo":	"",
					"mssOsVer":	"9.1",
					"mssFile":	"",
					"md5Digest":	"dc8c56426ec9221d3af29f72af58266e",
					"compatibleApp":	"zynq_fsbl",
					"domType":	"bootDomain",
					"arch":	"32-bit",
					"appSettings":	{
						"appCompilerFlags":	"",
						"appLinkerFlags":	""
					},
					"addedLibs":	["xilffs:5.2", "xilrsa:1.8"],
					"libOptions":	{
						"libsContainingOptions":	[]
					},
					"prebuiltLibs":	{
						"prebuiltIncPath":	[],
						"prebuiltLibPath":	[]
					},
					"isolation":	{
					}
				}, {
					"domainName":	"standalone_ps7_cortexa9_0",
					"domainDispName":	"standalone_ps7_cortexa9_0",
					"domainDesc":	"standalone_ps7_cortexa9_0",
					"processors":	"ps7_cortexa9_0",
					"os":	"standalone",
					"sdxOs":	"standalone",
					"qemuArgs":	"<platformDir>/resources/MotorcontrolSpeedsensor/standalone_ps7_cortexa9_0/qemu_args.txt",
					"qemuData":	"<platformDir>/resources/MotorcontrolSpeedsensor/standalone_ps7_cortexa9_0/qemu",
					"debugEnable":	"False",
					"domRuntimes":	["cpp"],
					"swRepo":	"",
					"mssOsVer":	"9.1",
					"mssFile":	"",
					"md5Digest":	"b57b2fd5cf4afcba76e12b19c60e852f",
					"compatibleApp":	"hello_world",
					"domType":	"mssDomain",
					"arch":	"32-bit",
					"appSettings":	{
						"appCompilerFlags":	"",
						"appLinkerFlags":	""
					},
					"addedLibs":	[],
					"libOptions":	{
						"libsContainingOptions":	[]
					},
					"prebuiltLibs":	{
						"prebuiltIncPath":	[],
						"prebuiltLibPath":	[]
					},
					"isolation":	{
					}
				}]
		}]
}
TRACE::2025-04-27.14:39:23::SCWPlatform::Trying to open the hw design at C:/PXL/devWorks/devWorks2/CAR/MotorcontrolSpeedsensor/Vitis/MotorcontrolSpeedsensor/hw/MotorcontrolSpeedsensor.xsa
TRACE::2025-04-27.14:39:23::SCWPlatform::DSA given C:/PXL/devWorks/devWorks2/CAR/MotorcontrolSpeedsensor/Vitis/MotorcontrolSpeedsensor/hw/MotorcontrolSpeedsensor.xsa
TRACE::2025-04-27.14:39:23::SCWPlatform::DSA absoulate path C:/PXL/devWorks/devWorks2/CAR/MotorcontrolSpeedsensor/Vitis/MotorcontrolSpeedsensor/hw/MotorcontrolSpeedsensor.xsa
TRACE::2025-04-27.14:39:23::SCWPlatform::DSA directory C:/PXL/devWorks/devWorks2/CAR/MotorcontrolSpeedsensor/Vitis/MotorcontrolSpeedsensor/hw
TRACE::2025-04-27.14:39:23::SCWPlatform:: Platform Path C:/PXL/devWorks/devWorks2/CAR/MotorcontrolSpeedsensor/Vitis/MotorcontrolSpeedsensor/hw/MotorcontrolSpeedsensor.xsa
TRACE::2025-04-27.14:39:23::SCWPlatform:: Unique name xilinx:pynq-z2::0.0
TRACE::2025-04-27.14:39:23::SCWPlatform::Trying to set the existing hwdb with name design_1_wrapper_0
TRACE::2025-04-27.14:39:23::SCWPlatform::Opened existing hwdb design_1_wrapper_0
TRACE::2025-04-27.14:39:23::SCWPlatform::Found the Hw Db part of the input DSA
TRACE::2025-04-27.14:39:23::SCWMssOS::Checking the sw design at  C:/PXL/devWorks/devWorks2/CAR/MotorcontrolSpeedsensor/Vitis/MotorcontrolSpeedsensor/ps7_cortexa9_0/standalone_ps7_cortexa9_0/bsp/system.mss
TRACE::2025-04-27.14:39:23::SCWMssOS::DEBUG:  swdes dump  C:/PXL/devWorks/devWorks2/CAR/MotorcontrolSpeedsensor/Vitis/MotorcontrolSpeedsensor/ps7_cortexa9_0/standalone_ps7_cortexa9_0/bsp/system.mss|system_0||
C:/PXL/devWorks/devWorks2/CAR/MotorcontrolSpeedsensor/Vitis/MotorcontrolSpeedsensor/zynq_fsbl/zynq_fsbl_bsp/system.mss|system||

TRACE::2025-04-27.14:39:23::SCWMssOS::Sw design exists and opened at  C:/PXL/devWorks/devWorks2/CAR/MotorcontrolSpeedsensor/Vitis/MotorcontrolSpeedsensor/ps7_cortexa9_0/standalone_ps7_cortexa9_0/bsp/system.mss
TRACE::2025-04-27.14:39:23::SCWPlatform::Trying to open the hw design at C:/PXL/devWorks/devWorks2/CAR/MotorcontrolSpeedsensor/Vitis/MotorcontrolSpeedsensor/hw/MotorcontrolSpeedsensor.xsa
TRACE::2025-04-27.14:39:23::SCWPlatform::DSA given C:/PXL/devWorks/devWorks2/CAR/MotorcontrolSpeedsensor/Vitis/MotorcontrolSpeedsensor/hw/MotorcontrolSpeedsensor.xsa
TRACE::2025-04-27.14:39:23::SCWPlatform::DSA absoulate path C:/PXL/devWorks/devWorks2/CAR/MotorcontrolSpeedsensor/Vitis/MotorcontrolSpeedsensor/hw/MotorcontrolSpeedsensor.xsa
TRACE::2025-04-27.14:39:23::SCWPlatform::DSA directory C:/PXL/devWorks/devWorks2/CAR/MotorcontrolSpeedsensor/Vitis/MotorcontrolSpeedsensor/hw
TRACE::2025-04-27.14:39:23::SCWPlatform:: Platform Path C:/PXL/devWorks/devWorks2/CAR/MotorcontrolSpeedsensor/Vitis/MotorcontrolSpeedsensor/hw/MotorcontrolSpeedsensor.xsa
TRACE::2025-04-27.14:39:23::SCWPlatform:: Unique name xilinx:pynq-z2::0.0
TRACE::2025-04-27.14:39:23::SCWPlatform::Trying to set the existing hwdb with name design_1_wrapper_0
TRACE::2025-04-27.14:39:23::SCWPlatform::Opened existing hwdb design_1_wrapper_0
TRACE::2025-04-27.14:39:23::SCWPlatform::Found the Hw Db part of the input DSA
TRACE::2025-04-27.14:39:23::SCWMssOS::Checking the sw design at  C:/PXL/devWorks/devWorks2/CAR/MotorcontrolSpeedsensor/Vitis/MotorcontrolSpeedsensor/ps7_cortexa9_0/standalone_ps7_cortexa9_0/bsp/system.mss
TRACE::2025-04-27.14:39:23::SCWMssOS::DEBUG:  swdes dump  C:/PXL/devWorks/devWorks2/CAR/MotorcontrolSpeedsensor/Vitis/MotorcontrolSpeedsensor/ps7_cortexa9_0/standalone_ps7_cortexa9_0/bsp/system.mss|system_0||
C:/PXL/devWorks/devWorks2/CAR/MotorcontrolSpeedsensor/Vitis/MotorcontrolSpeedsensor/zynq_fsbl/zynq_fsbl_bsp/system.mss|system||

TRACE::2025-04-27.14:39:23::SCWMssOS::Sw design exists and opened at  C:/PXL/devWorks/devWorks2/CAR/MotorcontrolSpeedsensor/Vitis/MotorcontrolSpeedsensor/ps7_cortexa9_0/standalone_ps7_cortexa9_0/bsp/system.mss
TRACE::2025-04-27.14:39:23::SCWMssOS::Saving the mss changes C:/PXL/devWorks/devWorks2/CAR/MotorcontrolSpeedsensor/Vitis/MotorcontrolSpeedsensor/zynq_fsbl/zynq_fsbl_bsp/system.mss
TRACE::2025-04-27.14:39:23::SCWMssOS::Found a swdesign opened with the mssfile.
TRACE::2025-04-27.14:39:23::SCWMssOS::Completed writemss as part of save.
TRACE::2025-04-27.14:39:23::SCWMssOS::Commit changes completed.
TRACE::2025-04-27.14:39:23::SCWMssOS::Saving the mss changes C:/PXL/devWorks/devWorks2/CAR/MotorcontrolSpeedsensor/Vitis/MotorcontrolSpeedsensor/ps7_cortexa9_0/standalone_ps7_cortexa9_0/bsp/system.mss
TRACE::2025-04-27.14:39:23::SCWMssOS::Found a swdesign opened with the mssfile.
TRACE::2025-04-27.14:39:23::SCWMssOS::Completed writemss as part of save.
TRACE::2025-04-27.14:39:23::SCWMssOS::Commit changes completed.
TRACE::2025-04-27.14:39:23::SCWPlatform::Trying to open the hw design at C:/PXL/devWorks/devWorks2/CAR/MotorcontrolSpeedsensor/Vitis/MotorcontrolSpeedsensor/hw/MotorcontrolSpeedsensor.xsa
TRACE::2025-04-27.14:39:23::SCWPlatform::DSA given C:/PXL/devWorks/devWorks2/CAR/MotorcontrolSpeedsensor/Vitis/MotorcontrolSpeedsensor/hw/MotorcontrolSpeedsensor.xsa
TRACE::2025-04-27.14:39:23::SCWPlatform::DSA absoulate path C:/PXL/devWorks/devWorks2/CAR/MotorcontrolSpeedsensor/Vitis/MotorcontrolSpeedsensor/hw/MotorcontrolSpeedsensor.xsa
TRACE::2025-04-27.14:39:23::SCWPlatform::DSA directory C:/PXL/devWorks/devWorks2/CAR/MotorcontrolSpeedsensor/Vitis/MotorcontrolSpeedsensor/hw
TRACE::2025-04-27.14:39:23::SCWPlatform:: Platform Path C:/PXL/devWorks/devWorks2/CAR/MotorcontrolSpeedsensor/Vitis/MotorcontrolSpeedsensor/hw/MotorcontrolSpeedsensor.xsa
TRACE::2025-04-27.14:39:23::SCWPlatform:: Unique name xilinx:pynq-z2::0.0
TRACE::2025-04-27.14:39:23::SCWPlatform::Trying to set the existing hwdb with name design_1_wrapper_0
TRACE::2025-04-27.14:39:23::SCWPlatform::Opened existing hwdb design_1_wrapper_0
TRACE::2025-04-27.14:39:23::SCWPlatform::Found the Hw Db part of the input DSA
TRACE::2025-04-27.14:39:23::SCWMssOS::Checking the sw design at  C:/PXL/devWorks/devWorks2/CAR/MotorcontrolSpeedsensor/Vitis/MotorcontrolSpeedsensor/zynq_fsbl/zynq_fsbl_bsp/system.mss
TRACE::2025-04-27.14:39:23::SCWMssOS::DEBUG:  swdes dump  C:/PXL/devWorks/devWorks2/CAR/MotorcontrolSpeedsensor/Vitis/MotorcontrolSpeedsensor/ps7_cortexa9_0/standalone_ps7_cortexa9_0/bsp/system.mss|system_0||
C:/PXL/devWorks/devWorks2/CAR/MotorcontrolSpeedsensor/Vitis/MotorcontrolSpeedsensor/zynq_fsbl/zynq_fsbl_bsp/system.mss|system||

TRACE::2025-04-27.14:39:23::SCWMssOS::Sw design exists and opened at  C:/PXL/devWorks/devWorks2/CAR/MotorcontrolSpeedsensor/Vitis/MotorcontrolSpeedsensor/zynq_fsbl/zynq_fsbl_bsp/system.mss
TRACE::2025-04-27.14:39:23::SCWPlatform::Trying to open the hw design at C:/PXL/devWorks/devWorks2/CAR/MotorcontrolSpeedsensor/Vitis/MotorcontrolSpeedsensor/hw/MotorcontrolSpeedsensor.xsa
TRACE::2025-04-27.14:39:23::SCWPlatform::DSA given C:/PXL/devWorks/devWorks2/CAR/MotorcontrolSpeedsensor/Vitis/MotorcontrolSpeedsensor/hw/MotorcontrolSpeedsensor.xsa
TRACE::2025-04-27.14:39:23::SCWPlatform::DSA absoulate path C:/PXL/devWorks/devWorks2/CAR/MotorcontrolSpeedsensor/Vitis/MotorcontrolSpeedsensor/hw/MotorcontrolSpeedsensor.xsa
TRACE::2025-04-27.14:39:23::SCWPlatform::DSA directory C:/PXL/devWorks/devWorks2/CAR/MotorcontrolSpeedsensor/Vitis/MotorcontrolSpeedsensor/hw
TRACE::2025-04-27.14:39:23::SCWPlatform:: Platform Path C:/PXL/devWorks/devWorks2/CAR/MotorcontrolSpeedsensor/Vitis/MotorcontrolSpeedsensor/hw/MotorcontrolSpeedsensor.xsa
TRACE::2025-04-27.14:39:23::SCWPlatform:: Unique name xilinx:pynq-z2::0.0
TRACE::2025-04-27.14:39:23::SCWPlatform::Trying to set the existing hwdb with name design_1_wrapper_0
TRACE::2025-04-27.14:39:23::SCWPlatform::Opened existing hwdb design_1_wrapper_0
TRACE::2025-04-27.14:39:23::SCWPlatform::Found the Hw Db part of the input DSA
TRACE::2025-04-27.14:39:23::SCWMssOS::Checking the sw design at  C:/PXL/devWorks/devWorks2/CAR/MotorcontrolSpeedsensor/Vitis/MotorcontrolSpeedsensor/zynq_fsbl/zynq_fsbl_bsp/system.mss
TRACE::2025-04-27.14:39:23::SCWMssOS::DEBUG:  swdes dump  C:/PXL/devWorks/devWorks2/CAR/MotorcontrolSpeedsensor/Vitis/MotorcontrolSpeedsensor/ps7_cortexa9_0/standalone_ps7_cortexa9_0/bsp/system.mss|system_0||
C:/PXL/devWorks/devWorks2/CAR/MotorcontrolSpeedsensor/Vitis/MotorcontrolSpeedsensor/zynq_fsbl/zynq_fsbl_bsp/system.mss|system||

TRACE::2025-04-27.14:39:23::SCWMssOS::Sw design exists and opened at  C:/PXL/devWorks/devWorks2/CAR/MotorcontrolSpeedsensor/Vitis/MotorcontrolSpeedsensor/zynq_fsbl/zynq_fsbl_bsp/system.mss
TRACE::2025-04-27.14:39:23::SCWPlatform::Trying to open the hw design at C:/PXL/devWorks/devWorks2/CAR/MotorcontrolSpeedsensor/Vitis/MotorcontrolSpeedsensor/hw/MotorcontrolSpeedsensor.xsa
TRACE::2025-04-27.14:39:23::SCWPlatform::DSA given C:/PXL/devWorks/devWorks2/CAR/MotorcontrolSpeedsensor/Vitis/MotorcontrolSpeedsensor/hw/MotorcontrolSpeedsensor.xsa
TRACE::2025-04-27.14:39:23::SCWPlatform::DSA absoulate path C:/PXL/devWorks/devWorks2/CAR/MotorcontrolSpeedsensor/Vitis/MotorcontrolSpeedsensor/hw/MotorcontrolSpeedsensor.xsa
TRACE::2025-04-27.14:39:23::SCWPlatform::DSA directory C:/PXL/devWorks/devWorks2/CAR/MotorcontrolSpeedsensor/Vitis/MotorcontrolSpeedsensor/hw
TRACE::2025-04-27.14:39:23::SCWPlatform:: Platform Path C:/PXL/devWorks/devWorks2/CAR/MotorcontrolSpeedsensor/Vitis/MotorcontrolSpeedsensor/hw/MotorcontrolSpeedsensor.xsa
TRACE::2025-04-27.14:39:23::SCWPlatform:: Unique name xilinx:pynq-z2::0.0
TRACE::2025-04-27.14:39:23::SCWPlatform::Trying to set the existing hwdb with name design_1_wrapper_0
TRACE::2025-04-27.14:39:23::SCWPlatform::Opened existing hwdb design_1_wrapper_0
TRACE::2025-04-27.14:39:23::SCWPlatform::Found the Hw Db part of the input DSA
TRACE::2025-04-27.14:39:23::SCWMssOS::Checking the sw design at  C:/PXL/devWorks/devWorks2/CAR/MotorcontrolSpeedsensor/Vitis/MotorcontrolSpeedsensor/zynq_fsbl/zynq_fsbl_bsp/system.mss
TRACE::2025-04-27.14:39:23::SCWMssOS::DEBUG:  swdes dump  C:/PXL/devWorks/devWorks2/CAR/MotorcontrolSpeedsensor/Vitis/MotorcontrolSpeedsensor/ps7_cortexa9_0/standalone_ps7_cortexa9_0/bsp/system.mss|system_0||
C:/PXL/devWorks/devWorks2/CAR/MotorcontrolSpeedsensor/Vitis/MotorcontrolSpeedsensor/zynq_fsbl/zynq_fsbl_bsp/system.mss|system||

TRACE::2025-04-27.14:39:23::SCWMssOS::Sw design exists and opened at  C:/PXL/devWorks/devWorks2/CAR/MotorcontrolSpeedsensor/Vitis/MotorcontrolSpeedsensor/zynq_fsbl/zynq_fsbl_bsp/system.mss
TRACE::2025-04-27.14:39:23::SCWPlatform::Trying to open the hw design at C:/PXL/devWorks/devWorks2/CAR/MotorcontrolSpeedsensor/Vitis/MotorcontrolSpeedsensor/hw/MotorcontrolSpeedsensor.xsa
TRACE::2025-04-27.14:39:23::SCWPlatform::DSA given C:/PXL/devWorks/devWorks2/CAR/MotorcontrolSpeedsensor/Vitis/MotorcontrolSpeedsensor/hw/MotorcontrolSpeedsensor.xsa
TRACE::2025-04-27.14:39:23::SCWPlatform::DSA absoulate path C:/PXL/devWorks/devWorks2/CAR/MotorcontrolSpeedsensor/Vitis/MotorcontrolSpeedsensor/hw/MotorcontrolSpeedsensor.xsa
TRACE::2025-04-27.14:39:23::SCWPlatform::DSA directory C:/PXL/devWorks/devWorks2/CAR/MotorcontrolSpeedsensor/Vitis/MotorcontrolSpeedsensor/hw
TRACE::2025-04-27.14:39:23::SCWPlatform:: Platform Path C:/PXL/devWorks/devWorks2/CAR/MotorcontrolSpeedsensor/Vitis/MotorcontrolSpeedsensor/hw/MotorcontrolSpeedsensor.xsa
TRACE::2025-04-27.14:39:23::SCWPlatform:: Unique name xilinx:pynq-z2::0.0
TRACE::2025-04-27.14:39:23::SCWPlatform::Trying to set the existing hwdb with name design_1_wrapper_0
TRACE::2025-04-27.14:39:23::SCWPlatform::Opened existing hwdb design_1_wrapper_0
TRACE::2025-04-27.14:39:23::SCWPlatform::Found the Hw Db part of the input DSA
TRACE::2025-04-27.14:39:23::SCWMssOS::Checking the sw design at  C:/PXL/devWorks/devWorks2/CAR/MotorcontrolSpeedsensor/Vitis/MotorcontrolSpeedsensor/ps7_cortexa9_0/standalone_ps7_cortexa9_0/bsp/system.mss
TRACE::2025-04-27.14:39:23::SCWMssOS::DEBUG:  swdes dump  C:/PXL/devWorks/devWorks2/CAR/MotorcontrolSpeedsensor/Vitis/MotorcontrolSpeedsensor/ps7_cortexa9_0/standalone_ps7_cortexa9_0/bsp/system.mss|system_0||
C:/PXL/devWorks/devWorks2/CAR/MotorcontrolSpeedsensor/Vitis/MotorcontrolSpeedsensor/zynq_fsbl/zynq_fsbl_bsp/system.mss|system||

TRACE::2025-04-27.14:39:23::SCWMssOS::Sw design exists and opened at  C:/PXL/devWorks/devWorks2/CAR/MotorcontrolSpeedsensor/Vitis/MotorcontrolSpeedsensor/ps7_cortexa9_0/standalone_ps7_cortexa9_0/bsp/system.mss
TRACE::2025-04-27.14:39:23::SCWPlatform::Trying to open the hw design at C:/PXL/devWorks/devWorks2/CAR/MotorcontrolSpeedsensor/Vitis/MotorcontrolSpeedsensor/hw/MotorcontrolSpeedsensor.xsa
TRACE::2025-04-27.14:39:23::SCWPlatform::DSA given C:/PXL/devWorks/devWorks2/CAR/MotorcontrolSpeedsensor/Vitis/MotorcontrolSpeedsensor/hw/MotorcontrolSpeedsensor.xsa
TRACE::2025-04-27.14:39:23::SCWPlatform::DSA absoulate path C:/PXL/devWorks/devWorks2/CAR/MotorcontrolSpeedsensor/Vitis/MotorcontrolSpeedsensor/hw/MotorcontrolSpeedsensor.xsa
TRACE::2025-04-27.14:39:23::SCWPlatform::DSA directory C:/PXL/devWorks/devWorks2/CAR/MotorcontrolSpeedsensor/Vitis/MotorcontrolSpeedsensor/hw
TRACE::2025-04-27.14:39:23::SCWPlatform:: Platform Path C:/PXL/devWorks/devWorks2/CAR/MotorcontrolSpeedsensor/Vitis/MotorcontrolSpeedsensor/hw/MotorcontrolSpeedsensor.xsa
TRACE::2025-04-27.14:39:23::SCWPlatform:: Unique name xilinx:pynq-z2::0.0
TRACE::2025-04-27.14:39:23::SCWPlatform::Trying to set the existing hwdb with name design_1_wrapper_0
TRACE::2025-04-27.14:39:23::SCWPlatform::Opened existing hwdb design_1_wrapper_0
TRACE::2025-04-27.14:39:23::SCWPlatform::Found the Hw Db part of the input DSA
TRACE::2025-04-27.14:39:23::SCWMssOS::Checking the sw design at  C:/PXL/devWorks/devWorks2/CAR/MotorcontrolSpeedsensor/Vitis/MotorcontrolSpeedsensor/ps7_cortexa9_0/standalone_ps7_cortexa9_0/bsp/system.mss
TRACE::2025-04-27.14:39:23::SCWMssOS::DEBUG:  swdes dump  C:/PXL/devWorks/devWorks2/CAR/MotorcontrolSpeedsensor/Vitis/MotorcontrolSpeedsensor/ps7_cortexa9_0/standalone_ps7_cortexa9_0/bsp/system.mss|system_0||
C:/PXL/devWorks/devWorks2/CAR/MotorcontrolSpeedsensor/Vitis/MotorcontrolSpeedsensor/zynq_fsbl/zynq_fsbl_bsp/system.mss|system||

TRACE::2025-04-27.14:39:23::SCWMssOS::Sw design exists and opened at  C:/PXL/devWorks/devWorks2/CAR/MotorcontrolSpeedsensor/Vitis/MotorcontrolSpeedsensor/ps7_cortexa9_0/standalone_ps7_cortexa9_0/bsp/system.mss
TRACE::2025-04-27.14:39:23::SCWPlatform::Trying to open the hw design at C:/PXL/devWorks/devWorks2/CAR/MotorcontrolSpeedsensor/Vitis/MotorcontrolSpeedsensor/hw/MotorcontrolSpeedsensor.xsa
TRACE::2025-04-27.14:39:23::SCWPlatform::DSA given C:/PXL/devWorks/devWorks2/CAR/MotorcontrolSpeedsensor/Vitis/MotorcontrolSpeedsensor/hw/MotorcontrolSpeedsensor.xsa
TRACE::2025-04-27.14:39:23::SCWPlatform::DSA absoulate path C:/PXL/devWorks/devWorks2/CAR/MotorcontrolSpeedsensor/Vitis/MotorcontrolSpeedsensor/hw/MotorcontrolSpeedsensor.xsa
TRACE::2025-04-27.14:39:23::SCWPlatform::DSA directory C:/PXL/devWorks/devWorks2/CAR/MotorcontrolSpeedsensor/Vitis/MotorcontrolSpeedsensor/hw
TRACE::2025-04-27.14:39:23::SCWPlatform:: Platform Path C:/PXL/devWorks/devWorks2/CAR/MotorcontrolSpeedsensor/Vitis/MotorcontrolSpeedsensor/hw/MotorcontrolSpeedsensor.xsa
TRACE::2025-04-27.14:39:23::SCWPlatform:: Unique name xilinx:pynq-z2::0.0
TRACE::2025-04-27.14:39:23::SCWPlatform::Trying to set the existing hwdb with name design_1_wrapper_0
TRACE::2025-04-27.14:39:23::SCWPlatform::Opened existing hwdb design_1_wrapper_0
TRACE::2025-04-27.14:39:23::SCWPlatform::Found the Hw Db part of the input DSA
TRACE::2025-04-27.14:39:23::SCWMssOS::Checking the sw design at  C:/PXL/devWorks/devWorks2/CAR/MotorcontrolSpeedsensor/Vitis/MotorcontrolSpeedsensor/ps7_cortexa9_0/standalone_ps7_cortexa9_0/bsp/system.mss
TRACE::2025-04-27.14:39:23::SCWMssOS::DEBUG:  swdes dump  C:/PXL/devWorks/devWorks2/CAR/MotorcontrolSpeedsensor/Vitis/MotorcontrolSpeedsensor/ps7_cortexa9_0/standalone_ps7_cortexa9_0/bsp/system.mss|system_0||
C:/PXL/devWorks/devWorks2/CAR/MotorcontrolSpeedsensor/Vitis/MotorcontrolSpeedsensor/zynq_fsbl/zynq_fsbl_bsp/system.mss|system||

TRACE::2025-04-27.14:39:23::SCWMssOS::Sw design exists and opened at  C:/PXL/devWorks/devWorks2/CAR/MotorcontrolSpeedsensor/Vitis/MotorcontrolSpeedsensor/ps7_cortexa9_0/standalone_ps7_cortexa9_0/bsp/system.mss
TRACE::2025-04-27.14:39:23::SCWWriter::formatted JSON is {
	"platformName":	"MotorcontrolSpeedsensor",
	"sprVersion":	"2.0",
	"mode":	"gui",
	"dsaType":	"Fixed",
	"platformDesc":	"MotorcontrolSpeedsensor",
	"platHandOff":	"C:/PXL/devWorks/devWorks2/CAR/MotorcontrolSpeedsensor/MotorcontrolSpeedsensor.xsa",
	"platIntHandOff":	"<platformDir>/hw/MotorcontrolSpeedsensor.xsa",
	"deviceType":	"zynq",
	"platIsPrebuiltAutogen":	"false",
	"platIsNoBootBsp":	"false",
	"platFsblTarget":	"ps7_cortexa9_0",
	"hasFsblMakeHasChanges":	"false",
	"hasPmufwMakeHasChanges":	"false",
	"fsblExtraCompilerFlags":	"-MMD -MP       -mcpu=cortex-a9 -mfpu=vfpv3 -mfloat-abi=hard ",
	"platPreBuiltFlag":	false,
	"platformSamplesDir":	"",
	"platActiveSys":	"MotorcontrolSpeedsensor",
	"systems":	[{
			"systemName":	"MotorcontrolSpeedsensor",
			"systemDesc":	"MotorcontrolSpeedsensor",
			"sysIsBootAutoGen":	"true",
			"systemDispName":	"MotorcontrolSpeedsensor",
			"sysActiveDom":	"standalone_ps7_cortexa9_0",
			"sysDefaultDom":	"standalone_ps7_cortexa9_0",
			"domains":	[{
					"domainName":	"zynq_fsbl",
					"domainDispName":	"zynq_fsbl",
					"domainDesc":	"FSBL Application BSP - Auto Generated.",
					"processors":	"ps7_cortexa9_0",
					"os":	"standalone",
					"sdxOs":	"standalone",
					"debugEnable":	"",
					"domRuntimes":	["cpp"],
					"swRepo":	"",
					"mssOsVer":	"9.1",
					"mssFile":	"",
					"md5Digest":	"dc8c56426ec9221d3af29f72af58266e",
					"compatibleApp":	"zynq_fsbl",
					"domType":	"bootDomain",
					"arch":	"32-bit",
					"appSettings":	{
						"appCompilerFlags":	"",
						"appLinkerFlags":	""
					},
					"addedLibs":	["xilffs:5.2", "xilrsa:1.8"],
					"libOptions":	{
						"libsContainingOptions":	[]
					},
					"prebuiltLibs":	{
						"prebuiltIncPath":	[],
						"prebuiltLibPath":	[]
					},
					"isolation":	{
					}
				}, {
					"domainName":	"standalone_ps7_cortexa9_0",
					"domainDispName":	"standalone_ps7_cortexa9_0",
					"domainDesc":	"standalone_ps7_cortexa9_0",
					"processors":	"ps7_cortexa9_0",
					"os":	"standalone",
					"sdxOs":	"standalone",
					"qemuArgs":	"<platformDir>/resources/MotorcontrolSpeedsensor/standalone_ps7_cortexa9_0/qemu_args.txt",
					"qemuData":	"<platformDir>/resources/MotorcontrolSpeedsensor/standalone_ps7_cortexa9_0/qemu",
					"debugEnable":	"False",
					"domRuntimes":	["cpp"],
					"swRepo":	"",
					"mssOsVer":	"9.1",
					"mssFile":	"",
					"md5Digest":	"b57b2fd5cf4afcba76e12b19c60e852f",
					"compatibleApp":	"hello_world",
					"domType":	"mssDomain",
					"arch":	"32-bit",
					"appSettings":	{
						"appCompilerFlags":	"",
						"appLinkerFlags":	""
					},
					"addedLibs":	[],
					"libOptions":	{
						"libsContainingOptions":	[]
					},
					"prebuiltLibs":	{
						"prebuiltIncPath":	[],
						"prebuiltLibPath":	[]
					},
					"isolation":	{
					}
				}]
		}]
}
LOG::2025-04-27.14:39:23::SCWPlatform::Started generating the artifacts platform MotorcontrolSpeedsensor
TRACE::2025-04-27.14:39:23::SCWPlatform::Sanity checking of platform is completed
LOG::2025-04-27.14:39:23::SCWPlatform::Started generating the artifacts for system configuration MotorcontrolSpeedsensor
LOG::2025-04-27.14:39:23::SCWSystem::Started Processing the domain standalone_ps7_cortexa9_0
TRACE::2025-04-27.14:39:23::SCWDomain::Generating domain artifcats
TRACE::2025-04-27.14:39:23::SCWMssOS::Generating standalone artifcats
TRACE::2025-04-27.14:39:23::SCWMssOS::Copying the qemu file from  C:/PXL/devWorks/devWorks2/CAR/MotorcontrolSpeedsensor/Vitis/MotorcontrolSpeedsensor/resources/MotorcontrolSpeedsensor/standalone_ps7_cortexa9_0/qemu_args.txt To C:/PXL/devWorks/devWorks2/CAR/MotorcontrolSpeedsensor/Vitis/MotorcontrolSpeedsensor/export/MotorcontrolSpeedsensor/sw/MotorcontrolSpeedsensor/qemu/
TRACE::2025-04-27.14:39:23::SCWMssOS::Copying the qemu file from  C:/PXL/devWorks/devWorks2/CAR/MotorcontrolSpeedsensor/Vitis/MotorcontrolSpeedsensor/resources/MotorcontrolSpeedsensor/standalone_ps7_cortexa9_0/qemu_args.txt To C:/PXL/devWorks/devWorks2/CAR/MotorcontrolSpeedsensor/Vitis/MotorcontrolSpeedsensor/export/MotorcontrolSpeedsensor/sw/MotorcontrolSpeedsensor/standalone_ps7_cortexa9_0/qemu/
TRACE::2025-04-27.14:39:23::SCWMssOS:: Copying the user libraries. 
TRACE::2025-04-27.14:39:23::SCWPlatform::Trying to open the hw design at C:/PXL/devWorks/devWorks2/CAR/MotorcontrolSpeedsensor/Vitis/MotorcontrolSpeedsensor/hw/MotorcontrolSpeedsensor.xsa
TRACE::2025-04-27.14:39:23::SCWPlatform::DSA given C:/PXL/devWorks/devWorks2/CAR/MotorcontrolSpeedsensor/Vitis/MotorcontrolSpeedsensor/hw/MotorcontrolSpeedsensor.xsa
TRACE::2025-04-27.14:39:23::SCWPlatform::DSA absoulate path C:/PXL/devWorks/devWorks2/CAR/MotorcontrolSpeedsensor/Vitis/MotorcontrolSpeedsensor/hw/MotorcontrolSpeedsensor.xsa
TRACE::2025-04-27.14:39:23::SCWPlatform::DSA directory C:/PXL/devWorks/devWorks2/CAR/MotorcontrolSpeedsensor/Vitis/MotorcontrolSpeedsensor/hw
TRACE::2025-04-27.14:39:23::SCWPlatform:: Platform Path C:/PXL/devWorks/devWorks2/CAR/MotorcontrolSpeedsensor/Vitis/MotorcontrolSpeedsensor/hw/MotorcontrolSpeedsensor.xsa
TRACE::2025-04-27.14:39:23::SCWPlatform:: Unique name xilinx:pynq-z2::0.0
TRACE::2025-04-27.14:39:23::SCWPlatform::Trying to set the existing hwdb with name design_1_wrapper_0
TRACE::2025-04-27.14:39:23::SCWPlatform::Opened existing hwdb design_1_wrapper_0
TRACE::2025-04-27.14:39:23::SCWPlatform::Found the Hw Db part of the input DSA
TRACE::2025-04-27.14:39:23::SCWMssOS::Checking the sw design at  C:/PXL/devWorks/devWorks2/CAR/MotorcontrolSpeedsensor/Vitis/MotorcontrolSpeedsensor/ps7_cortexa9_0/standalone_ps7_cortexa9_0/bsp/system.mss
TRACE::2025-04-27.14:39:23::SCWMssOS::DEBUG:  swdes dump  C:/PXL/devWorks/devWorks2/CAR/MotorcontrolSpeedsensor/Vitis/MotorcontrolSpeedsensor/ps7_cortexa9_0/standalone_ps7_cortexa9_0/bsp/system.mss|system_0||
C:/PXL/devWorks/devWorks2/CAR/MotorcontrolSpeedsensor/Vitis/MotorcontrolSpeedsensor/zynq_fsbl/zynq_fsbl_bsp/system.mss|system||

TRACE::2025-04-27.14:39:23::SCWMssOS::Sw design exists and opened at  C:/PXL/devWorks/devWorks2/CAR/MotorcontrolSpeedsensor/Vitis/MotorcontrolSpeedsensor/ps7_cortexa9_0/standalone_ps7_cortexa9_0/bsp/system.mss
TRACE::2025-04-27.14:39:23::SCWMssOS::Completed writing the mss file at C:/PXL/devWorks/devWorks2/CAR/MotorcontrolSpeedsensor/Vitis/MotorcontrolSpeedsensor/ps7_cortexa9_0/standalone_ps7_cortexa9_0/bsp
TRACE::2025-04-27.14:39:23::SCWMssOS::Mss edits present, copying mssfile into export location C:/PXL/devWorks/devWorks2/CAR/MotorcontrolSpeedsensor/Vitis/MotorcontrolSpeedsensor/ps7_cortexa9_0/standalone_ps7_cortexa9_0/bsp/system.mss
TRACE::2025-04-27.14:39:23::SCWMssOS::bsp generated is upto date with the mss file. Skipping bsp generation.
TRACE::2025-04-27.14:39:23::SCWMssOS::BSP is already built. skipping the bsp build ... 
TRACE::2025-04-27.14:39:23::SCWDomain::Building the domain as part of full build :  standalone_ps7_cortexa9_0
TRACE::2025-04-27.14:39:23::SCWMssOS::skipping the bsp build ... 
TRACE::2025-04-27.14:39:23::SCWMssOS::Copying to export directory.
TRACE::2025-04-27.14:39:23::SCWMssOS:: Checking if to create the Supporting Applications
TRACE::2025-04-27.14:39:23::SCWMssOS:: No Linux domain exists, trying to generate FSBL 
TRACE::2025-04-27.14:39:23::SCWMssOS:: Completed Standalone Artifacts creation 
LOG::2025-04-27.14:39:23::SCWSystem::Completed Processing the domain standalone_ps7_cortexa9_0
LOG::2025-04-27.14:39:23::SCWSystem::Completed Processing the sysconfig MotorcontrolSpeedsensor
LOG::2025-04-27.14:39:23::SCWPlatform::Completed generating the artifacts for system configuration MotorcontrolSpeedsensor
TRACE::2025-04-27.14:39:23::SCWPlatform::Started preparing the platform 
TRACE::2025-04-27.14:39:23::SCWSystem::Writing the bif file for system config MotorcontrolSpeedsensor
TRACE::2025-04-27.14:39:23::SCWSystem::dir created 
TRACE::2025-04-27.14:39:23::SCWSystem::Writing the bif 
TRACE::2025-04-27.14:39:23::SCWPlatform::Started writing the spfm file 
TRACE::2025-04-27.14:39:23::SCWPlatform::Started writing the xpfm file 
TRACE::2025-04-27.14:39:23::SCWPlatform::Completed generating the platform
TRACE::2025-04-27.14:39:23::SCWMssOS::Saving the mss changes C:/PXL/devWorks/devWorks2/CAR/MotorcontrolSpeedsensor/Vitis/MotorcontrolSpeedsensor/zynq_fsbl/zynq_fsbl_bsp/system.mss
TRACE::2025-04-27.14:39:23::SCWMssOS::Found a swdesign opened with the mssfile.
TRACE::2025-04-27.14:39:23::SCWMssOS::Completed writemss as part of save.
TRACE::2025-04-27.14:39:23::SCWMssOS::Commit changes completed.
TRACE::2025-04-27.14:39:23::SCWMssOS::Saving the mss changes C:/PXL/devWorks/devWorks2/CAR/MotorcontrolSpeedsensor/Vitis/MotorcontrolSpeedsensor/ps7_cortexa9_0/standalone_ps7_cortexa9_0/bsp/system.mss
TRACE::2025-04-27.14:39:23::SCWMssOS::Found a swdesign opened with the mssfile.
TRACE::2025-04-27.14:39:23::SCWMssOS::Completed writemss as part of save.
TRACE::2025-04-27.14:39:23::SCWMssOS::Commit changes completed.
TRACE::2025-04-27.14:39:23::SCWPlatform::Trying to open the hw design at C:/PXL/devWorks/devWorks2/CAR/MotorcontrolSpeedsensor/Vitis/MotorcontrolSpeedsensor/hw/MotorcontrolSpeedsensor.xsa
TRACE::2025-04-27.14:39:23::SCWPlatform::DSA given C:/PXL/devWorks/devWorks2/CAR/MotorcontrolSpeedsensor/Vitis/MotorcontrolSpeedsensor/hw/MotorcontrolSpeedsensor.xsa
TRACE::2025-04-27.14:39:23::SCWPlatform::DSA absoulate path C:/PXL/devWorks/devWorks2/CAR/MotorcontrolSpeedsensor/Vitis/MotorcontrolSpeedsensor/hw/MotorcontrolSpeedsensor.xsa
TRACE::2025-04-27.14:39:23::SCWPlatform::DSA directory C:/PXL/devWorks/devWorks2/CAR/MotorcontrolSpeedsensor/Vitis/MotorcontrolSpeedsensor/hw
TRACE::2025-04-27.14:39:23::SCWPlatform:: Platform Path C:/PXL/devWorks/devWorks2/CAR/MotorcontrolSpeedsensor/Vitis/MotorcontrolSpeedsensor/hw/MotorcontrolSpeedsensor.xsa
TRACE::2025-04-27.14:39:23::SCWPlatform:: Unique name xilinx:pynq-z2::0.0
TRACE::2025-04-27.14:39:23::SCWPlatform::Trying to set the existing hwdb with name design_1_wrapper_0
TRACE::2025-04-27.14:39:23::SCWPlatform::Opened existing hwdb design_1_wrapper_0
TRACE::2025-04-27.14:39:23::SCWPlatform::Found the Hw Db part of the input DSA
TRACE::2025-04-27.14:39:23::SCWMssOS::Checking the sw design at  C:/PXL/devWorks/devWorks2/CAR/MotorcontrolSpeedsensor/Vitis/MotorcontrolSpeedsensor/zynq_fsbl/zynq_fsbl_bsp/system.mss
TRACE::2025-04-27.14:39:23::SCWMssOS::DEBUG:  swdes dump  C:/PXL/devWorks/devWorks2/CAR/MotorcontrolSpeedsensor/Vitis/MotorcontrolSpeedsensor/ps7_cortexa9_0/standalone_ps7_cortexa9_0/bsp/system.mss|system_0||
C:/PXL/devWorks/devWorks2/CAR/MotorcontrolSpeedsensor/Vitis/MotorcontrolSpeedsensor/zynq_fsbl/zynq_fsbl_bsp/system.mss|system||

TRACE::2025-04-27.14:39:23::SCWMssOS::Sw design exists and opened at  C:/PXL/devWorks/devWorks2/CAR/MotorcontrolSpeedsensor/Vitis/MotorcontrolSpeedsensor/zynq_fsbl/zynq_fsbl_bsp/system.mss
TRACE::2025-04-27.14:39:23::SCWPlatform::Trying to open the hw design at C:/PXL/devWorks/devWorks2/CAR/MotorcontrolSpeedsensor/Vitis/MotorcontrolSpeedsensor/hw/MotorcontrolSpeedsensor.xsa
TRACE::2025-04-27.14:39:23::SCWPlatform::DSA given C:/PXL/devWorks/devWorks2/CAR/MotorcontrolSpeedsensor/Vitis/MotorcontrolSpeedsensor/hw/MotorcontrolSpeedsensor.xsa
TRACE::2025-04-27.14:39:23::SCWPlatform::DSA absoulate path C:/PXL/devWorks/devWorks2/CAR/MotorcontrolSpeedsensor/Vitis/MotorcontrolSpeedsensor/hw/MotorcontrolSpeedsensor.xsa
TRACE::2025-04-27.14:39:23::SCWPlatform::DSA directory C:/PXL/devWorks/devWorks2/CAR/MotorcontrolSpeedsensor/Vitis/MotorcontrolSpeedsensor/hw
TRACE::2025-04-27.14:39:23::SCWPlatform:: Platform Path C:/PXL/devWorks/devWorks2/CAR/MotorcontrolSpeedsensor/Vitis/MotorcontrolSpeedsensor/hw/MotorcontrolSpeedsensor.xsa
TRACE::2025-04-27.14:39:23::SCWPlatform:: Unique name xilinx:pynq-z2::0.0
TRACE::2025-04-27.14:39:23::SCWPlatform::Trying to set the existing hwdb with name design_1_wrapper_0
TRACE::2025-04-27.14:39:23::SCWPlatform::Opened existing hwdb design_1_wrapper_0
TRACE::2025-04-27.14:39:23::SCWPlatform::Found the Hw Db part of the input DSA
TRACE::2025-04-27.14:39:23::SCWMssOS::Checking the sw design at  C:/PXL/devWorks/devWorks2/CAR/MotorcontrolSpeedsensor/Vitis/MotorcontrolSpeedsensor/zynq_fsbl/zynq_fsbl_bsp/system.mss
TRACE::2025-04-27.14:39:23::SCWMssOS::DEBUG:  swdes dump  C:/PXL/devWorks/devWorks2/CAR/MotorcontrolSpeedsensor/Vitis/MotorcontrolSpeedsensor/ps7_cortexa9_0/standalone_ps7_cortexa9_0/bsp/system.mss|system_0||
C:/PXL/devWorks/devWorks2/CAR/MotorcontrolSpeedsensor/Vitis/MotorcontrolSpeedsensor/zynq_fsbl/zynq_fsbl_bsp/system.mss|system||

TRACE::2025-04-27.14:39:23::SCWMssOS::Sw design exists and opened at  C:/PXL/devWorks/devWorks2/CAR/MotorcontrolSpeedsensor/Vitis/MotorcontrolSpeedsensor/zynq_fsbl/zynq_fsbl_bsp/system.mss
TRACE::2025-04-27.14:39:23::SCWPlatform::Trying to open the hw design at C:/PXL/devWorks/devWorks2/CAR/MotorcontrolSpeedsensor/Vitis/MotorcontrolSpeedsensor/hw/MotorcontrolSpeedsensor.xsa
TRACE::2025-04-27.14:39:23::SCWPlatform::DSA given C:/PXL/devWorks/devWorks2/CAR/MotorcontrolSpeedsensor/Vitis/MotorcontrolSpeedsensor/hw/MotorcontrolSpeedsensor.xsa
TRACE::2025-04-27.14:39:23::SCWPlatform::DSA absoulate path C:/PXL/devWorks/devWorks2/CAR/MotorcontrolSpeedsensor/Vitis/MotorcontrolSpeedsensor/hw/MotorcontrolSpeedsensor.xsa
TRACE::2025-04-27.14:39:23::SCWPlatform::DSA directory C:/PXL/devWorks/devWorks2/CAR/MotorcontrolSpeedsensor/Vitis/MotorcontrolSpeedsensor/hw
TRACE::2025-04-27.14:39:23::SCWPlatform:: Platform Path C:/PXL/devWorks/devWorks2/CAR/MotorcontrolSpeedsensor/Vitis/MotorcontrolSpeedsensor/hw/MotorcontrolSpeedsensor.xsa
TRACE::2025-04-27.14:39:23::SCWPlatform:: Unique name xilinx:pynq-z2::0.0
TRACE::2025-04-27.14:39:23::SCWPlatform::Trying to set the existing hwdb with name design_1_wrapper_0
TRACE::2025-04-27.14:39:23::SCWPlatform::Opened existing hwdb design_1_wrapper_0
TRACE::2025-04-27.14:39:23::SCWPlatform::Found the Hw Db part of the input DSA
TRACE::2025-04-27.14:39:23::SCWMssOS::Checking the sw design at  C:/PXL/devWorks/devWorks2/CAR/MotorcontrolSpeedsensor/Vitis/MotorcontrolSpeedsensor/zynq_fsbl/zynq_fsbl_bsp/system.mss
TRACE::2025-04-27.14:39:23::SCWMssOS::DEBUG:  swdes dump  C:/PXL/devWorks/devWorks2/CAR/MotorcontrolSpeedsensor/Vitis/MotorcontrolSpeedsensor/ps7_cortexa9_0/standalone_ps7_cortexa9_0/bsp/system.mss|system_0||
C:/PXL/devWorks/devWorks2/CAR/MotorcontrolSpeedsensor/Vitis/MotorcontrolSpeedsensor/zynq_fsbl/zynq_fsbl_bsp/system.mss|system||

TRACE::2025-04-27.14:39:23::SCWMssOS::Sw design exists and opened at  C:/PXL/devWorks/devWorks2/CAR/MotorcontrolSpeedsensor/Vitis/MotorcontrolSpeedsensor/zynq_fsbl/zynq_fsbl_bsp/system.mss
TRACE::2025-04-27.14:39:23::SCWPlatform::Trying to open the hw design at C:/PXL/devWorks/devWorks2/CAR/MotorcontrolSpeedsensor/Vitis/MotorcontrolSpeedsensor/hw/MotorcontrolSpeedsensor.xsa
TRACE::2025-04-27.14:39:23::SCWPlatform::DSA given C:/PXL/devWorks/devWorks2/CAR/MotorcontrolSpeedsensor/Vitis/MotorcontrolSpeedsensor/hw/MotorcontrolSpeedsensor.xsa
TRACE::2025-04-27.14:39:23::SCWPlatform::DSA absoulate path C:/PXL/devWorks/devWorks2/CAR/MotorcontrolSpeedsensor/Vitis/MotorcontrolSpeedsensor/hw/MotorcontrolSpeedsensor.xsa
TRACE::2025-04-27.14:39:23::SCWPlatform::DSA directory C:/PXL/devWorks/devWorks2/CAR/MotorcontrolSpeedsensor/Vitis/MotorcontrolSpeedsensor/hw
TRACE::2025-04-27.14:39:23::SCWPlatform:: Platform Path C:/PXL/devWorks/devWorks2/CAR/MotorcontrolSpeedsensor/Vitis/MotorcontrolSpeedsensor/hw/MotorcontrolSpeedsensor.xsa
TRACE::2025-04-27.14:39:23::SCWPlatform:: Unique name xilinx:pynq-z2::0.0
TRACE::2025-04-27.14:39:23::SCWPlatform::Trying to set the existing hwdb with name design_1_wrapper_0
TRACE::2025-04-27.14:39:23::SCWPlatform::Opened existing hwdb design_1_wrapper_0
TRACE::2025-04-27.14:39:23::SCWPlatform::Found the Hw Db part of the input DSA
TRACE::2025-04-27.14:39:23::SCWMssOS::Checking the sw design at  C:/PXL/devWorks/devWorks2/CAR/MotorcontrolSpeedsensor/Vitis/MotorcontrolSpeedsensor/ps7_cortexa9_0/standalone_ps7_cortexa9_0/bsp/system.mss
TRACE::2025-04-27.14:39:23::SCWMssOS::DEBUG:  swdes dump  C:/PXL/devWorks/devWorks2/CAR/MotorcontrolSpeedsensor/Vitis/MotorcontrolSpeedsensor/ps7_cortexa9_0/standalone_ps7_cortexa9_0/bsp/system.mss|system_0||
C:/PXL/devWorks/devWorks2/CAR/MotorcontrolSpeedsensor/Vitis/MotorcontrolSpeedsensor/zynq_fsbl/zynq_fsbl_bsp/system.mss|system||

TRACE::2025-04-27.14:39:23::SCWMssOS::Sw design exists and opened at  C:/PXL/devWorks/devWorks2/CAR/MotorcontrolSpeedsensor/Vitis/MotorcontrolSpeedsensor/ps7_cortexa9_0/standalone_ps7_cortexa9_0/bsp/system.mss
TRACE::2025-04-27.14:39:23::SCWPlatform::Trying to open the hw design at C:/PXL/devWorks/devWorks2/CAR/MotorcontrolSpeedsensor/Vitis/MotorcontrolSpeedsensor/hw/MotorcontrolSpeedsensor.xsa
TRACE::2025-04-27.14:39:23::SCWPlatform::DSA given C:/PXL/devWorks/devWorks2/CAR/MotorcontrolSpeedsensor/Vitis/MotorcontrolSpeedsensor/hw/MotorcontrolSpeedsensor.xsa
TRACE::2025-04-27.14:39:23::SCWPlatform::DSA absoulate path C:/PXL/devWorks/devWorks2/CAR/MotorcontrolSpeedsensor/Vitis/MotorcontrolSpeedsensor/hw/MotorcontrolSpeedsensor.xsa
TRACE::2025-04-27.14:39:23::SCWPlatform::DSA directory C:/PXL/devWorks/devWorks2/CAR/MotorcontrolSpeedsensor/Vitis/MotorcontrolSpeedsensor/hw
TRACE::2025-04-27.14:39:23::SCWPlatform:: Platform Path C:/PXL/devWorks/devWorks2/CAR/MotorcontrolSpeedsensor/Vitis/MotorcontrolSpeedsensor/hw/MotorcontrolSpeedsensor.xsa
TRACE::2025-04-27.14:39:23::SCWPlatform:: Unique name xilinx:pynq-z2::0.0
TRACE::2025-04-27.14:39:23::SCWPlatform::Trying to set the existing hwdb with name design_1_wrapper_0
TRACE::2025-04-27.14:39:23::SCWPlatform::Opened existing hwdb design_1_wrapper_0
TRACE::2025-04-27.14:39:23::SCWPlatform::Found the Hw Db part of the input DSA
TRACE::2025-04-27.14:39:23::SCWMssOS::Checking the sw design at  C:/PXL/devWorks/devWorks2/CAR/MotorcontrolSpeedsensor/Vitis/MotorcontrolSpeedsensor/ps7_cortexa9_0/standalone_ps7_cortexa9_0/bsp/system.mss
TRACE::2025-04-27.14:39:23::SCWMssOS::DEBUG:  swdes dump  C:/PXL/devWorks/devWorks2/CAR/MotorcontrolSpeedsensor/Vitis/MotorcontrolSpeedsensor/ps7_cortexa9_0/standalone_ps7_cortexa9_0/bsp/system.mss|system_0||
C:/PXL/devWorks/devWorks2/CAR/MotorcontrolSpeedsensor/Vitis/MotorcontrolSpeedsensor/zynq_fsbl/zynq_fsbl_bsp/system.mss|system||

TRACE::2025-04-27.14:39:23::SCWMssOS::Sw design exists and opened at  C:/PXL/devWorks/devWorks2/CAR/MotorcontrolSpeedsensor/Vitis/MotorcontrolSpeedsensor/ps7_cortexa9_0/standalone_ps7_cortexa9_0/bsp/system.mss
TRACE::2025-04-27.14:39:23::SCWPlatform::Trying to open the hw design at C:/PXL/devWorks/devWorks2/CAR/MotorcontrolSpeedsensor/Vitis/MotorcontrolSpeedsensor/hw/MotorcontrolSpeedsensor.xsa
TRACE::2025-04-27.14:39:23::SCWPlatform::DSA given C:/PXL/devWorks/devWorks2/CAR/MotorcontrolSpeedsensor/Vitis/MotorcontrolSpeedsensor/hw/MotorcontrolSpeedsensor.xsa
TRACE::2025-04-27.14:39:23::SCWPlatform::DSA absoulate path C:/PXL/devWorks/devWorks2/CAR/MotorcontrolSpeedsensor/Vitis/MotorcontrolSpeedsensor/hw/MotorcontrolSpeedsensor.xsa
TRACE::2025-04-27.14:39:23::SCWPlatform::DSA directory C:/PXL/devWorks/devWorks2/CAR/MotorcontrolSpeedsensor/Vitis/MotorcontrolSpeedsensor/hw
TRACE::2025-04-27.14:39:23::SCWPlatform:: Platform Path C:/PXL/devWorks/devWorks2/CAR/MotorcontrolSpeedsensor/Vitis/MotorcontrolSpeedsensor/hw/MotorcontrolSpeedsensor.xsa
TRACE::2025-04-27.14:39:23::SCWPlatform:: Unique name xilinx:pynq-z2::0.0
TRACE::2025-04-27.14:39:23::SCWPlatform::Trying to set the existing hwdb with name design_1_wrapper_0
TRACE::2025-04-27.14:39:23::SCWPlatform::Opened existing hwdb design_1_wrapper_0
TRACE::2025-04-27.14:39:23::SCWPlatform::Found the Hw Db part of the input DSA
TRACE::2025-04-27.14:39:23::SCWMssOS::Checking the sw design at  C:/PXL/devWorks/devWorks2/CAR/MotorcontrolSpeedsensor/Vitis/MotorcontrolSpeedsensor/ps7_cortexa9_0/standalone_ps7_cortexa9_0/bsp/system.mss
TRACE::2025-04-27.14:39:23::SCWMssOS::DEBUG:  swdes dump  C:/PXL/devWorks/devWorks2/CAR/MotorcontrolSpeedsensor/Vitis/MotorcontrolSpeedsensor/ps7_cortexa9_0/standalone_ps7_cortexa9_0/bsp/system.mss|system_0||
C:/PXL/devWorks/devWorks2/CAR/MotorcontrolSpeedsensor/Vitis/MotorcontrolSpeedsensor/zynq_fsbl/zynq_fsbl_bsp/system.mss|system||

TRACE::2025-04-27.14:39:23::SCWMssOS::Sw design exists and opened at  C:/PXL/devWorks/devWorks2/CAR/MotorcontrolSpeedsensor/Vitis/MotorcontrolSpeedsensor/ps7_cortexa9_0/standalone_ps7_cortexa9_0/bsp/system.mss
TRACE::2025-04-27.14:39:23::SCWWriter::formatted JSON is {
	"platformName":	"MotorcontrolSpeedsensor",
	"sprVersion":	"2.0",
	"mode":	"gui",
	"dsaType":	"Fixed",
	"platformDesc":	"MotorcontrolSpeedsensor",
	"platHandOff":	"C:/PXL/devWorks/devWorks2/CAR/MotorcontrolSpeedsensor/MotorcontrolSpeedsensor.xsa",
	"platIntHandOff":	"<platformDir>/hw/MotorcontrolSpeedsensor.xsa",
	"deviceType":	"zynq",
	"platIsPrebuiltAutogen":	"false",
	"platIsNoBootBsp":	"false",
	"platFsblTarget":	"ps7_cortexa9_0",
	"hasFsblMakeHasChanges":	"false",
	"hasPmufwMakeHasChanges":	"false",
	"fsblExtraCompilerFlags":	"-MMD -MP       -mcpu=cortex-a9 -mfpu=vfpv3 -mfloat-abi=hard ",
	"platPreBuiltFlag":	false,
	"platformSamplesDir":	"",
	"platActiveSys":	"MotorcontrolSpeedsensor",
	"systems":	[{
			"systemName":	"MotorcontrolSpeedsensor",
			"systemDesc":	"MotorcontrolSpeedsensor",
			"sysIsBootAutoGen":	"true",
			"systemDispName":	"MotorcontrolSpeedsensor",
			"sysActiveDom":	"standalone_ps7_cortexa9_0",
			"sysDefaultDom":	"standalone_ps7_cortexa9_0",
			"domains":	[{
					"domainName":	"zynq_fsbl",
					"domainDispName":	"zynq_fsbl",
					"domainDesc":	"FSBL Application BSP - Auto Generated.",
					"processors":	"ps7_cortexa9_0",
					"os":	"standalone",
					"sdxOs":	"standalone",
					"debugEnable":	"",
					"domRuntimes":	["cpp"],
					"swRepo":	"",
					"mssOsVer":	"9.1",
					"mssFile":	"",
					"md5Digest":	"dc8c56426ec9221d3af29f72af58266e",
					"compatibleApp":	"zynq_fsbl",
					"domType":	"bootDomain",
					"arch":	"32-bit",
					"appSettings":	{
						"appCompilerFlags":	"",
						"appLinkerFlags":	""
					},
					"addedLibs":	["xilffs:5.2", "xilrsa:1.8"],
					"libOptions":	{
						"libsContainingOptions":	[]
					},
					"prebuiltLibs":	{
						"prebuiltIncPath":	[],
						"prebuiltLibPath":	[]
					},
					"isolation":	{
					}
				}, {
					"domainName":	"standalone_ps7_cortexa9_0",
					"domainDispName":	"standalone_ps7_cortexa9_0",
					"domainDesc":	"standalone_ps7_cortexa9_0",
					"processors":	"ps7_cortexa9_0",
					"os":	"standalone",
					"sdxOs":	"standalone",
					"qemuArgs":	"<platformDir>/resources/MotorcontrolSpeedsensor/standalone_ps7_cortexa9_0/qemu_args.txt",
					"qemuData":	"<platformDir>/resources/MotorcontrolSpeedsensor/standalone_ps7_cortexa9_0/qemu",
					"debugEnable":	"False",
					"domRuntimes":	["cpp"],
					"swRepo":	"",
					"mssOsVer":	"9.1",
					"mssFile":	"",
					"md5Digest":	"b57b2fd5cf4afcba76e12b19c60e852f",
					"compatibleApp":	"hello_world",
					"domType":	"mssDomain",
					"arch":	"32-bit",
					"appSettings":	{
						"appCompilerFlags":	"",
						"appLinkerFlags":	""
					},
					"addedLibs":	[],
					"libOptions":	{
						"libsContainingOptions":	[]
					},
					"prebuiltLibs":	{
						"prebuiltIncPath":	[],
						"prebuiltLibPath":	[]
					},
					"isolation":	{
					}
				}]
		}]
}
KEYINFO::2025-04-27.14:39:23::SCWPlatform::updated the xpfm file.
LOG::2025-04-27.14:40:16::SCWPlatform::Started generating the artifacts platform MotorcontrolSpeedsensor
TRACE::2025-04-27.14:40:16::SCWPlatform::Sanity checking of platform is completed
LOG::2025-04-27.14:40:16::SCWPlatform::Started generating the artifacts for system configuration MotorcontrolSpeedsensor
LOG::2025-04-27.14:40:16::SCWSystem::Checking the domain zynq_fsbl
LOG::2025-04-27.14:40:16::SCWSystem::Doing application build for :  zynq_fsbl
TRACE::2025-04-27.14:40:16::SCWBDomain::Not a forced makefile updation, No changes are present. 
TRACE::2025-04-27.14:40:16::SCWDomain::Building the domain as part of full build :  zynq_fsbl
TRACE::2025-04-27.14:40:16::SCWPlatform::Trying to open the hw design at C:/PXL/devWorks/devWorks2/CAR/MotorcontrolSpeedsensor/Vitis/MotorcontrolSpeedsensor/hw/MotorcontrolSpeedsensor.xsa
TRACE::2025-04-27.14:40:16::SCWPlatform::DSA given C:/PXL/devWorks/devWorks2/CAR/MotorcontrolSpeedsensor/Vitis/MotorcontrolSpeedsensor/hw/MotorcontrolSpeedsensor.xsa
TRACE::2025-04-27.14:40:16::SCWPlatform::DSA absoulate path C:/PXL/devWorks/devWorks2/CAR/MotorcontrolSpeedsensor/Vitis/MotorcontrolSpeedsensor/hw/MotorcontrolSpeedsensor.xsa
TRACE::2025-04-27.14:40:16::SCWPlatform::DSA directory C:/PXL/devWorks/devWorks2/CAR/MotorcontrolSpeedsensor/Vitis/MotorcontrolSpeedsensor/hw
TRACE::2025-04-27.14:40:16::SCWPlatform:: Platform Path C:/PXL/devWorks/devWorks2/CAR/MotorcontrolSpeedsensor/Vitis/MotorcontrolSpeedsensor/hw/MotorcontrolSpeedsensor.xsa
TRACE::2025-04-27.14:40:16::SCWPlatform:: Unique name xilinx:pynq-z2::0.0
TRACE::2025-04-27.14:40:16::SCWPlatform::Trying to set the existing hwdb with name design_1_wrapper_0
TRACE::2025-04-27.14:40:16::SCWPlatform::Opened existing hwdb design_1_wrapper_0
TRACE::2025-04-27.14:40:16::SCWPlatform::Found the Hw Db part of the input DSA
TRACE::2025-04-27.14:40:16::SCWMssOS::Checking the sw design at  C:/PXL/devWorks/devWorks2/CAR/MotorcontrolSpeedsensor/Vitis/MotorcontrolSpeedsensor/zynq_fsbl/zynq_fsbl_bsp/system.mss
TRACE::2025-04-27.14:40:16::SCWMssOS::DEBUG:  swdes dump  C:/PXL/devWorks/devWorks2/CAR/MotorcontrolSpeedsensor/Vitis/MotorcontrolSpeedsensor/ps7_cortexa9_0/standalone_ps7_cortexa9_0/bsp/system.mss|system_0||
C:/PXL/devWorks/devWorks2/CAR/MotorcontrolSpeedsensor/Vitis/MotorcontrolSpeedsensor/zynq_fsbl/zynq_fsbl_bsp/system.mss|system||

TRACE::2025-04-27.14:40:16::SCWMssOS::Sw design exists and opened at  C:/PXL/devWorks/devWorks2/CAR/MotorcontrolSpeedsensor/Vitis/MotorcontrolSpeedsensor/zynq_fsbl/zynq_fsbl_bsp/system.mss
TRACE::2025-04-27.14:40:16::SCWBDomain::Completed writing the mss file at C:/PXL/devWorks/devWorks2/CAR/MotorcontrolSpeedsensor/Vitis/MotorcontrolSpeedsensor/zynq_fsbl/zynq_fsbl_bsp
TRACE::2025-04-27.14:40:16::SCWBDomain::bsp generated is upto date with the mss file. Skipping bsp generation.
TRACE::2025-04-27.14:40:16::SCWBDomain::Not a forced makefile updation, No changes are present. 
TRACE::2025-04-27.14:40:16::SCWBDomain::System Command Ran  C:&  cd  C:/PXL/devWorks/devWorks2/CAR/MotorcontrolSpeedsensor/Vitis/MotorcontrolSpeedsensor/zynq_fsbl& make -C  zynq_fsbl_bsp & make 
TRACE::2025-04-27.14:40:17::SCWBDomain::make: Entering directory 'C:/PXL/devWorks/devWorks2/CAR/MotorcontrolSpeedsensor/Vitis/MotorcontrolSpeedsensor/zynq_fsbl/zynq_fs
TRACE::2025-04-27.14:40:17::SCWBDomain::bl_bsp'

TRACE::2025-04-27.14:40:17::SCWBDomain::make --no-print-directory seq_libs

TRACE::2025-04-27.14:40:17::SCWBDomain::"Running Make include in ps7_cortexa9_0/libsrc/coresightps_dcc_v1_10/src"

TRACE::2025-04-27.14:40:17::SCWBDomain::make -C ps7_cortexa9_0/libsrc/coresightps_dcc_v1_10/src -s include  "SHELL=CMD" "COMPILER=arm-none-eabi-gcc" "ASSEMBLER=arm-non
TRACE::2025-04-27.14:40:17::SCWBDomain::e-eabi-as" "ARCHIVER=arm-none-eabi-ar" "COMPILER_FLAGS=  -O2 -c" "EXTRA_COMPILER_FLAGS=-mcpu=cortex-a9 -mfpu=vfpv3 -mfloat-abi=
TRACE::2025-04-27.14:40:17::SCWBDomain::hard -nostartfiles -g -Wall -Wextra -fno-tree-loop-distribute-patterns"

TRACE::2025-04-27.14:40:17::SCWBDomain::"Running Make include in ps7_cortexa9_0/libsrc/cpu_cortexa9_v2_12/src"

TRACE::2025-04-27.14:40:17::SCWBDomain::make -C ps7_cortexa9_0/libsrc/cpu_cortexa9_v2_12/src -s include  "SHELL=CMD" "COMPILER=arm-none-eabi-gcc" "ASSEMBLER=arm-none-e
TRACE::2025-04-27.14:40:17::SCWBDomain::abi-as" "ARCHIVER=arm-none-eabi-ar" "COMPILER_FLAGS=  -O2 -c" "EXTRA_COMPILER_FLAGS=-mcpu=cortex-a9 -mfpu=vfpv3 -mfloat-abi=har
TRACE::2025-04-27.14:40:17::SCWBDomain::d -nostartfiles -g -Wall -Wextra -fno-tree-loop-distribute-patterns"

TRACE::2025-04-27.14:40:17::SCWBDomain::"Running Make include in ps7_cortexa9_0/libsrc/ddrps_v1_2/src"

TRACE::2025-04-27.14:40:17::SCWBDomain::make -C ps7_cortexa9_0/libsrc/ddrps_v1_2/src -s include  "SHELL=CMD" "COMPILER=arm-none-eabi-gcc" "ASSEMBLER=arm-none-eabi-as" 
TRACE::2025-04-27.14:40:17::SCWBDomain::"ARCHIVER=arm-none-eabi-ar" "COMPILER_FLAGS=  -O2 -c" "EXTRA_COMPILER_FLAGS=-mcpu=cortex-a9 -mfpu=vfpv3 -mfloat-abi=hard -nosta
TRACE::2025-04-27.14:40:17::SCWBDomain::rtfiles -g -Wall -Wextra -fno-tree-loop-distribute-patterns"

TRACE::2025-04-27.14:40:17::SCWBDomain::"Running Make include in ps7_cortexa9_0/libsrc/devcfg_v3_8/src"

TRACE::2025-04-27.14:40:17::SCWBDomain::make -C ps7_cortexa9_0/libsrc/devcfg_v3_8/src -s include  "SHELL=CMD" "COMPILER=arm-none-eabi-gcc" "ASSEMBLER=arm-none-eabi-as"
TRACE::2025-04-27.14:40:17::SCWBDomain:: "ARCHIVER=arm-none-eabi-ar" "COMPILER_FLAGS=  -O2 -c" "EXTRA_COMPILER_FLAGS=-mcpu=cortex-a9 -mfpu=vfpv3 -mfloat-abi=hard -nost
TRACE::2025-04-27.14:40:17::SCWBDomain::artfiles -g -Wall -Wextra -fno-tree-loop-distribute-patterns"

TRACE::2025-04-27.14:40:18::SCWBDomain::"Running Make include in ps7_cortexa9_0/libsrc/dmaps_v2_10/src"

TRACE::2025-04-27.14:40:18::SCWBDomain::make -C ps7_cortexa9_0/libsrc/dmaps_v2_10/src -s include  "SHELL=CMD" "COMPILER=arm-none-eabi-gcc" "ASSEMBLER=arm-none-eabi-as"
TRACE::2025-04-27.14:40:18::SCWBDomain:: "ARCHIVER=arm-none-eabi-ar" "COMPILER_FLAGS=  -O2 -c" "EXTRA_COMPILER_FLAGS=-mcpu=cortex-a9 -mfpu=vfpv3 -mfloat-abi=hard -nost
TRACE::2025-04-27.14:40:18::SCWBDomain::artfiles -g -Wall -Wextra -fno-tree-loop-distribute-patterns"

TRACE::2025-04-27.14:40:18::SCWBDomain::"Running Make include in ps7_cortexa9_0/libsrc/eFPGA_AXI_LM393_driver_v1_0/src"

TRACE::2025-04-27.14:40:18::SCWBDomain::make -C ps7_cortexa9_0/libsrc/eFPGA_AXI_LM393_driver_v1_0/src -s include  "SHELL=CMD" "COMPILER=arm-none-eabi-gcc" "ASSEMBLER=a
TRACE::2025-04-27.14:40:18::SCWBDomain::rm-none-eabi-as" "ARCHIVER=arm-none-eabi-ar" "COMPILER_FLAGS=  -O2 -c" "EXTRA_COMPILER_FLAGS=-mcpu=cortex-a9 -mfpu=vfpv3 -mfloa
TRACE::2025-04-27.14:40:18::SCWBDomain::t-abi=hard -nostartfiles -g -Wall -Wextra -fno-tree-loop-distribute-patterns"

TRACE::2025-04-27.14:40:18::SCWBDomain::"Running Make include in ps7_cortexa9_0/libsrc/emacps_v3_20/src"

TRACE::2025-04-27.14:40:18::SCWBDomain::make -C ps7_cortexa9_0/libsrc/emacps_v3_20/src -s include  "SHELL=CMD" "COMPILER=arm-none-eabi-gcc" "ASSEMBLER=arm-none-eabi-as
TRACE::2025-04-27.14:40:18::SCWBDomain::" "ARCHIVER=arm-none-eabi-ar" "COMPILER_FLAGS=  -O2 -c" "EXTRA_COMPILER_FLAGS=-mcpu=cortex-a9 -mfpu=vfpv3 -mfloat-abi=hard -nos
TRACE::2025-04-27.14:40:18::SCWBDomain::tartfiles -g -Wall -Wextra -fno-tree-loop-distribute-patterns"

TRACE::2025-04-27.14:40:18::SCWBDomain::"Running Make include in ps7_cortexa9_0/libsrc/gpiops_v3_13/src"

TRACE::2025-04-27.14:40:18::SCWBDomain::make -C ps7_cortexa9_0/libsrc/gpiops_v3_13/src -s include  "SHELL=CMD" "COMPILER=arm-none-eabi-gcc" "ASSEMBLER=arm-none-eabi-as
TRACE::2025-04-27.14:40:18::SCWBDomain::" "ARCHIVER=arm-none-eabi-ar" "COMPILER_FLAGS=  -O2 -c" "EXTRA_COMPILER_FLAGS=-mcpu=cortex-a9 -mfpu=vfpv3 -mfloat-abi=hard -nos
TRACE::2025-04-27.14:40:18::SCWBDomain::tartfiles -g -Wall -Wextra -fno-tree-loop-distribute-patterns"

TRACE::2025-04-27.14:40:18::SCWBDomain::"Running Make include in ps7_cortexa9_0/libsrc/gpio_v4_11/src"

TRACE::2025-04-27.14:40:18::SCWBDomain::make -C ps7_cortexa9_0/libsrc/gpio_v4_11/src -s include  "SHELL=CMD" "COMPILER=arm-none-eabi-gcc" "ASSEMBLER=arm-none-eabi-as" 
TRACE::2025-04-27.14:40:18::SCWBDomain::"ARCHIVER=arm-none-eabi-ar" "COMPILER_FLAGS=  -O2 -c" "EXTRA_COMPILER_FLAGS=-mcpu=cortex-a9 -mfpu=vfpv3 -mfloat-abi=hard -nosta
TRACE::2025-04-27.14:40:18::SCWBDomain::rtfiles -g -Wall -Wextra -fno-tree-loop-distribute-patterns"

TRACE::2025-04-27.14:40:19::SCWBDomain::"Running Make include in ps7_cortexa9_0/libsrc/qspips_v3_12/src"

TRACE::2025-04-27.14:40:19::SCWBDomain::make -C ps7_cortexa9_0/libsrc/qspips_v3_12/src -s include  "SHELL=CMD" "COMPILER=arm-none-eabi-gcc" "ASSEMBLER=arm-none-eabi-as
TRACE::2025-04-27.14:40:19::SCWBDomain::" "ARCHIVER=arm-none-eabi-ar" "COMPILER_FLAGS=  -O2 -c" "EXTRA_COMPILER_FLAGS=-mcpu=cortex-a9 -mfpu=vfpv3 -mfloat-abi=hard -nos
TRACE::2025-04-27.14:40:19::SCWBDomain::tartfiles -g -Wall -Wextra -fno-tree-loop-distribute-patterns"

TRACE::2025-04-27.14:40:19::SCWBDomain::"Running Make include in ps7_cortexa9_0/libsrc/scugic_v5_3/src"

TRACE::2025-04-27.14:40:19::SCWBDomain::make -C ps7_cortexa9_0/libsrc/scugic_v5_3/src -s include  "SHELL=CMD" "COMPILER=arm-none-eabi-gcc" "ASSEMBLER=arm-none-eabi-as"
TRACE::2025-04-27.14:40:19::SCWBDomain:: "ARCHIVER=arm-none-eabi-ar" "COMPILER_FLAGS=  -O2 -c" "EXTRA_COMPILER_FLAGS=-mcpu=cortex-a9 -mfpu=vfpv3 -mfloat-abi=hard -nost
TRACE::2025-04-27.14:40:19::SCWBDomain::artfiles -g -Wall -Wextra -fno-tree-loop-distribute-patterns"

TRACE::2025-04-27.14:40:19::SCWBDomain::"Running Make include in ps7_cortexa9_0/libsrc/scutimer_v2_6/src"

TRACE::2025-04-27.14:40:19::SCWBDomain::make -C ps7_cortexa9_0/libsrc/scutimer_v2_6/src -s include  "SHELL=CMD" "COMPILER=arm-none-eabi-gcc" "ASSEMBLER=arm-none-eabi-a
TRACE::2025-04-27.14:40:19::SCWBDomain::s" "ARCHIVER=arm-none-eabi-ar" "COMPILER_FLAGS=  -O2 -c" "EXTRA_COMPILER_FLAGS=-mcpu=cortex-a9 -mfpu=vfpv3 -mfloat-abi=hard -no
TRACE::2025-04-27.14:40:19::SCWBDomain::startfiles -g -Wall -Wextra -fno-tree-loop-distribute-patterns"

TRACE::2025-04-27.14:40:19::SCWBDomain::"Running Make include in ps7_cortexa9_0/libsrc/scuwdt_v2_5/src"

TRACE::2025-04-27.14:40:19::SCWBDomain::make -C ps7_cortexa9_0/libsrc/scuwdt_v2_5/src -s include  "SHELL=CMD" "COMPILER=arm-none-eabi-gcc" "ASSEMBLER=arm-none-eabi-as"
TRACE::2025-04-27.14:40:19::SCWBDomain:: "ARCHIVER=arm-none-eabi-ar" "COMPILER_FLAGS=  -O2 -c" "EXTRA_COMPILER_FLAGS=-mcpu=cortex-a9 -mfpu=vfpv3 -mfloat-abi=hard -nost
TRACE::2025-04-27.14:40:19::SCWBDomain::artfiles -g -Wall -Wextra -fno-tree-loop-distribute-patterns"

TRACE::2025-04-27.14:40:19::SCWBDomain::"Running Make include in ps7_cortexa9_0/libsrc/sdps_v4_3/src"

TRACE::2025-04-27.14:40:19::SCWBDomain::make -C ps7_cortexa9_0/libsrc/sdps_v4_3/src -s include  "SHELL=CMD" "COMPILER=arm-none-eabi-gcc" "ASSEMBLER=arm-none-eabi-as" "
TRACE::2025-04-27.14:40:19::SCWBDomain::ARCHIVER=arm-none-eabi-ar" "COMPILER_FLAGS=  -O2 -c" "EXTRA_COMPILER_FLAGS=-mcpu=cortex-a9 -mfpu=vfpv3 -mfloat-abi=hard -nostar
TRACE::2025-04-27.14:40:19::SCWBDomain::tfiles -g -Wall -Wextra -fno-tree-loop-distribute-patterns"

TRACE::2025-04-27.14:40:19::SCWBDomain::"Running Make include in ps7_cortexa9_0/libsrc/standalone_v9_1/src"

TRACE::2025-04-27.14:40:20::SCWBDomain::make -C ps7_cortexa9_0/libsrc/standalone_v9_1/src -s include  "SHELL=CMD" "COMPILER=arm-none-eabi-gcc" "ASSEMBLER=arm-none-eabi
TRACE::2025-04-27.14:40:20::SCWBDomain::-as" "ARCHIVER=arm-none-eabi-ar" "COMPILER_FLAGS=  -O2 -c" "EXTRA_COMPILER_FLAGS=-mcpu=cortex-a9 -mfpu=vfpv3 -mfloat-abi=hard -
TRACE::2025-04-27.14:40:20::SCWBDomain::nostartfiles -g -Wall -Wextra -fno-tree-loop-distribute-patterns"

TRACE::2025-04-27.14:40:21::SCWBDomain::"Running Make include in ps7_cortexa9_0/libsrc/tmrctr_v4_12/src"

TRACE::2025-04-27.14:40:21::SCWBDomain::make -C ps7_cortexa9_0/libsrc/tmrctr_v4_12/src -s include  "SHELL=CMD" "COMPILER=arm-none-eabi-gcc" "ASSEMBLER=arm-none-eabi-as
TRACE::2025-04-27.14:40:21::SCWBDomain::" "ARCHIVER=arm-none-eabi-ar" "COMPILER_FLAGS=  -O2 -c" "EXTRA_COMPILER_FLAGS=-mcpu=cortex-a9 -mfpu=vfpv3 -mfloat-abi=hard -nos
TRACE::2025-04-27.14:40:21::SCWBDomain::tartfiles -g -Wall -Wextra -fno-tree-loop-distribute-patterns"

TRACE::2025-04-27.14:40:21::SCWBDomain::"Running Make include in ps7_cortexa9_0/libsrc/uartps_v3_14/src"

TRACE::2025-04-27.14:40:21::SCWBDomain::make -C ps7_cortexa9_0/libsrc/uartps_v3_14/src -s include  "SHELL=CMD" "COMPILER=arm-none-eabi-gcc" "ASSEMBLER=arm-none-eabi-as
TRACE::2025-04-27.14:40:21::SCWBDomain::" "ARCHIVER=arm-none-eabi-ar" "COMPILER_FLAGS=  -O2 -c" "EXTRA_COMPILER_FLAGS=-mcpu=cortex-a9 -mfpu=vfpv3 -mfloat-abi=hard -nos
TRACE::2025-04-27.14:40:21::SCWBDomain::tartfiles -g -Wall -Wextra -fno-tree-loop-distribute-patterns"

TRACE::2025-04-27.14:40:21::SCWBDomain::"Running Make include in ps7_cortexa9_0/libsrc/usbps_v2_9/src"

TRACE::2025-04-27.14:40:21::SCWBDomain::make -C ps7_cortexa9_0/libsrc/usbps_v2_9/src -s include  "SHELL=CMD" "COMPILER=arm-none-eabi-gcc" "ASSEMBLER=arm-none-eabi-as" 
TRACE::2025-04-27.14:40:21::SCWBDomain::"ARCHIVER=arm-none-eabi-ar" "COMPILER_FLAGS=  -O2 -c" "EXTRA_COMPILER_FLAGS=-mcpu=cortex-a9 -mfpu=vfpv3 -mfloat-abi=hard -nosta
TRACE::2025-04-27.14:40:21::SCWBDomain::rtfiles -g -Wall -Wextra -fno-tree-loop-distribute-patterns"

TRACE::2025-04-27.14:40:21::SCWBDomain::"Running Make include in ps7_cortexa9_0/libsrc/xadcps_v2_7/src"

TRACE::2025-04-27.14:40:21::SCWBDomain::make -C ps7_cortexa9_0/libsrc/xadcps_v2_7/src -s include  "SHELL=CMD" "COMPILER=arm-none-eabi-gcc" "ASSEMBLER=arm-none-eabi-as"
TRACE::2025-04-27.14:40:21::SCWBDomain:: "ARCHIVER=arm-none-eabi-ar" "COMPILER_FLAGS=  -O2 -c" "EXTRA_COMPILER_FLAGS=-mcpu=cortex-a9 -mfpu=vfpv3 -mfloat-abi=hard -nost
TRACE::2025-04-27.14:40:21::SCWBDomain::artfiles -g -Wall -Wextra -fno-tree-loop-distribute-patterns"

TRACE::2025-04-27.14:40:21::SCWBDomain::"Running Make include in ps7_cortexa9_0/libsrc/xilffs_v5_2/src"

TRACE::2025-04-27.14:40:21::SCWBDomain::make -C ps7_cortexa9_0/libsrc/xilffs_v5_2/src -s include  "SHELL=CMD" "COMPILER=arm-none-eabi-gcc" "ASSEMBLER=arm-none-eabi-as"
TRACE::2025-04-27.14:40:21::SCWBDomain:: "ARCHIVER=arm-none-eabi-ar" "COMPILER_FLAGS=  -O2 -c" "EXTRA_COMPILER_FLAGS=-mcpu=cortex-a9 -mfpu=vfpv3 -mfloat-abi=hard -nost
TRACE::2025-04-27.14:40:21::SCWBDomain::artfiles -g -Wall -Wextra -fno-tree-loop-distribute-patterns"

TRACE::2025-04-27.14:40:21::SCWBDomain::"Running Make include in ps7_cortexa9_0/libsrc/xilrsa_v1_8/src"

TRACE::2025-04-27.14:40:21::SCWBDomain::make -C ps7_cortexa9_0/libsrc/xilrsa_v1_8/src -s include  "SHELL=CMD" "COMPILER=arm-none-eabi-gcc" "ASSEMBLER=arm-none-eabi-as"
TRACE::2025-04-27.14:40:21::SCWBDomain:: "ARCHIVER=arm-none-eabi-ar" "COMPILER_FLAGS=  -O2 -c" "EXTRA_COMPILER_FLAGS=-mcpu=cortex-a9 -mfpu=vfpv3 -mfloat-abi=hard -nost
TRACE::2025-04-27.14:40:21::SCWBDomain::artfiles -g -Wall -Wextra -fno-tree-loop-distribute-patterns"

TRACE::2025-04-27.14:40:22::SCWBDomain::"Running Make libs in ps7_cortexa9_0/libsrc/eFPGA_AXI_LM393_driver_v1_0/src"

TRACE::2025-04-27.14:40:22::SCWBDomain::make -C ps7_cortexa9_0/libsrc/eFPGA_AXI_LM393_driver_v1_0/src -s libs  "SHELL=CMD" "COMPILER=arm-none-eabi-gcc" "ASSEMBLER=arm-
TRACE::2025-04-27.14:40:22::SCWBDomain::none-eabi-as" "ARCHIVER=arm-none-eabi-ar" "COMPILER_FLAGS=  -O2 -c" "EXTRA_COMPILER_FLAGS=-mcpu=cortex-a9 -mfpu=vfpv3 -mfloat-a
TRACE::2025-04-27.14:40:22::SCWBDomain::bi=hard -nostartfiles -g -Wall -Wextra -fno-tree-loop-distribute-patterns"

TRACE::2025-04-27.14:40:22::SCWBDomain::"Compiling eFPGA_AXI_LM393_driver..."

TRACE::2025-04-27.14:40:22::SCWBDomain::make: Leaving directory 'C:/PXL/devWorks/devWorks2/CAR/MotorcontrolSpeedsensor/Vitis/MotorcontrolSpeedsensor/zynq_fsbl/zynq_fsb
TRACE::2025-04-27.14:40:22::SCWBDomain::l_bsp'

TRACE::2025-04-27.14:40:22::SCWBDomain::make -C zynq_fsbl_bsp

TRACE::2025-04-27.14:40:22::SCWBDomain::make[1]: Entering directory 'C:/PXL/devWorks/devWorks2/CAR/MotorcontrolSpeedsensor/Vitis/MotorcontrolSpeedsensor/zynq_fsbl/zynq
TRACE::2025-04-27.14:40:22::SCWBDomain::_fsbl_bsp'

TRACE::2025-04-27.14:40:22::SCWBDomain::make --no-print-directory seq_libs

TRACE::2025-04-27.14:40:22::SCWBDomain::"Running Make include in ps7_cortexa9_0/libsrc/coresightps_dcc_v1_10/src"

TRACE::2025-04-27.14:40:22::SCWBDomain::make -C ps7_cortexa9_0/libsrc/coresightps_dcc_v1_10/src -s include  "SHELL=CMD" "COMPILER=arm-none-eabi-gcc" "ASSEMBLER=arm-non
TRACE::2025-04-27.14:40:22::SCWBDomain::e-eabi-as" "ARCHIVER=arm-none-eabi-ar" "COMPILER_FLAGS=  -O2 -c" "EXTRA_COMPILER_FLAGS=-mcpu=cortex-a9 -mfpu=vfpv3 -mfloat-abi=
TRACE::2025-04-27.14:40:22::SCWBDomain::hard -nostartfiles -g -Wall -Wextra -fno-tree-loop-distribute-patterns"

TRACE::2025-04-27.14:40:22::SCWBDomain::"Running Make include in ps7_cortexa9_0/libsrc/cpu_cortexa9_v2_12/src"

TRACE::2025-04-27.14:40:22::SCWBDomain::make -C ps7_cortexa9_0/libsrc/cpu_cortexa9_v2_12/src -s include  "SHELL=CMD" "COMPILER=arm-none-eabi-gcc" "ASSEMBLER=arm-none-e
TRACE::2025-04-27.14:40:22::SCWBDomain::abi-as" "ARCHIVER=arm-none-eabi-ar" "COMPILER_FLAGS=  -O2 -c" "EXTRA_COMPILER_FLAGS=-mcpu=cortex-a9 -mfpu=vfpv3 -mfloat-abi=har
TRACE::2025-04-27.14:40:22::SCWBDomain::d -nostartfiles -g -Wall -Wextra -fno-tree-loop-distribute-patterns"

TRACE::2025-04-27.14:40:22::SCWBDomain::"Running Make include in ps7_cortexa9_0/libsrc/ddrps_v1_2/src"

TRACE::2025-04-27.14:40:22::SCWBDomain::make -C ps7_cortexa9_0/libsrc/ddrps_v1_2/src -s include  "SHELL=CMD" "COMPILER=arm-none-eabi-gcc" "ASSEMBLER=arm-none-eabi-as" 
TRACE::2025-04-27.14:40:22::SCWBDomain::"ARCHIVER=arm-none-eabi-ar" "COMPILER_FLAGS=  -O2 -c" "EXTRA_COMPILER_FLAGS=-mcpu=cortex-a9 -mfpu=vfpv3 -mfloat-abi=hard -nosta
TRACE::2025-04-27.14:40:22::SCWBDomain::rtfiles -g -Wall -Wextra -fno-tree-loop-distribute-patterns"

TRACE::2025-04-27.14:40:22::SCWBDomain::"Running Make include in ps7_cortexa9_0/libsrc/devcfg_v3_8/src"

TRACE::2025-04-27.14:40:22::SCWBDomain::make -C ps7_cortexa9_0/libsrc/devcfg_v3_8/src -s include  "SHELL=CMD" "COMPILER=arm-none-eabi-gcc" "ASSEMBLER=arm-none-eabi-as"
TRACE::2025-04-27.14:40:22::SCWBDomain:: "ARCHIVER=arm-none-eabi-ar" "COMPILER_FLAGS=  -O2 -c" "EXTRA_COMPILER_FLAGS=-mcpu=cortex-a9 -mfpu=vfpv3 -mfloat-abi=hard -nost
TRACE::2025-04-27.14:40:22::SCWBDomain::artfiles -g -Wall -Wextra -fno-tree-loop-distribute-patterns"

TRACE::2025-04-27.14:40:22::SCWBDomain::"Running Make include in ps7_cortexa9_0/libsrc/dmaps_v2_10/src"

TRACE::2025-04-27.14:40:22::SCWBDomain::make -C ps7_cortexa9_0/libsrc/dmaps_v2_10/src -s include  "SHELL=CMD" "COMPILER=arm-none-eabi-gcc" "ASSEMBLER=arm-none-eabi-as"
TRACE::2025-04-27.14:40:22::SCWBDomain:: "ARCHIVER=arm-none-eabi-ar" "COMPILER_FLAGS=  -O2 -c" "EXTRA_COMPILER_FLAGS=-mcpu=cortex-a9 -mfpu=vfpv3 -mfloat-abi=hard -nost
TRACE::2025-04-27.14:40:22::SCWBDomain::artfiles -g -Wall -Wextra -fno-tree-loop-distribute-patterns"

TRACE::2025-04-27.14:40:22::SCWBDomain::"Running Make include in ps7_cortexa9_0/libsrc/eFPGA_AXI_LM393_driver_v1_0/src"

TRACE::2025-04-27.14:40:22::SCWBDomain::make -C ps7_cortexa9_0/libsrc/eFPGA_AXI_LM393_driver_v1_0/src -s include  "SHELL=CMD" "COMPILER=arm-none-eabi-gcc" "ASSEMBLER=a
TRACE::2025-04-27.14:40:22::SCWBDomain::rm-none-eabi-as" "ARCHIVER=arm-none-eabi-ar" "COMPILER_FLAGS=  -O2 -c" "EXTRA_COMPILER_FLAGS=-mcpu=cortex-a9 -mfpu=vfpv3 -mfloa
TRACE::2025-04-27.14:40:22::SCWBDomain::t-abi=hard -nostartfiles -g -Wall -Wextra -fno-tree-loop-distribute-patterns"

TRACE::2025-04-27.14:40:22::SCWBDomain::"Running Make include in ps7_cortexa9_0/libsrc/emacps_v3_20/src"

TRACE::2025-04-27.14:40:22::SCWBDomain::make -C ps7_cortexa9_0/libsrc/emacps_v3_20/src -s include  "SHELL=CMD" "COMPILER=arm-none-eabi-gcc" "ASSEMBLER=arm-none-eabi-as
TRACE::2025-04-27.14:40:22::SCWBDomain::" "ARCHIVER=arm-none-eabi-ar" "COMPILER_FLAGS=  -O2 -c" "EXTRA_COMPILER_FLAGS=-mcpu=cortex-a9 -mfpu=vfpv3 -mfloat-abi=hard -nos
TRACE::2025-04-27.14:40:22::SCWBDomain::tartfiles -g -Wall -Wextra -fno-tree-loop-distribute-patterns"

TRACE::2025-04-27.14:40:22::SCWBDomain::"Running Make include in ps7_cortexa9_0/libsrc/gpiops_v3_13/src"

TRACE::2025-04-27.14:40:22::SCWBDomain::make -C ps7_cortexa9_0/libsrc/gpiops_v3_13/src -s include  "SHELL=CMD" "COMPILER=arm-none-eabi-gcc" "ASSEMBLER=arm-none-eabi-as
TRACE::2025-04-27.14:40:22::SCWBDomain::" "ARCHIVER=arm-none-eabi-ar" "COMPILER_FLAGS=  -O2 -c" "EXTRA_COMPILER_FLAGS=-mcpu=cortex-a9 -mfpu=vfpv3 -mfloat-abi=hard -nos
TRACE::2025-04-27.14:40:22::SCWBDomain::tartfiles -g -Wall -Wextra -fno-tree-loop-distribute-patterns"

TRACE::2025-04-27.14:40:22::SCWBDomain::"Running Make include in ps7_cortexa9_0/libsrc/gpio_v4_11/src"

TRACE::2025-04-27.14:40:22::SCWBDomain::make -C ps7_cortexa9_0/libsrc/gpio_v4_11/src -s include  "SHELL=CMD" "COMPILER=arm-none-eabi-gcc" "ASSEMBLER=arm-none-eabi-as" 
TRACE::2025-04-27.14:40:22::SCWBDomain::"ARCHIVER=arm-none-eabi-ar" "COMPILER_FLAGS=  -O2 -c" "EXTRA_COMPILER_FLAGS=-mcpu=cortex-a9 -mfpu=vfpv3 -mfloat-abi=hard -nosta
TRACE::2025-04-27.14:40:22::SCWBDomain::rtfiles -g -Wall -Wextra -fno-tree-loop-distribute-patterns"

TRACE::2025-04-27.14:40:22::SCWBDomain::"Running Make include in ps7_cortexa9_0/libsrc/qspips_v3_12/src"

TRACE::2025-04-27.14:40:22::SCWBDomain::make -C ps7_cortexa9_0/libsrc/qspips_v3_12/src -s include  "SHELL=CMD" "COMPILER=arm-none-eabi-gcc" "ASSEMBLER=arm-none-eabi-as
TRACE::2025-04-27.14:40:22::SCWBDomain::" "ARCHIVER=arm-none-eabi-ar" "COMPILER_FLAGS=  -O2 -c" "EXTRA_COMPILER_FLAGS=-mcpu=cortex-a9 -mfpu=vfpv3 -mfloat-abi=hard -nos
TRACE::2025-04-27.14:40:22::SCWBDomain::tartfiles -g -Wall -Wextra -fno-tree-loop-distribute-patterns"

TRACE::2025-04-27.14:40:22::SCWBDomain::"Running Make include in ps7_cortexa9_0/libsrc/scugic_v5_3/src"

TRACE::2025-04-27.14:40:22::SCWBDomain::make -C ps7_cortexa9_0/libsrc/scugic_v5_3/src -s include  "SHELL=CMD" "COMPILER=arm-none-eabi-gcc" "ASSEMBLER=arm-none-eabi-as"
TRACE::2025-04-27.14:40:22::SCWBDomain:: "ARCHIVER=arm-none-eabi-ar" "COMPILER_FLAGS=  -O2 -c" "EXTRA_COMPILER_FLAGS=-mcpu=cortex-a9 -mfpu=vfpv3 -mfloat-abi=hard -nost
TRACE::2025-04-27.14:40:22::SCWBDomain::artfiles -g -Wall -Wextra -fno-tree-loop-distribute-patterns"

TRACE::2025-04-27.14:40:23::SCWBDomain::"Running Make include in ps7_cortexa9_0/libsrc/scutimer_v2_6/src"

TRACE::2025-04-27.14:40:23::SCWBDomain::make -C ps7_cortexa9_0/libsrc/scutimer_v2_6/src -s include  "SHELL=CMD" "COMPILER=arm-none-eabi-gcc" "ASSEMBLER=arm-none-eabi-a
TRACE::2025-04-27.14:40:23::SCWBDomain::s" "ARCHIVER=arm-none-eabi-ar" "COMPILER_FLAGS=  -O2 -c" "EXTRA_COMPILER_FLAGS=-mcpu=cortex-a9 -mfpu=vfpv3 -mfloat-abi=hard -no
TRACE::2025-04-27.14:40:23::SCWBDomain::startfiles -g -Wall -Wextra -fno-tree-loop-distribute-patterns"

TRACE::2025-04-27.14:40:23::SCWBDomain::"Running Make include in ps7_cortexa9_0/libsrc/scuwdt_v2_5/src"

TRACE::2025-04-27.14:40:23::SCWBDomain::make -C ps7_cortexa9_0/libsrc/scuwdt_v2_5/src -s include  "SHELL=CMD" "COMPILER=arm-none-eabi-gcc" "ASSEMBLER=arm-none-eabi-as"
TRACE::2025-04-27.14:40:23::SCWBDomain:: "ARCHIVER=arm-none-eabi-ar" "COMPILER_FLAGS=  -O2 -c" "EXTRA_COMPILER_FLAGS=-mcpu=cortex-a9 -mfpu=vfpv3 -mfloat-abi=hard -nost
TRACE::2025-04-27.14:40:23::SCWBDomain::artfiles -g -Wall -Wextra -fno-tree-loop-distribute-patterns"

TRACE::2025-04-27.14:40:23::SCWBDomain::"Running Make include in ps7_cortexa9_0/libsrc/sdps_v4_3/src"

TRACE::2025-04-27.14:40:23::SCWBDomain::make -C ps7_cortexa9_0/libsrc/sdps_v4_3/src -s include  "SHELL=CMD" "COMPILER=arm-none-eabi-gcc" "ASSEMBLER=arm-none-eabi-as" "
TRACE::2025-04-27.14:40:23::SCWBDomain::ARCHIVER=arm-none-eabi-ar" "COMPILER_FLAGS=  -O2 -c" "EXTRA_COMPILER_FLAGS=-mcpu=cortex-a9 -mfpu=vfpv3 -mfloat-abi=hard -nostar
TRACE::2025-04-27.14:40:23::SCWBDomain::tfiles -g -Wall -Wextra -fno-tree-loop-distribute-patterns"

TRACE::2025-04-27.14:40:23::SCWBDomain::"Running Make include in ps7_cortexa9_0/libsrc/standalone_v9_1/src"

TRACE::2025-04-27.14:40:23::SCWBDomain::make -C ps7_cortexa9_0/libsrc/standalone_v9_1/src -s include  "SHELL=CMD" "COMPILER=arm-none-eabi-gcc" "ASSEMBLER=arm-none-eabi
TRACE::2025-04-27.14:40:23::SCWBDomain::-as" "ARCHIVER=arm-none-eabi-ar" "COMPILER_FLAGS=  -O2 -c" "EXTRA_COMPILER_FLAGS=-mcpu=cortex-a9 -mfpu=vfpv3 -mfloat-abi=hard -
TRACE::2025-04-27.14:40:23::SCWBDomain::nostartfiles -g -Wall -Wextra -fno-tree-loop-distribute-patterns"

TRACE::2025-04-27.14:40:23::SCWBDomain::"Running Make include in ps7_cortexa9_0/libsrc/tmrctr_v4_12/src"

TRACE::2025-04-27.14:40:23::SCWBDomain::make -C ps7_cortexa9_0/libsrc/tmrctr_v4_12/src -s include  "SHELL=CMD" "COMPILER=arm-none-eabi-gcc" "ASSEMBLER=arm-none-eabi-as
TRACE::2025-04-27.14:40:23::SCWBDomain::" "ARCHIVER=arm-none-eabi-ar" "COMPILER_FLAGS=  -O2 -c" "EXTRA_COMPILER_FLAGS=-mcpu=cortex-a9 -mfpu=vfpv3 -mfloat-abi=hard -nos
TRACE::2025-04-27.14:40:23::SCWBDomain::tartfiles -g -Wall -Wextra -fno-tree-loop-distribute-patterns"

TRACE::2025-04-27.14:40:23::SCWBDomain::"Running Make include in ps7_cortexa9_0/libsrc/uartps_v3_14/src"

TRACE::2025-04-27.14:40:23::SCWBDomain::make -C ps7_cortexa9_0/libsrc/uartps_v3_14/src -s include  "SHELL=CMD" "COMPILER=arm-none-eabi-gcc" "ASSEMBLER=arm-none-eabi-as
TRACE::2025-04-27.14:40:23::SCWBDomain::" "ARCHIVER=arm-none-eabi-ar" "COMPILER_FLAGS=  -O2 -c" "EXTRA_COMPILER_FLAGS=-mcpu=cortex-a9 -mfpu=vfpv3 -mfloat-abi=hard -nos
TRACE::2025-04-27.14:40:23::SCWBDomain::tartfiles -g -Wall -Wextra -fno-tree-loop-distribute-patterns"

TRACE::2025-04-27.14:40:23::SCWBDomain::"Running Make include in ps7_cortexa9_0/libsrc/usbps_v2_9/src"

TRACE::2025-04-27.14:40:23::SCWBDomain::make -C ps7_cortexa9_0/libsrc/usbps_v2_9/src -s include  "SHELL=CMD" "COMPILER=arm-none-eabi-gcc" "ASSEMBLER=arm-none-eabi-as" 
TRACE::2025-04-27.14:40:23::SCWBDomain::"ARCHIVER=arm-none-eabi-ar" "COMPILER_FLAGS=  -O2 -c" "EXTRA_COMPILER_FLAGS=-mcpu=cortex-a9 -mfpu=vfpv3 -mfloat-abi=hard -nosta
TRACE::2025-04-27.14:40:23::SCWBDomain::rtfiles -g -Wall -Wextra -fno-tree-loop-distribute-patterns"

TRACE::2025-04-27.14:40:23::SCWBDomain::"Running Make include in ps7_cortexa9_0/libsrc/xadcps_v2_7/src"

TRACE::2025-04-27.14:40:23::SCWBDomain::make -C ps7_cortexa9_0/libsrc/xadcps_v2_7/src -s include  "SHELL=CMD" "COMPILER=arm-none-eabi-gcc" "ASSEMBLER=arm-none-eabi-as"
TRACE::2025-04-27.14:40:23::SCWBDomain:: "ARCHIVER=arm-none-eabi-ar" "COMPILER_FLAGS=  -O2 -c" "EXTRA_COMPILER_FLAGS=-mcpu=cortex-a9 -mfpu=vfpv3 -mfloat-abi=hard -nost
TRACE::2025-04-27.14:40:23::SCWBDomain::artfiles -g -Wall -Wextra -fno-tree-loop-distribute-patterns"

TRACE::2025-04-27.14:40:23::SCWBDomain::"Running Make include in ps7_cortexa9_0/libsrc/xilffs_v5_2/src"

TRACE::2025-04-27.14:40:23::SCWBDomain::make -C ps7_cortexa9_0/libsrc/xilffs_v5_2/src -s include  "SHELL=CMD" "COMPILER=arm-none-eabi-gcc" "ASSEMBLER=arm-none-eabi-as"
TRACE::2025-04-27.14:40:23::SCWBDomain:: "ARCHIVER=arm-none-eabi-ar" "COMPILER_FLAGS=  -O2 -c" "EXTRA_COMPILER_FLAGS=-mcpu=cortex-a9 -mfpu=vfpv3 -mfloat-abi=hard -nost
TRACE::2025-04-27.14:40:23::SCWBDomain::artfiles -g -Wall -Wextra -fno-tree-loop-distribute-patterns"

TRACE::2025-04-27.14:40:23::SCWBDomain::"Running Make include in ps7_cortexa9_0/libsrc/xilrsa_v1_8/src"

TRACE::2025-04-27.14:40:23::SCWBDomain::make -C ps7_cortexa9_0/libsrc/xilrsa_v1_8/src -s include  "SHELL=CMD" "COMPILER=arm-none-eabi-gcc" "ASSEMBLER=arm-none-eabi-as"
TRACE::2025-04-27.14:40:23::SCWBDomain:: "ARCHIVER=arm-none-eabi-ar" "COMPILER_FLAGS=  -O2 -c" "EXTRA_COMPILER_FLAGS=-mcpu=cortex-a9 -mfpu=vfpv3 -mfloat-abi=hard -nost
TRACE::2025-04-27.14:40:23::SCWBDomain::artfiles -g -Wall -Wextra -fno-tree-loop-distribute-patterns"

TRACE::2025-04-27.14:40:23::SCWBDomain::"Running Make libs in ps7_cortexa9_0/libsrc/eFPGA_AXI_LM393_driver_v1_0/src"

TRACE::2025-04-27.14:40:23::SCWBDomain::make -C ps7_cortexa9_0/libsrc/eFPGA_AXI_LM393_driver_v1_0/src -s libs  "SHELL=CMD" "COMPILER=arm-none-eabi-gcc" "ASSEMBLER=arm-
TRACE::2025-04-27.14:40:23::SCWBDomain::none-eabi-as" "ARCHIVER=arm-none-eabi-ar" "COMPILER_FLAGS=  -O2 -c" "EXTRA_COMPILER_FLAGS=-mcpu=cortex-a9 -mfpu=vfpv3 -mfloat-a
TRACE::2025-04-27.14:40:23::SCWBDomain::bi=hard -nostartfiles -g -Wall -Wextra -fno-tree-loop-distribute-patterns"

TRACE::2025-04-27.14:40:23::SCWBDomain::"Compiling eFPGA_AXI_LM393_driver..."

TRACE::2025-04-27.14:40:23::SCWBDomain::make[1]: Leaving directory 'C:/PXL/devWorks/devWorks2/CAR/MotorcontrolSpeedsensor/Vitis/MotorcontrolSpeedsensor/zynq_fsbl/zynq_
TRACE::2025-04-27.14:40:23::SCWBDomain::fsbl_bsp'

ERROR::2025-04-27.14:40:23::SCWBDomain::Failed to build the  zynq_fsbl application.
LOG::2025-04-27.14:40:23::SCWSystem::Checking the domain standalone_ps7_cortexa9_0
LOG::2025-04-27.14:40:23::SCWSystem::Not a boot domain 
LOG::2025-04-27.14:40:23::SCWSystem::Started Processing the domain standalone_ps7_cortexa9_0
TRACE::2025-04-27.14:40:23::SCWDomain::Generating domain artifcats
TRACE::2025-04-27.14:40:23::SCWMssOS::Generating standalone artifcats
TRACE::2025-04-27.14:40:23::SCWMssOS::Copying the qemu file from  C:/PXL/devWorks/devWorks2/CAR/MotorcontrolSpeedsensor/Vitis/MotorcontrolSpeedsensor/resources/MotorcontrolSpeedsensor/standalone_ps7_cortexa9_0/qemu_args.txt To C:/PXL/devWorks/devWorks2/CAR/MotorcontrolSpeedsensor/Vitis/MotorcontrolSpeedsensor/export/MotorcontrolSpeedsensor/sw/MotorcontrolSpeedsensor/qemu/
TRACE::2025-04-27.14:40:23::SCWMssOS::Copying the qemu file from  C:/PXL/devWorks/devWorks2/CAR/MotorcontrolSpeedsensor/Vitis/MotorcontrolSpeedsensor/resources/MotorcontrolSpeedsensor/standalone_ps7_cortexa9_0/qemu_args.txt To C:/PXL/devWorks/devWorks2/CAR/MotorcontrolSpeedsensor/Vitis/MotorcontrolSpeedsensor/export/MotorcontrolSpeedsensor/sw/MotorcontrolSpeedsensor/standalone_ps7_cortexa9_0/qemu/
TRACE::2025-04-27.14:40:23::SCWMssOS:: Copying the user libraries. 
TRACE::2025-04-27.14:40:23::SCWPlatform::Trying to open the hw design at C:/PXL/devWorks/devWorks2/CAR/MotorcontrolSpeedsensor/Vitis/MotorcontrolSpeedsensor/hw/MotorcontrolSpeedsensor.xsa
TRACE::2025-04-27.14:40:23::SCWPlatform::DSA given C:/PXL/devWorks/devWorks2/CAR/MotorcontrolSpeedsensor/Vitis/MotorcontrolSpeedsensor/hw/MotorcontrolSpeedsensor.xsa
TRACE::2025-04-27.14:40:23::SCWPlatform::DSA absoulate path C:/PXL/devWorks/devWorks2/CAR/MotorcontrolSpeedsensor/Vitis/MotorcontrolSpeedsensor/hw/MotorcontrolSpeedsensor.xsa
TRACE::2025-04-27.14:40:23::SCWPlatform::DSA directory C:/PXL/devWorks/devWorks2/CAR/MotorcontrolSpeedsensor/Vitis/MotorcontrolSpeedsensor/hw
TRACE::2025-04-27.14:40:23::SCWPlatform:: Platform Path C:/PXL/devWorks/devWorks2/CAR/MotorcontrolSpeedsensor/Vitis/MotorcontrolSpeedsensor/hw/MotorcontrolSpeedsensor.xsa
TRACE::2025-04-27.14:40:23::SCWPlatform:: Unique name xilinx:pynq-z2::0.0
TRACE::2025-04-27.14:40:23::SCWPlatform::Trying to set the existing hwdb with name design_1_wrapper_0
TRACE::2025-04-27.14:40:23::SCWPlatform::Opened existing hwdb design_1_wrapper_0
TRACE::2025-04-27.14:40:23::SCWPlatform::Found the Hw Db part of the input DSA
TRACE::2025-04-27.14:40:23::SCWMssOS::Checking the sw design at  C:/PXL/devWorks/devWorks2/CAR/MotorcontrolSpeedsensor/Vitis/MotorcontrolSpeedsensor/ps7_cortexa9_0/standalone_ps7_cortexa9_0/bsp/system.mss
TRACE::2025-04-27.14:40:23::SCWMssOS::DEBUG:  swdes dump  C:/PXL/devWorks/devWorks2/CAR/MotorcontrolSpeedsensor/Vitis/MotorcontrolSpeedsensor/ps7_cortexa9_0/standalone_ps7_cortexa9_0/bsp/system.mss|system_0||
C:/PXL/devWorks/devWorks2/CAR/MotorcontrolSpeedsensor/Vitis/MotorcontrolSpeedsensor/zynq_fsbl/zynq_fsbl_bsp/system.mss|system||

TRACE::2025-04-27.14:40:23::SCWMssOS::Sw design exists and opened at  C:/PXL/devWorks/devWorks2/CAR/MotorcontrolSpeedsensor/Vitis/MotorcontrolSpeedsensor/ps7_cortexa9_0/standalone_ps7_cortexa9_0/bsp/system.mss
TRACE::2025-04-27.14:40:23::SCWMssOS::Completed writing the mss file at C:/PXL/devWorks/devWorks2/CAR/MotorcontrolSpeedsensor/Vitis/MotorcontrolSpeedsensor/ps7_cortexa9_0/standalone_ps7_cortexa9_0/bsp
TRACE::2025-04-27.14:40:23::SCWMssOS::Mss edits present, copying mssfile into export location C:/PXL/devWorks/devWorks2/CAR/MotorcontrolSpeedsensor/Vitis/MotorcontrolSpeedsensor/ps7_cortexa9_0/standalone_ps7_cortexa9_0/bsp/system.mss
TRACE::2025-04-27.14:40:23::SCWMssOS::bsp generated is upto date with the mss file. Skipping bsp generation.
TRACE::2025-04-27.14:40:23::SCWMssOS::BSP is already built. skipping the bsp build ... 
TRACE::2025-04-27.14:40:23::SCWDomain::Building the domain as part of full build :  standalone_ps7_cortexa9_0
TRACE::2025-04-27.14:40:23::SCWMssOS::doing bsp build ... 
TRACE::2025-04-27.14:40:23::SCWMssOS::System Command Ran  C: & cd  C:/PXL/devWorks/devWorks2/CAR/MotorcontrolSpeedsensor/Vitis/MotorcontrolSpeedsensor/ps7_cortexa9_0/standalone_ps7_cortexa9_0/bsp & make 
TRACE::2025-04-27.14:40:24::SCWMssOS::make --no-print-directory seq_libs

TRACE::2025-04-27.14:40:24::SCWMssOS::"Running Make include in ps7_cortexa9_0/libsrc/coresightps_dcc_v1_10/src"

TRACE::2025-04-27.14:40:24::SCWMssOS::make -C ps7_cortexa9_0/libsrc/coresightps_dcc_v1_10/src -s include  "SHELL=CMD" "COMPILER=arm-none-eabi-gcc" "ASSEMBLER=arm-non
TRACE::2025-04-27.14:40:24::SCWMssOS::e-eabi-as" "ARCHIVER=arm-none-eabi-ar" "COMPILER_FLAGS=  -O2 -c" "EXTRA_COMPILER_FLAGS=-mcpu=cortex-a9 -mfpu=vfpv3 -mfloat-abi=
TRACE::2025-04-27.14:40:24::SCWMssOS::hard -nostartfiles -g -Wall -Wextra -fno-tree-loop-distribute-patterns"

TRACE::2025-04-27.14:40:24::SCWMssOS::"Running Make include in ps7_cortexa9_0/libsrc/cpu_cortexa9_v2_12/src"

TRACE::2025-04-27.14:40:24::SCWMssOS::make -C ps7_cortexa9_0/libsrc/cpu_cortexa9_v2_12/src -s include  "SHELL=CMD" "COMPILER=arm-none-eabi-gcc" "ASSEMBLER=arm-none-e
TRACE::2025-04-27.14:40:24::SCWMssOS::abi-as" "ARCHIVER=arm-none-eabi-ar" "COMPILER_FLAGS=  -O2 -c" "EXTRA_COMPILER_FLAGS=-mcpu=cortex-a9 -mfpu=vfpv3 -mfloat-abi=har
TRACE::2025-04-27.14:40:24::SCWMssOS::d -nostartfiles -g -Wall -Wextra -fno-tree-loop-distribute-patterns"

TRACE::2025-04-27.14:40:24::SCWMssOS::"Running Make include in ps7_cortexa9_0/libsrc/ddrps_v1_2/src"

TRACE::2025-04-27.14:40:24::SCWMssOS::make -C ps7_cortexa9_0/libsrc/ddrps_v1_2/src -s include  "SHELL=CMD" "COMPILER=arm-none-eabi-gcc" "ASSEMBLER=arm-none-eabi-as" 
TRACE::2025-04-27.14:40:24::SCWMssOS::"ARCHIVER=arm-none-eabi-ar" "COMPILER_FLAGS=  -O2 -c" "EXTRA_COMPILER_FLAGS=-mcpu=cortex-a9 -mfpu=vfpv3 -mfloat-abi=hard -nosta
TRACE::2025-04-27.14:40:24::SCWMssOS::rtfiles -g -Wall -Wextra -fno-tree-loop-distribute-patterns"

TRACE::2025-04-27.14:40:24::SCWMssOS::"Running Make include in ps7_cortexa9_0/libsrc/devcfg_v3_8/src"

TRACE::2025-04-27.14:40:24::SCWMssOS::make -C ps7_cortexa9_0/libsrc/devcfg_v3_8/src -s include  "SHELL=CMD" "COMPILER=arm-none-eabi-gcc" "ASSEMBLER=arm-none-eabi-as"
TRACE::2025-04-27.14:40:24::SCWMssOS:: "ARCHIVER=arm-none-eabi-ar" "COMPILER_FLAGS=  -O2 -c" "EXTRA_COMPILER_FLAGS=-mcpu=cortex-a9 -mfpu=vfpv3 -mfloat-abi=hard -nost
TRACE::2025-04-27.14:40:24::SCWMssOS::artfiles -g -Wall -Wextra -fno-tree-loop-distribute-patterns"

TRACE::2025-04-27.14:40:24::SCWMssOS::"Running Make include in ps7_cortexa9_0/libsrc/dmaps_v2_10/src"

TRACE::2025-04-27.14:40:24::SCWMssOS::make -C ps7_cortexa9_0/libsrc/dmaps_v2_10/src -s include  "SHELL=CMD" "COMPILER=arm-none-eabi-gcc" "ASSEMBLER=arm-none-eabi-as"
TRACE::2025-04-27.14:40:24::SCWMssOS:: "ARCHIVER=arm-none-eabi-ar" "COMPILER_FLAGS=  -O2 -c" "EXTRA_COMPILER_FLAGS=-mcpu=cortex-a9 -mfpu=vfpv3 -mfloat-abi=hard -nost
TRACE::2025-04-27.14:40:24::SCWMssOS::artfiles -g -Wall -Wextra -fno-tree-loop-distribute-patterns"

TRACE::2025-04-27.14:40:24::SCWMssOS::"Running Make include in ps7_cortexa9_0/libsrc/eFPGA_AXI_LM393_driver_v1_0/src"

TRACE::2025-04-27.14:40:24::SCWMssOS::make -C ps7_cortexa9_0/libsrc/eFPGA_AXI_LM393_driver_v1_0/src -s include  "SHELL=CMD" "COMPILER=arm-none-eabi-gcc" "ASSEMBLER=a
TRACE::2025-04-27.14:40:24::SCWMssOS::rm-none-eabi-as" "ARCHIVER=arm-none-eabi-ar" "COMPILER_FLAGS=  -O2 -c" "EXTRA_COMPILER_FLAGS=-mcpu=cortex-a9 -mfpu=vfpv3 -mfloa
TRACE::2025-04-27.14:40:24::SCWMssOS::t-abi=hard -nostartfiles -g -Wall -Wextra -fno-tree-loop-distribute-patterns"

TRACE::2025-04-27.14:40:24::SCWMssOS::"Running Make include in ps7_cortexa9_0/libsrc/emacps_v3_20/src"

TRACE::2025-04-27.14:40:24::SCWMssOS::make -C ps7_cortexa9_0/libsrc/emacps_v3_20/src -s include  "SHELL=CMD" "COMPILER=arm-none-eabi-gcc" "ASSEMBLER=arm-none-eabi-as
TRACE::2025-04-27.14:40:24::SCWMssOS::" "ARCHIVER=arm-none-eabi-ar" "COMPILER_FLAGS=  -O2 -c" "EXTRA_COMPILER_FLAGS=-mcpu=cortex-a9 -mfpu=vfpv3 -mfloat-abi=hard -nos
TRACE::2025-04-27.14:40:24::SCWMssOS::tartfiles -g -Wall -Wextra -fno-tree-loop-distribute-patterns"

TRACE::2025-04-27.14:40:24::SCWMssOS::"Running Make include in ps7_cortexa9_0/libsrc/gpiops_v3_13/src"

TRACE::2025-04-27.14:40:24::SCWMssOS::make -C ps7_cortexa9_0/libsrc/gpiops_v3_13/src -s include  "SHELL=CMD" "COMPILER=arm-none-eabi-gcc" "ASSEMBLER=arm-none-eabi-as
TRACE::2025-04-27.14:40:24::SCWMssOS::" "ARCHIVER=arm-none-eabi-ar" "COMPILER_FLAGS=  -O2 -c" "EXTRA_COMPILER_FLAGS=-mcpu=cortex-a9 -mfpu=vfpv3 -mfloat-abi=hard -nos
TRACE::2025-04-27.14:40:24::SCWMssOS::tartfiles -g -Wall -Wextra -fno-tree-loop-distribute-patterns"

TRACE::2025-04-27.14:40:25::SCWMssOS::"Running Make include in ps7_cortexa9_0/libsrc/gpio_v4_11/src"

TRACE::2025-04-27.14:40:25::SCWMssOS::make -C ps7_cortexa9_0/libsrc/gpio_v4_11/src -s include  "SHELL=CMD" "COMPILER=arm-none-eabi-gcc" "ASSEMBLER=arm-none-eabi-as" 
TRACE::2025-04-27.14:40:25::SCWMssOS::"ARCHIVER=arm-none-eabi-ar" "COMPILER_FLAGS=  -O2 -c" "EXTRA_COMPILER_FLAGS=-mcpu=cortex-a9 -mfpu=vfpv3 -mfloat-abi=hard -nosta
TRACE::2025-04-27.14:40:25::SCWMssOS::rtfiles -g -Wall -Wextra -fno-tree-loop-distribute-patterns"

TRACE::2025-04-27.14:40:25::SCWMssOS::"Running Make include in ps7_cortexa9_0/libsrc/qspips_v3_12/src"

TRACE::2025-04-27.14:40:25::SCWMssOS::make -C ps7_cortexa9_0/libsrc/qspips_v3_12/src -s include  "SHELL=CMD" "COMPILER=arm-none-eabi-gcc" "ASSEMBLER=arm-none-eabi-as
TRACE::2025-04-27.14:40:25::SCWMssOS::" "ARCHIVER=arm-none-eabi-ar" "COMPILER_FLAGS=  -O2 -c" "EXTRA_COMPILER_FLAGS=-mcpu=cortex-a9 -mfpu=vfpv3 -mfloat-abi=hard -nos
TRACE::2025-04-27.14:40:25::SCWMssOS::tartfiles -g -Wall -Wextra -fno-tree-loop-distribute-patterns"

TRACE::2025-04-27.14:40:25::SCWMssOS::"Running Make include in ps7_cortexa9_0/libsrc/scugic_v5_3/src"

TRACE::2025-04-27.14:40:25::SCWMssOS::make -C ps7_cortexa9_0/libsrc/scugic_v5_3/src -s include  "SHELL=CMD" "COMPILER=arm-none-eabi-gcc" "ASSEMBLER=arm-none-eabi-as"
TRACE::2025-04-27.14:40:25::SCWMssOS:: "ARCHIVER=arm-none-eabi-ar" "COMPILER_FLAGS=  -O2 -c" "EXTRA_COMPILER_FLAGS=-mcpu=cortex-a9 -mfpu=vfpv3 -mfloat-abi=hard -nost
TRACE::2025-04-27.14:40:25::SCWMssOS::artfiles -g -Wall -Wextra -fno-tree-loop-distribute-patterns"

TRACE::2025-04-27.14:40:25::SCWMssOS::"Running Make include in ps7_cortexa9_0/libsrc/scutimer_v2_6/src"

TRACE::2025-04-27.14:40:25::SCWMssOS::make -C ps7_cortexa9_0/libsrc/scutimer_v2_6/src -s include  "SHELL=CMD" "COMPILER=arm-none-eabi-gcc" "ASSEMBLER=arm-none-eabi-a
TRACE::2025-04-27.14:40:25::SCWMssOS::s" "ARCHIVER=arm-none-eabi-ar" "COMPILER_FLAGS=  -O2 -c" "EXTRA_COMPILER_FLAGS=-mcpu=cortex-a9 -mfpu=vfpv3 -mfloat-abi=hard -no
TRACE::2025-04-27.14:40:25::SCWMssOS::startfiles -g -Wall -Wextra -fno-tree-loop-distribute-patterns"

TRACE::2025-04-27.14:40:25::SCWMssOS::"Running Make include in ps7_cortexa9_0/libsrc/scuwdt_v2_5/src"

TRACE::2025-04-27.14:40:25::SCWMssOS::make -C ps7_cortexa9_0/libsrc/scuwdt_v2_5/src -s include  "SHELL=CMD" "COMPILER=arm-none-eabi-gcc" "ASSEMBLER=arm-none-eabi-as"
TRACE::2025-04-27.14:40:25::SCWMssOS:: "ARCHIVER=arm-none-eabi-ar" "COMPILER_FLAGS=  -O2 -c" "EXTRA_COMPILER_FLAGS=-mcpu=cortex-a9 -mfpu=vfpv3 -mfloat-abi=hard -nost
TRACE::2025-04-27.14:40:25::SCWMssOS::artfiles -g -Wall -Wextra -fno-tree-loop-distribute-patterns"

TRACE::2025-04-27.14:40:25::SCWMssOS::"Running Make include in ps7_cortexa9_0/libsrc/sdps_v4_3/src"

TRACE::2025-04-27.14:40:25::SCWMssOS::make -C ps7_cortexa9_0/libsrc/sdps_v4_3/src -s include  "SHELL=CMD" "COMPILER=arm-none-eabi-gcc" "ASSEMBLER=arm-none-eabi-as" "
TRACE::2025-04-27.14:40:25::SCWMssOS::ARCHIVER=arm-none-eabi-ar" "COMPILER_FLAGS=  -O2 -c" "EXTRA_COMPILER_FLAGS=-mcpu=cortex-a9 -mfpu=vfpv3 -mfloat-abi=hard -nostar
TRACE::2025-04-27.14:40:25::SCWMssOS::tfiles -g -Wall -Wextra -fno-tree-loop-distribute-patterns"

TRACE::2025-04-27.14:40:25::SCWMssOS::"Running Make include in ps7_cortexa9_0/libsrc/standalone_v9_1/src"

TRACE::2025-04-27.14:40:25::SCWMssOS::make -C ps7_cortexa9_0/libsrc/standalone_v9_1/src -s include  "SHELL=CMD" "COMPILER=arm-none-eabi-gcc" "ASSEMBLER=arm-none-eabi
TRACE::2025-04-27.14:40:25::SCWMssOS::-as" "ARCHIVER=arm-none-eabi-ar" "COMPILER_FLAGS=  -O2 -c" "EXTRA_COMPILER_FLAGS=-mcpu=cortex-a9 -mfpu=vfpv3 -mfloat-abi=hard -
TRACE::2025-04-27.14:40:25::SCWMssOS::nostartfiles -g -Wall -Wextra -fno-tree-loop-distribute-patterns"

TRACE::2025-04-27.14:40:27::SCWMssOS::"Running Make include in ps7_cortexa9_0/libsrc/tmrctr_v4_12/src"

TRACE::2025-04-27.14:40:27::SCWMssOS::make -C ps7_cortexa9_0/libsrc/tmrctr_v4_12/src -s include  "SHELL=CMD" "COMPILER=arm-none-eabi-gcc" "ASSEMBLER=arm-none-eabi-as
TRACE::2025-04-27.14:40:27::SCWMssOS::" "ARCHIVER=arm-none-eabi-ar" "COMPILER_FLAGS=  -O2 -c" "EXTRA_COMPILER_FLAGS=-mcpu=cortex-a9 -mfpu=vfpv3 -mfloat-abi=hard -nos
TRACE::2025-04-27.14:40:27::SCWMssOS::tartfiles -g -Wall -Wextra -fno-tree-loop-distribute-patterns"

TRACE::2025-04-27.14:40:27::SCWMssOS::"Running Make include in ps7_cortexa9_0/libsrc/uartps_v3_14/src"

TRACE::2025-04-27.14:40:27::SCWMssOS::make -C ps7_cortexa9_0/libsrc/uartps_v3_14/src -s include  "SHELL=CMD" "COMPILER=arm-none-eabi-gcc" "ASSEMBLER=arm-none-eabi-as
TRACE::2025-04-27.14:40:27::SCWMssOS::" "ARCHIVER=arm-none-eabi-ar" "COMPILER_FLAGS=  -O2 -c" "EXTRA_COMPILER_FLAGS=-mcpu=cortex-a9 -mfpu=vfpv3 -mfloat-abi=hard -nos
TRACE::2025-04-27.14:40:27::SCWMssOS::tartfiles -g -Wall -Wextra -fno-tree-loop-distribute-patterns"

TRACE::2025-04-27.14:40:27::SCWMssOS::"Running Make include in ps7_cortexa9_0/libsrc/usbps_v2_9/src"

TRACE::2025-04-27.14:40:27::SCWMssOS::make -C ps7_cortexa9_0/libsrc/usbps_v2_9/src -s include  "SHELL=CMD" "COMPILER=arm-none-eabi-gcc" "ASSEMBLER=arm-none-eabi-as" 
TRACE::2025-04-27.14:40:27::SCWMssOS::"ARCHIVER=arm-none-eabi-ar" "COMPILER_FLAGS=  -O2 -c" "EXTRA_COMPILER_FLAGS=-mcpu=cortex-a9 -mfpu=vfpv3 -mfloat-abi=hard -nosta
TRACE::2025-04-27.14:40:27::SCWMssOS::rtfiles -g -Wall -Wextra -fno-tree-loop-distribute-patterns"

TRACE::2025-04-27.14:40:27::SCWMssOS::"Running Make include in ps7_cortexa9_0/libsrc/xadcps_v2_7/src"

TRACE::2025-04-27.14:40:27::SCWMssOS::make -C ps7_cortexa9_0/libsrc/xadcps_v2_7/src -s include  "SHELL=CMD" "COMPILER=arm-none-eabi-gcc" "ASSEMBLER=arm-none-eabi-as"
TRACE::2025-04-27.14:40:27::SCWMssOS:: "ARCHIVER=arm-none-eabi-ar" "COMPILER_FLAGS=  -O2 -c" "EXTRA_COMPILER_FLAGS=-mcpu=cortex-a9 -mfpu=vfpv3 -mfloat-abi=hard -nost
TRACE::2025-04-27.14:40:27::SCWMssOS::artfiles -g -Wall -Wextra -fno-tree-loop-distribute-patterns"

TRACE::2025-04-27.14:40:27::SCWMssOS::"Running Make libs in ps7_cortexa9_0/libsrc/eFPGA_AXI_LM393_driver_v1_0/src"

TRACE::2025-04-27.14:40:27::SCWMssOS::make -C ps7_cortexa9_0/libsrc/eFPGA_AXI_LM393_driver_v1_0/src -s libs  "SHELL=CMD" "COMPILER=arm-none-eabi-gcc" "ASSEMBLER=arm-
TRACE::2025-04-27.14:40:27::SCWMssOS::none-eabi-as" "ARCHIVER=arm-none-eabi-ar" "COMPILER_FLAGS=  -O2 -c" "EXTRA_COMPILER_FLAGS=-mcpu=cortex-a9 -mfpu=vfpv3 -mfloat-a
TRACE::2025-04-27.14:40:27::SCWMssOS::bi=hard -nostartfiles -g -Wall -Wextra -fno-tree-loop-distribute-patterns"

TRACE::2025-04-27.14:40:27::SCWMssOS::"Compiling eFPGA_AXI_LM393_driver..."

ERROR::2025-04-27.14:40:27::SCWMssOS::Failed to build  the bsp sources for domain - standalone_ps7_cortexa9_0
ERROR::2025-04-27.14:40:27::SCWSystem::Error in Processing the domain standalone_ps7_cortexa9_0
LOG::2025-04-27.14:44:47::SCWPlatform::Started generating the artifacts platform MotorcontrolSpeedsensor
TRACE::2025-04-27.14:44:47::SCWPlatform::Sanity checking of platform is completed
LOG::2025-04-27.14:44:47::SCWPlatform::Started generating the artifacts for system configuration MotorcontrolSpeedsensor
LOG::2025-04-27.14:44:47::SCWSystem::Checking the domain zynq_fsbl
LOG::2025-04-27.14:44:47::SCWSystem::Doing application build for :  zynq_fsbl
TRACE::2025-04-27.14:44:47::SCWBDomain::Not a forced makefile updation, No changes are present. 
TRACE::2025-04-27.14:44:47::SCWDomain::Building the domain as part of full build :  zynq_fsbl
TRACE::2025-04-27.14:44:47::SCWPlatform::Trying to open the hw design at C:/PXL/devWorks/devWorks2/CAR/MotorcontrolSpeedsensor/Vitis/MotorcontrolSpeedsensor/hw/MotorcontrolSpeedsensor.xsa
TRACE::2025-04-27.14:44:47::SCWPlatform::DSA given C:/PXL/devWorks/devWorks2/CAR/MotorcontrolSpeedsensor/Vitis/MotorcontrolSpeedsensor/hw/MotorcontrolSpeedsensor.xsa
TRACE::2025-04-27.14:44:47::SCWPlatform::DSA absoulate path C:/PXL/devWorks/devWorks2/CAR/MotorcontrolSpeedsensor/Vitis/MotorcontrolSpeedsensor/hw/MotorcontrolSpeedsensor.xsa
TRACE::2025-04-27.14:44:47::SCWPlatform::DSA directory C:/PXL/devWorks/devWorks2/CAR/MotorcontrolSpeedsensor/Vitis/MotorcontrolSpeedsensor/hw
TRACE::2025-04-27.14:44:47::SCWPlatform:: Platform Path C:/PXL/devWorks/devWorks2/CAR/MotorcontrolSpeedsensor/Vitis/MotorcontrolSpeedsensor/hw/MotorcontrolSpeedsensor.xsa
TRACE::2025-04-27.14:44:47::SCWPlatform:: Unique name xilinx:pynq-z2::0.0
TRACE::2025-04-27.14:44:47::SCWPlatform::Trying to set the existing hwdb with name design_1_wrapper_0
TRACE::2025-04-27.14:44:47::SCWPlatform::Opened existing hwdb design_1_wrapper_0
TRACE::2025-04-27.14:44:47::SCWPlatform::Found the Hw Db part of the input DSA
TRACE::2025-04-27.14:44:47::SCWMssOS::Checking the sw design at  C:/PXL/devWorks/devWorks2/CAR/MotorcontrolSpeedsensor/Vitis/MotorcontrolSpeedsensor/zynq_fsbl/zynq_fsbl_bsp/system.mss
TRACE::2025-04-27.14:44:47::SCWMssOS::DEBUG:  swdes dump  C:/PXL/devWorks/devWorks2/CAR/MotorcontrolSpeedsensor/Vitis/MotorcontrolSpeedsensor/ps7_cortexa9_0/standalone_ps7_cortexa9_0/bsp/system.mss|system_0||
C:/PXL/devWorks/devWorks2/CAR/MotorcontrolSpeedsensor/Vitis/MotorcontrolSpeedsensor/zynq_fsbl/zynq_fsbl_bsp/system.mss|system||

TRACE::2025-04-27.14:44:47::SCWMssOS::Sw design exists and opened at  C:/PXL/devWorks/devWorks2/CAR/MotorcontrolSpeedsensor/Vitis/MotorcontrolSpeedsensor/zynq_fsbl/zynq_fsbl_bsp/system.mss
TRACE::2025-04-27.14:44:47::SCWBDomain::Completed writing the mss file at C:/PXL/devWorks/devWorks2/CAR/MotorcontrolSpeedsensor/Vitis/MotorcontrolSpeedsensor/zynq_fsbl/zynq_fsbl_bsp
TRACE::2025-04-27.14:44:47::SCWBDomain::bsp generated is upto date with the mss file. Skipping bsp generation.
TRACE::2025-04-27.14:44:47::SCWBDomain::Not a forced makefile updation, No changes are present. 
TRACE::2025-04-27.14:44:47::SCWBDomain::System Command Ran  C:&  cd  C:/PXL/devWorks/devWorks2/CAR/MotorcontrolSpeedsensor/Vitis/MotorcontrolSpeedsensor/zynq_fsbl& make -C  zynq_fsbl_bsp & make 
TRACE::2025-04-27.14:44:47::SCWBDomain::make: Entering directory 'C:/PXL/devWorks/devWorks2/CAR/MotorcontrolSpeedsensor/Vitis/MotorcontrolSpeedsensor/zynq_fsbl/zynq_fs
TRACE::2025-04-27.14:44:47::SCWBDomain::bl_bsp'

TRACE::2025-04-27.14:44:47::SCWBDomain::make --no-print-directory seq_libs

TRACE::2025-04-27.14:44:47::SCWBDomain::"Running Make include in ps7_cortexa9_0/libsrc/coresightps_dcc_v1_10/src"

TRACE::2025-04-27.14:44:47::SCWBDomain::make -C ps7_cortexa9_0/libsrc/coresightps_dcc_v1_10/src -s include  "SHELL=CMD" "COMPILER=arm-none-eabi-gcc" "ASSEMBLER=arm-non
TRACE::2025-04-27.14:44:47::SCWBDomain::e-eabi-as" "ARCHIVER=arm-none-eabi-ar" "COMPILER_FLAGS=  -O2 -c" "EXTRA_COMPILER_FLAGS=-mcpu=cortex-a9 -mfpu=vfpv3 -mfloat-abi=
TRACE::2025-04-27.14:44:47::SCWBDomain::hard -nostartfiles -g -Wall -Wextra -fno-tree-loop-distribute-patterns"

TRACE::2025-04-27.14:44:47::SCWBDomain::"Running Make include in ps7_cortexa9_0/libsrc/cpu_cortexa9_v2_12/src"

TRACE::2025-04-27.14:44:47::SCWBDomain::make -C ps7_cortexa9_0/libsrc/cpu_cortexa9_v2_12/src -s include  "SHELL=CMD" "COMPILER=arm-none-eabi-gcc" "ASSEMBLER=arm-none-e
TRACE::2025-04-27.14:44:47::SCWBDomain::abi-as" "ARCHIVER=arm-none-eabi-ar" "COMPILER_FLAGS=  -O2 -c" "EXTRA_COMPILER_FLAGS=-mcpu=cortex-a9 -mfpu=vfpv3 -mfloat-abi=har
TRACE::2025-04-27.14:44:47::SCWBDomain::d -nostartfiles -g -Wall -Wextra -fno-tree-loop-distribute-patterns"

TRACE::2025-04-27.14:44:47::SCWBDomain::"Running Make include in ps7_cortexa9_0/libsrc/ddrps_v1_2/src"

TRACE::2025-04-27.14:44:47::SCWBDomain::make -C ps7_cortexa9_0/libsrc/ddrps_v1_2/src -s include  "SHELL=CMD" "COMPILER=arm-none-eabi-gcc" "ASSEMBLER=arm-none-eabi-as" 
TRACE::2025-04-27.14:44:47::SCWBDomain::"ARCHIVER=arm-none-eabi-ar" "COMPILER_FLAGS=  -O2 -c" "EXTRA_COMPILER_FLAGS=-mcpu=cortex-a9 -mfpu=vfpv3 -mfloat-abi=hard -nosta
TRACE::2025-04-27.14:44:47::SCWBDomain::rtfiles -g -Wall -Wextra -fno-tree-loop-distribute-patterns"

TRACE::2025-04-27.14:44:47::SCWBDomain::"Running Make include in ps7_cortexa9_0/libsrc/devcfg_v3_8/src"

TRACE::2025-04-27.14:44:47::SCWBDomain::make -C ps7_cortexa9_0/libsrc/devcfg_v3_8/src -s include  "SHELL=CMD" "COMPILER=arm-none-eabi-gcc" "ASSEMBLER=arm-none-eabi-as"
TRACE::2025-04-27.14:44:47::SCWBDomain:: "ARCHIVER=arm-none-eabi-ar" "COMPILER_FLAGS=  -O2 -c" "EXTRA_COMPILER_FLAGS=-mcpu=cortex-a9 -mfpu=vfpv3 -mfloat-abi=hard -nost
TRACE::2025-04-27.14:44:47::SCWBDomain::artfiles -g -Wall -Wextra -fno-tree-loop-distribute-patterns"

TRACE::2025-04-27.14:44:47::SCWBDomain::"Running Make include in ps7_cortexa9_0/libsrc/dmaps_v2_10/src"

TRACE::2025-04-27.14:44:47::SCWBDomain::make -C ps7_cortexa9_0/libsrc/dmaps_v2_10/src -s include  "SHELL=CMD" "COMPILER=arm-none-eabi-gcc" "ASSEMBLER=arm-none-eabi-as"
TRACE::2025-04-27.14:44:47::SCWBDomain:: "ARCHIVER=arm-none-eabi-ar" "COMPILER_FLAGS=  -O2 -c" "EXTRA_COMPILER_FLAGS=-mcpu=cortex-a9 -mfpu=vfpv3 -mfloat-abi=hard -nost
TRACE::2025-04-27.14:44:47::SCWBDomain::artfiles -g -Wall -Wextra -fno-tree-loop-distribute-patterns"

TRACE::2025-04-27.14:44:47::SCWBDomain::"Running Make include in ps7_cortexa9_0/libsrc/eFPGA_AXI_LM393_driver_v1_0/src"

TRACE::2025-04-27.14:44:47::SCWBDomain::make -C ps7_cortexa9_0/libsrc/eFPGA_AXI_LM393_driver_v1_0/src -s include  "SHELL=CMD" "COMPILER=arm-none-eabi-gcc" "ASSEMBLER=a
TRACE::2025-04-27.14:44:47::SCWBDomain::rm-none-eabi-as" "ARCHIVER=arm-none-eabi-ar" "COMPILER_FLAGS=  -O2 -c" "EXTRA_COMPILER_FLAGS=-mcpu=cortex-a9 -mfpu=vfpv3 -mfloa
TRACE::2025-04-27.14:44:47::SCWBDomain::t-abi=hard -nostartfiles -g -Wall -Wextra -fno-tree-loop-distribute-patterns"

TRACE::2025-04-27.14:44:47::SCWBDomain::"Running Make include in ps7_cortexa9_0/libsrc/emacps_v3_20/src"

TRACE::2025-04-27.14:44:47::SCWBDomain::make -C ps7_cortexa9_0/libsrc/emacps_v3_20/src -s include  "SHELL=CMD" "COMPILER=arm-none-eabi-gcc" "ASSEMBLER=arm-none-eabi-as
TRACE::2025-04-27.14:44:47::SCWBDomain::" "ARCHIVER=arm-none-eabi-ar" "COMPILER_FLAGS=  -O2 -c" "EXTRA_COMPILER_FLAGS=-mcpu=cortex-a9 -mfpu=vfpv3 -mfloat-abi=hard -nos
TRACE::2025-04-27.14:44:47::SCWBDomain::tartfiles -g -Wall -Wextra -fno-tree-loop-distribute-patterns"

TRACE::2025-04-27.14:44:47::SCWBDomain::"Running Make include in ps7_cortexa9_0/libsrc/gpiops_v3_13/src"

TRACE::2025-04-27.14:44:47::SCWBDomain::make -C ps7_cortexa9_0/libsrc/gpiops_v3_13/src -s include  "SHELL=CMD" "COMPILER=arm-none-eabi-gcc" "ASSEMBLER=arm-none-eabi-as
TRACE::2025-04-27.14:44:47::SCWBDomain::" "ARCHIVER=arm-none-eabi-ar" "COMPILER_FLAGS=  -O2 -c" "EXTRA_COMPILER_FLAGS=-mcpu=cortex-a9 -mfpu=vfpv3 -mfloat-abi=hard -nos
TRACE::2025-04-27.14:44:47::SCWBDomain::tartfiles -g -Wall -Wextra -fno-tree-loop-distribute-patterns"

TRACE::2025-04-27.14:44:48::SCWBDomain::"Running Make include in ps7_cortexa9_0/libsrc/gpio_v4_11/src"

TRACE::2025-04-27.14:44:48::SCWBDomain::make -C ps7_cortexa9_0/libsrc/gpio_v4_11/src -s include  "SHELL=CMD" "COMPILER=arm-none-eabi-gcc" "ASSEMBLER=arm-none-eabi-as" 
TRACE::2025-04-27.14:44:48::SCWBDomain::"ARCHIVER=arm-none-eabi-ar" "COMPILER_FLAGS=  -O2 -c" "EXTRA_COMPILER_FLAGS=-mcpu=cortex-a9 -mfpu=vfpv3 -mfloat-abi=hard -nosta
TRACE::2025-04-27.14:44:48::SCWBDomain::rtfiles -g -Wall -Wextra -fno-tree-loop-distribute-patterns"

TRACE::2025-04-27.14:44:48::SCWBDomain::"Running Make include in ps7_cortexa9_0/libsrc/qspips_v3_12/src"

TRACE::2025-04-27.14:44:48::SCWBDomain::make -C ps7_cortexa9_0/libsrc/qspips_v3_12/src -s include  "SHELL=CMD" "COMPILER=arm-none-eabi-gcc" "ASSEMBLER=arm-none-eabi-as
TRACE::2025-04-27.14:44:48::SCWBDomain::" "ARCHIVER=arm-none-eabi-ar" "COMPILER_FLAGS=  -O2 -c" "EXTRA_COMPILER_FLAGS=-mcpu=cortex-a9 -mfpu=vfpv3 -mfloat-abi=hard -nos
TRACE::2025-04-27.14:44:48::SCWBDomain::tartfiles -g -Wall -Wextra -fno-tree-loop-distribute-patterns"

TRACE::2025-04-27.14:44:48::SCWBDomain::"Running Make include in ps7_cortexa9_0/libsrc/scugic_v5_3/src"

TRACE::2025-04-27.14:44:48::SCWBDomain::make -C ps7_cortexa9_0/libsrc/scugic_v5_3/src -s include  "SHELL=CMD" "COMPILER=arm-none-eabi-gcc" "ASSEMBLER=arm-none-eabi-as"
TRACE::2025-04-27.14:44:48::SCWBDomain:: "ARCHIVER=arm-none-eabi-ar" "COMPILER_FLAGS=  -O2 -c" "EXTRA_COMPILER_FLAGS=-mcpu=cortex-a9 -mfpu=vfpv3 -mfloat-abi=hard -nost
TRACE::2025-04-27.14:44:48::SCWBDomain::artfiles -g -Wall -Wextra -fno-tree-loop-distribute-patterns"

TRACE::2025-04-27.14:44:48::SCWBDomain::"Running Make include in ps7_cortexa9_0/libsrc/scutimer_v2_6/src"

TRACE::2025-04-27.14:44:48::SCWBDomain::make -C ps7_cortexa9_0/libsrc/scutimer_v2_6/src -s include  "SHELL=CMD" "COMPILER=arm-none-eabi-gcc" "ASSEMBLER=arm-none-eabi-a
TRACE::2025-04-27.14:44:48::SCWBDomain::s" "ARCHIVER=arm-none-eabi-ar" "COMPILER_FLAGS=  -O2 -c" "EXTRA_COMPILER_FLAGS=-mcpu=cortex-a9 -mfpu=vfpv3 -mfloat-abi=hard -no
TRACE::2025-04-27.14:44:48::SCWBDomain::startfiles -g -Wall -Wextra -fno-tree-loop-distribute-patterns"

TRACE::2025-04-27.14:44:48::SCWBDomain::"Running Make include in ps7_cortexa9_0/libsrc/scuwdt_v2_5/src"

TRACE::2025-04-27.14:44:48::SCWBDomain::make -C ps7_cortexa9_0/libsrc/scuwdt_v2_5/src -s include  "SHELL=CMD" "COMPILER=arm-none-eabi-gcc" "ASSEMBLER=arm-none-eabi-as"
TRACE::2025-04-27.14:44:48::SCWBDomain:: "ARCHIVER=arm-none-eabi-ar" "COMPILER_FLAGS=  -O2 -c" "EXTRA_COMPILER_FLAGS=-mcpu=cortex-a9 -mfpu=vfpv3 -mfloat-abi=hard -nost
TRACE::2025-04-27.14:44:48::SCWBDomain::artfiles -g -Wall -Wextra -fno-tree-loop-distribute-patterns"

TRACE::2025-04-27.14:44:48::SCWBDomain::"Running Make include in ps7_cortexa9_0/libsrc/sdps_v4_3/src"

TRACE::2025-04-27.14:44:48::SCWBDomain::make -C ps7_cortexa9_0/libsrc/sdps_v4_3/src -s include  "SHELL=CMD" "COMPILER=arm-none-eabi-gcc" "ASSEMBLER=arm-none-eabi-as" "
TRACE::2025-04-27.14:44:48::SCWBDomain::ARCHIVER=arm-none-eabi-ar" "COMPILER_FLAGS=  -O2 -c" "EXTRA_COMPILER_FLAGS=-mcpu=cortex-a9 -mfpu=vfpv3 -mfloat-abi=hard -nostar
TRACE::2025-04-27.14:44:48::SCWBDomain::tfiles -g -Wall -Wextra -fno-tree-loop-distribute-patterns"

TRACE::2025-04-27.14:44:48::SCWBDomain::"Running Make include in ps7_cortexa9_0/libsrc/standalone_v9_1/src"

TRACE::2025-04-27.14:44:48::SCWBDomain::make -C ps7_cortexa9_0/libsrc/standalone_v9_1/src -s include  "SHELL=CMD" "COMPILER=arm-none-eabi-gcc" "ASSEMBLER=arm-none-eabi
TRACE::2025-04-27.14:44:48::SCWBDomain::-as" "ARCHIVER=arm-none-eabi-ar" "COMPILER_FLAGS=  -O2 -c" "EXTRA_COMPILER_FLAGS=-mcpu=cortex-a9 -mfpu=vfpv3 -mfloat-abi=hard -
TRACE::2025-04-27.14:44:48::SCWBDomain::nostartfiles -g -Wall -Wextra -fno-tree-loop-distribute-patterns"

TRACE::2025-04-27.14:44:48::SCWBDomain::"Running Make include in ps7_cortexa9_0/libsrc/tmrctr_v4_12/src"

TRACE::2025-04-27.14:44:48::SCWBDomain::make -C ps7_cortexa9_0/libsrc/tmrctr_v4_12/src -s include  "SHELL=CMD" "COMPILER=arm-none-eabi-gcc" "ASSEMBLER=arm-none-eabi-as
TRACE::2025-04-27.14:44:48::SCWBDomain::" "ARCHIVER=arm-none-eabi-ar" "COMPILER_FLAGS=  -O2 -c" "EXTRA_COMPILER_FLAGS=-mcpu=cortex-a9 -mfpu=vfpv3 -mfloat-abi=hard -nos
TRACE::2025-04-27.14:44:48::SCWBDomain::tartfiles -g -Wall -Wextra -fno-tree-loop-distribute-patterns"

TRACE::2025-04-27.14:44:48::SCWBDomain::"Running Make include in ps7_cortexa9_0/libsrc/uartps_v3_14/src"

TRACE::2025-04-27.14:44:48::SCWBDomain::make -C ps7_cortexa9_0/libsrc/uartps_v3_14/src -s include  "SHELL=CMD" "COMPILER=arm-none-eabi-gcc" "ASSEMBLER=arm-none-eabi-as
TRACE::2025-04-27.14:44:48::SCWBDomain::" "ARCHIVER=arm-none-eabi-ar" "COMPILER_FLAGS=  -O2 -c" "EXTRA_COMPILER_FLAGS=-mcpu=cortex-a9 -mfpu=vfpv3 -mfloat-abi=hard -nos
TRACE::2025-04-27.14:44:48::SCWBDomain::tartfiles -g -Wall -Wextra -fno-tree-loop-distribute-patterns"

TRACE::2025-04-27.14:44:48::SCWBDomain::"Running Make include in ps7_cortexa9_0/libsrc/usbps_v2_9/src"

TRACE::2025-04-27.14:44:48::SCWBDomain::make -C ps7_cortexa9_0/libsrc/usbps_v2_9/src -s include  "SHELL=CMD" "COMPILER=arm-none-eabi-gcc" "ASSEMBLER=arm-none-eabi-as" 
TRACE::2025-04-27.14:44:48::SCWBDomain::"ARCHIVER=arm-none-eabi-ar" "COMPILER_FLAGS=  -O2 -c" "EXTRA_COMPILER_FLAGS=-mcpu=cortex-a9 -mfpu=vfpv3 -mfloat-abi=hard -nosta
TRACE::2025-04-27.14:44:48::SCWBDomain::rtfiles -g -Wall -Wextra -fno-tree-loop-distribute-patterns"

TRACE::2025-04-27.14:44:48::SCWBDomain::"Running Make include in ps7_cortexa9_0/libsrc/xadcps_v2_7/src"

TRACE::2025-04-27.14:44:48::SCWBDomain::make -C ps7_cortexa9_0/libsrc/xadcps_v2_7/src -s include  "SHELL=CMD" "COMPILER=arm-none-eabi-gcc" "ASSEMBLER=arm-none-eabi-as"
TRACE::2025-04-27.14:44:48::SCWBDomain:: "ARCHIVER=arm-none-eabi-ar" "COMPILER_FLAGS=  -O2 -c" "EXTRA_COMPILER_FLAGS=-mcpu=cortex-a9 -mfpu=vfpv3 -mfloat-abi=hard -nost
TRACE::2025-04-27.14:44:48::SCWBDomain::artfiles -g -Wall -Wextra -fno-tree-loop-distribute-patterns"

TRACE::2025-04-27.14:44:48::SCWBDomain::"Running Make include in ps7_cortexa9_0/libsrc/xilffs_v5_2/src"

TRACE::2025-04-27.14:44:48::SCWBDomain::make -C ps7_cortexa9_0/libsrc/xilffs_v5_2/src -s include  "SHELL=CMD" "COMPILER=arm-none-eabi-gcc" "ASSEMBLER=arm-none-eabi-as"
TRACE::2025-04-27.14:44:48::SCWBDomain:: "ARCHIVER=arm-none-eabi-ar" "COMPILER_FLAGS=  -O2 -c" "EXTRA_COMPILER_FLAGS=-mcpu=cortex-a9 -mfpu=vfpv3 -mfloat-abi=hard -nost
TRACE::2025-04-27.14:44:48::SCWBDomain::artfiles -g -Wall -Wextra -fno-tree-loop-distribute-patterns"

TRACE::2025-04-27.14:44:48::SCWBDomain::"Running Make include in ps7_cortexa9_0/libsrc/xilrsa_v1_8/src"

TRACE::2025-04-27.14:44:49::SCWBDomain::make -C ps7_cortexa9_0/libsrc/xilrsa_v1_8/src -s include  "SHELL=CMD" "COMPILER=arm-none-eabi-gcc" "ASSEMBLER=arm-none-eabi-as"
TRACE::2025-04-27.14:44:49::SCWBDomain:: "ARCHIVER=arm-none-eabi-ar" "COMPILER_FLAGS=  -O2 -c" "EXTRA_COMPILER_FLAGS=-mcpu=cortex-a9 -mfpu=vfpv3 -mfloat-abi=hard -nost
TRACE::2025-04-27.14:44:49::SCWBDomain::artfiles -g -Wall -Wextra -fno-tree-loop-distribute-patterns"

TRACE::2025-04-27.14:44:49::SCWBDomain::"Running Make libs in ps7_cortexa9_0/libsrc/eFPGA_AXI_LM393_driver_v1_0/src"

TRACE::2025-04-27.14:44:49::SCWBDomain::make -C ps7_cortexa9_0/libsrc/eFPGA_AXI_LM393_driver_v1_0/src -s libs  "SHELL=CMD" "COMPILER=arm-none-eabi-gcc" "ASSEMBLER=arm-
TRACE::2025-04-27.14:44:49::SCWBDomain::none-eabi-as" "ARCHIVER=arm-none-eabi-ar" "COMPILER_FLAGS=  -O2 -c" "EXTRA_COMPILER_FLAGS=-mcpu=cortex-a9 -mfpu=vfpv3 -mfloat-a
TRACE::2025-04-27.14:44:49::SCWBDomain::bi=hard -nostartfiles -g -Wall -Wextra -fno-tree-loop-distribute-patterns"

TRACE::2025-04-27.14:44:49::SCWBDomain::"Running Make libs in ps7_cortexa9_0/libsrc/xilrsa_v1_8/src"

TRACE::2025-04-27.14:44:49::SCWBDomain::make -C ps7_cortexa9_0/libsrc/xilrsa_v1_8/src -s libs  "SHELL=CMD" "COMPILER=arm-none-eabi-gcc" "ASSEMBLER=arm-none-eabi-as" "A
TRACE::2025-04-27.14:44:49::SCWBDomain::RCHIVER=arm-none-eabi-ar" "COMPILER_FLAGS=  -O2 -c" "EXTRA_COMPILER_FLAGS=-mcpu=cortex-a9 -mfpu=vfpv3 -mfloat-abi=hard -nostart
TRACE::2025-04-27.14:44:49::SCWBDomain::files -g -Wall -Wextra -fno-tree-loop-distribute-patterns"

TRACE::2025-04-27.14:44:49::SCWBDomain::'Finished building libraries sequentially.'

TRACE::2025-04-27.14:44:49::SCWBDomain::make -j 6 --no-print-directory par_libs

TRACE::2025-04-27.14:44:50::SCWBDomain::"Running Make include in ps7_cortexa9_0/libsrc/coresightps_dcc_v1_10/src"

TRACE::2025-04-27.14:44:50::SCWBDomain::make -C ps7_cortexa9_0/libsrc/coresightps_dcc_v1_10/src -s include  "SHELL=CMD" "COMPILER=arm-none-eabi-gcc" "ASSEMBLER=arm-non
TRACE::2025-04-27.14:44:50::SCWBDomain::e-eabi-as" "ARCHIVER=arm-none-eabi-ar" "COMPILER_FLAGS=  -O2 -c" "EXTRA_COMPILER_FLAGS=-mcpu=cortex-a9 -mfpu=vfpv3 -mfloat-abi=
TRACE::2025-04-27.14:44:50::SCWBDomain::hard -nostartfiles -g -Wall -Wextra -fno-tree-loop-distribute-patterns"

TRACE::2025-04-27.14:44:50::SCWBDomain::"Running Make include in ps7_cortexa9_0/libsrc/cpu_cortexa9_v2_12/src"

TRACE::2025-04-27.14:44:50::SCWBDomain::make -C ps7_cortexa9_0/libsrc/cpu_cortexa9_v2_12/src -s include  "SHELL=CMD" "COMPILER=arm-none-eabi-gcc" "ASSEMBLER=arm-none-e
TRACE::2025-04-27.14:44:50::SCWBDomain::abi-as" "ARCHIVER=arm-none-eabi-ar" "COMPILER_FLAGS=  -O2 -c" "EXTRA_COMPILER_FLAGS=-mcpu=cortex-a9 -mfpu=vfpv3 -mfloat-abi=har
TRACE::2025-04-27.14:44:50::SCWBDomain::d -nostartfiles -g -Wall -Wextra -fno-tree-loop-distribute-patterns"

TRACE::2025-04-27.14:44:50::SCWBDomain::"Running Make include in ps7_cortexa9_0/libsrc/ddrps_v1_2/src"

TRACE::2025-04-27.14:44:50::SCWBDomain::make -C ps7_cortexa9_0/libsrc/ddrps_v1_2/src -s include  "SHELL=CMD" "COMPILER=arm-none-eabi-gcc" "ASSEMBLER=arm-none-eabi-as" 
TRACE::2025-04-27.14:44:50::SCWBDomain::"ARCHIVER=arm-none-eabi-ar" "COMPILER_FLAGS=  -O2 -c" "EXTRA_COMPILER_FLAGS=-mcpu=cortex-a9 -mfpu=vfpv3 -mfloat-abi=hard -nosta
TRACE::2025-04-27.14:44:50::SCWBDomain::rtfiles -g -Wall -Wextra -fno-tree-loop-distribute-patterns"

TRACE::2025-04-27.14:44:50::SCWBDomain::"Running Make include in ps7_cortexa9_0/libsrc/devcfg_v3_8/src"

TRACE::2025-04-27.14:44:50::SCWBDomain::make -C ps7_cortexa9_0/libsrc/devcfg_v3_8/src -s include  "SHELL=CMD" "COMPILER=arm-none-eabi-gcc" "ASSEMBLER=arm-none-eabi-as"
TRACE::2025-04-27.14:44:50::SCWBDomain:: "ARCHIVER=arm-none-eabi-ar" "COMPILER_FLAGS=  -O2 -c" "EXTRA_COMPILER_FLAGS=-mcpu=cortex-a9 -mfpu=vfpv3 -mfloat-abi=hard -nost
TRACE::2025-04-27.14:44:50::SCWBDomain::artfiles -g -Wall -Wextra -fno-tree-loop-distribute-patterns"

TRACE::2025-04-27.14:44:50::SCWBDomain::"Running Make include in ps7_cortexa9_0/libsrc/dmaps_v2_10/src"

TRACE::2025-04-27.14:44:50::SCWBDomain::make -C ps7_cortexa9_0/libsrc/dmaps_v2_10/src -s include  "SHELL=CMD" "COMPILER=arm-none-eabi-gcc" "ASSEMBLER=arm-none-eabi-as"
TRACE::2025-04-27.14:44:50::SCWBDomain:: "ARCHIVER=arm-none-eabi-ar" "COMPILER_FLAGS=  -O2 -c" "EXTRA_COMPILER_FLAGS=-mcpu=cortex-a9 -mfpu=vfpv3 -mfloat-abi=hard -nost
TRACE::2025-04-27.14:44:50::SCWBDomain::artfiles -g -Wall -Wextra -fno-tree-loop-distribute-patterns"

TRACE::2025-04-27.14:44:50::SCWBDomain::"Running Make include in ps7_cortexa9_0/libsrc/eFPGA_AXI_LM393_driver_v1_0/src"

TRACE::2025-04-27.14:44:50::SCWBDomain::make -C ps7_cortexa9_0/libsrc/eFPGA_AXI_LM393_driver_v1_0/src -s include  "SHELL=CMD" "COMPILER=arm-none-eabi-gcc" "ASSEMBLER=a
TRACE::2025-04-27.14:44:50::SCWBDomain::rm-none-eabi-as" "ARCHIVER=arm-none-eabi-ar" "COMPILER_FLAGS=  -O2 -c" "EXTRA_COMPILER_FLAGS=-mcpu=cortex-a9 -mfpu=vfpv3 -mfloa
TRACE::2025-04-27.14:44:50::SCWBDomain::t-abi=hard -nostartfiles -g -Wall -Wextra -fno-tree-loop-distribute-patterns"

TRACE::2025-04-27.14:44:50::SCWBDomain::"Running Make include in ps7_cortexa9_0/libsrc/emacps_v3_20/src"

TRACE::2025-04-27.14:44:50::SCWBDomain::make -C ps7_cortexa9_0/libsrc/emacps_v3_20/src -s include  "SHELL=CMD" "COMPILER=arm-none-eabi-gcc" "ASSEMBLER=arm-none-eabi-as
TRACE::2025-04-27.14:44:50::SCWBDomain::" "ARCHIVER=arm-none-eabi-ar" "COMPILER_FLAGS=  -O2 -c" "EXTRA_COMPILER_FLAGS=-mcpu=cortex-a9 -mfpu=vfpv3 -mfloat-abi=hard -nos
TRACE::2025-04-27.14:44:50::SCWBDomain::tartfiles -g -Wall -Wextra -fno-tree-loop-distribute-patterns"

TRACE::2025-04-27.14:44:50::SCWBDomain::"Running Make include in ps7_cortexa9_0/libsrc/gpiops_v3_13/src"

TRACE::2025-04-27.14:44:50::SCWBDomain::make -C ps7_cortexa9_0/libsrc/gpiops_v3_13/src -s include  "SHELL=CMD" "COMPILER=arm-none-eabi-gcc" "ASSEMBLER=arm-none-eabi-as
TRACE::2025-04-27.14:44:50::SCWBDomain::" "ARCHIVER=arm-none-eabi-ar" "COMPILER_FLAGS=  -O2 -c" "EXTRA_COMPILER_FLAGS=-mcpu=cortex-a9 -mfpu=vfpv3 -mfloat-abi=hard -nos
TRACE::2025-04-27.14:44:50::SCWBDomain::tartfiles -g -Wall -Wextra -fno-tree-loop-distribute-patterns"

TRACE::2025-04-27.14:44:50::SCWBDomain::"Running Make include in ps7_cortexa9_0/libsrc/gpio_v4_11/src"

TRACE::2025-04-27.14:44:50::SCWBDomain::make -C ps7_cortexa9_0/libsrc/gpio_v4_11/src -s include  "SHELL=CMD" "COMPILER=arm-none-eabi-gcc" "ASSEMBLER=arm-none-eabi-as" 
TRACE::2025-04-27.14:44:50::SCWBDomain::"ARCHIVER=arm-none-eabi-ar" "COMPILER_FLAGS=  -O2 -c" "EXTRA_COMPILER_FLAGS=-mcpu=cortex-a9 -mfpu=vfpv3 -mfloat-abi=hard -nosta
TRACE::2025-04-27.14:44:50::SCWBDomain::rtfiles -g -Wall -Wextra -fno-tree-loop-distribute-patterns"

TRACE::2025-04-27.14:44:50::SCWBDomain::"Running Make include in ps7_cortexa9_0/libsrc/scugic_v5_3/src"

TRACE::2025-04-27.14:44:50::SCWBDomain::"Running Make include in ps7_cortexa9_0/libsrc/qspips_v3_12/src"

TRACE::2025-04-27.14:44:50::SCWBDomain::make -C ps7_cortexa9_0/libsrc/scugic_v5_3/src -s include  "SHELL=CMD" "COMPILER=arm-none-eabi-gcc" "ASSEMBLER=arm-none-eabi-as"
TRACE::2025-04-27.14:44:50::SCWBDomain:: "ARCHIVER=arm-none-eabi-ar" "COMPILER_FLAGS=  -O2 -c" "EXTRA_COMPILER_FLAGS=-mcpu=cortex-a9 -mfpu=vfpv3 -mfloat-abi=hard -nost
TRACE::2025-04-27.14:44:50::SCWBDomain::artfiles -g -Wall -Wextra -fno-tree-loop-distribute-patterns"

TRACE::2025-04-27.14:44:50::SCWBDomain::make -C ps7_cortexa9_0/libsrc/qspips_v3_12/src -s include  "SHELL=CMD" "COMPILER=arm-none-eabi-gcc" "ASSEMBLER=arm-none-eabi-as
TRACE::2025-04-27.14:44:50::SCWBDomain::" "ARCHIVER=arm-none-eabi-ar" "COMPILER_FLAGS=  -O2 -c" "EXTRA_COMPILER_FLAGS=-mcpu=cortex-a9 -mfpu=vfpv3 -mfloat-abi=hard -nos
TRACE::2025-04-27.14:44:50::SCWBDomain::tartfiles -g -Wall -Wextra -fno-tree-loop-distribute-patterns"

TRACE::2025-04-27.14:44:50::SCWBDomain::"Running Make include in ps7_cortexa9_0/libsrc/scutimer_v2_6/src"

TRACE::2025-04-27.14:44:50::SCWBDomain::"Running Make include in ps7_cortexa9_0/libsrc/scuwdt_v2_5/src"

TRACE::2025-04-27.14:44:50::SCWBDomain::"Running Make include in ps7_cortexa9_0/libsrc/sdps_v4_3/src"

TRACE::2025-04-27.14:44:50::SCWBDomain::make -C ps7_cortexa9_0/libsrc/scutimer_v2_6/src -s include  "SHELL=CMD" "COMPILER=arm-none-eabi-gcc" "ASSEMBLER=arm-none-eabi-a
TRACE::2025-04-27.14:44:50::SCWBDomain::s" "ARCHIVER=arm-none-eabi-ar" "COMPILER_FLAGS=  -O2 -c" "EXTRA_COMPILER_FLAGS=-mcpu=cortex-a9 -mfpu=vfpv3 -mfloat-abi=hard -no
TRACE::2025-04-27.14:44:50::SCWBDomain::startfiles -g -Wall -Wextra -fno-tree-loop-distribute-patterns"

TRACE::2025-04-27.14:44:50::SCWBDomain::"Running Make include in ps7_cortexa9_0/libsrc/standalone_v9_1/src"

TRACE::2025-04-27.14:44:50::SCWBDomain::make -C ps7_cortexa9_0/libsrc/scuwdt_v2_5/src -s include  "SHELL=CMD" "COMPILER=arm-none-eabi-gcc" "ASSEMBLER=arm-none-eabi-as"
TRACE::2025-04-27.14:44:50::SCWBDomain:: "ARCHIVER=arm-none-eabi-ar" "COMPILER_FLAGS=  -O2 -c" "EXTRA_COMPILER_FLAGS=-mcpu=cortex-a9 -mfpu=vfpv3 -mfloat-abi=hard -nost
TRACE::2025-04-27.14:44:50::SCWBDomain::artfiles -g -Wall -Wextra -fno-tree-loop-distribute-patterns"

TRACE::2025-04-27.14:44:50::SCWBDomain::make -C ps7_cortexa9_0/libsrc/standalone_v9_1/src -s include  "SHELL=CMD" "COMPILER=arm-none-eabi-gcc" "ASSEMBLER=arm-none-eabi
TRACE::2025-04-27.14:44:50::SCWBDomain::-as" "ARCHIVER=arm-none-eabi-ar" "COMPILER_FLAGS=  -O2 -c" "EXTRA_COMPILER_FLAGS=-mcpu=cortex-a9 -mfpu=vfpv3 -mfloat-abi=hard -
TRACE::2025-04-27.14:44:50::SCWBDomain::nostartfiles -g -Wall -Wextra -fno-tree-loop-distribute-patterns"

TRACE::2025-04-27.14:44:50::SCWBDomain::make -C ps7_cortexa9_0/libsrc/sdps_v4_3/src -s include  "SHELL=CMD" "COMPILER=arm-none-eabi-gcc" "ASSEMBLER=arm-none-eabi-as" "
TRACE::2025-04-27.14:44:50::SCWBDomain::ARCHIVER=arm-none-eabi-ar" "COMPILER_FLAGS=  -O2 -c" "EXTRA_COMPILER_FLAGS=-mcpu=cortex-a9 -mfpu=vfpv3 -mfloat-abi=hard -nostar
TRACE::2025-04-27.14:44:50::SCWBDomain::tfiles -g -Wall -Wextra -fno-tree-loop-distribute-patterns"

TRACE::2025-04-27.14:44:50::SCWBDomain::"Running Make include in ps7_cortexa9_0/libsrc/tmrctr_v4_12/src"

TRACE::2025-04-27.14:44:50::SCWBDomain::"Running Make include in ps7_cortexa9_0/libsrc/uartps_v3_14/src"

TRACE::2025-04-27.14:44:50::SCWBDomain::make -C ps7_cortexa9_0/libsrc/tmrctr_v4_12/src -s include  "SHELL=CMD" "COMPILER=arm-none-eabi-gcc" "ASSEMBLER=arm-none-eabi-as
TRACE::2025-04-27.14:44:50::SCWBDomain::" "ARCHIVER=arm-none-eabi-ar" "COMPILER_FLAGS=  -O2 -c" "EXTRA_COMPILER_FLAGS=-mcpu=cortex-a9 -mfpu=vfpv3 -mfloat-abi=hard -nos
TRACE::2025-04-27.14:44:50::SCWBDomain::tartfiles -g -Wall -Wextra -fno-tree-loop-distribute-patterns"

TRACE::2025-04-27.14:44:50::SCWBDomain::make -C ps7_cortexa9_0/libsrc/uartps_v3_14/src -s include  "SHELL=CMD" "COMPILER=arm-none-eabi-gcc" "ASSEMBLER=arm-none-eabi-as
TRACE::2025-04-27.14:44:50::SCWBDomain::" "ARCHIVER=arm-none-eabi-ar" "COMPILER_FLAGS=  -O2 -c" "EXTRA_COMPILER_FLAGS=-mcpu=cortex-a9 -mfpu=vfpv3 -mfloat-abi=hard -nos
TRACE::2025-04-27.14:44:50::SCWBDomain::tartfiles -g -Wall -Wextra -fno-tree-loop-distribute-patterns"

TRACE::2025-04-27.14:44:50::SCWBDomain::"Running Make include in ps7_cortexa9_0/libsrc/usbps_v2_9/src"

TRACE::2025-04-27.14:44:50::SCWBDomain::make -C ps7_cortexa9_0/libsrc/usbps_v2_9/src -s include  "SHELL=CMD" "COMPILER=arm-none-eabi-gcc" "ASSEMBLER=arm-none-eabi-as" 
TRACE::2025-04-27.14:44:50::SCWBDomain::"ARCHIVER=arm-none-eabi-ar" "COMPILER_FLAGS=  -O2 -c" "EXTRA_COMPILER_FLAGS=-mcpu=cortex-a9 -mfpu=vfpv3 -mfloat-abi=hard -nosta
TRACE::2025-04-27.14:44:50::SCWBDomain::rtfiles -g -Wall -Wextra -fno-tree-loop-distribute-patterns"

TRACE::2025-04-27.14:44:50::SCWBDomain::"Running Make include in ps7_cortexa9_0/libsrc/xadcps_v2_7/src"

TRACE::2025-04-27.14:44:50::SCWBDomain::"Running Make include in ps7_cortexa9_0/libsrc/xilffs_v5_2/src"

TRACE::2025-04-27.14:44:50::SCWBDomain::make -C ps7_cortexa9_0/libsrc/xadcps_v2_7/src -s include  "SHELL=CMD" "COMPILER=arm-none-eabi-gcc" "ASSEMBLER=arm-none-eabi-as"
TRACE::2025-04-27.14:44:50::SCWBDomain:: "ARCHIVER=arm-none-eabi-ar" "COMPILER_FLAGS=  -O2 -c" "EXTRA_COMPILER_FLAGS=-mcpu=cortex-a9 -mfpu=vfpv3 -mfloat-abi=hard -nost
TRACE::2025-04-27.14:44:50::SCWBDomain::artfiles -g -Wall -Wextra -fno-tree-loop-distribute-patterns"

TRACE::2025-04-27.14:44:50::SCWBDomain::make -C ps7_cortexa9_0/libsrc/xilffs_v5_2/src -s include  "SHELL=CMD" "COMPILER=arm-none-eabi-gcc" "ASSEMBLER=arm-none-eabi-as"
TRACE::2025-04-27.14:44:50::SCWBDomain:: "ARCHIVER=arm-none-eabi-ar" "COMPILER_FLAGS=  -O2 -c" "EXTRA_COMPILER_FLAGS=-mcpu=cortex-a9 -mfpu=vfpv3 -mfloat-abi=hard -nost
TRACE::2025-04-27.14:44:50::SCWBDomain::artfiles -g -Wall -Wextra -fno-tree-loop-distribute-patterns"

TRACE::2025-04-27.14:44:50::SCWBDomain::"Running Make include in ps7_cortexa9_0/libsrc/xilrsa_v1_8/src"

TRACE::2025-04-27.14:44:50::SCWBDomain::make -C ps7_cortexa9_0/libsrc/xilrsa_v1_8/src -s include  "SHELL=CMD" "COMPILER=arm-none-eabi-gcc" "ASSEMBLER=arm-none-eabi-as"
TRACE::2025-04-27.14:44:50::SCWBDomain:: "ARCHIVER=arm-none-eabi-ar" "COMPILER_FLAGS=  -O2 -c" "EXTRA_COMPILER_FLAGS=-mcpu=cortex-a9 -mfpu=vfpv3 -mfloat-abi=hard -nost
TRACE::2025-04-27.14:44:50::SCWBDomain::artfiles -g -Wall -Wextra -fno-tree-loop-distribute-patterns"

TRACE::2025-04-27.14:44:50::SCWBDomain::"Running Make libs in ps7_cortexa9_0/libsrc/coresightps_dcc_v1_10/src"

TRACE::2025-04-27.14:44:50::SCWBDomain::make -C ps7_cortexa9_0/libsrc/coresightps_dcc_v1_10/src -s libs  "SHELL=CMD" "COMPILER=arm-none-eabi-gcc" "ASSEMBLER=arm-none-e
TRACE::2025-04-27.14:44:50::SCWBDomain::abi-as" "ARCHIVER=arm-none-eabi-ar" "COMPILER_FLAGS=  -O2 -c" "EXTRA_COMPILER_FLAGS=-mcpu=cortex-a9 -mfpu=vfpv3 -mfloat-abi=har
TRACE::2025-04-27.14:44:50::SCWBDomain::d -nostartfiles -g -Wall -Wextra -fno-tree-loop-distribute-patterns"

TRACE::2025-04-27.14:44:50::SCWBDomain::"Running Make libs in ps7_cortexa9_0/libsrc/cpu_cortexa9_v2_12/src"

TRACE::2025-04-27.14:44:50::SCWBDomain::make -C ps7_cortexa9_0/libsrc/cpu_cortexa9_v2_12/src -s libs  "SHELL=CMD" "COMPILER=arm-none-eabi-gcc" "ASSEMBLER=arm-none-eabi
TRACE::2025-04-27.14:44:50::SCWBDomain::-as" "ARCHIVER=arm-none-eabi-ar" "COMPILER_FLAGS=  -O2 -c" "EXTRA_COMPILER_FLAGS=-mcpu=cortex-a9 -mfpu=vfpv3 -mfloat-abi=hard -
TRACE::2025-04-27.14:44:50::SCWBDomain::nostartfiles -g -Wall -Wextra -fno-tree-loop-distribute-patterns"

TRACE::2025-04-27.14:44:50::SCWBDomain::"Running Make libs in ps7_cortexa9_0/libsrc/ddrps_v1_2/src"

TRACE::2025-04-27.14:44:50::SCWBDomain::make -C ps7_cortexa9_0/libsrc/ddrps_v1_2/src -s libs  "SHELL=CMD" "COMPILER=arm-none-eabi-gcc" "ASSEMBLER=arm-none-eabi-as" "AR
TRACE::2025-04-27.14:44:50::SCWBDomain::CHIVER=arm-none-eabi-ar" "COMPILER_FLAGS=  -O2 -c" "EXTRA_COMPILER_FLAGS=-mcpu=cortex-a9 -mfpu=vfpv3 -mfloat-abi=hard -nostartf
TRACE::2025-04-27.14:44:50::SCWBDomain::iles -g -Wall -Wextra -fno-tree-loop-distribute-patterns"

TRACE::2025-04-27.14:44:50::SCWBDomain::"Running Make libs in ps7_cortexa9_0/libsrc/devcfg_v3_8/src"

TRACE::2025-04-27.14:44:50::SCWBDomain::make -C ps7_cortexa9_0/libsrc/devcfg_v3_8/src -s libs  "SHELL=CMD" "COMPILER=arm-none-eabi-gcc" "ASSEMBLER=arm-none-eabi-as" "A
TRACE::2025-04-27.14:44:50::SCWBDomain::RCHIVER=arm-none-eabi-ar" "COMPILER_FLAGS=  -O2 -c" "EXTRA_COMPILER_FLAGS=-mcpu=cortex-a9 -mfpu=vfpv3 -mfloat-abi=hard -nostart
TRACE::2025-04-27.14:44:50::SCWBDomain::files -g -Wall -Wextra -fno-tree-loop-distribute-patterns"

TRACE::2025-04-27.14:44:50::SCWBDomain::"Running Make libs in ps7_cortexa9_0/libsrc/dmaps_v2_10/src"

TRACE::2025-04-27.14:44:50::SCWBDomain::make -C ps7_cortexa9_0/libsrc/dmaps_v2_10/src -s libs  "SHELL=CMD" "COMPILER=arm-none-eabi-gcc" "ASSEMBLER=arm-none-eabi-as" "A
TRACE::2025-04-27.14:44:50::SCWBDomain::RCHIVER=arm-none-eabi-ar" "COMPILER_FLAGS=  -O2 -c" "EXTRA_COMPILER_FLAGS=-mcpu=cortex-a9 -mfpu=vfpv3 -mfloat-abi=hard -nostart
TRACE::2025-04-27.14:44:50::SCWBDomain::files -g -Wall -Wextra -fno-tree-loop-distribute-patterns"

TRACE::2025-04-27.14:44:50::SCWBDomain::"Running Make libs in ps7_cortexa9_0/libsrc/emacps_v3_20/src"

TRACE::2025-04-27.14:44:50::SCWBDomain::make -C ps7_cortexa9_0/libsrc/emacps_v3_20/src -s libs  "SHELL=CMD" "COMPILER=arm-none-eabi-gcc" "ASSEMBLER=arm-none-eabi-as" "
TRACE::2025-04-27.14:44:50::SCWBDomain::ARCHIVER=arm-none-eabi-ar" "COMPILER_FLAGS=  -O2 -c" "EXTRA_COMPILER_FLAGS=-mcpu=cortex-a9 -mfpu=vfpv3 -mfloat-abi=hard -nostar
TRACE::2025-04-27.14:44:50::SCWBDomain::tfiles -g -Wall -Wextra -fno-tree-loop-distribute-patterns"

TRACE::2025-04-27.14:44:51::SCWBDomain::"Running Make libs in ps7_cortexa9_0/libsrc/gpiops_v3_13/src"

TRACE::2025-04-27.14:44:51::SCWBDomain::make -C ps7_cortexa9_0/libsrc/gpiops_v3_13/src -s libs  "SHELL=CMD" "COMPILER=arm-none-eabi-gcc" "ASSEMBLER=arm-none-eabi-as" "
TRACE::2025-04-27.14:44:51::SCWBDomain::ARCHIVER=arm-none-eabi-ar" "COMPILER_FLAGS=  -O2 -c" "EXTRA_COMPILER_FLAGS=-mcpu=cortex-a9 -mfpu=vfpv3 -mfloat-abi=hard -nostar
TRACE::2025-04-27.14:44:51::SCWBDomain::tfiles -g -Wall -Wextra -fno-tree-loop-distribute-patterns"

TRACE::2025-04-27.14:44:51::SCWBDomain::"Running Make libs in ps7_cortexa9_0/libsrc/gpio_v4_11/src"

TRACE::2025-04-27.14:44:51::SCWBDomain::make -C ps7_cortexa9_0/libsrc/gpio_v4_11/src -s libs  "SHELL=CMD" "COMPILER=arm-none-eabi-gcc" "ASSEMBLER=arm-none-eabi-as" "AR
TRACE::2025-04-27.14:44:51::SCWBDomain::CHIVER=arm-none-eabi-ar" "COMPILER_FLAGS=  -O2 -c" "EXTRA_COMPILER_FLAGS=-mcpu=cortex-a9 -mfpu=vfpv3 -mfloat-abi=hard -nostartf
TRACE::2025-04-27.14:44:51::SCWBDomain::iles -g -Wall -Wextra -fno-tree-loop-distribute-patterns"

TRACE::2025-04-27.14:44:51::SCWBDomain::"Running Make libs in ps7_cortexa9_0/libsrc/qspips_v3_12/src"

TRACE::2025-04-27.14:44:51::SCWBDomain::make -C ps7_cortexa9_0/libsrc/qspips_v3_12/src -s libs  "SHELL=CMD" "COMPILER=arm-none-eabi-gcc" "ASSEMBLER=arm-none-eabi-as" "
TRACE::2025-04-27.14:44:51::SCWBDomain::ARCHIVER=arm-none-eabi-ar" "COMPILER_FLAGS=  -O2 -c" "EXTRA_COMPILER_FLAGS=-mcpu=cortex-a9 -mfpu=vfpv3 -mfloat-abi=hard -nostar
TRACE::2025-04-27.14:44:51::SCWBDomain::tfiles -g -Wall -Wextra -fno-tree-loop-distribute-patterns"

TRACE::2025-04-27.14:44:52::SCWBDomain::"Running Make libs in ps7_cortexa9_0/libsrc/scugic_v5_3/src"

TRACE::2025-04-27.14:44:52::SCWBDomain::make -C ps7_cortexa9_0/libsrc/scugic_v5_3/src -s libs  "SHELL=CMD" "COMPILER=arm-none-eabi-gcc" "ASSEMBLER=arm-none-eabi-as" "A
TRACE::2025-04-27.14:44:52::SCWBDomain::RCHIVER=arm-none-eabi-ar" "COMPILER_FLAGS=  -O2 -c" "EXTRA_COMPILER_FLAGS=-mcpu=cortex-a9 -mfpu=vfpv3 -mfloat-abi=hard -nostart
TRACE::2025-04-27.14:44:52::SCWBDomain::files -g -Wall -Wextra -fno-tree-loop-distribute-patterns"

TRACE::2025-04-27.14:44:52::SCWBDomain::"Running Make libs in ps7_cortexa9_0/libsrc/scutimer_v2_6/src"

TRACE::2025-04-27.14:44:52::SCWBDomain::make -C ps7_cortexa9_0/libsrc/scutimer_v2_6/src -s libs  "SHELL=CMD" "COMPILER=arm-none-eabi-gcc" "ASSEMBLER=arm-none-eabi-as" 
TRACE::2025-04-27.14:44:52::SCWBDomain::"ARCHIVER=arm-none-eabi-ar" "COMPILER_FLAGS=  -O2 -c" "EXTRA_COMPILER_FLAGS=-mcpu=cortex-a9 -mfpu=vfpv3 -mfloat-abi=hard -nosta
TRACE::2025-04-27.14:44:52::SCWBDomain::rtfiles -g -Wall -Wextra -fno-tree-loop-distribute-patterns"

TRACE::2025-04-27.14:44:53::SCWBDomain::"Running Make libs in ps7_cortexa9_0/libsrc/scuwdt_v2_5/src"

TRACE::2025-04-27.14:44:53::SCWBDomain::make -C ps7_cortexa9_0/libsrc/scuwdt_v2_5/src -s libs  "SHELL=CMD" "COMPILER=arm-none-eabi-gcc" "ASSEMBLER=arm-none-eabi-as" "A
TRACE::2025-04-27.14:44:53::SCWBDomain::RCHIVER=arm-none-eabi-ar" "COMPILER_FLAGS=  -O2 -c" "EXTRA_COMPILER_FLAGS=-mcpu=cortex-a9 -mfpu=vfpv3 -mfloat-abi=hard -nostart
TRACE::2025-04-27.14:44:53::SCWBDomain::files -g -Wall -Wextra -fno-tree-loop-distribute-patterns"

TRACE::2025-04-27.14:44:53::SCWBDomain::"Running Make libs in ps7_cortexa9_0/libsrc/sdps_v4_3/src"

TRACE::2025-04-27.14:44:53::SCWBDomain::make -C ps7_cortexa9_0/libsrc/sdps_v4_3/src -s libs  "SHELL=CMD" "COMPILER=arm-none-eabi-gcc" "ASSEMBLER=arm-none-eabi-as" "ARC
TRACE::2025-04-27.14:44:53::SCWBDomain::HIVER=arm-none-eabi-ar" "COMPILER_FLAGS=  -O2 -c" "EXTRA_COMPILER_FLAGS=-mcpu=cortex-a9 -mfpu=vfpv3 -mfloat-abi=hard -nostartfi
TRACE::2025-04-27.14:44:53::SCWBDomain::les -g -Wall -Wextra -fno-tree-loop-distribute-patterns"

TRACE::2025-04-27.14:44:53::SCWBDomain::"Running Make libs in ps7_cortexa9_0/libsrc/standalone_v9_1/src"

TRACE::2025-04-27.14:44:53::SCWBDomain::make -C ps7_cortexa9_0/libsrc/standalone_v9_1/src -s libs  "SHELL=CMD" "COMPILER=arm-none-eabi-gcc" "ASSEMBLER=arm-none-eabi-as
TRACE::2025-04-27.14:44:53::SCWBDomain::" "ARCHIVER=arm-none-eabi-ar" "COMPILER_FLAGS=  -O2 -c" "EXTRA_COMPILER_FLAGS=-mcpu=cortex-a9 -mfpu=vfpv3 -mfloat-abi=hard -nos
TRACE::2025-04-27.14:44:53::SCWBDomain::tartfiles -g -Wall -Wextra -fno-tree-loop-distribute-patterns"

TRACE::2025-04-27.14:44:53::SCWBDomain::"Running Make libs in ps7_cortexa9_0/libsrc/tmrctr_v4_12/src"

TRACE::2025-04-27.14:44:53::SCWBDomain::make -C ps7_cortexa9_0/libsrc/tmrctr_v4_12/src -s libs  "SHELL=CMD" "COMPILER=arm-none-eabi-gcc" "ASSEMBLER=arm-none-eabi-as" "
TRACE::2025-04-27.14:44:53::SCWBDomain::ARCHIVER=arm-none-eabi-ar" "COMPILER_FLAGS=  -O2 -c" "EXTRA_COMPILER_FLAGS=-mcpu=cortex-a9 -mfpu=vfpv3 -mfloat-abi=hard -nostar
TRACE::2025-04-27.14:44:53::SCWBDomain::tfiles -g -Wall -Wextra -fno-tree-loop-distribute-patterns"

TRACE::2025-04-27.14:44:53::SCWBDomain::"Running Make libs in ps7_cortexa9_0/libsrc/uartps_v3_14/src"

TRACE::2025-04-27.14:44:53::SCWBDomain::make -C ps7_cortexa9_0/libsrc/uartps_v3_14/src -s libs  "SHELL=CMD" "COMPILER=arm-none-eabi-gcc" "ASSEMBLER=arm-none-eabi-as" "
TRACE::2025-04-27.14:44:53::SCWBDomain::ARCHIVER=arm-none-eabi-ar" "COMPILER_FLAGS=  -O2 -c" "EXTRA_COMPILER_FLAGS=-mcpu=cortex-a9 -mfpu=vfpv3 -mfloat-abi=hard -nostar
TRACE::2025-04-27.14:44:53::SCWBDomain::tfiles -g -Wall -Wextra -fno-tree-loop-distribute-patterns"

TRACE::2025-04-27.14:44:54::SCWBDomain::"Running Make libs in ps7_cortexa9_0/libsrc/usbps_v2_9/src"

TRACE::2025-04-27.14:44:54::SCWBDomain::make -C ps7_cortexa9_0/libsrc/usbps_v2_9/src -s libs  "SHELL=CMD" "COMPILER=arm-none-eabi-gcc" "ASSEMBLER=arm-none-eabi-as" "AR
TRACE::2025-04-27.14:44:54::SCWBDomain::CHIVER=arm-none-eabi-ar" "COMPILER_FLAGS=  -O2 -c" "EXTRA_COMPILER_FLAGS=-mcpu=cortex-a9 -mfpu=vfpv3 -mfloat-abi=hard -nostartf
TRACE::2025-04-27.14:44:54::SCWBDomain::iles -g -Wall -Wextra -fno-tree-loop-distribute-patterns"

TRACE::2025-04-27.14:44:54::SCWBDomain::"Running Make libs in ps7_cortexa9_0/libsrc/xadcps_v2_7/src"

TRACE::2025-04-27.14:44:54::SCWBDomain::make -C ps7_cortexa9_0/libsrc/xadcps_v2_7/src -s libs  "SHELL=CMD" "COMPILER=arm-none-eabi-gcc" "ASSEMBLER=arm-none-eabi-as" "A
TRACE::2025-04-27.14:44:54::SCWBDomain::RCHIVER=arm-none-eabi-ar" "COMPILER_FLAGS=  -O2 -c" "EXTRA_COMPILER_FLAGS=-mcpu=cortex-a9 -mfpu=vfpv3 -mfloat-abi=hard -nostart
TRACE::2025-04-27.14:44:54::SCWBDomain::files -g -Wall -Wextra -fno-tree-loop-distribute-patterns"

TRACE::2025-04-27.14:44:55::SCWBDomain::"Running Make libs in ps7_cortexa9_0/libsrc/xilffs_v5_2/src"

TRACE::2025-04-27.14:44:55::SCWBDomain::make -C ps7_cortexa9_0/libsrc/xilffs_v5_2/src -s libs  "SHELL=CMD" "COMPILER=arm-none-eabi-gcc" "ASSEMBLER=arm-none-eabi-as" "A
TRACE::2025-04-27.14:44:55::SCWBDomain::RCHIVER=arm-none-eabi-ar" "COMPILER_FLAGS=  -O2 -c" "EXTRA_COMPILER_FLAGS=-mcpu=cortex-a9 -mfpu=vfpv3 -mfloat-abi=hard -nostart
TRACE::2025-04-27.14:44:55::SCWBDomain::files -g -Wall -Wextra -fno-tree-loop-distribute-patterns"

TRACE::2025-04-27.14:44:58::SCWBDomain::'Finished building libraries parallelly.'

TRACE::2025-04-27.14:44:58::SCWBDomain::make --no-print-directory archive

TRACE::2025-04-27.14:44:58::SCWBDomain::arm-none-eabi-ar -r  ps7_cortexa9_0/lib/libxil.a ps7_cortexa9_0/lib/_exit.o ps7_cortexa9_0/lib/_open.o ps7_cortexa9_0/lib/_sbrk
TRACE::2025-04-27.14:44:58::SCWBDomain::.o ps7_cortexa9_0/lib/abort.o ps7_cortexa9_0/lib/asm_vectors.o ps7_cortexa9_0/lib/boot.o ps7_cortexa9_0/lib/close.o ps7_cortexa
TRACE::2025-04-27.14:44:58::SCWBDomain::9_0/lib/cpputest_time.o ps7_cortexa9_0/lib/cpu_init.o ps7_cortexa9_0/lib/eFPGA_AXI_LM393_driver.o ps7_cortexa9_0/lib/eFPGA_AXI_
TRACE::2025-04-27.14:44:58::SCWBDomain::LM393_driver_selftest.o ps7_cortexa9_0/lib/errno.o ps7_cortexa9_0/lib/fcntl.o ps7_cortexa9_0/lib/fstat.o ps7_cortexa9_0/lib/get
TRACE::2025-04-27.14:44:58::SCWBDomain::entropy.o ps7_cortexa9_0/lib/getpid.o ps7_cortexa9_0/lib/inbyte.o ps7_cortexa9_0/lib/isatty.o ps7_cortexa9_0/lib/kill.o ps7_cor
TRACE::2025-04-27.14:44:58::SCWBDomain::texa9_0/lib/lseek.o ps7_cortexa9_0/lib/open.o ps7_cortexa9_0/lib/outbyte.o ps7_cortexa9_0/lib/print.o ps7_cortexa9_0/lib/putnum
TRACE::2025-04-27.14:44:58::SCWBDomain::.o ps7_cortexa9_0/lib/read.o ps7_cortexa9_0/lib/sbrk.o ps7_cortexa9_0/lib/sleep.o ps7_cortexa9_0/lib/time.o ps7_cortexa9_0/lib/
TRACE::2025-04-27.14:44:58::SCWBDomain::translation_table.o ps7_cortexa9_0/lib/unlink.o ps7_cortexa9_0/lib/usleep.o ps7_cortexa9_0/lib/vectors.o ps7_cortexa9_0/lib/wri
TRACE::2025-04-27.14:44:58::SCWBDomain::te.o ps7_cortexa9_0/lib/xadcps.o ps7_cortexa9_0/lib/xadcps_g.o ps7_cortexa9_0/lib/xadcps_intr.o ps7_cortexa9_0/lib/xadcps_selft
TRACE::2025-04-27.14:44:58::SCWBDomain::est.o ps7_cortexa9_0/lib/xadcps_sinit.o ps7_cortexa9_0/lib/xcoresightpsdcc.o ps7_cortexa9_0/lib/xdevcfg.o ps7_cortexa9_0/lib/xd
TRACE::2025-04-27.14:44:58::SCWBDomain::evcfg_g.o ps7_cortexa9_0/lib/xdevcfg_hw.o ps7_cortexa9_0/lib/xdevcfg_intr.o ps7_cortexa9_0/lib/xdevcfg_selftest.o ps7_cortexa9_
TRACE::2025-04-27.14:44:58::SCWBDomain::0/lib/xdevcfg_sinit.o ps7_cortexa9_0/lib/xdmaps.o ps7_cortexa9_0/lib/xdmaps_g.o ps7_cortexa9_0/lib/xdmaps_hw.o ps7_cortexa9_0/l
TRACE::2025-04-27.14:44:58::SCWBDomain::ib/xdmaps_selftest.o ps7_cortexa9_0/lib/xdmaps_sinit.o ps7_cortexa9_0/lib/xemacps.o ps7_cortexa9_0/lib/xemacps_bdring.o ps7_cor
TRACE::2025-04-27.14:44:58::SCWBDomain::texa9_0/lib/xemacps_control.o ps7_cortexa9_0/lib/xemacps_g.o ps7_cortexa9_0/lib/xemacps_hw.o ps7_cortexa9_0/lib/xemacps_intr.o 
TRACE::2025-04-27.14:44:58::SCWBDomain::ps7_cortexa9_0/lib/xemacps_sinit.o ps7_cortexa9_0/lib/xgpio.o ps7_cortexa9_0/lib/xgpio_extra.o ps7_cortexa9_0/lib/xgpio_g.o ps7
TRACE::2025-04-27.14:44:58::SCWBDomain::_cortexa9_0/lib/xgpio_intr.o ps7_cortexa9_0/lib/xgpio_selftest.o ps7_cortexa9_0/lib/xgpio_sinit.o ps7_cortexa9_0/lib/xgpiops.o 
TRACE::2025-04-27.14:44:58::SCWBDomain::ps7_cortexa9_0/lib/xgpiops_g.o ps7_cortexa9_0/lib/xgpiops_hw.o ps7_cortexa9_0/lib/xgpiops_intr.o ps7_cortexa9_0/lib/xgpiops_sel
TRACE::2025-04-27.14:44:58::SCWBDomain::ftest.o ps7_cortexa9_0/lib/xgpiops_sinit.o ps7_cortexa9_0/lib/xil-crt0.o ps7_cortexa9_0/lib/xil_assert.o ps7_cortexa9_0/lib/xil
TRACE::2025-04-27.14:44:58::SCWBDomain::_cache.o ps7_cortexa9_0/lib/xil_clocking.o ps7_cortexa9_0/lib/xil_exception.o ps7_cortexa9_0/lib/xil_mem.o ps7_cortexa9_0/lib/x
TRACE::2025-04-27.14:44:58::SCWBDomain::il_misc_psreset_api.o ps7_cortexa9_0/lib/xil_mmu.o ps7_cortexa9_0/lib/xil_printf.o ps7_cortexa9_0/lib/xil_sleepcommon.o ps7_cor
TRACE::2025-04-27.14:44:58::SCWBDomain::texa9_0/lib/xil_sleeptimer.o ps7_cortexa9_0/lib/xil_spinlock.o ps7_cortexa9_0/lib/xil_testcache.o ps7_cortexa9_0/lib/xil_testio
TRACE::2025-04-27.14:44:58::SCWBDomain::.o ps7_cortexa9_0/lib/xil_testmem.o ps7_cortexa9_0/lib/xil_util.o ps7_cortexa9_0/lib/xinterrupt_wrap.o ps7_cortexa9_0/lib/xl2cc
TRACE::2025-04-27.14:44:58::SCWBDomain::_counter.o ps7_cortexa9_0/lib/xplatform_info.o ps7_cortexa9_0/lib/xpm_counter.o ps7_cortexa9_0/lib/xpm_init.o ps7_cortexa9_0/li
TRACE::2025-04-27.14:44:58::SCWBDomain::b/xqspips.o ps7_cortexa9_0/lib/xqspips_g.o ps7_cortexa9_0/lib/xqspips_hw.o ps7_cortexa9_0/lib/xqspips_options.o ps7_cortexa9_0/
TRACE::2025-04-27.14:44:58::SCWBDomain::lib/xqspips_selftest.o ps7_cortexa9_0/lib/xqspips_sinit.o ps7_cortexa9_0/lib/xscugic.o ps7_cortexa9_0/lib/xscugic_g.o ps7_corte
TRACE::2025-04-27.14:44:58::SCWBDomain::xa9_0/lib/xscugic_hw.o ps7_cortexa9_0/lib/xscugic_intr.o ps7_cortexa9_0/lib/xscugic_selftest.o ps7_cortexa9_0/lib/xscugic_sinit
TRACE::2025-04-27.14:44:58::SCWBDomain::.o ps7_cortexa9_0/lib/xscutimer.o ps7_cortexa9_0/lib/xscutimer_g.o ps7_cortexa9_0/lib/xscutimer_selftest.o ps7_cortexa9_0/lib/x
TRACE::2025-04-27.14:44:58::SCWBDomain::scutimer_sinit.o ps7_cortexa9_0/lib/xscuwdt.o ps7_cortexa9_0/lib/xscuwdt_g.o ps7_cortexa9_0/lib/xscuwdt_selftest.o ps7_cortexa9
TRACE::2025-04-27.14:44:58::SCWBDomain::_0/lib/xscuwdt_sinit.o ps7_cortexa9_0/lib/xsdps.o ps7_cortexa9_0/lib/xsdps_card.o ps7_cortexa9_0/lib/xsdps_g.o ps7_cortexa9_0/l
TRACE::2025-04-27.14:44:58::SCWBDomain::ib/xsdps_host.o ps7_cortexa9_0/lib/xsdps_options.o ps7_cortexa9_0/lib/xsdps_sinit.o ps7_cortexa9_0/lib/xtime_l.o ps7_cortexa9_0
TRACE::2025-04-27.14:44:58::SCWBDomain::/lib/xtmrctr.o ps7_cortexa9_0/lib/xtmrctr_g.o ps7_cortexa9_0/lib/xtmrctr_intr.o ps7_cortexa9_0/lib/xtmrctr_l.o ps7_cortexa9_0/l
TRACE::2025-04-27.14:44:58::SCWBDomain::ib/xtmrctr_options.o ps7_cortexa9_0/lib/xtmrctr_selftest.o ps7_cortexa9_0/lib/xtmrctr_sinit.o ps7_cortexa9_0/lib/xtmrctr_stats.
TRACE::2025-04-27.14:44:58::SCWBDomain::o ps7_cortexa9_0/lib/xuartps.o ps7_cortexa9_0/lib/xuartps_g.o ps7_cortexa9_0/lib/xuartps_hw.o ps7_cortexa9_0/lib/xuartps_intr.o
TRACE::2025-04-27.14:44:58::SCWBDomain:: ps7_cortexa9_0/lib/xuartps_options.o ps7_cortexa9_0/lib/xuartps_selftest.o ps7_cortexa9_0/lib/xuartps_sinit.o ps7_cortexa9_0/l
TRACE::2025-04-27.14:44:58::SCWBDomain::ib/xusbps.o ps7_cortexa9_0/lib/xusbps_endpoint.o ps7_cortexa9_0/lib/xusbps_g.o ps7_cortexa9_0/lib/xusbps_hw.o ps7_cortexa9_0/li
TRACE::2025-04-27.14:44:58::SCWBDomain::b/xusbps_intr.o ps7_cortexa9_0/lib/xusbps_sinit.o

TRACE::2025-04-27.14:44:58::SCWBDomain::'Finished building libraries'

TRACE::2025-04-27.14:44:58::SCWBDomain::make: Leaving directory 'C:/PXL/devWorks/devWorks2/CAR/MotorcontrolSpeedsensor/Vitis/MotorcontrolSpeedsensor/zynq_fsbl/zynq_fsb
TRACE::2025-04-27.14:44:58::SCWBDomain::l_bsp'

TRACE::2025-04-27.14:44:58::SCWBDomain::arm-none-eabi-gcc  -O2 -c -MMD -MP       -mcpu=cortex-a9 -mfpu=vfpv3 -mfloat-abi=hard  -c sd.c -o sd.o -Izynq_fsbl_bsp/ps7_cort
TRACE::2025-04-27.14:44:58::SCWBDomain::exa9_0/include -I.

TRACE::2025-04-27.14:44:59::SCWBDomain::arm-none-eabi-gcc  -O2 -c -MMD -MP       -mcpu=cortex-a9 -mfpu=vfpv3 -mfloat-abi=hard  -c nand.c -o nand.o -Izynq_fsbl_bsp/ps7_
TRACE::2025-04-27.14:44:59::SCWBDomain::cortexa9_0/include -I.

TRACE::2025-04-27.14:44:59::SCWBDomain::arm-none-eabi-gcc  -O2 -c -MMD -MP       -mcpu=cortex-a9 -mfpu=vfpv3 -mfloat-abi=hard  -c nor.c -o nor.o -Izynq_fsbl_bsp/ps7_co
TRACE::2025-04-27.14:44:59::SCWBDomain::rtexa9_0/include -I.

TRACE::2025-04-27.14:44:59::SCWBDomain::arm-none-eabi-gcc  -O2 -c -MMD -MP       -mcpu=cortex-a9 -mfpu=vfpv3 -mfloat-abi=hard  -c image_mover.c -o image_mover.o -Izynq
TRACE::2025-04-27.14:44:59::SCWBDomain::_fsbl_bsp/ps7_cortexa9_0/include -I.

TRACE::2025-04-27.14:44:59::SCWBDomain::arm-none-eabi-gcc  -O2 -c -MMD -MP       -mcpu=cortex-a9 -mfpu=vfpv3 -mfloat-abi=hard  -c md5.c -o md5.o -Izynq_fsbl_bsp/ps7_co
TRACE::2025-04-27.14:44:59::SCWBDomain::rtexa9_0/include -I.

TRACE::2025-04-27.14:45:00::SCWBDomain::arm-none-eabi-gcc  -O2 -c -MMD -MP       -mcpu=cortex-a9 -mfpu=vfpv3 -mfloat-abi=hard  -c fsbl_hooks.c -o fsbl_hooks.o -Izynq_f
TRACE::2025-04-27.14:45:00::SCWBDomain::sbl_bsp/ps7_cortexa9_0/include -I.

TRACE::2025-04-27.14:45:00::SCWBDomain::arm-none-eabi-gcc  -O2 -c -MMD -MP       -mcpu=cortex-a9 -mfpu=vfpv3 -mfloat-abi=hard  -c main.c -o main.o -Izynq_fsbl_bsp/ps7_
TRACE::2025-04-27.14:45:00::SCWBDomain::cortexa9_0/include -I.

TRACE::2025-04-27.14:45:00::SCWBDomain::arm-none-eabi-gcc  -O2 -c -MMD -MP       -mcpu=cortex-a9 -mfpu=vfpv3 -mfloat-abi=hard  -c rsa.c -o rsa.o -Izynq_fsbl_bsp/ps7_co
TRACE::2025-04-27.14:45:00::SCWBDomain::rtexa9_0/include -I.

TRACE::2025-04-27.14:45:00::SCWBDomain::arm-none-eabi-gcc  -O2 -c -MMD -MP       -mcpu=cortex-a9 -mfpu=vfpv3 -mfloat-abi=hard  -c qspi.c -o qspi.o -Izynq_fsbl_bsp/ps7_
TRACE::2025-04-27.14:45:00::SCWBDomain::cortexa9_0/include -I.

TRACE::2025-04-27.14:45:01::SCWBDomain::arm-none-eabi-gcc  -O2 -c -MMD -MP       -mcpu=cortex-a9 -mfpu=vfpv3 -mfloat-abi=hard  -c ps7_init.c -o ps7_init.o -Izynq_fsbl_
TRACE::2025-04-27.14:45:01::SCWBDomain::bsp/ps7_cortexa9_0/include -I.

TRACE::2025-04-27.14:45:01::SCWBDomain::arm-none-eabi-gcc  -O2 -c -MMD -MP       -mcpu=cortex-a9 -mfpu=vfpv3 -mfloat-abi=hard  -c pcap.c -o pcap.o -Izynq_fsbl_bsp/ps7_
TRACE::2025-04-27.14:45:01::SCWBDomain::cortexa9_0/include -I.

TRACE::2025-04-27.14:45:01::SCWBDomain::arm-none-eabi-gcc  -O2 -c -MMD -MP       -mcpu=cortex-a9 -mfpu=vfpv3 -mfloat-abi=hard  -c fsbl_handoff.S -o fsbl_handoff.o -Izy
TRACE::2025-04-27.14:45:01::SCWBDomain::nq_fsbl_bsp/ps7_cortexa9_0/include -I.

TRACE::2025-04-27.14:45:01::SCWBDomain::arm-none-eabi-gcc -o fsbl.elf fsbl_handoff.o fsbl_hooks.o image_mover.o main.o md5.o nand.o nor.o pcap.o ps7_init.o qspi.o rsa.
TRACE::2025-04-27.14:45:01::SCWBDomain::o sd.o -MMD -MP       -mcpu=cortex-a9 -mfpu=vfpv3 -mfloat-abi=hard   -mcpu=cortex-a9 -mfpu=vfpv3 -mfloat-abi=hard -Wl,-build-id
TRACE::2025-04-27.14:45:01::SCWBDomain::=none -specs=Xilinx.spec  -lrsa -Wl,--start-group,-lxil,-lgcc,-lc,--end-group -Wl,--start-group,-lxilffs,-lxil,-lgcc,-lc,--end-
TRACE::2025-04-27.14:45:01::SCWBDomain::group -Wl,--start-group,-lrsa,-lxil,-lgcc,-lc,--end-group                                         -Wl,--gc-sections -Lzynq_fsbl
TRACE::2025-04-27.14:45:01::SCWBDomain::_bsp/ps7_cortexa9_0/lib -L./ -Tlscript.ld

LOG::2025-04-27.14:45:02::SCWSystem::Checking the domain standalone_ps7_cortexa9_0
LOG::2025-04-27.14:45:02::SCWSystem::Not a boot domain 
LOG::2025-04-27.14:45:02::SCWSystem::Started Processing the domain standalone_ps7_cortexa9_0
TRACE::2025-04-27.14:45:02::SCWDomain::Generating domain artifcats
TRACE::2025-04-27.14:45:02::SCWMssOS::Generating standalone artifcats
TRACE::2025-04-27.14:45:02::SCWMssOS::Copying the qemu file from  C:/PXL/devWorks/devWorks2/CAR/MotorcontrolSpeedsensor/Vitis/MotorcontrolSpeedsensor/resources/MotorcontrolSpeedsensor/standalone_ps7_cortexa9_0/qemu_args.txt To C:/PXL/devWorks/devWorks2/CAR/MotorcontrolSpeedsensor/Vitis/MotorcontrolSpeedsensor/export/MotorcontrolSpeedsensor/sw/MotorcontrolSpeedsensor/standalone_ps7_cortexa9_0/qemu/
TRACE::2025-04-27.14:45:02::SCWMssOS:: Copying the user libraries. 
TRACE::2025-04-27.14:45:02::SCWPlatform::Trying to open the hw design at C:/PXL/devWorks/devWorks2/CAR/MotorcontrolSpeedsensor/Vitis/MotorcontrolSpeedsensor/hw/MotorcontrolSpeedsensor.xsa
TRACE::2025-04-27.14:45:02::SCWPlatform::DSA given C:/PXL/devWorks/devWorks2/CAR/MotorcontrolSpeedsensor/Vitis/MotorcontrolSpeedsensor/hw/MotorcontrolSpeedsensor.xsa
TRACE::2025-04-27.14:45:02::SCWPlatform::DSA absoulate path C:/PXL/devWorks/devWorks2/CAR/MotorcontrolSpeedsensor/Vitis/MotorcontrolSpeedsensor/hw/MotorcontrolSpeedsensor.xsa
TRACE::2025-04-27.14:45:02::SCWPlatform::DSA directory C:/PXL/devWorks/devWorks2/CAR/MotorcontrolSpeedsensor/Vitis/MotorcontrolSpeedsensor/hw
TRACE::2025-04-27.14:45:02::SCWPlatform:: Platform Path C:/PXL/devWorks/devWorks2/CAR/MotorcontrolSpeedsensor/Vitis/MotorcontrolSpeedsensor/hw/MotorcontrolSpeedsensor.xsa
TRACE::2025-04-27.14:45:02::SCWPlatform:: Unique name xilinx:pynq-z2::0.0
TRACE::2025-04-27.14:45:02::SCWPlatform::Trying to set the existing hwdb with name design_1_wrapper_0
TRACE::2025-04-27.14:45:02::SCWPlatform::Opened existing hwdb design_1_wrapper_0
TRACE::2025-04-27.14:45:02::SCWPlatform::Found the Hw Db part of the input DSA
TRACE::2025-04-27.14:45:02::SCWMssOS::Checking the sw design at  C:/PXL/devWorks/devWorks2/CAR/MotorcontrolSpeedsensor/Vitis/MotorcontrolSpeedsensor/ps7_cortexa9_0/standalone_ps7_cortexa9_0/bsp/system.mss
TRACE::2025-04-27.14:45:02::SCWMssOS::DEBUG:  swdes dump  C:/PXL/devWorks/devWorks2/CAR/MotorcontrolSpeedsensor/Vitis/MotorcontrolSpeedsensor/ps7_cortexa9_0/standalone_ps7_cortexa9_0/bsp/system.mss|system_0||
C:/PXL/devWorks/devWorks2/CAR/MotorcontrolSpeedsensor/Vitis/MotorcontrolSpeedsensor/zynq_fsbl/zynq_fsbl_bsp/system.mss|system||

TRACE::2025-04-27.14:45:02::SCWMssOS::Sw design exists and opened at  C:/PXL/devWorks/devWorks2/CAR/MotorcontrolSpeedsensor/Vitis/MotorcontrolSpeedsensor/ps7_cortexa9_0/standalone_ps7_cortexa9_0/bsp/system.mss
TRACE::2025-04-27.14:45:02::SCWMssOS::Completed writing the mss file at C:/PXL/devWorks/devWorks2/CAR/MotorcontrolSpeedsensor/Vitis/MotorcontrolSpeedsensor/ps7_cortexa9_0/standalone_ps7_cortexa9_0/bsp
TRACE::2025-04-27.14:45:02::SCWMssOS::Mss edits present, copying mssfile into export location C:/PXL/devWorks/devWorks2/CAR/MotorcontrolSpeedsensor/Vitis/MotorcontrolSpeedsensor/ps7_cortexa9_0/standalone_ps7_cortexa9_0/bsp/system.mss
TRACE::2025-04-27.14:45:02::SCWMssOS::bsp generated is upto date with the mss file. Skipping bsp generation.
TRACE::2025-04-27.14:45:02::SCWMssOS::BSP is already built. skipping the bsp build ... 
TRACE::2025-04-27.14:45:02::SCWDomain::Building the domain as part of full build :  standalone_ps7_cortexa9_0
TRACE::2025-04-27.14:45:02::SCWMssOS::doing bsp build ... 
TRACE::2025-04-27.14:45:02::SCWMssOS::System Command Ran  C: & cd  C:/PXL/devWorks/devWorks2/CAR/MotorcontrolSpeedsensor/Vitis/MotorcontrolSpeedsensor/ps7_cortexa9_0/standalone_ps7_cortexa9_0/bsp & make 
TRACE::2025-04-27.14:45:02::SCWMssOS::make --no-print-directory seq_libs

TRACE::2025-04-27.14:45:02::SCWMssOS::"Running Make include in ps7_cortexa9_0/libsrc/coresightps_dcc_v1_10/src"

TRACE::2025-04-27.14:45:02::SCWMssOS::make -C ps7_cortexa9_0/libsrc/coresightps_dcc_v1_10/src -s include  "SHELL=CMD" "COMPILER=arm-none-eabi-gcc" "ASSEMBLER=arm-non
TRACE::2025-04-27.14:45:02::SCWMssOS::e-eabi-as" "ARCHIVER=arm-none-eabi-ar" "COMPILER_FLAGS=  -O2 -c" "EXTRA_COMPILER_FLAGS=-mcpu=cortex-a9 -mfpu=vfpv3 -mfloat-abi=
TRACE::2025-04-27.14:45:02::SCWMssOS::hard -nostartfiles -g -Wall -Wextra -fno-tree-loop-distribute-patterns"

TRACE::2025-04-27.14:45:02::SCWMssOS::"Running Make include in ps7_cortexa9_0/libsrc/cpu_cortexa9_v2_12/src"

TRACE::2025-04-27.14:45:02::SCWMssOS::make -C ps7_cortexa9_0/libsrc/cpu_cortexa9_v2_12/src -s include  "SHELL=CMD" "COMPILER=arm-none-eabi-gcc" "ASSEMBLER=arm-none-e
TRACE::2025-04-27.14:45:02::SCWMssOS::abi-as" "ARCHIVER=arm-none-eabi-ar" "COMPILER_FLAGS=  -O2 -c" "EXTRA_COMPILER_FLAGS=-mcpu=cortex-a9 -mfpu=vfpv3 -mfloat-abi=har
TRACE::2025-04-27.14:45:02::SCWMssOS::d -nostartfiles -g -Wall -Wextra -fno-tree-loop-distribute-patterns"

TRACE::2025-04-27.14:45:02::SCWMssOS::"Running Make include in ps7_cortexa9_0/libsrc/ddrps_v1_2/src"

TRACE::2025-04-27.14:45:02::SCWMssOS::make -C ps7_cortexa9_0/libsrc/ddrps_v1_2/src -s include  "SHELL=CMD" "COMPILER=arm-none-eabi-gcc" "ASSEMBLER=arm-none-eabi-as" 
TRACE::2025-04-27.14:45:02::SCWMssOS::"ARCHIVER=arm-none-eabi-ar" "COMPILER_FLAGS=  -O2 -c" "EXTRA_COMPILER_FLAGS=-mcpu=cortex-a9 -mfpu=vfpv3 -mfloat-abi=hard -nosta
TRACE::2025-04-27.14:45:02::SCWMssOS::rtfiles -g -Wall -Wextra -fno-tree-loop-distribute-patterns"

TRACE::2025-04-27.14:45:02::SCWMssOS::"Running Make include in ps7_cortexa9_0/libsrc/devcfg_v3_8/src"

TRACE::2025-04-27.14:45:02::SCWMssOS::make -C ps7_cortexa9_0/libsrc/devcfg_v3_8/src -s include  "SHELL=CMD" "COMPILER=arm-none-eabi-gcc" "ASSEMBLER=arm-none-eabi-as"
TRACE::2025-04-27.14:45:02::SCWMssOS:: "ARCHIVER=arm-none-eabi-ar" "COMPILER_FLAGS=  -O2 -c" "EXTRA_COMPILER_FLAGS=-mcpu=cortex-a9 -mfpu=vfpv3 -mfloat-abi=hard -nost
TRACE::2025-04-27.14:45:02::SCWMssOS::artfiles -g -Wall -Wextra -fno-tree-loop-distribute-patterns"

TRACE::2025-04-27.14:45:02::SCWMssOS::"Running Make include in ps7_cortexa9_0/libsrc/dmaps_v2_10/src"

TRACE::2025-04-27.14:45:02::SCWMssOS::make -C ps7_cortexa9_0/libsrc/dmaps_v2_10/src -s include  "SHELL=CMD" "COMPILER=arm-none-eabi-gcc" "ASSEMBLER=arm-none-eabi-as"
TRACE::2025-04-27.14:45:02::SCWMssOS:: "ARCHIVER=arm-none-eabi-ar" "COMPILER_FLAGS=  -O2 -c" "EXTRA_COMPILER_FLAGS=-mcpu=cortex-a9 -mfpu=vfpv3 -mfloat-abi=hard -nost
TRACE::2025-04-27.14:45:02::SCWMssOS::artfiles -g -Wall -Wextra -fno-tree-loop-distribute-patterns"

TRACE::2025-04-27.14:45:03::SCWMssOS::"Running Make include in ps7_cortexa9_0/libsrc/eFPGA_AXI_LM393_driver_v1_0/src"

TRACE::2025-04-27.14:45:03::SCWMssOS::make -C ps7_cortexa9_0/libsrc/eFPGA_AXI_LM393_driver_v1_0/src -s include  "SHELL=CMD" "COMPILER=arm-none-eabi-gcc" "ASSEMBLER=a
TRACE::2025-04-27.14:45:03::SCWMssOS::rm-none-eabi-as" "ARCHIVER=arm-none-eabi-ar" "COMPILER_FLAGS=  -O2 -c" "EXTRA_COMPILER_FLAGS=-mcpu=cortex-a9 -mfpu=vfpv3 -mfloa
TRACE::2025-04-27.14:45:03::SCWMssOS::t-abi=hard -nostartfiles -g -Wall -Wextra -fno-tree-loop-distribute-patterns"

TRACE::2025-04-27.14:45:03::SCWMssOS::"Running Make include in ps7_cortexa9_0/libsrc/emacps_v3_20/src"

TRACE::2025-04-27.14:45:03::SCWMssOS::make -C ps7_cortexa9_0/libsrc/emacps_v3_20/src -s include  "SHELL=CMD" "COMPILER=arm-none-eabi-gcc" "ASSEMBLER=arm-none-eabi-as
TRACE::2025-04-27.14:45:03::SCWMssOS::" "ARCHIVER=arm-none-eabi-ar" "COMPILER_FLAGS=  -O2 -c" "EXTRA_COMPILER_FLAGS=-mcpu=cortex-a9 -mfpu=vfpv3 -mfloat-abi=hard -nos
TRACE::2025-04-27.14:45:03::SCWMssOS::tartfiles -g -Wall -Wextra -fno-tree-loop-distribute-patterns"

TRACE::2025-04-27.14:45:03::SCWMssOS::"Running Make include in ps7_cortexa9_0/libsrc/gpiops_v3_13/src"

TRACE::2025-04-27.14:45:03::SCWMssOS::make -C ps7_cortexa9_0/libsrc/gpiops_v3_13/src -s include  "SHELL=CMD" "COMPILER=arm-none-eabi-gcc" "ASSEMBLER=arm-none-eabi-as
TRACE::2025-04-27.14:45:03::SCWMssOS::" "ARCHIVER=arm-none-eabi-ar" "COMPILER_FLAGS=  -O2 -c" "EXTRA_COMPILER_FLAGS=-mcpu=cortex-a9 -mfpu=vfpv3 -mfloat-abi=hard -nos
TRACE::2025-04-27.14:45:03::SCWMssOS::tartfiles -g -Wall -Wextra -fno-tree-loop-distribute-patterns"

TRACE::2025-04-27.14:45:03::SCWMssOS::"Running Make include in ps7_cortexa9_0/libsrc/gpio_v4_11/src"

TRACE::2025-04-27.14:45:03::SCWMssOS::make -C ps7_cortexa9_0/libsrc/gpio_v4_11/src -s include  "SHELL=CMD" "COMPILER=arm-none-eabi-gcc" "ASSEMBLER=arm-none-eabi-as" 
TRACE::2025-04-27.14:45:03::SCWMssOS::"ARCHIVER=arm-none-eabi-ar" "COMPILER_FLAGS=  -O2 -c" "EXTRA_COMPILER_FLAGS=-mcpu=cortex-a9 -mfpu=vfpv3 -mfloat-abi=hard -nosta
TRACE::2025-04-27.14:45:03::SCWMssOS::rtfiles -g -Wall -Wextra -fno-tree-loop-distribute-patterns"

TRACE::2025-04-27.14:45:03::SCWMssOS::"Running Make include in ps7_cortexa9_0/libsrc/qspips_v3_12/src"

TRACE::2025-04-27.14:45:03::SCWMssOS::make -C ps7_cortexa9_0/libsrc/qspips_v3_12/src -s include  "SHELL=CMD" "COMPILER=arm-none-eabi-gcc" "ASSEMBLER=arm-none-eabi-as
TRACE::2025-04-27.14:45:03::SCWMssOS::" "ARCHIVER=arm-none-eabi-ar" "COMPILER_FLAGS=  -O2 -c" "EXTRA_COMPILER_FLAGS=-mcpu=cortex-a9 -mfpu=vfpv3 -mfloat-abi=hard -nos
TRACE::2025-04-27.14:45:03::SCWMssOS::tartfiles -g -Wall -Wextra -fno-tree-loop-distribute-patterns"

TRACE::2025-04-27.14:45:03::SCWMssOS::"Running Make include in ps7_cortexa9_0/libsrc/scugic_v5_3/src"

TRACE::2025-04-27.14:45:03::SCWMssOS::make -C ps7_cortexa9_0/libsrc/scugic_v5_3/src -s include  "SHELL=CMD" "COMPILER=arm-none-eabi-gcc" "ASSEMBLER=arm-none-eabi-as"
TRACE::2025-04-27.14:45:03::SCWMssOS:: "ARCHIVER=arm-none-eabi-ar" "COMPILER_FLAGS=  -O2 -c" "EXTRA_COMPILER_FLAGS=-mcpu=cortex-a9 -mfpu=vfpv3 -mfloat-abi=hard -nost
TRACE::2025-04-27.14:45:03::SCWMssOS::artfiles -g -Wall -Wextra -fno-tree-loop-distribute-patterns"

TRACE::2025-04-27.14:45:03::SCWMssOS::"Running Make include in ps7_cortexa9_0/libsrc/scutimer_v2_6/src"

TRACE::2025-04-27.14:45:03::SCWMssOS::make -C ps7_cortexa9_0/libsrc/scutimer_v2_6/src -s include  "SHELL=CMD" "COMPILER=arm-none-eabi-gcc" "ASSEMBLER=arm-none-eabi-a
TRACE::2025-04-27.14:45:03::SCWMssOS::s" "ARCHIVER=arm-none-eabi-ar" "COMPILER_FLAGS=  -O2 -c" "EXTRA_COMPILER_FLAGS=-mcpu=cortex-a9 -mfpu=vfpv3 -mfloat-abi=hard -no
TRACE::2025-04-27.14:45:03::SCWMssOS::startfiles -g -Wall -Wextra -fno-tree-loop-distribute-patterns"

TRACE::2025-04-27.14:45:03::SCWMssOS::"Running Make include in ps7_cortexa9_0/libsrc/scuwdt_v2_5/src"

TRACE::2025-04-27.14:45:03::SCWMssOS::make -C ps7_cortexa9_0/libsrc/scuwdt_v2_5/src -s include  "SHELL=CMD" "COMPILER=arm-none-eabi-gcc" "ASSEMBLER=arm-none-eabi-as"
TRACE::2025-04-27.14:45:03::SCWMssOS:: "ARCHIVER=arm-none-eabi-ar" "COMPILER_FLAGS=  -O2 -c" "EXTRA_COMPILER_FLAGS=-mcpu=cortex-a9 -mfpu=vfpv3 -mfloat-abi=hard -nost
TRACE::2025-04-27.14:45:03::SCWMssOS::artfiles -g -Wall -Wextra -fno-tree-loop-distribute-patterns"

TRACE::2025-04-27.14:45:03::SCWMssOS::"Running Make include in ps7_cortexa9_0/libsrc/sdps_v4_3/src"

TRACE::2025-04-27.14:45:03::SCWMssOS::make -C ps7_cortexa9_0/libsrc/sdps_v4_3/src -s include  "SHELL=CMD" "COMPILER=arm-none-eabi-gcc" "ASSEMBLER=arm-none-eabi-as" "
TRACE::2025-04-27.14:45:03::SCWMssOS::ARCHIVER=arm-none-eabi-ar" "COMPILER_FLAGS=  -O2 -c" "EXTRA_COMPILER_FLAGS=-mcpu=cortex-a9 -mfpu=vfpv3 -mfloat-abi=hard -nostar
TRACE::2025-04-27.14:45:03::SCWMssOS::tfiles -g -Wall -Wextra -fno-tree-loop-distribute-patterns"

TRACE::2025-04-27.14:45:03::SCWMssOS::"Running Make include in ps7_cortexa9_0/libsrc/standalone_v9_1/src"

TRACE::2025-04-27.14:45:03::SCWMssOS::make -C ps7_cortexa9_0/libsrc/standalone_v9_1/src -s include  "SHELL=CMD" "COMPILER=arm-none-eabi-gcc" "ASSEMBLER=arm-none-eabi
TRACE::2025-04-27.14:45:03::SCWMssOS::-as" "ARCHIVER=arm-none-eabi-ar" "COMPILER_FLAGS=  -O2 -c" "EXTRA_COMPILER_FLAGS=-mcpu=cortex-a9 -mfpu=vfpv3 -mfloat-abi=hard -
TRACE::2025-04-27.14:45:03::SCWMssOS::nostartfiles -g -Wall -Wextra -fno-tree-loop-distribute-patterns"

TRACE::2025-04-27.14:45:03::SCWMssOS::"Running Make include in ps7_cortexa9_0/libsrc/tmrctr_v4_12/src"

TRACE::2025-04-27.14:45:03::SCWMssOS::make -C ps7_cortexa9_0/libsrc/tmrctr_v4_12/src -s include  "SHELL=CMD" "COMPILER=arm-none-eabi-gcc" "ASSEMBLER=arm-none-eabi-as
TRACE::2025-04-27.14:45:03::SCWMssOS::" "ARCHIVER=arm-none-eabi-ar" "COMPILER_FLAGS=  -O2 -c" "EXTRA_COMPILER_FLAGS=-mcpu=cortex-a9 -mfpu=vfpv3 -mfloat-abi=hard -nos
TRACE::2025-04-27.14:45:03::SCWMssOS::tartfiles -g -Wall -Wextra -fno-tree-loop-distribute-patterns"

TRACE::2025-04-27.14:45:04::SCWMssOS::"Running Make include in ps7_cortexa9_0/libsrc/uartps_v3_14/src"

TRACE::2025-04-27.14:45:04::SCWMssOS::make -C ps7_cortexa9_0/libsrc/uartps_v3_14/src -s include  "SHELL=CMD" "COMPILER=arm-none-eabi-gcc" "ASSEMBLER=arm-none-eabi-as
TRACE::2025-04-27.14:45:04::SCWMssOS::" "ARCHIVER=arm-none-eabi-ar" "COMPILER_FLAGS=  -O2 -c" "EXTRA_COMPILER_FLAGS=-mcpu=cortex-a9 -mfpu=vfpv3 -mfloat-abi=hard -nos
TRACE::2025-04-27.14:45:04::SCWMssOS::tartfiles -g -Wall -Wextra -fno-tree-loop-distribute-patterns"

TRACE::2025-04-27.14:45:04::SCWMssOS::"Running Make include in ps7_cortexa9_0/libsrc/usbps_v2_9/src"

TRACE::2025-04-27.14:45:04::SCWMssOS::make -C ps7_cortexa9_0/libsrc/usbps_v2_9/src -s include  "SHELL=CMD" "COMPILER=arm-none-eabi-gcc" "ASSEMBLER=arm-none-eabi-as" 
TRACE::2025-04-27.14:45:04::SCWMssOS::"ARCHIVER=arm-none-eabi-ar" "COMPILER_FLAGS=  -O2 -c" "EXTRA_COMPILER_FLAGS=-mcpu=cortex-a9 -mfpu=vfpv3 -mfloat-abi=hard -nosta
TRACE::2025-04-27.14:45:04::SCWMssOS::rtfiles -g -Wall -Wextra -fno-tree-loop-distribute-patterns"

TRACE::2025-04-27.14:45:04::SCWMssOS::"Running Make include in ps7_cortexa9_0/libsrc/xadcps_v2_7/src"

TRACE::2025-04-27.14:45:04::SCWMssOS::make -C ps7_cortexa9_0/libsrc/xadcps_v2_7/src -s include  "SHELL=CMD" "COMPILER=arm-none-eabi-gcc" "ASSEMBLER=arm-none-eabi-as"
TRACE::2025-04-27.14:45:04::SCWMssOS:: "ARCHIVER=arm-none-eabi-ar" "COMPILER_FLAGS=  -O2 -c" "EXTRA_COMPILER_FLAGS=-mcpu=cortex-a9 -mfpu=vfpv3 -mfloat-abi=hard -nost
TRACE::2025-04-27.14:45:04::SCWMssOS::artfiles -g -Wall -Wextra -fno-tree-loop-distribute-patterns"

TRACE::2025-04-27.14:45:04::SCWMssOS::"Running Make libs in ps7_cortexa9_0/libsrc/eFPGA_AXI_LM393_driver_v1_0/src"

TRACE::2025-04-27.14:45:04::SCWMssOS::make -C ps7_cortexa9_0/libsrc/eFPGA_AXI_LM393_driver_v1_0/src -s libs  "SHELL=CMD" "COMPILER=arm-none-eabi-gcc" "ASSEMBLER=arm-
TRACE::2025-04-27.14:45:04::SCWMssOS::none-eabi-as" "ARCHIVER=arm-none-eabi-ar" "COMPILER_FLAGS=  -O2 -c" "EXTRA_COMPILER_FLAGS=-mcpu=cortex-a9 -mfpu=vfpv3 -mfloat-a
TRACE::2025-04-27.14:45:04::SCWMssOS::bi=hard -nostartfiles -g -Wall -Wextra -fno-tree-loop-distribute-patterns"

TRACE::2025-04-27.14:45:04::SCWMssOS::'Finished building libraries sequentially.'

TRACE::2025-04-27.14:45:04::SCWMssOS::make -j 6 --no-print-directory par_libs

TRACE::2025-04-27.14:45:04::SCWMssOS::"Running Make include in ps7_cortexa9_0/libsrc/coresightps_dcc_v1_10/src"

TRACE::2025-04-27.14:45:04::SCWMssOS::make -C ps7_cortexa9_0/libsrc/coresightps_dcc_v1_10/src -s include  "SHELL=CMD" "COMPILER=arm-none-eabi-gcc" "ASSEMBLER=arm-non
TRACE::2025-04-27.14:45:04::SCWMssOS::e-eabi-as" "ARCHIVER=arm-none-eabi-ar" "COMPILER_FLAGS=  -O2 -c" "EXTRA_COMPILER_FLAGS=-mcpu=cortex-a9 -mfpu=vfpv3 -mfloat-abi=
TRACE::2025-04-27.14:45:04::SCWMssOS::hard -nostartfiles -g -Wall -Wextra -fno-tree-loop-distribute-patterns"

TRACE::2025-04-27.14:45:04::SCWMssOS::"Running Make include in ps7_cortexa9_0/libsrc/cpu_cortexa9_v2_12/src"

TRACE::2025-04-27.14:45:04::SCWMssOS::make -C ps7_cortexa9_0/libsrc/cpu_cortexa9_v2_12/src -s include  "SHELL=CMD" "COMPILER=arm-none-eabi-gcc" "ASSEMBLER=arm-none-e
TRACE::2025-04-27.14:45:04::SCWMssOS::abi-as" "ARCHIVER=arm-none-eabi-ar" "COMPILER_FLAGS=  -O2 -c" "EXTRA_COMPILER_FLAGS=-mcpu=cortex-a9 -mfpu=vfpv3 -mfloat-abi=har
TRACE::2025-04-27.14:45:04::SCWMssOS::d -nostartfiles -g -Wall -Wextra -fno-tree-loop-distribute-patterns"

TRACE::2025-04-27.14:45:04::SCWMssOS::"Running Make include in ps7_cortexa9_0/libsrc/ddrps_v1_2/src"

TRACE::2025-04-27.14:45:04::SCWMssOS::make -C ps7_cortexa9_0/libsrc/ddrps_v1_2/src -s include  "SHELL=CMD" "COMPILER=arm-none-eabi-gcc" "ASSEMBLER=arm-none-eabi-as" 
TRACE::2025-04-27.14:45:04::SCWMssOS::"ARCHIVER=arm-none-eabi-ar" "COMPILER_FLAGS=  -O2 -c" "EXTRA_COMPILER_FLAGS=-mcpu=cortex-a9 -mfpu=vfpv3 -mfloat-abi=hard -nosta
TRACE::2025-04-27.14:45:04::SCWMssOS::rtfiles -g -Wall -Wextra -fno-tree-loop-distribute-patterns"

TRACE::2025-04-27.14:45:04::SCWMssOS::"Running Make include in ps7_cortexa9_0/libsrc/devcfg_v3_8/src"

TRACE::2025-04-27.14:45:04::SCWMssOS::make -C ps7_cortexa9_0/libsrc/devcfg_v3_8/src -s include  "SHELL=CMD" "COMPILER=arm-none-eabi-gcc" "ASSEMBLER=arm-none-eabi-as"
TRACE::2025-04-27.14:45:04::SCWMssOS:: "ARCHIVER=arm-none-eabi-ar" "COMPILER_FLAGS=  -O2 -c" "EXTRA_COMPILER_FLAGS=-mcpu=cortex-a9 -mfpu=vfpv3 -mfloat-abi=hard -nost
TRACE::2025-04-27.14:45:04::SCWMssOS::artfiles -g -Wall -Wextra -fno-tree-loop-distribute-patterns"

TRACE::2025-04-27.14:45:04::SCWMssOS::"Running Make include in ps7_cortexa9_0/libsrc/dmaps_v2_10/src"

TRACE::2025-04-27.14:45:04::SCWMssOS::make -C ps7_cortexa9_0/libsrc/dmaps_v2_10/src -s include  "SHELL=CMD" "COMPILER=arm-none-eabi-gcc" "ASSEMBLER=arm-none-eabi-as"
TRACE::2025-04-27.14:45:04::SCWMssOS:: "ARCHIVER=arm-none-eabi-ar" "COMPILER_FLAGS=  -O2 -c" "EXTRA_COMPILER_FLAGS=-mcpu=cortex-a9 -mfpu=vfpv3 -mfloat-abi=hard -nost
TRACE::2025-04-27.14:45:04::SCWMssOS::artfiles -g -Wall -Wextra -fno-tree-loop-distribute-patterns"

TRACE::2025-04-27.14:45:04::SCWMssOS::"Running Make include in ps7_cortexa9_0/libsrc/eFPGA_AXI_LM393_driver_v1_0/src"

TRACE::2025-04-27.14:45:04::SCWMssOS::"Running Make include in ps7_cortexa9_0/libsrc/emacps_v3_20/src"

TRACE::2025-04-27.14:45:04::SCWMssOS::make -C ps7_cortexa9_0/libsrc/eFPGA_AXI_LM393_driver_v1_0/src -s include  "SHELL=CMD" "COMPILER=arm-none-eabi-gcc" "ASSEMBLER=a
TRACE::2025-04-27.14:45:04::SCWMssOS::rm-none-eabi-as" "ARCHIVER=arm-none-eabi-ar" "COMPILER_FLAGS=  -O2 -c" "EXTRA_COMPILER_FLAGS=-mcpu=cortex-a9 -mfpu=vfpv3 -mfloa
TRACE::2025-04-27.14:45:04::SCWMssOS::t-abi=hard -nostartfiles -g -Wall -Wextra -fno-tree-loop-distribute-patterns"

TRACE::2025-04-27.14:45:05::SCWMssOS::"Running Make include in ps7_cortexa9_0/libsrc/gpiops_v3_13/src"

TRACE::2025-04-27.14:45:05::SCWMssOS::"Running Make include in ps7_cortexa9_0/libsrc/gpio_v4_11/src"

TRACE::2025-04-27.14:45:05::SCWMssOS::make -C ps7_cortexa9_0/libsrc/emacps_v3_20/src -s include  "SHELL=CMD" "COMPILER=arm-none-eabi-gcc" "ASSEMBLER=arm-none-eabi-as
TRACE::2025-04-27.14:45:05::SCWMssOS::" "ARCHIVER=arm-none-eabi-ar" "COMPILER_FLAGS=  -O2 -c" "EXTRA_COMPILER_FLAGS=-mcpu=cortex-a9 -mfpu=vfpv3 -mfloat-abi=hard -nos
TRACE::2025-04-27.14:45:05::SCWMssOS::tartfiles -g -Wall -Wextra -fno-tree-loop-distribute-patterns"

TRACE::2025-04-27.14:45:05::SCWMssOS::"Running Make include in ps7_cortexa9_0/libsrc/scugic_v5_3/src"

TRACE::2025-04-27.14:45:05::SCWMssOS::"Running Make include in ps7_cortexa9_0/libsrc/qspips_v3_12/src"

TRACE::2025-04-27.14:45:05::SCWMssOS::make -C ps7_cortexa9_0/libsrc/gpiops_v3_13/src -s include  "SHELL=CMD" "COMPILER=arm-none-eabi-gcc" "ASSEMBLER=arm-none-eabi-as
TRACE::2025-04-27.14:45:05::SCWMssOS::" "ARCHIVER=arm-none-eabi-ar" "COMPILER_FLAGS=  -O2 -c" "EXTRA_COMPILER_FLAGS=-mcpu=cortex-a9 -mfpu=vfpv3 -mfloat-abi=hard -nos
TRACE::2025-04-27.14:45:05::SCWMssOS::tartfiles -g -Wall -Wextra -fno-tree-loop-distribute-patterns"

TRACE::2025-04-27.14:45:05::SCWMssOS::make -C ps7_cortexa9_0/libsrc/gpio_v4_11/src -s include  "SHELL=CMD" "COMPILER=arm-none-eabi-gcc" "ASSEMBLER=arm-none-eabi-as" 
TRACE::2025-04-27.14:45:05::SCWMssOS::"ARCHIVER=arm-none-eabi-ar" "COMPILER_FLAGS=  -O2 -c" "EXTRA_COMPILER_FLAGS=-mcpu=cortex-a9 -mfpu=vfpv3 -mfloat-abi=hard -nosta
TRACE::2025-04-27.14:45:05::SCWMssOS::rtfiles -g -Wall -Wextra -fno-tree-loop-distribute-patterns"

TRACE::2025-04-27.14:45:05::SCWMssOS::make -C ps7_cortexa9_0/libsrc/qspips_v3_12/src -s include  "SHELL=CMD" "COMPILER=arm-none-eabi-gcc" "ASSEMBLER=arm-none-eabi-as
TRACE::2025-04-27.14:45:05::SCWMssOS::" "ARCHIVER=arm-none-eabi-ar" "COMPILER_FLAGS=  -O2 -c" "EXTRA_COMPILER_FLAGS=-mcpu=cortex-a9 -mfpu=vfpv3 -mfloat-abi=hard -nos
TRACE::2025-04-27.14:45:05::SCWMssOS::tartfiles -g -Wall -Wextra -fno-tree-loop-distribute-patterns"

TRACE::2025-04-27.14:45:05::SCWMssOS::make -C ps7_cortexa9_0/libsrc/scugic_v5_3/src -s include  "SHELL=CMD" "COMPILER=arm-none-eabi-gcc" "ASSEMBLER=arm-none-eabi-as"
TRACE::2025-04-27.14:45:05::SCWMssOS:: "ARCHIVER=arm-none-eabi-ar" "COMPILER_FLAGS=  -O2 -c" "EXTRA_COMPILER_FLAGS=-mcpu=cortex-a9 -mfpu=vfpv3 -mfloat-abi=hard -nost
TRACE::2025-04-27.14:45:05::SCWMssOS::artfiles -g -Wall -Wextra -fno-tree-loop-distribute-patterns"

TRACE::2025-04-27.14:45:05::SCWMssOS::"Running Make include in ps7_cortexa9_0/libsrc/scutimer_v2_6/src"

TRACE::2025-04-27.14:45:05::SCWMssOS::make -C ps7_cortexa9_0/libsrc/scutimer_v2_6/src -s include  "SHELL=CMD" "COMPILER=arm-none-eabi-gcc" "ASSEMBLER=arm-none-eabi-a
TRACE::2025-04-27.14:45:05::SCWMssOS::s" "ARCHIVER=arm-none-eabi-ar" "COMPILER_FLAGS=  -O2 -c" "EXTRA_COMPILER_FLAGS=-mcpu=cortex-a9 -mfpu=vfpv3 -mfloat-abi=hard -no
TRACE::2025-04-27.14:45:05::SCWMssOS::startfiles -g -Wall -Wextra -fno-tree-loop-distribute-patterns"

TRACE::2025-04-27.14:45:05::SCWMssOS::"Running Make include in ps7_cortexa9_0/libsrc/scuwdt_v2_5/src"

TRACE::2025-04-27.14:45:05::SCWMssOS::make -C ps7_cortexa9_0/libsrc/scuwdt_v2_5/src -s include  "SHELL=CMD" "COMPILER=arm-none-eabi-gcc" "ASSEMBLER=arm-none-eabi-as"
TRACE::2025-04-27.14:45:05::SCWMssOS:: "ARCHIVER=arm-none-eabi-ar" "COMPILER_FLAGS=  -O2 -c" "EXTRA_COMPILER_FLAGS=-mcpu=cortex-a9 -mfpu=vfpv3 -mfloat-abi=hard -nost
TRACE::2025-04-27.14:45:05::SCWMssOS::artfiles -g -Wall -Wextra -fno-tree-loop-distribute-patterns"

TRACE::2025-04-27.14:45:05::SCWMssOS::"Running Make include in ps7_cortexa9_0/libsrc/sdps_v4_3/src"

TRACE::2025-04-27.14:45:05::SCWMssOS::make -C ps7_cortexa9_0/libsrc/sdps_v4_3/src -s include  "SHELL=CMD" "COMPILER=arm-none-eabi-gcc" "ASSEMBLER=arm-none-eabi-as" "
TRACE::2025-04-27.14:45:05::SCWMssOS::ARCHIVER=arm-none-eabi-ar" "COMPILER_FLAGS=  -O2 -c" "EXTRA_COMPILER_FLAGS=-mcpu=cortex-a9 -mfpu=vfpv3 -mfloat-abi=hard -nostar
TRACE::2025-04-27.14:45:05::SCWMssOS::tfiles -g -Wall -Wextra -fno-tree-loop-distribute-patterns"

TRACE::2025-04-27.14:45:05::SCWMssOS::"Running Make include in ps7_cortexa9_0/libsrc/standalone_v9_1/src"

TRACE::2025-04-27.14:45:05::SCWMssOS::"Running Make include in ps7_cortexa9_0/libsrc/tmrctr_v4_12/src"

TRACE::2025-04-27.14:45:05::SCWMssOS::make -C ps7_cortexa9_0/libsrc/standalone_v9_1/src -s include  "SHELL=CMD" "COMPILER=arm-none-eabi-gcc" "ASSEMBLER=arm-none-eabi
TRACE::2025-04-27.14:45:05::SCWMssOS::-as" "ARCHIVER=arm-none-eabi-ar" "COMPILER_FLAGS=  -O2 -c" "EXTRA_COMPILER_FLAGS=-mcpu=cortex-a9 -mfpu=vfpv3 -mfloat-abi=hard -
TRACE::2025-04-27.14:45:05::SCWMssOS::nostartfiles -g -Wall -Wextra -fno-tree-loop-distribute-patterns"

TRACE::2025-04-27.14:45:05::SCWMssOS::make -C ps7_cortexa9_0/libsrc/tmrctr_v4_12/src -s include  "SHELL=CMD" "COMPILER=arm-none-eabi-gcc" "ASSEMBLER=arm-none-eabi-as
TRACE::2025-04-27.14:45:05::SCWMssOS::" "ARCHIVER=arm-none-eabi-ar" "COMPILER_FLAGS=  -O2 -c" "EXTRA_COMPILER_FLAGS=-mcpu=cortex-a9 -mfpu=vfpv3 -mfloat-abi=hard -nos
TRACE::2025-04-27.14:45:05::SCWMssOS::tartfiles -g -Wall -Wextra -fno-tree-loop-distribute-patterns"

TRACE::2025-04-27.14:45:05::SCWMssOS::"Running Make include in ps7_cortexa9_0/libsrc/uartps_v3_14/src"

TRACE::2025-04-27.14:45:05::SCWMssOS::make -C ps7_cortexa9_0/libsrc/uartps_v3_14/src -s include  "SHELL=CMD" "COMPILER=arm-none-eabi-gcc" "ASSEMBLER=arm-none-eabi-as
TRACE::2025-04-27.14:45:05::SCWMssOS::" "ARCHIVER=arm-none-eabi-ar" "COMPILER_FLAGS=  -O2 -c" "EXTRA_COMPILER_FLAGS=-mcpu=cortex-a9 -mfpu=vfpv3 -mfloat-abi=hard -nos
TRACE::2025-04-27.14:45:05::SCWMssOS::tartfiles -g -Wall -Wextra -fno-tree-loop-distribute-patterns"

TRACE::2025-04-27.14:45:05::SCWMssOS::"Running Make include in ps7_cortexa9_0/libsrc/usbps_v2_9/src"

TRACE::2025-04-27.14:45:05::SCWMssOS::make -C ps7_cortexa9_0/libsrc/usbps_v2_9/src -s include  "SHELL=CMD" "COMPILER=arm-none-eabi-gcc" "ASSEMBLER=arm-none-eabi-as" 
TRACE::2025-04-27.14:45:05::SCWMssOS::"ARCHIVER=arm-none-eabi-ar" "COMPILER_FLAGS=  -O2 -c" "EXTRA_COMPILER_FLAGS=-mcpu=cortex-a9 -mfpu=vfpv3 -mfloat-abi=hard -nosta
TRACE::2025-04-27.14:45:05::SCWMssOS::rtfiles -g -Wall -Wextra -fno-tree-loop-distribute-patterns"

TRACE::2025-04-27.14:45:05::SCWMssOS::"Running Make include in ps7_cortexa9_0/libsrc/xadcps_v2_7/src"

TRACE::2025-04-27.14:45:05::SCWMssOS::make -C ps7_cortexa9_0/libsrc/xadcps_v2_7/src -s include  "SHELL=CMD" "COMPILER=arm-none-eabi-gcc" "ASSEMBLER=arm-none-eabi-as"
TRACE::2025-04-27.14:45:05::SCWMssOS:: "ARCHIVER=arm-none-eabi-ar" "COMPILER_FLAGS=  -O2 -c" "EXTRA_COMPILER_FLAGS=-mcpu=cortex-a9 -mfpu=vfpv3 -mfloat-abi=hard -nost
TRACE::2025-04-27.14:45:05::SCWMssOS::artfiles -g -Wall -Wextra -fno-tree-loop-distribute-patterns"

TRACE::2025-04-27.14:45:05::SCWMssOS::"Running Make libs in ps7_cortexa9_0/libsrc/coresightps_dcc_v1_10/src"

TRACE::2025-04-27.14:45:05::SCWMssOS::make -C ps7_cortexa9_0/libsrc/coresightps_dcc_v1_10/src -s libs  "SHELL=CMD" "COMPILER=arm-none-eabi-gcc" "ASSEMBLER=arm-none-e
TRACE::2025-04-27.14:45:05::SCWMssOS::abi-as" "ARCHIVER=arm-none-eabi-ar" "COMPILER_FLAGS=  -O2 -c" "EXTRA_COMPILER_FLAGS=-mcpu=cortex-a9 -mfpu=vfpv3 -mfloat-abi=har
TRACE::2025-04-27.14:45:05::SCWMssOS::d -nostartfiles -g -Wall -Wextra -fno-tree-loop-distribute-patterns"

TRACE::2025-04-27.14:45:05::SCWMssOS::"Running Make libs in ps7_cortexa9_0/libsrc/cpu_cortexa9_v2_12/src"

TRACE::2025-04-27.14:45:05::SCWMssOS::make -C ps7_cortexa9_0/libsrc/cpu_cortexa9_v2_12/src -s libs  "SHELL=CMD" "COMPILER=arm-none-eabi-gcc" "ASSEMBLER=arm-none-eabi
TRACE::2025-04-27.14:45:05::SCWMssOS::-as" "ARCHIVER=arm-none-eabi-ar" "COMPILER_FLAGS=  -O2 -c" "EXTRA_COMPILER_FLAGS=-mcpu=cortex-a9 -mfpu=vfpv3 -mfloat-abi=hard -
TRACE::2025-04-27.14:45:05::SCWMssOS::nostartfiles -g -Wall -Wextra -fno-tree-loop-distribute-patterns"

TRACE::2025-04-27.14:45:05::SCWMssOS::"Running Make libs in ps7_cortexa9_0/libsrc/ddrps_v1_2/src"

TRACE::2025-04-27.14:45:05::SCWMssOS::make -C ps7_cortexa9_0/libsrc/ddrps_v1_2/src -s libs  "SHELL=CMD" "COMPILER=arm-none-eabi-gcc" "ASSEMBLER=arm-none-eabi-as" "AR
TRACE::2025-04-27.14:45:05::SCWMssOS::CHIVER=arm-none-eabi-ar" "COMPILER_FLAGS=  -O2 -c" "EXTRA_COMPILER_FLAGS=-mcpu=cortex-a9 -mfpu=vfpv3 -mfloat-abi=hard -nostartf
TRACE::2025-04-27.14:45:05::SCWMssOS::iles -g -Wall -Wextra -fno-tree-loop-distribute-patterns"

TRACE::2025-04-27.14:45:05::SCWMssOS::"Running Make libs in ps7_cortexa9_0/libsrc/devcfg_v3_8/src"

TRACE::2025-04-27.14:45:05::SCWMssOS::make -C ps7_cortexa9_0/libsrc/devcfg_v3_8/src -s libs  "SHELL=CMD" "COMPILER=arm-none-eabi-gcc" "ASSEMBLER=arm-none-eabi-as" "A
TRACE::2025-04-27.14:45:05::SCWMssOS::RCHIVER=arm-none-eabi-ar" "COMPILER_FLAGS=  -O2 -c" "EXTRA_COMPILER_FLAGS=-mcpu=cortex-a9 -mfpu=vfpv3 -mfloat-abi=hard -nostart
TRACE::2025-04-27.14:45:05::SCWMssOS::files -g -Wall -Wextra -fno-tree-loop-distribute-patterns"

TRACE::2025-04-27.14:45:05::SCWMssOS::"Running Make libs in ps7_cortexa9_0/libsrc/dmaps_v2_10/src"

TRACE::2025-04-27.14:45:05::SCWMssOS::make -C ps7_cortexa9_0/libsrc/dmaps_v2_10/src -s libs  "SHELL=CMD" "COMPILER=arm-none-eabi-gcc" "ASSEMBLER=arm-none-eabi-as" "A
TRACE::2025-04-27.14:45:05::SCWMssOS::RCHIVER=arm-none-eabi-ar" "COMPILER_FLAGS=  -O2 -c" "EXTRA_COMPILER_FLAGS=-mcpu=cortex-a9 -mfpu=vfpv3 -mfloat-abi=hard -nostart
TRACE::2025-04-27.14:45:05::SCWMssOS::files -g -Wall -Wextra -fno-tree-loop-distribute-patterns"

TRACE::2025-04-27.14:45:05::SCWMssOS::"Running Make libs in ps7_cortexa9_0/libsrc/emacps_v3_20/src"

TRACE::2025-04-27.14:45:05::SCWMssOS::make -C ps7_cortexa9_0/libsrc/emacps_v3_20/src -s libs  "SHELL=CMD" "COMPILER=arm-none-eabi-gcc" "ASSEMBLER=arm-none-eabi-as" "
TRACE::2025-04-27.14:45:05::SCWMssOS::ARCHIVER=arm-none-eabi-ar" "COMPILER_FLAGS=  -O2 -c" "EXTRA_COMPILER_FLAGS=-mcpu=cortex-a9 -mfpu=vfpv3 -mfloat-abi=hard -nostar
TRACE::2025-04-27.14:45:05::SCWMssOS::tfiles -g -Wall -Wextra -fno-tree-loop-distribute-patterns"

TRACE::2025-04-27.14:45:05::SCWMssOS::"Running Make libs in ps7_cortexa9_0/libsrc/gpiops_v3_13/src"

TRACE::2025-04-27.14:45:05::SCWMssOS::make -C ps7_cortexa9_0/libsrc/gpiops_v3_13/src -s libs  "SHELL=CMD" "COMPILER=arm-none-eabi-gcc" "ASSEMBLER=arm-none-eabi-as" "
TRACE::2025-04-27.14:45:05::SCWMssOS::ARCHIVER=arm-none-eabi-ar" "COMPILER_FLAGS=  -O2 -c" "EXTRA_COMPILER_FLAGS=-mcpu=cortex-a9 -mfpu=vfpv3 -mfloat-abi=hard -nostar
TRACE::2025-04-27.14:45:05::SCWMssOS::tfiles -g -Wall -Wextra -fno-tree-loop-distribute-patterns"

TRACE::2025-04-27.14:45:05::SCWMssOS::"Running Make libs in ps7_cortexa9_0/libsrc/gpio_v4_11/src"

TRACE::2025-04-27.14:45:05::SCWMssOS::make -C ps7_cortexa9_0/libsrc/gpio_v4_11/src -s libs  "SHELL=CMD" "COMPILER=arm-none-eabi-gcc" "ASSEMBLER=arm-none-eabi-as" "AR
TRACE::2025-04-27.14:45:05::SCWMssOS::CHIVER=arm-none-eabi-ar" "COMPILER_FLAGS=  -O2 -c" "EXTRA_COMPILER_FLAGS=-mcpu=cortex-a9 -mfpu=vfpv3 -mfloat-abi=hard -nostartf
TRACE::2025-04-27.14:45:05::SCWMssOS::iles -g -Wall -Wextra -fno-tree-loop-distribute-patterns"

TRACE::2025-04-27.14:45:06::SCWMssOS::"Running Make libs in ps7_cortexa9_0/libsrc/qspips_v3_12/src"

TRACE::2025-04-27.14:45:06::SCWMssOS::make -C ps7_cortexa9_0/libsrc/qspips_v3_12/src -s libs  "SHELL=CMD" "COMPILER=arm-none-eabi-gcc" "ASSEMBLER=arm-none-eabi-as" "
TRACE::2025-04-27.14:45:06::SCWMssOS::ARCHIVER=arm-none-eabi-ar" "COMPILER_FLAGS=  -O2 -c" "EXTRA_COMPILER_FLAGS=-mcpu=cortex-a9 -mfpu=vfpv3 -mfloat-abi=hard -nostar
TRACE::2025-04-27.14:45:06::SCWMssOS::tfiles -g -Wall -Wextra -fno-tree-loop-distribute-patterns"

TRACE::2025-04-27.14:45:07::SCWMssOS::"Running Make libs in ps7_cortexa9_0/libsrc/scugic_v5_3/src"

TRACE::2025-04-27.14:45:07::SCWMssOS::make -C ps7_cortexa9_0/libsrc/scugic_v5_3/src -s libs  "SHELL=CMD" "COMPILER=arm-none-eabi-gcc" "ASSEMBLER=arm-none-eabi-as" "A
TRACE::2025-04-27.14:45:07::SCWMssOS::RCHIVER=arm-none-eabi-ar" "COMPILER_FLAGS=  -O2 -c" "EXTRA_COMPILER_FLAGS=-mcpu=cortex-a9 -mfpu=vfpv3 -mfloat-abi=hard -nostart
TRACE::2025-04-27.14:45:07::SCWMssOS::files -g -Wall -Wextra -fno-tree-loop-distribute-patterns"

TRACE::2025-04-27.14:45:07::SCWMssOS::"Running Make libs in ps7_cortexa9_0/libsrc/scutimer_v2_6/src"

TRACE::2025-04-27.14:45:07::SCWMssOS::make -C ps7_cortexa9_0/libsrc/scutimer_v2_6/src -s libs  "SHELL=CMD" "COMPILER=arm-none-eabi-gcc" "ASSEMBLER=arm-none-eabi-as" 
TRACE::2025-04-27.14:45:07::SCWMssOS::"ARCHIVER=arm-none-eabi-ar" "COMPILER_FLAGS=  -O2 -c" "EXTRA_COMPILER_FLAGS=-mcpu=cortex-a9 -mfpu=vfpv3 -mfloat-abi=hard -nosta
TRACE::2025-04-27.14:45:07::SCWMssOS::rtfiles -g -Wall -Wextra -fno-tree-loop-distribute-patterns"

TRACE::2025-04-27.14:45:07::SCWMssOS::"Running Make libs in ps7_cortexa9_0/libsrc/scuwdt_v2_5/src"

TRACE::2025-04-27.14:45:07::SCWMssOS::make -C ps7_cortexa9_0/libsrc/scuwdt_v2_5/src -s libs  "SHELL=CMD" "COMPILER=arm-none-eabi-gcc" "ASSEMBLER=arm-none-eabi-as" "A
TRACE::2025-04-27.14:45:07::SCWMssOS::RCHIVER=arm-none-eabi-ar" "COMPILER_FLAGS=  -O2 -c" "EXTRA_COMPILER_FLAGS=-mcpu=cortex-a9 -mfpu=vfpv3 -mfloat-abi=hard -nostart
TRACE::2025-04-27.14:45:07::SCWMssOS::files -g -Wall -Wextra -fno-tree-loop-distribute-patterns"

TRACE::2025-04-27.14:45:07::SCWMssOS::"Running Make libs in ps7_cortexa9_0/libsrc/sdps_v4_3/src"

TRACE::2025-04-27.14:45:07::SCWMssOS::make -C ps7_cortexa9_0/libsrc/sdps_v4_3/src -s libs  "SHELL=CMD" "COMPILER=arm-none-eabi-gcc" "ASSEMBLER=arm-none-eabi-as" "ARC
TRACE::2025-04-27.14:45:07::SCWMssOS::HIVER=arm-none-eabi-ar" "COMPILER_FLAGS=  -O2 -c" "EXTRA_COMPILER_FLAGS=-mcpu=cortex-a9 -mfpu=vfpv3 -mfloat-abi=hard -nostartfi
TRACE::2025-04-27.14:45:07::SCWMssOS::les -g -Wall -Wextra -fno-tree-loop-distribute-patterns"

TRACE::2025-04-27.14:45:08::SCWMssOS::"Running Make libs in ps7_cortexa9_0/libsrc/standalone_v9_1/src"

TRACE::2025-04-27.14:45:08::SCWMssOS::make -C ps7_cortexa9_0/libsrc/standalone_v9_1/src -s libs  "SHELL=CMD" "COMPILER=arm-none-eabi-gcc" "ASSEMBLER=arm-none-eabi-as
TRACE::2025-04-27.14:45:08::SCWMssOS::" "ARCHIVER=arm-none-eabi-ar" "COMPILER_FLAGS=  -O2 -c" "EXTRA_COMPILER_FLAGS=-mcpu=cortex-a9 -mfpu=vfpv3 -mfloat-abi=hard -nos
TRACE::2025-04-27.14:45:08::SCWMssOS::tartfiles -g -Wall -Wextra -fno-tree-loop-distribute-patterns"

TRACE::2025-04-27.14:45:08::SCWMssOS::"Running Make libs in ps7_cortexa9_0/libsrc/tmrctr_v4_12/src"

TRACE::2025-04-27.14:45:08::SCWMssOS::make -C ps7_cortexa9_0/libsrc/tmrctr_v4_12/src -s libs  "SHELL=CMD" "COMPILER=arm-none-eabi-gcc" "ASSEMBLER=arm-none-eabi-as" "
TRACE::2025-04-27.14:45:08::SCWMssOS::ARCHIVER=arm-none-eabi-ar" "COMPILER_FLAGS=  -O2 -c" "EXTRA_COMPILER_FLAGS=-mcpu=cortex-a9 -mfpu=vfpv3 -mfloat-abi=hard -nostar
TRACE::2025-04-27.14:45:08::SCWMssOS::tfiles -g -Wall -Wextra -fno-tree-loop-distribute-patterns"

TRACE::2025-04-27.14:45:08::SCWMssOS::"Running Make libs in ps7_cortexa9_0/libsrc/uartps_v3_14/src"

TRACE::2025-04-27.14:45:08::SCWMssOS::make -C ps7_cortexa9_0/libsrc/uartps_v3_14/src -s libs  "SHELL=CMD" "COMPILER=arm-none-eabi-gcc" "ASSEMBLER=arm-none-eabi-as" "
TRACE::2025-04-27.14:45:08::SCWMssOS::ARCHIVER=arm-none-eabi-ar" "COMPILER_FLAGS=  -O2 -c" "EXTRA_COMPILER_FLAGS=-mcpu=cortex-a9 -mfpu=vfpv3 -mfloat-abi=hard -nostar
TRACE::2025-04-27.14:45:08::SCWMssOS::tfiles -g -Wall -Wextra -fno-tree-loop-distribute-patterns"

TRACE::2025-04-27.14:45:09::SCWMssOS::"Running Make libs in ps7_cortexa9_0/libsrc/usbps_v2_9/src"

TRACE::2025-04-27.14:45:09::SCWMssOS::make -C ps7_cortexa9_0/libsrc/usbps_v2_9/src -s libs  "SHELL=CMD" "COMPILER=arm-none-eabi-gcc" "ASSEMBLER=arm-none-eabi-as" "AR
TRACE::2025-04-27.14:45:09::SCWMssOS::CHIVER=arm-none-eabi-ar" "COMPILER_FLAGS=  -O2 -c" "EXTRA_COMPILER_FLAGS=-mcpu=cortex-a9 -mfpu=vfpv3 -mfloat-abi=hard -nostartf
TRACE::2025-04-27.14:45:09::SCWMssOS::iles -g -Wall -Wextra -fno-tree-loop-distribute-patterns"

TRACE::2025-04-27.14:45:09::SCWMssOS::"Running Make libs in ps7_cortexa9_0/libsrc/xadcps_v2_7/src"

TRACE::2025-04-27.14:45:09::SCWMssOS::make -C ps7_cortexa9_0/libsrc/xadcps_v2_7/src -s libs  "SHELL=CMD" "COMPILER=arm-none-eabi-gcc" "ASSEMBLER=arm-none-eabi-as" "A
TRACE::2025-04-27.14:45:09::SCWMssOS::RCHIVER=arm-none-eabi-ar" "COMPILER_FLAGS=  -O2 -c" "EXTRA_COMPILER_FLAGS=-mcpu=cortex-a9 -mfpu=vfpv3 -mfloat-abi=hard -nostart
TRACE::2025-04-27.14:45:09::SCWMssOS::files -g -Wall -Wextra -fno-tree-loop-distribute-patterns"

TRACE::2025-04-27.14:45:12::SCWMssOS::'Finished building libraries parallelly.'

TRACE::2025-04-27.14:45:12::SCWMssOS::make --no-print-directory archive

TRACE::2025-04-27.14:45:12::SCWMssOS::arm-none-eabi-ar -r  ps7_cortexa9_0/lib/libxil.a ps7_cortexa9_0/lib/_exit.o ps7_cortexa9_0/lib/_open.o ps7_cortexa9_0/lib/_sbrk
TRACE::2025-04-27.14:45:12::SCWMssOS::.o ps7_cortexa9_0/lib/abort.o ps7_cortexa9_0/lib/asm_vectors.o ps7_cortexa9_0/lib/boot.o ps7_cortexa9_0/lib/close.o ps7_cortexa
TRACE::2025-04-27.14:45:12::SCWMssOS::9_0/lib/cpputest_time.o ps7_cortexa9_0/lib/cpu_init.o ps7_cortexa9_0/lib/eFPGA_AXI_LM393_driver.o ps7_cortexa9_0/lib/eFPGA_AXI_
TRACE::2025-04-27.14:45:12::SCWMssOS::LM393_driver_selftest.o ps7_cortexa9_0/lib/errno.o ps7_cortexa9_0/lib/fcntl.o ps7_cortexa9_0/lib/fstat.o ps7_cortexa9_0/lib/get
TRACE::2025-04-27.14:45:12::SCWMssOS::entropy.o ps7_cortexa9_0/lib/getpid.o ps7_cortexa9_0/lib/inbyte.o ps7_cortexa9_0/lib/isatty.o ps7_cortexa9_0/lib/kill.o ps7_cor
TRACE::2025-04-27.14:45:12::SCWMssOS::texa9_0/lib/lseek.o ps7_cortexa9_0/lib/open.o ps7_cortexa9_0/lib/outbyte.o ps7_cortexa9_0/lib/print.o ps7_cortexa9_0/lib/putnum
TRACE::2025-04-27.14:45:12::SCWMssOS::.o ps7_cortexa9_0/lib/read.o ps7_cortexa9_0/lib/sbrk.o ps7_cortexa9_0/lib/sleep.o ps7_cortexa9_0/lib/time.o ps7_cortexa9_0/lib/
TRACE::2025-04-27.14:45:12::SCWMssOS::translation_table.o ps7_cortexa9_0/lib/unlink.o ps7_cortexa9_0/lib/usleep.o ps7_cortexa9_0/lib/vectors.o ps7_cortexa9_0/lib/wri
TRACE::2025-04-27.14:45:12::SCWMssOS::te.o ps7_cortexa9_0/lib/xadcps.o ps7_cortexa9_0/lib/xadcps_g.o ps7_cortexa9_0/lib/xadcps_intr.o ps7_cortexa9_0/lib/xadcps_selft
TRACE::2025-04-27.14:45:12::SCWMssOS::est.o ps7_cortexa9_0/lib/xadcps_sinit.o ps7_cortexa9_0/lib/xcoresightpsdcc.o ps7_cortexa9_0/lib/xdevcfg.o ps7_cortexa9_0/lib/xd
TRACE::2025-04-27.14:45:12::SCWMssOS::evcfg_g.o ps7_cortexa9_0/lib/xdevcfg_hw.o ps7_cortexa9_0/lib/xdevcfg_intr.o ps7_cortexa9_0/lib/xdevcfg_selftest.o ps7_cortexa9_
TRACE::2025-04-27.14:45:12::SCWMssOS::0/lib/xdevcfg_sinit.o ps7_cortexa9_0/lib/xdmaps.o ps7_cortexa9_0/lib/xdmaps_g.o ps7_cortexa9_0/lib/xdmaps_hw.o ps7_cortexa9_0/l
TRACE::2025-04-27.14:45:12::SCWMssOS::ib/xdmaps_selftest.o ps7_cortexa9_0/lib/xdmaps_sinit.o ps7_cortexa9_0/lib/xemacps.o ps7_cortexa9_0/lib/xemacps_bdring.o ps7_cor
TRACE::2025-04-27.14:45:12::SCWMssOS::texa9_0/lib/xemacps_control.o ps7_cortexa9_0/lib/xemacps_g.o ps7_cortexa9_0/lib/xemacps_hw.o ps7_cortexa9_0/lib/xemacps_intr.o 
TRACE::2025-04-27.14:45:12::SCWMssOS::ps7_cortexa9_0/lib/xemacps_sinit.o ps7_cortexa9_0/lib/xgpio.o ps7_cortexa9_0/lib/xgpio_extra.o ps7_cortexa9_0/lib/xgpio_g.o ps7
TRACE::2025-04-27.14:45:12::SCWMssOS::_cortexa9_0/lib/xgpio_intr.o ps7_cortexa9_0/lib/xgpio_selftest.o ps7_cortexa9_0/lib/xgpio_sinit.o ps7_cortexa9_0/lib/xgpiops.o 
TRACE::2025-04-27.14:45:12::SCWMssOS::ps7_cortexa9_0/lib/xgpiops_g.o ps7_cortexa9_0/lib/xgpiops_hw.o ps7_cortexa9_0/lib/xgpiops_intr.o ps7_cortexa9_0/lib/xgpiops_sel
TRACE::2025-04-27.14:45:12::SCWMssOS::ftest.o ps7_cortexa9_0/lib/xgpiops_sinit.o ps7_cortexa9_0/lib/xil-crt0.o ps7_cortexa9_0/lib/xil_assert.o ps7_cortexa9_0/lib/xil
TRACE::2025-04-27.14:45:12::SCWMssOS::_cache.o ps7_cortexa9_0/lib/xil_clocking.o ps7_cortexa9_0/lib/xil_exception.o ps7_cortexa9_0/lib/xil_mem.o ps7_cortexa9_0/lib/x
TRACE::2025-04-27.14:45:12::SCWMssOS::il_misc_psreset_api.o ps7_cortexa9_0/lib/xil_mmu.o ps7_cortexa9_0/lib/xil_printf.o ps7_cortexa9_0/lib/xil_sleepcommon.o ps7_cor
TRACE::2025-04-27.14:45:12::SCWMssOS::texa9_0/lib/xil_sleeptimer.o ps7_cortexa9_0/lib/xil_spinlock.o ps7_cortexa9_0/lib/xil_testcache.o ps7_cortexa9_0/lib/xil_testio
TRACE::2025-04-27.14:45:12::SCWMssOS::.o ps7_cortexa9_0/lib/xil_testmem.o ps7_cortexa9_0/lib/xil_util.o ps7_cortexa9_0/lib/xinterrupt_wrap.o ps7_cortexa9_0/lib/xl2cc
TRACE::2025-04-27.14:45:12::SCWMssOS::_counter.o ps7_cortexa9_0/lib/xplatform_info.o ps7_cortexa9_0/lib/xpm_counter.o ps7_cortexa9_0/lib/xpm_init.o ps7_cortexa9_0/li
TRACE::2025-04-27.14:45:12::SCWMssOS::b/xqspips.o ps7_cortexa9_0/lib/xqspips_g.o ps7_cortexa9_0/lib/xqspips_hw.o ps7_cortexa9_0/lib/xqspips_options.o ps7_cortexa9_0/
TRACE::2025-04-27.14:45:12::SCWMssOS::lib/xqspips_selftest.o ps7_cortexa9_0/lib/xqspips_sinit.o ps7_cortexa9_0/lib/xscugic.o ps7_cortexa9_0/lib/xscugic_g.o ps7_corte
TRACE::2025-04-27.14:45:12::SCWMssOS::xa9_0/lib/xscugic_hw.o ps7_cortexa9_0/lib/xscugic_intr.o ps7_cortexa9_0/lib/xscugic_selftest.o ps7_cortexa9_0/lib/xscugic_sinit
TRACE::2025-04-27.14:45:12::SCWMssOS::.o ps7_cortexa9_0/lib/xscutimer.o ps7_cortexa9_0/lib/xscutimer_g.o ps7_cortexa9_0/lib/xscutimer_selftest.o ps7_cortexa9_0/lib/x
TRACE::2025-04-27.14:45:12::SCWMssOS::scutimer_sinit.o ps7_cortexa9_0/lib/xscuwdt.o ps7_cortexa9_0/lib/xscuwdt_g.o ps7_cortexa9_0/lib/xscuwdt_selftest.o ps7_cortexa9
TRACE::2025-04-27.14:45:12::SCWMssOS::_0/lib/xscuwdt_sinit.o ps7_cortexa9_0/lib/xsdps.o ps7_cortexa9_0/lib/xsdps_card.o ps7_cortexa9_0/lib/xsdps_g.o ps7_cortexa9_0/l
TRACE::2025-04-27.14:45:12::SCWMssOS::ib/xsdps_host.o ps7_cortexa9_0/lib/xsdps_options.o ps7_cortexa9_0/lib/xsdps_sinit.o ps7_cortexa9_0/lib/xtime_l.o ps7_cortexa9_0
TRACE::2025-04-27.14:45:12::SCWMssOS::/lib/xtmrctr.o ps7_cortexa9_0/lib/xtmrctr_g.o ps7_cortexa9_0/lib/xtmrctr_intr.o ps7_cortexa9_0/lib/xtmrctr_l.o ps7_cortexa9_0/l
TRACE::2025-04-27.14:45:12::SCWMssOS::ib/xtmrctr_options.o ps7_cortexa9_0/lib/xtmrctr_selftest.o ps7_cortexa9_0/lib/xtmrctr_sinit.o ps7_cortexa9_0/lib/xtmrctr_stats.
TRACE::2025-04-27.14:45:12::SCWMssOS::o ps7_cortexa9_0/lib/xuartps.o ps7_cortexa9_0/lib/xuartps_g.o ps7_cortexa9_0/lib/xuartps_hw.o ps7_cortexa9_0/lib/xuartps_intr.o
TRACE::2025-04-27.14:45:12::SCWMssOS:: ps7_cortexa9_0/lib/xuartps_options.o ps7_cortexa9_0/lib/xuartps_selftest.o ps7_cortexa9_0/lib/xuartps_sinit.o ps7_cortexa9_0/l
TRACE::2025-04-27.14:45:12::SCWMssOS::ib/xusbps.o ps7_cortexa9_0/lib/xusbps_endpoint.o ps7_cortexa9_0/lib/xusbps_g.o ps7_cortexa9_0/lib/xusbps_hw.o ps7_cortexa9_0/li
TRACE::2025-04-27.14:45:12::SCWMssOS::b/xusbps_intr.o ps7_cortexa9_0/lib/xusbps_sinit.o

TRACE::2025-04-27.14:45:12::SCWMssOS::'Finished building libraries'

TRACE::2025-04-27.14:45:13::SCWMssOS::Copying to export directory.
TRACE::2025-04-27.14:45:13::SCWMssOS:: Checking if to create the Supporting Applications
TRACE::2025-04-27.14:45:13::SCWMssOS:: No Linux domain exists, trying to generate FSBL 
LOG::2025-04-27.14:45:13::SCWSystem::Completed Processing the domain standalone_ps7_cortexa9_0
LOG::2025-04-27.14:45:13::SCWSystem::Completed Processing the sysconfig MotorcontrolSpeedsensor
LOG::2025-04-27.14:45:13::SCWPlatform::Completed generating the artifacts for system configuration MotorcontrolSpeedsensor
TRACE::2025-04-27.14:45:13::SCWPlatform::Started preparing the platform 
TRACE::2025-04-27.14:45:13::SCWSystem::Writing the bif file for system config MotorcontrolSpeedsensor
TRACE::2025-04-27.14:45:13::SCWSystem::dir created 
TRACE::2025-04-27.14:45:13::SCWSystem::Writing the bif 
TRACE::2025-04-27.14:45:13::SCWPlatform::Started writing the spfm file 
TRACE::2025-04-27.14:45:13::SCWPlatform::Started writing the xpfm file 
TRACE::2025-04-27.14:45:13::SCWPlatform::Completed generating the platform
TRACE::2025-04-27.14:45:13::SCWMssOS::Saving the mss changes C:/PXL/devWorks/devWorks2/CAR/MotorcontrolSpeedsensor/Vitis/MotorcontrolSpeedsensor/zynq_fsbl/zynq_fsbl_bsp/system.mss
TRACE::2025-04-27.14:45:13::SCWMssOS::Found a swdesign opened with the mssfile.
TRACE::2025-04-27.14:45:13::SCWMssOS::Completed writemss as part of save.
TRACE::2025-04-27.14:45:13::SCWMssOS::Commit changes completed.
TRACE::2025-04-27.14:45:13::SCWMssOS::Saving the mss changes C:/PXL/devWorks/devWorks2/CAR/MotorcontrolSpeedsensor/Vitis/MotorcontrolSpeedsensor/ps7_cortexa9_0/standalone_ps7_cortexa9_0/bsp/system.mss
TRACE::2025-04-27.14:45:13::SCWMssOS::Found a swdesign opened with the mssfile.
TRACE::2025-04-27.14:45:13::SCWMssOS::Completed writemss as part of save.
TRACE::2025-04-27.14:45:13::SCWMssOS::Commit changes completed.
TRACE::2025-04-27.14:45:13::SCWPlatform::Trying to open the hw design at C:/PXL/devWorks/devWorks2/CAR/MotorcontrolSpeedsensor/Vitis/MotorcontrolSpeedsensor/hw/MotorcontrolSpeedsensor.xsa
TRACE::2025-04-27.14:45:13::SCWPlatform::DSA given C:/PXL/devWorks/devWorks2/CAR/MotorcontrolSpeedsensor/Vitis/MotorcontrolSpeedsensor/hw/MotorcontrolSpeedsensor.xsa
TRACE::2025-04-27.14:45:13::SCWPlatform::DSA absoulate path C:/PXL/devWorks/devWorks2/CAR/MotorcontrolSpeedsensor/Vitis/MotorcontrolSpeedsensor/hw/MotorcontrolSpeedsensor.xsa
TRACE::2025-04-27.14:45:13::SCWPlatform::DSA directory C:/PXL/devWorks/devWorks2/CAR/MotorcontrolSpeedsensor/Vitis/MotorcontrolSpeedsensor/hw
TRACE::2025-04-27.14:45:13::SCWPlatform:: Platform Path C:/PXL/devWorks/devWorks2/CAR/MotorcontrolSpeedsensor/Vitis/MotorcontrolSpeedsensor/hw/MotorcontrolSpeedsensor.xsa
TRACE::2025-04-27.14:45:13::SCWPlatform:: Unique name xilinx:pynq-z2::0.0
TRACE::2025-04-27.14:45:13::SCWPlatform::Trying to set the existing hwdb with name design_1_wrapper_0
TRACE::2025-04-27.14:45:13::SCWPlatform::Opened existing hwdb design_1_wrapper_0
TRACE::2025-04-27.14:45:13::SCWPlatform::Found the Hw Db part of the input DSA
TRACE::2025-04-27.14:45:13::SCWMssOS::Checking the sw design at  C:/PXL/devWorks/devWorks2/CAR/MotorcontrolSpeedsensor/Vitis/MotorcontrolSpeedsensor/zynq_fsbl/zynq_fsbl_bsp/system.mss
TRACE::2025-04-27.14:45:13::SCWMssOS::DEBUG:  swdes dump  C:/PXL/devWorks/devWorks2/CAR/MotorcontrolSpeedsensor/Vitis/MotorcontrolSpeedsensor/ps7_cortexa9_0/standalone_ps7_cortexa9_0/bsp/system.mss|system_0||
C:/PXL/devWorks/devWorks2/CAR/MotorcontrolSpeedsensor/Vitis/MotorcontrolSpeedsensor/zynq_fsbl/zynq_fsbl_bsp/system.mss|system||

TRACE::2025-04-27.14:45:13::SCWMssOS::Sw design exists and opened at  C:/PXL/devWorks/devWorks2/CAR/MotorcontrolSpeedsensor/Vitis/MotorcontrolSpeedsensor/zynq_fsbl/zynq_fsbl_bsp/system.mss
TRACE::2025-04-27.14:45:13::SCWPlatform::Trying to open the hw design at C:/PXL/devWorks/devWorks2/CAR/MotorcontrolSpeedsensor/Vitis/MotorcontrolSpeedsensor/hw/MotorcontrolSpeedsensor.xsa
TRACE::2025-04-27.14:45:13::SCWPlatform::DSA given C:/PXL/devWorks/devWorks2/CAR/MotorcontrolSpeedsensor/Vitis/MotorcontrolSpeedsensor/hw/MotorcontrolSpeedsensor.xsa
TRACE::2025-04-27.14:45:13::SCWPlatform::DSA absoulate path C:/PXL/devWorks/devWorks2/CAR/MotorcontrolSpeedsensor/Vitis/MotorcontrolSpeedsensor/hw/MotorcontrolSpeedsensor.xsa
TRACE::2025-04-27.14:45:13::SCWPlatform::DSA directory C:/PXL/devWorks/devWorks2/CAR/MotorcontrolSpeedsensor/Vitis/MotorcontrolSpeedsensor/hw
TRACE::2025-04-27.14:45:13::SCWPlatform:: Platform Path C:/PXL/devWorks/devWorks2/CAR/MotorcontrolSpeedsensor/Vitis/MotorcontrolSpeedsensor/hw/MotorcontrolSpeedsensor.xsa
TRACE::2025-04-27.14:45:13::SCWPlatform:: Unique name xilinx:pynq-z2::0.0
TRACE::2025-04-27.14:45:13::SCWPlatform::Trying to set the existing hwdb with name design_1_wrapper_0
TRACE::2025-04-27.14:45:13::SCWPlatform::Opened existing hwdb design_1_wrapper_0
TRACE::2025-04-27.14:45:13::SCWPlatform::Found the Hw Db part of the input DSA
TRACE::2025-04-27.14:45:13::SCWMssOS::Checking the sw design at  C:/PXL/devWorks/devWorks2/CAR/MotorcontrolSpeedsensor/Vitis/MotorcontrolSpeedsensor/zynq_fsbl/zynq_fsbl_bsp/system.mss
TRACE::2025-04-27.14:45:13::SCWMssOS::DEBUG:  swdes dump  C:/PXL/devWorks/devWorks2/CAR/MotorcontrolSpeedsensor/Vitis/MotorcontrolSpeedsensor/ps7_cortexa9_0/standalone_ps7_cortexa9_0/bsp/system.mss|system_0||
C:/PXL/devWorks/devWorks2/CAR/MotorcontrolSpeedsensor/Vitis/MotorcontrolSpeedsensor/zynq_fsbl/zynq_fsbl_bsp/system.mss|system||

TRACE::2025-04-27.14:45:13::SCWMssOS::Sw design exists and opened at  C:/PXL/devWorks/devWorks2/CAR/MotorcontrolSpeedsensor/Vitis/MotorcontrolSpeedsensor/zynq_fsbl/zynq_fsbl_bsp/system.mss
TRACE::2025-04-27.14:45:13::SCWPlatform::Trying to open the hw design at C:/PXL/devWorks/devWorks2/CAR/MotorcontrolSpeedsensor/Vitis/MotorcontrolSpeedsensor/hw/MotorcontrolSpeedsensor.xsa
TRACE::2025-04-27.14:45:13::SCWPlatform::DSA given C:/PXL/devWorks/devWorks2/CAR/MotorcontrolSpeedsensor/Vitis/MotorcontrolSpeedsensor/hw/MotorcontrolSpeedsensor.xsa
TRACE::2025-04-27.14:45:13::SCWPlatform::DSA absoulate path C:/PXL/devWorks/devWorks2/CAR/MotorcontrolSpeedsensor/Vitis/MotorcontrolSpeedsensor/hw/MotorcontrolSpeedsensor.xsa
TRACE::2025-04-27.14:45:13::SCWPlatform::DSA directory C:/PXL/devWorks/devWorks2/CAR/MotorcontrolSpeedsensor/Vitis/MotorcontrolSpeedsensor/hw
TRACE::2025-04-27.14:45:13::SCWPlatform:: Platform Path C:/PXL/devWorks/devWorks2/CAR/MotorcontrolSpeedsensor/Vitis/MotorcontrolSpeedsensor/hw/MotorcontrolSpeedsensor.xsa
TRACE::2025-04-27.14:45:13::SCWPlatform:: Unique name xilinx:pynq-z2::0.0
TRACE::2025-04-27.14:45:13::SCWPlatform::Trying to set the existing hwdb with name design_1_wrapper_0
TRACE::2025-04-27.14:45:13::SCWPlatform::Opened existing hwdb design_1_wrapper_0
TRACE::2025-04-27.14:45:13::SCWPlatform::Found the Hw Db part of the input DSA
TRACE::2025-04-27.14:45:13::SCWMssOS::Checking the sw design at  C:/PXL/devWorks/devWorks2/CAR/MotorcontrolSpeedsensor/Vitis/MotorcontrolSpeedsensor/zynq_fsbl/zynq_fsbl_bsp/system.mss
TRACE::2025-04-27.14:45:13::SCWMssOS::DEBUG:  swdes dump  C:/PXL/devWorks/devWorks2/CAR/MotorcontrolSpeedsensor/Vitis/MotorcontrolSpeedsensor/ps7_cortexa9_0/standalone_ps7_cortexa9_0/bsp/system.mss|system_0||
C:/PXL/devWorks/devWorks2/CAR/MotorcontrolSpeedsensor/Vitis/MotorcontrolSpeedsensor/zynq_fsbl/zynq_fsbl_bsp/system.mss|system||

TRACE::2025-04-27.14:45:13::SCWMssOS::Sw design exists and opened at  C:/PXL/devWorks/devWorks2/CAR/MotorcontrolSpeedsensor/Vitis/MotorcontrolSpeedsensor/zynq_fsbl/zynq_fsbl_bsp/system.mss
TRACE::2025-04-27.14:45:13::SCWPlatform::Trying to open the hw design at C:/PXL/devWorks/devWorks2/CAR/MotorcontrolSpeedsensor/Vitis/MotorcontrolSpeedsensor/hw/MotorcontrolSpeedsensor.xsa
TRACE::2025-04-27.14:45:13::SCWPlatform::DSA given C:/PXL/devWorks/devWorks2/CAR/MotorcontrolSpeedsensor/Vitis/MotorcontrolSpeedsensor/hw/MotorcontrolSpeedsensor.xsa
TRACE::2025-04-27.14:45:13::SCWPlatform::DSA absoulate path C:/PXL/devWorks/devWorks2/CAR/MotorcontrolSpeedsensor/Vitis/MotorcontrolSpeedsensor/hw/MotorcontrolSpeedsensor.xsa
TRACE::2025-04-27.14:45:13::SCWPlatform::DSA directory C:/PXL/devWorks/devWorks2/CAR/MotorcontrolSpeedsensor/Vitis/MotorcontrolSpeedsensor/hw
TRACE::2025-04-27.14:45:13::SCWPlatform:: Platform Path C:/PXL/devWorks/devWorks2/CAR/MotorcontrolSpeedsensor/Vitis/MotorcontrolSpeedsensor/hw/MotorcontrolSpeedsensor.xsa
TRACE::2025-04-27.14:45:13::SCWPlatform:: Unique name xilinx:pynq-z2::0.0
TRACE::2025-04-27.14:45:13::SCWPlatform::Trying to set the existing hwdb with name design_1_wrapper_0
TRACE::2025-04-27.14:45:13::SCWPlatform::Opened existing hwdb design_1_wrapper_0
TRACE::2025-04-27.14:45:13::SCWPlatform::Found the Hw Db part of the input DSA
TRACE::2025-04-27.14:45:13::SCWMssOS::Checking the sw design at  C:/PXL/devWorks/devWorks2/CAR/MotorcontrolSpeedsensor/Vitis/MotorcontrolSpeedsensor/ps7_cortexa9_0/standalone_ps7_cortexa9_0/bsp/system.mss
TRACE::2025-04-27.14:45:13::SCWMssOS::DEBUG:  swdes dump  C:/PXL/devWorks/devWorks2/CAR/MotorcontrolSpeedsensor/Vitis/MotorcontrolSpeedsensor/ps7_cortexa9_0/standalone_ps7_cortexa9_0/bsp/system.mss|system_0||
C:/PXL/devWorks/devWorks2/CAR/MotorcontrolSpeedsensor/Vitis/MotorcontrolSpeedsensor/zynq_fsbl/zynq_fsbl_bsp/system.mss|system||

TRACE::2025-04-27.14:45:13::SCWMssOS::Sw design exists and opened at  C:/PXL/devWorks/devWorks2/CAR/MotorcontrolSpeedsensor/Vitis/MotorcontrolSpeedsensor/ps7_cortexa9_0/standalone_ps7_cortexa9_0/bsp/system.mss
TRACE::2025-04-27.14:45:13::SCWPlatform::Trying to open the hw design at C:/PXL/devWorks/devWorks2/CAR/MotorcontrolSpeedsensor/Vitis/MotorcontrolSpeedsensor/hw/MotorcontrolSpeedsensor.xsa
TRACE::2025-04-27.14:45:13::SCWPlatform::DSA given C:/PXL/devWorks/devWorks2/CAR/MotorcontrolSpeedsensor/Vitis/MotorcontrolSpeedsensor/hw/MotorcontrolSpeedsensor.xsa
TRACE::2025-04-27.14:45:13::SCWPlatform::DSA absoulate path C:/PXL/devWorks/devWorks2/CAR/MotorcontrolSpeedsensor/Vitis/MotorcontrolSpeedsensor/hw/MotorcontrolSpeedsensor.xsa
TRACE::2025-04-27.14:45:13::SCWPlatform::DSA directory C:/PXL/devWorks/devWorks2/CAR/MotorcontrolSpeedsensor/Vitis/MotorcontrolSpeedsensor/hw
TRACE::2025-04-27.14:45:13::SCWPlatform:: Platform Path C:/PXL/devWorks/devWorks2/CAR/MotorcontrolSpeedsensor/Vitis/MotorcontrolSpeedsensor/hw/MotorcontrolSpeedsensor.xsa
TRACE::2025-04-27.14:45:13::SCWPlatform:: Unique name xilinx:pynq-z2::0.0
TRACE::2025-04-27.14:45:13::SCWPlatform::Trying to set the existing hwdb with name design_1_wrapper_0
TRACE::2025-04-27.14:45:13::SCWPlatform::Opened existing hwdb design_1_wrapper_0
TRACE::2025-04-27.14:45:13::SCWPlatform::Found the Hw Db part of the input DSA
TRACE::2025-04-27.14:45:13::SCWMssOS::Checking the sw design at  C:/PXL/devWorks/devWorks2/CAR/MotorcontrolSpeedsensor/Vitis/MotorcontrolSpeedsensor/ps7_cortexa9_0/standalone_ps7_cortexa9_0/bsp/system.mss
TRACE::2025-04-27.14:45:13::SCWMssOS::DEBUG:  swdes dump  C:/PXL/devWorks/devWorks2/CAR/MotorcontrolSpeedsensor/Vitis/MotorcontrolSpeedsensor/ps7_cortexa9_0/standalone_ps7_cortexa9_0/bsp/system.mss|system_0||
C:/PXL/devWorks/devWorks2/CAR/MotorcontrolSpeedsensor/Vitis/MotorcontrolSpeedsensor/zynq_fsbl/zynq_fsbl_bsp/system.mss|system||

TRACE::2025-04-27.14:45:13::SCWMssOS::Sw design exists and opened at  C:/PXL/devWorks/devWorks2/CAR/MotorcontrolSpeedsensor/Vitis/MotorcontrolSpeedsensor/ps7_cortexa9_0/standalone_ps7_cortexa9_0/bsp/system.mss
TRACE::2025-04-27.14:45:13::SCWPlatform::Trying to open the hw design at C:/PXL/devWorks/devWorks2/CAR/MotorcontrolSpeedsensor/Vitis/MotorcontrolSpeedsensor/hw/MotorcontrolSpeedsensor.xsa
TRACE::2025-04-27.14:45:13::SCWPlatform::DSA given C:/PXL/devWorks/devWorks2/CAR/MotorcontrolSpeedsensor/Vitis/MotorcontrolSpeedsensor/hw/MotorcontrolSpeedsensor.xsa
TRACE::2025-04-27.14:45:13::SCWPlatform::DSA absoulate path C:/PXL/devWorks/devWorks2/CAR/MotorcontrolSpeedsensor/Vitis/MotorcontrolSpeedsensor/hw/MotorcontrolSpeedsensor.xsa
TRACE::2025-04-27.14:45:13::SCWPlatform::DSA directory C:/PXL/devWorks/devWorks2/CAR/MotorcontrolSpeedsensor/Vitis/MotorcontrolSpeedsensor/hw
TRACE::2025-04-27.14:45:13::SCWPlatform:: Platform Path C:/PXL/devWorks/devWorks2/CAR/MotorcontrolSpeedsensor/Vitis/MotorcontrolSpeedsensor/hw/MotorcontrolSpeedsensor.xsa
TRACE::2025-04-27.14:45:13::SCWPlatform:: Unique name xilinx:pynq-z2::0.0
TRACE::2025-04-27.14:45:13::SCWPlatform::Trying to set the existing hwdb with name design_1_wrapper_0
TRACE::2025-04-27.14:45:13::SCWPlatform::Opened existing hwdb design_1_wrapper_0
TRACE::2025-04-27.14:45:13::SCWPlatform::Found the Hw Db part of the input DSA
TRACE::2025-04-27.14:45:13::SCWMssOS::Checking the sw design at  C:/PXL/devWorks/devWorks2/CAR/MotorcontrolSpeedsensor/Vitis/MotorcontrolSpeedsensor/ps7_cortexa9_0/standalone_ps7_cortexa9_0/bsp/system.mss
TRACE::2025-04-27.14:45:13::SCWMssOS::DEBUG:  swdes dump  C:/PXL/devWorks/devWorks2/CAR/MotorcontrolSpeedsensor/Vitis/MotorcontrolSpeedsensor/ps7_cortexa9_0/standalone_ps7_cortexa9_0/bsp/system.mss|system_0||
C:/PXL/devWorks/devWorks2/CAR/MotorcontrolSpeedsensor/Vitis/MotorcontrolSpeedsensor/zynq_fsbl/zynq_fsbl_bsp/system.mss|system||

TRACE::2025-04-27.14:45:13::SCWMssOS::Sw design exists and opened at  C:/PXL/devWorks/devWorks2/CAR/MotorcontrolSpeedsensor/Vitis/MotorcontrolSpeedsensor/ps7_cortexa9_0/standalone_ps7_cortexa9_0/bsp/system.mss
TRACE::2025-04-27.14:45:13::SCWWriter::formatted JSON is {
	"platformName":	"MotorcontrolSpeedsensor",
	"sprVersion":	"2.0",
	"mode":	"gui",
	"dsaType":	"Fixed",
	"platformDesc":	"MotorcontrolSpeedsensor",
	"platHandOff":	"C:/PXL/devWorks/devWorks2/CAR/MotorcontrolSpeedsensor/MotorcontrolSpeedsensor.xsa",
	"platIntHandOff":	"<platformDir>/hw/MotorcontrolSpeedsensor.xsa",
	"deviceType":	"zynq",
	"platIsPrebuiltAutogen":	"false",
	"platIsNoBootBsp":	"false",
	"platFsblTarget":	"ps7_cortexa9_0",
	"hasFsblMakeHasChanges":	"false",
	"hasPmufwMakeHasChanges":	"false",
	"fsblExtraCompilerFlags":	"-MMD -MP       -mcpu=cortex-a9 -mfpu=vfpv3 -mfloat-abi=hard ",
	"platPreBuiltFlag":	false,
	"platformSamplesDir":	"",
	"platActiveSys":	"MotorcontrolSpeedsensor",
	"systems":	[{
			"systemName":	"MotorcontrolSpeedsensor",
			"systemDesc":	"MotorcontrolSpeedsensor",
			"sysIsBootAutoGen":	"true",
			"systemDispName":	"MotorcontrolSpeedsensor",
			"sysActiveDom":	"standalone_ps7_cortexa9_0",
			"sysDefaultDom":	"standalone_ps7_cortexa9_0",
			"domains":	[{
					"domainName":	"zynq_fsbl",
					"domainDispName":	"zynq_fsbl",
					"domainDesc":	"FSBL Application BSP - Auto Generated.",
					"processors":	"ps7_cortexa9_0",
					"os":	"standalone",
					"sdxOs":	"standalone",
					"debugEnable":	"",
					"domRuntimes":	["cpp"],
					"swRepo":	"",
					"mssOsVer":	"9.1",
					"mssFile":	"",
					"md5Digest":	"dc8c56426ec9221d3af29f72af58266e",
					"compatibleApp":	"zynq_fsbl",
					"domType":	"bootDomain",
					"arch":	"32-bit",
					"appSettings":	{
						"appCompilerFlags":	"",
						"appLinkerFlags":	""
					},
					"addedLibs":	["xilffs:5.2", "xilrsa:1.8"],
					"libOptions":	{
						"libsContainingOptions":	[]
					},
					"prebuiltLibs":	{
						"prebuiltIncPath":	[],
						"prebuiltLibPath":	[]
					},
					"isolation":	{
					}
				}, {
					"domainName":	"standalone_ps7_cortexa9_0",
					"domainDispName":	"standalone_ps7_cortexa9_0",
					"domainDesc":	"standalone_ps7_cortexa9_0",
					"processors":	"ps7_cortexa9_0",
					"os":	"standalone",
					"sdxOs":	"standalone",
					"qemuArgs":	"<platformDir>/resources/MotorcontrolSpeedsensor/standalone_ps7_cortexa9_0/qemu_args.txt",
					"qemuData":	"<platformDir>/resources/MotorcontrolSpeedsensor/standalone_ps7_cortexa9_0/qemu",
					"debugEnable":	"False",
					"domRuntimes":	["cpp"],
					"swRepo":	"",
					"mssOsVer":	"9.1",
					"mssFile":	"",
					"md5Digest":	"b57b2fd5cf4afcba76e12b19c60e852f",
					"compatibleApp":	"hello_world",
					"domType":	"mssDomain",
					"arch":	"32-bit",
					"appSettings":	{
						"appCompilerFlags":	"",
						"appLinkerFlags":	""
					},
					"addedLibs":	[],
					"libOptions":	{
						"libsContainingOptions":	[]
					},
					"prebuiltLibs":	{
						"prebuiltIncPath":	[],
						"prebuiltLibPath":	[]
					},
					"isolation":	{
					}
				}]
		}]
}
KEYINFO::2025-04-27.14:45:13::SCWPlatform::updated the xpfm file.
TRACE::2025-04-27.14:45:13::SCWPlatform::Trying to open the hw design at C:/PXL/devWorks/devWorks2/CAR/MotorcontrolSpeedsensor/Vitis/MotorcontrolSpeedsensor/hw/MotorcontrolSpeedsensor.xsa
TRACE::2025-04-27.14:45:13::SCWPlatform::DSA given C:/PXL/devWorks/devWorks2/CAR/MotorcontrolSpeedsensor/Vitis/MotorcontrolSpeedsensor/hw/MotorcontrolSpeedsensor.xsa
TRACE::2025-04-27.14:45:13::SCWPlatform::DSA absoulate path C:/PXL/devWorks/devWorks2/CAR/MotorcontrolSpeedsensor/Vitis/MotorcontrolSpeedsensor/hw/MotorcontrolSpeedsensor.xsa
TRACE::2025-04-27.14:45:13::SCWPlatform::DSA directory C:/PXL/devWorks/devWorks2/CAR/MotorcontrolSpeedsensor/Vitis/MotorcontrolSpeedsensor/hw
TRACE::2025-04-27.14:45:13::SCWPlatform:: Platform Path C:/PXL/devWorks/devWorks2/CAR/MotorcontrolSpeedsensor/Vitis/MotorcontrolSpeedsensor/hw/MotorcontrolSpeedsensor.xsa
TRACE::2025-04-27.14:45:13::SCWPlatform:: Unique name xilinx:pynq-z2::0.0
TRACE::2025-04-27.14:45:13::SCWPlatform::Trying to set the existing hwdb with name design_1_wrapper_0
TRACE::2025-04-27.14:45:13::SCWPlatform::Opened existing hwdb design_1_wrapper_0
TRACE::2025-04-27.14:45:13::SCWPlatform::Found the Hw Db part of the input DSA
TRACE::2025-04-27.14:45:13::SCWMssOS::Checking the sw design at  C:/PXL/devWorks/devWorks2/CAR/MotorcontrolSpeedsensor/Vitis/MotorcontrolSpeedsensor/ps7_cortexa9_0/standalone_ps7_cortexa9_0/bsp/system.mss
TRACE::2025-04-27.14:45:13::SCWMssOS::DEBUG:  swdes dump  C:/PXL/devWorks/devWorks2/CAR/MotorcontrolSpeedsensor/Vitis/MotorcontrolSpeedsensor/ps7_cortexa9_0/standalone_ps7_cortexa9_0/bsp/system.mss|system_0||
C:/PXL/devWorks/devWorks2/CAR/MotorcontrolSpeedsensor/Vitis/MotorcontrolSpeedsensor/zynq_fsbl/zynq_fsbl_bsp/system.mss|system||

TRACE::2025-04-27.14:45:13::SCWMssOS::Sw design exists and opened at  C:/PXL/devWorks/devWorks2/CAR/MotorcontrolSpeedsensor/Vitis/MotorcontrolSpeedsensor/ps7_cortexa9_0/standalone_ps7_cortexa9_0/bsp/system.mss
