Copyright 1986-2022 Xilinx, Inc. All Rights Reserved. Copyright 2022-2024 Advanced Micro Devices, Inc. All Rights Reserved.
---------------------------------------------------------------------------------------------------------------------------------------------------------------------------------------------------------------------------------------------
| Tool Version : Vivado v.2024.1.2 (win64) Build 5164865 Thu Sep  5 14:37:11 MDT 2024
| Date         : Sun Apr 27 14:33:53 2025
| Host         : Bowen-Laptop running 64-bit major release  (build 9200)
| Command      : report_timing_summary -max_paths 10 -report_unconstrained -file design_1_wrapper_timing_summary_routed.rpt -pb design_1_wrapper_timing_summary_routed.pb -rpx design_1_wrapper_timing_summary_routed.rpx -warn_on_violation
| Design       : design_1_wrapper
| Device       : 7z020-clg400
| Speed File   : -1  PRODUCTION 1.12 2019-11-22
| Design State : Routed
---------------------------------------------------------------------------------------------------------------------------------------------------------------------------------------------------------------------------------------------

Timing Summary Report

------------------------------------------------------------------------------------------------
| Timer Settings
| --------------
------------------------------------------------------------------------------------------------

  Enable Multi Corner Analysis               :  Yes
  Enable Pessimism Removal                   :  Yes
  Pessimism Removal Resolution               :  Nearest Common Node
  Enable Input Delay Default Clock           :  No
  Enable Preset / Clear Arcs                 :  No
  Disable Flight Delays                      :  No
  Ignore I/O Paths                           :  No
  Timing Early Launch at Borrowing Latches   :  No
  Borrow Time for Max Delay Exceptions       :  Yes
  Merge Timing Exceptions                    :  Yes
  Inter-SLR Compensation                     :  Conservative

  Corner  Analyze    Analyze    
  Name    Max Paths  Min Paths  
  ------  ---------  ---------  
  Slow    Yes        Yes        
  Fast    Yes        Yes        


------------------------------------------------------------------------------------------------
| Report Methodology
| ------------------
------------------------------------------------------------------------------------------------

Rule       Severity          Description                                                Violations  
---------  ----------------  ---------------------------------------------------------  ----------  
TIMING-6   Critical Warning  No common primary clock between related clocks             2           
TIMING-7   Critical Warning  No common node between related clocks                      2           
TIMING-51  Critical Warning  No common phase between related clocks from parallel CMBs  2           
TIMING-18  Warning           Missing input or output delay                              6           

Note: This report is based on the most recent report_methodology run and may not be up-to-date. Run report_methodology on the current design for the latest report.



check_timing report

Table of Contents
-----------------
1. checking no_clock (0)
2. checking constant_clock (0)
3. checking pulse_width_clock (0)
4. checking unconstrained_internal_endpoints (0)
5. checking no_input_delay (2)
6. checking no_output_delay (6)
7. checking multiple_clock (0)
8. checking generated_clocks (0)
9. checking loops (0)
10. checking partial_input_delay (0)
11. checking partial_output_delay (0)
12. checking latch_loops (0)

1. checking no_clock (0)
------------------------
 There are 0 register/latch pins with no clock.


2. checking constant_clock (0)
------------------------------
 There are 0 register/latch pins with constant_clock.


3. checking pulse_width_clock (0)
---------------------------------
 There are 0 register/latch pins which need pulse_width check


4. checking unconstrained_internal_endpoints (0)
------------------------------------------------
 There are 0 pins that are not constrained for maximum delay.

 There are 0 pins that are not constrained for maximum delay due to constant clock.


5. checking no_input_delay (2)
------------------------------
 There are 2 input ports with no input delay specified. (HIGH)

 There are 0 input ports with no input delay but user has a false path constraint.


6. checking no_output_delay (6)
-------------------------------
 There are 6 ports with no output delay specified. (HIGH)

 There are 0 ports with no output delay but user has a false path constraint

 There are 0 ports with no output delay but with a timing clock defined on it or propagating through it


7. checking multiple_clock (0)
------------------------------
 There are 0 register/latch pins with multiple clocks.


8. checking generated_clocks (0)
--------------------------------
 There are 0 generated clocks that are not connected to a clock source.


9. checking loops (0)
---------------------
 There are 0 combinational loops in the design.


10. checking partial_input_delay (0)
------------------------------------
 There are 0 input ports with partial input delay specified.


11. checking partial_output_delay (0)
-------------------------------------
 There are 0 ports with partial output delay specified.


12. checking latch_loops (0)
----------------------------
 There are 0 combinational latch loops in the design through latch input



------------------------------------------------------------------------------------------------
| Design Timing Summary
| ---------------------
------------------------------------------------------------------------------------------------

    WNS(ns)      TNS(ns)  TNS Failing Endpoints  TNS Total Endpoints      WHS(ns)      THS(ns)  THS Failing Endpoints  THS Total Endpoints     WPWS(ns)     TPWS(ns)  TPWS Failing Endpoints  TPWS Total Endpoints  
    -------      -------  ---------------------  -------------------      -------      -------  ---------------------  -------------------     --------     --------  ----------------------  --------------------  
      0.549        0.000                      0                 3706        0.035        0.000                      0                 3706        3.000        0.000                       0                  1680  


All user specified timing constraints are met.


------------------------------------------------------------------------------------------------
| Clock Summary
| -------------
------------------------------------------------------------------------------------------------

Clock                            Waveform(ns)         Period(ns)      Frequency(MHz)
-----                            ------------         ----------      --------------
clk_fpga_0                       {0.000 5.000}        10.000          100.000         
clk_in1_0                        {0.000 5.000}        10.000          100.000         
  clk_out1_design_1_clk_wiz_0_0  {0.000 100.000}      200.000         5.000           
  clk_out2_design_1_clk_wiz_0_0  {0.000 100.000}      200.000         5.000           
  clkfbout_design_1_clk_wiz_0_0  {0.000 25.000}       50.000          20.000          


------------------------------------------------------------------------------------------------
| Intra Clock Table
| -----------------
------------------------------------------------------------------------------------------------

Clock                                WNS(ns)      TNS(ns)  TNS Failing Endpoints  TNS Total Endpoints      WHS(ns)      THS(ns)  THS Failing Endpoints  THS Total Endpoints     WPWS(ns)     TPWS(ns)  TPWS Failing Endpoints  TPWS Total Endpoints  
-----                                -------      -------  ---------------------  -------------------      -------      -------  ---------------------  -------------------     --------     --------  ----------------------  --------------------  
clk_fpga_0                             0.549        0.000                      0                 3384        0.040        0.000                      0                 3384        4.020        0.000                       0                  1540  
clk_in1_0                                                                                                                                                                          3.000        0.000                       0                     1  
  clk_out1_design_1_clk_wiz_0_0      194.970        0.000                      0                  161        0.035        0.000                      0                  161       13.360        0.000                       0                    68  
  clk_out2_design_1_clk_wiz_0_0      195.392        0.000                      0                  161        0.117        0.000                      0                  161       13.360        0.000                       0                    68  
  clkfbout_design_1_clk_wiz_0_0                                                                                                                                                   47.845        0.000                       0                     3  


------------------------------------------------------------------------------------------------
| Inter Clock Table
| -----------------
------------------------------------------------------------------------------------------------

From Clock                     To Clock                           WNS(ns)      TNS(ns)  TNS Failing Endpoints  TNS Total Endpoints      WHS(ns)      THS(ns)  THS Failing Endpoints  THS Total Endpoints  
----------                     --------                           -------      -------  ---------------------  -------------------      -------      -------  ---------------------  -------------------  
clk_out1_design_1_clk_wiz_0_0  clk_fpga_0                           3.948        0.000                      0                   64        0.163        0.000                      0                   64  
clk_out2_design_1_clk_wiz_0_0  clk_fpga_0                           4.185        0.000                      0                   64        0.177        0.000                      0                   64  


------------------------------------------------------------------------------------------------
| Other Path Groups Table
| -----------------------
------------------------------------------------------------------------------------------------

Path Group    From Clock    To Clock          WNS(ns)      TNS(ns)  TNS Failing Endpoints  TNS Total Endpoints      WHS(ns)      THS(ns)  THS Failing Endpoints  THS Total Endpoints  
----------    ----------    --------          -------      -------  ---------------------  -------------------      -------      -------  ---------------------  -------------------  


------------------------------------------------------------------------------------------------
| User Ignored Path Table
| -----------------------
------------------------------------------------------------------------------------------------

Path Group    From Clock    To Clock    
----------    ----------    --------    
(none)                      clk_fpga_0    


------------------------------------------------------------------------------------------------
| Unconstrained Path Table
| ------------------------
------------------------------------------------------------------------------------------------

Path Group                     From Clock                     To Clock                     
----------                     ----------                     --------                     
(none)                         clk_fpga_0                                                    
(none)                         clkfbout_design_1_clk_wiz_0_0                                 
(none)                                                        clk_out1_design_1_clk_wiz_0_0  
(none)                                                        clk_out2_design_1_clk_wiz_0_0  


------------------------------------------------------------------------------------------------
| Timing Details
| --------------
------------------------------------------------------------------------------------------------


---------------------------------------------------------------------------------------------------
From Clock:  clk_fpga_0
  To Clock:  clk_fpga_0

Setup :            0  Failing Endpoints,  Worst Slack        0.549ns,  Total Violation        0.000ns
Hold  :            0  Failing Endpoints,  Worst Slack        0.040ns,  Total Violation        0.000ns
PW    :            0  Failing Endpoints,  Worst Slack        4.020ns,  Total Violation        0.000ns
---------------------------------------------------------------------------------------------------


Max Delay Paths
--------------------------------------------------------------------------------------
Slack (MET) :             0.549ns  (required time - arrival time)
  Source:                 design_1_i/ps7_0_axi_periph/xbar/inst/gen_sasd.crossbar_sasd_0/m_atarget_enc_reg[2]/C
                            (rising edge-triggered cell FDRE clocked by clk_fpga_0  {rise@0.000ns fall@5.000ns period=10.000ns})
  Destination:            design_1_i/ps7_0_axi_periph/xbar/inst/gen_sasd.crossbar_sasd_0/reg_slice_r/skid_buffer_reg[17]/D
                            (rising edge-triggered cell FDRE clocked by clk_fpga_0  {rise@0.000ns fall@5.000ns period=10.000ns})
  Path Group:             clk_fpga_0
  Path Type:              Setup (Max at Slow Process Corner)
  Requirement:            10.000ns  (clk_fpga_0 rise@10.000ns - clk_fpga_0 rise@0.000ns)
  Data Path Delay:        8.793ns  (logic 0.840ns (9.553%)  route 7.953ns (90.447%))
  Logic Levels:           2  (LUT5=1 LUT6=1)
  Clock Path Skew:        -0.399ns (DCD - SCD + CPR)
    Destination Clock Delay (DCD):    2.658ns = ( 12.658 - 10.000 ) 
    Source Clock Delay      (SCD):    3.186ns
    Clock Pessimism Removal (CPR):    0.129ns
  Clock Uncertainty:      0.154ns  ((TSJ^2 + TIJ^2)^1/2 + DJ) / 2 + PE
    Total System Jitter     (TSJ):    0.071ns
    Total Input Jitter      (TIJ):    0.300ns
    Discrete Jitter          (DJ):    0.000ns
    Phase Error              (PE):    0.000ns

    Location             Delay type                Incr(ns)  Path(ns)    Netlist Resource(s)
  -------------------------------------------------------------------    -------------------
                         (clock clk_fpga_0 rise edge)
                                                      0.000     0.000 r  
    PS7_X0Y0             PS7                          0.000     0.000 r  design_1_i/processing_system7_0/inst/PS7_i/FCLKCLK[0]
                         net (fo=1, routed)           1.193     1.193    design_1_i/processing_system7_0/inst/FCLK_CLK_unbuffered[0]
    BUFGCTRL_X0Y16       BUFG (Prop_bufg_I_O)         0.101     1.294 r  design_1_i/processing_system7_0/inst/buffer_fclk_clk_0.FCLK_CLK_0_BUFG/O
                         net (fo=1540, routed)        1.892     3.186    design_1_i/ps7_0_axi_periph/xbar/inst/gen_sasd.crossbar_sasd_0/aclk
    SLICE_X31Y102        FDRE                                         r  design_1_i/ps7_0_axi_periph/xbar/inst/gen_sasd.crossbar_sasd_0/m_atarget_enc_reg[2]/C
  -------------------------------------------------------------------    -------------------
    SLICE_X31Y102        FDRE (Prop_fdre_C_Q)         0.419     3.605 r  design_1_i/ps7_0_axi_periph/xbar/inst/gen_sasd.crossbar_sasd_0/m_atarget_enc_reg[2]/Q
                         net (fo=119, routed)         2.799     6.404    design_1_i/ps7_0_axi_periph/xbar/inst/gen_sasd.crossbar_sasd_0/reg_slice_r/skid_buffer_reg[3]_0[2]
    SLICE_X43Y98         LUT6 (Prop_lut6_I4_O)        0.297     6.701 f  design_1_i/ps7_0_axi_periph/xbar/inst/gen_sasd.crossbar_sasd_0/reg_slice_r/m_payload_i[17]_i_4/O
                         net (fo=1, routed)           0.617     7.318    design_1_i/ps7_0_axi_periph/xbar/inst/gen_sasd.crossbar_sasd_0/reg_slice_r/m_payload_i[17]_i_4_n_0
    SLICE_X42Y97         LUT5 (Prop_lut5_I4_O)        0.124     7.442 r  design_1_i/ps7_0_axi_periph/xbar/inst/gen_sasd.crossbar_sasd_0/reg_slice_r/m_payload_i[17]_i_1/O
                         net (fo=2, routed)           4.536    11.979    design_1_i/ps7_0_axi_periph/xbar/inst/gen_sasd.crossbar_sasd_0/reg_slice_r/skid_buffer[17]
    SLICE_X45Y97         FDRE                                         r  design_1_i/ps7_0_axi_periph/xbar/inst/gen_sasd.crossbar_sasd_0/reg_slice_r/skid_buffer_reg[17]/D
  -------------------------------------------------------------------    -------------------

                         (clock clk_fpga_0 rise edge)
                                                     10.000    10.000 r  
    PS7_X0Y0             PS7                          0.000    10.000 r  design_1_i/processing_system7_0/inst/PS7_i/FCLKCLK[0]
                         net (fo=1, routed)           1.088    11.088    design_1_i/processing_system7_0/inst/FCLK_CLK_unbuffered[0]
    BUFGCTRL_X0Y16       BUFG (Prop_bufg_I_O)         0.091    11.179 r  design_1_i/processing_system7_0/inst/buffer_fclk_clk_0.FCLK_CLK_0_BUFG/O
                         net (fo=1540, routed)        1.479    12.658    design_1_i/ps7_0_axi_periph/xbar/inst/gen_sasd.crossbar_sasd_0/reg_slice_r/aclk
    SLICE_X45Y97         FDRE                                         r  design_1_i/ps7_0_axi_periph/xbar/inst/gen_sasd.crossbar_sasd_0/reg_slice_r/skid_buffer_reg[17]/C
                         clock pessimism              0.129    12.787    
                         clock uncertainty           -0.154    12.633    
    SLICE_X45Y97         FDRE (Setup_fdre_C_D)       -0.105    12.528    design_1_i/ps7_0_axi_periph/xbar/inst/gen_sasd.crossbar_sasd_0/reg_slice_r/skid_buffer_reg[17]
  -------------------------------------------------------------------
                         required time                         12.528    
                         arrival time                         -11.979    
  -------------------------------------------------------------------
                         slack                                  0.549    

Slack (MET) :             0.559ns  (required time - arrival time)
  Source:                 design_1_i/ps7_0_axi_periph/xbar/inst/gen_sasd.crossbar_sasd_0/m_atarget_enc_reg[1]/C
                            (rising edge-triggered cell FDRE clocked by clk_fpga_0  {rise@0.000ns fall@5.000ns period=10.000ns})
  Destination:            design_1_i/ps7_0_axi_periph/xbar/inst/gen_sasd.crossbar_sasd_0/reg_slice_r/m_payload_i_reg[33]/D
                            (rising edge-triggered cell FDRE clocked by clk_fpga_0  {rise@0.000ns fall@5.000ns period=10.000ns})
  Path Group:             clk_fpga_0
  Path Type:              Setup (Max at Slow Process Corner)
  Requirement:            10.000ns  (clk_fpga_0 rise@10.000ns - clk_fpga_0 rise@0.000ns)
  Data Path Delay:        9.196ns  (logic 0.704ns (7.655%)  route 8.492ns (92.345%))
  Logic Levels:           2  (LUT5=1 LUT6=1)
  Clock Path Skew:        -0.033ns (DCD - SCD + CPR)
    Destination Clock Delay (DCD):    2.832ns = ( 12.832 - 10.000 ) 
    Source Clock Delay      (SCD):    2.994ns
    Clock Pessimism Removal (CPR):    0.129ns
  Clock Uncertainty:      0.154ns  ((TSJ^2 + TIJ^2)^1/2 + DJ) / 2 + PE
    Total System Jitter     (TSJ):    0.071ns
    Total Input Jitter      (TIJ):    0.300ns
    Discrete Jitter          (DJ):    0.000ns
    Phase Error              (PE):    0.000ns

    Location             Delay type                Incr(ns)  Path(ns)    Netlist Resource(s)
  -------------------------------------------------------------------    -------------------
                         (clock clk_fpga_0 rise edge)
                                                      0.000     0.000 r  
    PS7_X0Y0             PS7                          0.000     0.000 r  design_1_i/processing_system7_0/inst/PS7_i/FCLKCLK[0]
                         net (fo=1, routed)           1.193     1.193    design_1_i/processing_system7_0/inst/FCLK_CLK_unbuffered[0]
    BUFGCTRL_X0Y16       BUFG (Prop_bufg_I_O)         0.101     1.294 r  design_1_i/processing_system7_0/inst/buffer_fclk_clk_0.FCLK_CLK_0_BUFG/O
                         net (fo=1540, routed)        1.700     2.994    design_1_i/ps7_0_axi_periph/xbar/inst/gen_sasd.crossbar_sasd_0/aclk
    SLICE_X31Y97         FDRE                                         r  design_1_i/ps7_0_axi_periph/xbar/inst/gen_sasd.crossbar_sasd_0/m_atarget_enc_reg[1]/C
  -------------------------------------------------------------------    -------------------
    SLICE_X31Y97         FDRE (Prop_fdre_C_Q)         0.456     3.450 r  design_1_i/ps7_0_axi_periph/xbar/inst/gen_sasd.crossbar_sasd_0/m_atarget_enc_reg[1]/Q
                         net (fo=119, routed)         2.629     6.079    design_1_i/ps7_0_axi_periph/xbar/inst/gen_sasd.crossbar_sasd_0/reg_slice_r/skid_buffer_reg[3]_0[1]
    SLICE_X45Y107        LUT6 (Prop_lut6_I2_O)        0.124     6.203 f  design_1_i/ps7_0_axi_periph/xbar/inst/gen_sasd.crossbar_sasd_0/reg_slice_r/m_payload_i[33]_i_4/O
                         net (fo=1, routed)           0.568     6.771    design_1_i/ps7_0_axi_periph/xbar/inst/gen_sasd.crossbar_sasd_0/reg_slice_r/m_payload_i[33]_i_4_n_0
    SLICE_X37Y107        LUT5 (Prop_lut5_I4_O)        0.124     6.895 r  design_1_i/ps7_0_axi_periph/xbar/inst/gen_sasd.crossbar_sasd_0/reg_slice_r/m_payload_i[33]_i_1/O
                         net (fo=2, routed)           5.296    12.190    design_1_i/ps7_0_axi_periph/xbar/inst/gen_sasd.crossbar_sasd_0/reg_slice_r/skid_buffer[33]
    SLICE_X33Y103        FDRE                                         r  design_1_i/ps7_0_axi_periph/xbar/inst/gen_sasd.crossbar_sasd_0/reg_slice_r/m_payload_i_reg[33]/D
  -------------------------------------------------------------------    -------------------

                         (clock clk_fpga_0 rise edge)
                                                     10.000    10.000 r  
    PS7_X0Y0             PS7                          0.000    10.000 r  design_1_i/processing_system7_0/inst/PS7_i/FCLKCLK[0]
                         net (fo=1, routed)           1.088    11.088    design_1_i/processing_system7_0/inst/FCLK_CLK_unbuffered[0]
    BUFGCTRL_X0Y16       BUFG (Prop_bufg_I_O)         0.091    11.179 r  design_1_i/processing_system7_0/inst/buffer_fclk_clk_0.FCLK_CLK_0_BUFG/O
                         net (fo=1540, routed)        1.653    12.832    design_1_i/ps7_0_axi_periph/xbar/inst/gen_sasd.crossbar_sasd_0/reg_slice_r/aclk
    SLICE_X33Y103        FDRE                                         r  design_1_i/ps7_0_axi_periph/xbar/inst/gen_sasd.crossbar_sasd_0/reg_slice_r/m_payload_i_reg[33]/C
                         clock pessimism              0.129    12.961    
                         clock uncertainty           -0.154    12.807    
    SLICE_X33Y103        FDRE (Setup_fdre_C_D)       -0.058    12.749    design_1_i/ps7_0_axi_periph/xbar/inst/gen_sasd.crossbar_sasd_0/reg_slice_r/m_payload_i_reg[33]
  -------------------------------------------------------------------
                         required time                         12.749    
                         arrival time                         -12.190    
  -------------------------------------------------------------------
                         slack                                  0.559    

Slack (MET) :             0.562ns  (required time - arrival time)
  Source:                 design_1_i/eFPGA_AXI_LM393_driv_0/U0/eFPGA_AXI_LM393_driver_slave_lite_v1_0_S00_AXI_inst/axi_araddr_reg[2]/C
                            (rising edge-triggered cell FDRE clocked by clk_fpga_0  {rise@0.000ns fall@5.000ns period=10.000ns})
  Destination:            design_1_i/ps7_0_axi_periph/xbar/inst/gen_sasd.crossbar_sasd_0/reg_slice_r/m_payload_i_reg[14]/D
                            (rising edge-triggered cell FDRE clocked by clk_fpga_0  {rise@0.000ns fall@5.000ns period=10.000ns})
  Path Group:             clk_fpga_0
  Path Type:              Setup (Max at Slow Process Corner)
  Requirement:            10.000ns  (clk_fpga_0 rise@10.000ns - clk_fpga_0 rise@0.000ns)
  Data Path Delay:        8.838ns  (logic 0.828ns (9.369%)  route 8.010ns (90.631%))
  Logic Levels:           3  (LUT5=1 LUT6=2)
  Clock Path Skew:        -0.352ns (DCD - SCD + CPR)
    Destination Clock Delay (DCD):    2.657ns = ( 12.657 - 10.000 ) 
    Source Clock Delay      (SCD):    3.138ns
    Clock Pessimism Removal (CPR):    0.129ns
  Clock Uncertainty:      0.154ns  ((TSJ^2 + TIJ^2)^1/2 + DJ) / 2 + PE
    Total System Jitter     (TSJ):    0.071ns
    Total Input Jitter      (TIJ):    0.300ns
    Discrete Jitter          (DJ):    0.000ns
    Phase Error              (PE):    0.000ns

    Location             Delay type                Incr(ns)  Path(ns)    Netlist Resource(s)
  -------------------------------------------------------------------    -------------------
                         (clock clk_fpga_0 rise edge)
                                                      0.000     0.000 r  
    PS7_X0Y0             PS7                          0.000     0.000 r  design_1_i/processing_system7_0/inst/PS7_i/FCLKCLK[0]
                         net (fo=1, routed)           1.193     1.193    design_1_i/processing_system7_0/inst/FCLK_CLK_unbuffered[0]
    BUFGCTRL_X0Y16       BUFG (Prop_bufg_I_O)         0.101     1.294 r  design_1_i/processing_system7_0/inst/buffer_fclk_clk_0.FCLK_CLK_0_BUFG/O
                         net (fo=1540, routed)        1.844     3.138    design_1_i/eFPGA_AXI_LM393_driv_0/U0/eFPGA_AXI_LM393_driver_slave_lite_v1_0_S00_AXI_inst/s00_axi_aclk
    SLICE_X39Y103        FDRE                                         r  design_1_i/eFPGA_AXI_LM393_driv_0/U0/eFPGA_AXI_LM393_driver_slave_lite_v1_0_S00_AXI_inst/axi_araddr_reg[2]/C
  -------------------------------------------------------------------    -------------------
    SLICE_X39Y103        FDRE (Prop_fdre_C_Q)         0.456     3.594 r  design_1_i/eFPGA_AXI_LM393_driv_0/U0/eFPGA_AXI_LM393_driver_slave_lite_v1_0_S00_AXI_inst/axi_araddr_reg[2]/Q
                         net (fo=33, routed)          1.870     5.464    design_1_i/eFPGA_AXI_LM393_driv_0/U0/eFPGA_AXI_LM393_driver_slave_lite_v1_0_S00_AXI_inst/axi_araddr[2]
    SLICE_X48Y96         LUT6 (Prop_lut6_I3_O)        0.124     5.588 r  design_1_i/eFPGA_AXI_LM393_driv_0/U0/eFPGA_AXI_LM393_driver_slave_lite_v1_0_S00_AXI_inst/s00_axi_rdata[11]_INST_0/O
                         net (fo=1, routed)           0.713     6.300    design_1_i/ps7_0_axi_periph/xbar/inst/gen_sasd.crossbar_sasd_0/reg_slice_r/m_axi_rdata[75]
    SLICE_X41Y96         LUT6 (Prop_lut6_I1_O)        0.124     6.424 f  design_1_i/ps7_0_axi_periph/xbar/inst/gen_sasd.crossbar_sasd_0/reg_slice_r/m_payload_i[14]_i_4/O
                         net (fo=1, routed)           0.464     6.888    design_1_i/ps7_0_axi_periph/xbar/inst/gen_sasd.crossbar_sasd_0/reg_slice_r/m_payload_i[14]_i_4_n_0
    SLICE_X40Y95         LUT5 (Prop_lut5_I4_O)        0.124     7.012 r  design_1_i/ps7_0_axi_periph/xbar/inst/gen_sasd.crossbar_sasd_0/reg_slice_r/m_payload_i[14]_i_1/O
                         net (fo=2, routed)           4.964    11.976    design_1_i/ps7_0_axi_periph/xbar/inst/gen_sasd.crossbar_sasd_0/reg_slice_r/skid_buffer[14]
    SLICE_X35Y90         FDRE                                         r  design_1_i/ps7_0_axi_periph/xbar/inst/gen_sasd.crossbar_sasd_0/reg_slice_r/m_payload_i_reg[14]/D
  -------------------------------------------------------------------    -------------------

                         (clock clk_fpga_0 rise edge)
                                                     10.000    10.000 r  
    PS7_X0Y0             PS7                          0.000    10.000 r  design_1_i/processing_system7_0/inst/PS7_i/FCLKCLK[0]
                         net (fo=1, routed)           1.088    11.088    design_1_i/processing_system7_0/inst/FCLK_CLK_unbuffered[0]
    BUFGCTRL_X0Y16       BUFG (Prop_bufg_I_O)         0.091    11.179 r  design_1_i/processing_system7_0/inst/buffer_fclk_clk_0.FCLK_CLK_0_BUFG/O
                         net (fo=1540, routed)        1.478    12.657    design_1_i/ps7_0_axi_periph/xbar/inst/gen_sasd.crossbar_sasd_0/reg_slice_r/aclk
    SLICE_X35Y90         FDRE                                         r  design_1_i/ps7_0_axi_periph/xbar/inst/gen_sasd.crossbar_sasd_0/reg_slice_r/m_payload_i_reg[14]/C
                         clock pessimism              0.129    12.786    
                         clock uncertainty           -0.154    12.632    
    SLICE_X35Y90         FDRE (Setup_fdre_C_D)       -0.093    12.539    design_1_i/ps7_0_axi_periph/xbar/inst/gen_sasd.crossbar_sasd_0/reg_slice_r/m_payload_i_reg[14]
  -------------------------------------------------------------------
                         required time                         12.539    
                         arrival time                         -11.976    
  -------------------------------------------------------------------
                         slack                                  0.562    

Slack (MET) :             0.612ns  (required time - arrival time)
  Source:                 design_1_i/ps7_0_axi_periph/xbar/inst/gen_sasd.crossbar_sasd_0/reg_slice_r/s_ready_i_reg/C
                            (rising edge-triggered cell FDRE clocked by clk_fpga_0  {rise@0.000ns fall@5.000ns period=10.000ns})
  Destination:            design_1_i/ps7_0_axi_periph/xbar/inst/gen_sasd.crossbar_sasd_0/reg_slice_r/m_payload_i_reg[15]/D
                            (rising edge-triggered cell FDRE clocked by clk_fpga_0  {rise@0.000ns fall@5.000ns period=10.000ns})
  Path Group:             clk_fpga_0
  Path Type:              Setup (Max at Slow Process Corner)
  Requirement:            10.000ns  (clk_fpga_0 rise@10.000ns - clk_fpga_0 rise@0.000ns)
  Data Path Delay:        8.741ns  (logic 0.715ns (8.180%)  route 8.026ns (91.820%))
  Logic Levels:           1  (LUT5=1)
  Clock Path Skew:        -0.400ns (DCD - SCD + CPR)
    Destination Clock Delay (DCD):    2.657ns = ( 12.657 - 10.000 ) 
    Source Clock Delay      (SCD):    3.186ns
    Clock Pessimism Removal (CPR):    0.129ns
  Clock Uncertainty:      0.154ns  ((TSJ^2 + TIJ^2)^1/2 + DJ) / 2 + PE
    Total System Jitter     (TSJ):    0.071ns
    Total Input Jitter      (TIJ):    0.300ns
    Discrete Jitter          (DJ):    0.000ns
    Phase Error              (PE):    0.000ns

    Location             Delay type                Incr(ns)  Path(ns)    Netlist Resource(s)
  -------------------------------------------------------------------    -------------------
                         (clock clk_fpga_0 rise edge)
                                                      0.000     0.000 r  
    PS7_X0Y0             PS7                          0.000     0.000 r  design_1_i/processing_system7_0/inst/PS7_i/FCLKCLK[0]
                         net (fo=1, routed)           1.193     1.193    design_1_i/processing_system7_0/inst/FCLK_CLK_unbuffered[0]
    BUFGCTRL_X0Y16       BUFG (Prop_bufg_I_O)         0.101     1.294 r  design_1_i/processing_system7_0/inst/buffer_fclk_clk_0.FCLK_CLK_0_BUFG/O
                         net (fo=1540, routed)        1.892     3.186    design_1_i/ps7_0_axi_periph/xbar/inst/gen_sasd.crossbar_sasd_0/reg_slice_r/aclk
    SLICE_X31Y102        FDRE                                         r  design_1_i/ps7_0_axi_periph/xbar/inst/gen_sasd.crossbar_sasd_0/reg_slice_r/s_ready_i_reg/C
  -------------------------------------------------------------------    -------------------
    SLICE_X31Y102        FDRE (Prop_fdre_C_Q)         0.419     3.605 r  design_1_i/ps7_0_axi_periph/xbar/inst/gen_sasd.crossbar_sasd_0/reg_slice_r/s_ready_i_reg/Q
                         net (fo=77, routed)          3.441     7.046    design_1_i/ps7_0_axi_periph/xbar/inst/gen_sasd.crossbar_sasd_0/reg_slice_r/aa_rready
    SLICE_X42Y95         LUT5 (Prop_lut5_I1_O)        0.296     7.342 r  design_1_i/ps7_0_axi_periph/xbar/inst/gen_sasd.crossbar_sasd_0/reg_slice_r/m_payload_i[15]_i_1/O
                         net (fo=2, routed)           4.586    11.927    design_1_i/ps7_0_axi_periph/xbar/inst/gen_sasd.crossbar_sasd_0/reg_slice_r/skid_buffer[15]
    SLICE_X35Y90         FDRE                                         r  design_1_i/ps7_0_axi_periph/xbar/inst/gen_sasd.crossbar_sasd_0/reg_slice_r/m_payload_i_reg[15]/D
  -------------------------------------------------------------------    -------------------

                         (clock clk_fpga_0 rise edge)
                                                     10.000    10.000 r  
    PS7_X0Y0             PS7                          0.000    10.000 r  design_1_i/processing_system7_0/inst/PS7_i/FCLKCLK[0]
                         net (fo=1, routed)           1.088    11.088    design_1_i/processing_system7_0/inst/FCLK_CLK_unbuffered[0]
    BUFGCTRL_X0Y16       BUFG (Prop_bufg_I_O)         0.091    11.179 r  design_1_i/processing_system7_0/inst/buffer_fclk_clk_0.FCLK_CLK_0_BUFG/O
                         net (fo=1540, routed)        1.478    12.657    design_1_i/ps7_0_axi_periph/xbar/inst/gen_sasd.crossbar_sasd_0/reg_slice_r/aclk
    SLICE_X35Y90         FDRE                                         r  design_1_i/ps7_0_axi_periph/xbar/inst/gen_sasd.crossbar_sasd_0/reg_slice_r/m_payload_i_reg[15]/C
                         clock pessimism              0.129    12.786    
                         clock uncertainty           -0.154    12.632    
    SLICE_X35Y90         FDRE (Setup_fdre_C_D)       -0.092    12.540    design_1_i/ps7_0_axi_periph/xbar/inst/gen_sasd.crossbar_sasd_0/reg_slice_r/m_payload_i_reg[15]
  -------------------------------------------------------------------
                         required time                         12.540    
                         arrival time                         -11.927    
  -------------------------------------------------------------------
                         slack                                  0.612    

Slack (MET) :             0.638ns  (required time - arrival time)
  Source:                 design_1_i/ps7_0_axi_periph/xbar/inst/gen_sasd.crossbar_sasd_0/m_atarget_enc_reg[2]/C
                            (rising edge-triggered cell FDRE clocked by clk_fpga_0  {rise@0.000ns fall@5.000ns period=10.000ns})
  Destination:            design_1_i/ps7_0_axi_periph/xbar/inst/gen_sasd.crossbar_sasd_0/reg_slice_r/m_payload_i_reg[17]/D
                            (rising edge-triggered cell FDRE clocked by clk_fpga_0  {rise@0.000ns fall@5.000ns period=10.000ns})
  Path Group:             clk_fpga_0
  Path Type:              Setup (Max at Slow Process Corner)
  Requirement:            10.000ns  (clk_fpga_0 rise@10.000ns - clk_fpga_0 rise@0.000ns)
  Data Path Delay:        8.737ns  (logic 0.840ns (9.614%)  route 7.897ns (90.386%))
  Logic Levels:           2  (LUT5=1 LUT6=1)
  Clock Path Skew:        -0.399ns (DCD - SCD + CPR)
    Destination Clock Delay (DCD):    2.658ns = ( 12.658 - 10.000 ) 
    Source Clock Delay      (SCD):    3.186ns
    Clock Pessimism Removal (CPR):    0.129ns
  Clock Uncertainty:      0.154ns  ((TSJ^2 + TIJ^2)^1/2 + DJ) / 2 + PE
    Total System Jitter     (TSJ):    0.071ns
    Total Input Jitter      (TIJ):    0.300ns
    Discrete Jitter          (DJ):    0.000ns
    Phase Error              (PE):    0.000ns

    Location             Delay type                Incr(ns)  Path(ns)    Netlist Resource(s)
  -------------------------------------------------------------------    -------------------
                         (clock clk_fpga_0 rise edge)
                                                      0.000     0.000 r  
    PS7_X0Y0             PS7                          0.000     0.000 r  design_1_i/processing_system7_0/inst/PS7_i/FCLKCLK[0]
                         net (fo=1, routed)           1.193     1.193    design_1_i/processing_system7_0/inst/FCLK_CLK_unbuffered[0]
    BUFGCTRL_X0Y16       BUFG (Prop_bufg_I_O)         0.101     1.294 r  design_1_i/processing_system7_0/inst/buffer_fclk_clk_0.FCLK_CLK_0_BUFG/O
                         net (fo=1540, routed)        1.892     3.186    design_1_i/ps7_0_axi_periph/xbar/inst/gen_sasd.crossbar_sasd_0/aclk
    SLICE_X31Y102        FDRE                                         r  design_1_i/ps7_0_axi_periph/xbar/inst/gen_sasd.crossbar_sasd_0/m_atarget_enc_reg[2]/C
  -------------------------------------------------------------------    -------------------
    SLICE_X31Y102        FDRE (Prop_fdre_C_Q)         0.419     3.605 r  design_1_i/ps7_0_axi_periph/xbar/inst/gen_sasd.crossbar_sasd_0/m_atarget_enc_reg[2]/Q
                         net (fo=119, routed)         2.799     6.404    design_1_i/ps7_0_axi_periph/xbar/inst/gen_sasd.crossbar_sasd_0/reg_slice_r/skid_buffer_reg[3]_0[2]
    SLICE_X43Y98         LUT6 (Prop_lut6_I4_O)        0.297     6.701 f  design_1_i/ps7_0_axi_periph/xbar/inst/gen_sasd.crossbar_sasd_0/reg_slice_r/m_payload_i[17]_i_4/O
                         net (fo=1, routed)           0.617     7.318    design_1_i/ps7_0_axi_periph/xbar/inst/gen_sasd.crossbar_sasd_0/reg_slice_r/m_payload_i[17]_i_4_n_0
    SLICE_X42Y97         LUT5 (Prop_lut5_I4_O)        0.124     7.442 r  design_1_i/ps7_0_axi_periph/xbar/inst/gen_sasd.crossbar_sasd_0/reg_slice_r/m_payload_i[17]_i_1/O
                         net (fo=2, routed)           4.481    11.923    design_1_i/ps7_0_axi_periph/xbar/inst/gen_sasd.crossbar_sasd_0/reg_slice_r/skid_buffer[17]
    SLICE_X33Y96         FDRE                                         r  design_1_i/ps7_0_axi_periph/xbar/inst/gen_sasd.crossbar_sasd_0/reg_slice_r/m_payload_i_reg[17]/D
  -------------------------------------------------------------------    -------------------

                         (clock clk_fpga_0 rise edge)
                                                     10.000    10.000 r  
    PS7_X0Y0             PS7                          0.000    10.000 r  design_1_i/processing_system7_0/inst/PS7_i/FCLKCLK[0]
                         net (fo=1, routed)           1.088    11.088    design_1_i/processing_system7_0/inst/FCLK_CLK_unbuffered[0]
    BUFGCTRL_X0Y16       BUFG (Prop_bufg_I_O)         0.091    11.179 r  design_1_i/processing_system7_0/inst/buffer_fclk_clk_0.FCLK_CLK_0_BUFG/O
                         net (fo=1540, routed)        1.479    12.658    design_1_i/ps7_0_axi_periph/xbar/inst/gen_sasd.crossbar_sasd_0/reg_slice_r/aclk
    SLICE_X33Y96         FDRE                                         r  design_1_i/ps7_0_axi_periph/xbar/inst/gen_sasd.crossbar_sasd_0/reg_slice_r/m_payload_i_reg[17]/C
                         clock pessimism              0.129    12.787    
                         clock uncertainty           -0.154    12.633    
    SLICE_X33Y96         FDRE (Setup_fdre_C_D)       -0.071    12.562    design_1_i/ps7_0_axi_periph/xbar/inst/gen_sasd.crossbar_sasd_0/reg_slice_r/m_payload_i_reg[17]
  -------------------------------------------------------------------
                         required time                         12.562    
                         arrival time                         -11.923    
  -------------------------------------------------------------------
                         slack                                  0.638    

Slack (MET) :             0.658ns  (required time - arrival time)
  Source:                 design_1_i/eFPGA_AXI_LM393_driv_0/U0/eFPGA_AXI_LM393_driver_slave_lite_v1_0_S00_AXI_inst/axi_araddr_reg[2]/C
                            (rising edge-triggered cell FDRE clocked by clk_fpga_0  {rise@0.000ns fall@5.000ns period=10.000ns})
  Destination:            design_1_i/ps7_0_axi_periph/xbar/inst/gen_sasd.crossbar_sasd_0/reg_slice_r/skid_buffer_reg[4]/D
                            (rising edge-triggered cell FDRE clocked by clk_fpga_0  {rise@0.000ns fall@5.000ns period=10.000ns})
  Path Group:             clk_fpga_0
  Path Type:              Setup (Max at Slow Process Corner)
  Requirement:            10.000ns  (clk_fpga_0 rise@10.000ns - clk_fpga_0 rise@0.000ns)
  Data Path Delay:        8.805ns  (logic 0.952ns (10.812%)  route 7.853ns (89.188%))
  Logic Levels:           4  (LUT5=1 LUT6=3)
  Clock Path Skew:        -0.352ns (DCD - SCD + CPR)
    Destination Clock Delay (DCD):    2.657ns = ( 12.657 - 10.000 ) 
    Source Clock Delay      (SCD):    3.138ns
    Clock Pessimism Removal (CPR):    0.129ns
  Clock Uncertainty:      0.154ns  ((TSJ^2 + TIJ^2)^1/2 + DJ) / 2 + PE
    Total System Jitter     (TSJ):    0.071ns
    Total Input Jitter      (TIJ):    0.300ns
    Discrete Jitter          (DJ):    0.000ns
    Phase Error              (PE):    0.000ns

    Location             Delay type                Incr(ns)  Path(ns)    Netlist Resource(s)
  -------------------------------------------------------------------    -------------------
                         (clock clk_fpga_0 rise edge)
                                                      0.000     0.000 r  
    PS7_X0Y0             PS7                          0.000     0.000 r  design_1_i/processing_system7_0/inst/PS7_i/FCLKCLK[0]
                         net (fo=1, routed)           1.193     1.193    design_1_i/processing_system7_0/inst/FCLK_CLK_unbuffered[0]
    BUFGCTRL_X0Y16       BUFG (Prop_bufg_I_O)         0.101     1.294 r  design_1_i/processing_system7_0/inst/buffer_fclk_clk_0.FCLK_CLK_0_BUFG/O
                         net (fo=1540, routed)        1.844     3.138    design_1_i/eFPGA_AXI_LM393_driv_0/U0/eFPGA_AXI_LM393_driver_slave_lite_v1_0_S00_AXI_inst/s00_axi_aclk
    SLICE_X39Y103        FDRE                                         r  design_1_i/eFPGA_AXI_LM393_driv_0/U0/eFPGA_AXI_LM393_driver_slave_lite_v1_0_S00_AXI_inst/axi_araddr_reg[2]/C
  -------------------------------------------------------------------    -------------------
    SLICE_X39Y103        FDRE (Prop_fdre_C_Q)         0.456     3.594 r  design_1_i/eFPGA_AXI_LM393_driv_0/U0/eFPGA_AXI_LM393_driver_slave_lite_v1_0_S00_AXI_inst/axi_araddr_reg[2]/Q
                         net (fo=33, routed)          1.390     4.984    design_1_i/eFPGA_AXI_LM393_driv_0/U0/eFPGA_AXI_LM393_driver_slave_lite_v1_0_S00_AXI_inst/axi_araddr[2]
    SLICE_X50Y95         LUT6 (Prop_lut6_I3_O)        0.124     5.108 r  design_1_i/eFPGA_AXI_LM393_driv_0/U0/eFPGA_AXI_LM393_driver_slave_lite_v1_0_S00_AXI_inst/s00_axi_rdata[1]_INST_0/O
                         net (fo=1, routed)           1.342     6.449    design_1_i/ps7_0_axi_periph/xbar/inst/gen_sasd.crossbar_sasd_0/reg_slice_r/m_axi_rdata[65]
    SLICE_X45Y92         LUT5 (Prop_lut5_I0_O)        0.124     6.573 r  design_1_i/ps7_0_axi_periph/xbar/inst/gen_sasd.crossbar_sasd_0/reg_slice_r/skid_buffer[4]_i_3/O
                         net (fo=1, routed)           1.229     7.803    design_1_i/ps7_0_axi_periph/xbar/inst/gen_sasd.crossbar_sasd_0/reg_slice_r/skid_buffer[4]_i_3_n_0
    SLICE_X43Y92         LUT6 (Prop_lut6_I5_O)        0.124     7.927 r  design_1_i/ps7_0_axi_periph/xbar/inst/gen_sasd.crossbar_sasd_0/reg_slice_r/skid_buffer[4]_i_2/O
                         net (fo=1, routed)           1.471     9.398    design_1_i/ps7_0_axi_periph/xbar/inst/gen_sasd.crossbar_sasd_0/reg_slice_r/skid_buffer[4]_i_2_n_0
    SLICE_X39Y91         LUT6 (Prop_lut6_I5_O)        0.124     9.522 r  design_1_i/ps7_0_axi_periph/xbar/inst/gen_sasd.crossbar_sasd_0/reg_slice_r/skid_buffer[4]_i_1/O
                         net (fo=2, routed)           2.421    11.943    design_1_i/ps7_0_axi_periph/xbar/inst/gen_sasd.crossbar_sasd_0/reg_slice_r/skid_buffer[4]_i_1_n_0
    SLICE_X34Y89         FDRE                                         r  design_1_i/ps7_0_axi_periph/xbar/inst/gen_sasd.crossbar_sasd_0/reg_slice_r/skid_buffer_reg[4]/D
  -------------------------------------------------------------------    -------------------

                         (clock clk_fpga_0 rise edge)
                                                     10.000    10.000 r  
    PS7_X0Y0             PS7                          0.000    10.000 r  design_1_i/processing_system7_0/inst/PS7_i/FCLKCLK[0]
                         net (fo=1, routed)           1.088    11.088    design_1_i/processing_system7_0/inst/FCLK_CLK_unbuffered[0]
    BUFGCTRL_X0Y16       BUFG (Prop_bufg_I_O)         0.091    11.179 r  design_1_i/processing_system7_0/inst/buffer_fclk_clk_0.FCLK_CLK_0_BUFG/O
                         net (fo=1540, routed)        1.478    12.657    design_1_i/ps7_0_axi_periph/xbar/inst/gen_sasd.crossbar_sasd_0/reg_slice_r/aclk
    SLICE_X34Y89         FDRE                                         r  design_1_i/ps7_0_axi_periph/xbar/inst/gen_sasd.crossbar_sasd_0/reg_slice_r/skid_buffer_reg[4]/C
                         clock pessimism              0.129    12.786    
                         clock uncertainty           -0.154    12.632    
    SLICE_X34Y89         FDRE (Setup_fdre_C_D)       -0.030    12.602    design_1_i/ps7_0_axi_periph/xbar/inst/gen_sasd.crossbar_sasd_0/reg_slice_r/skid_buffer_reg[4]
  -------------------------------------------------------------------
                         required time                         12.602    
                         arrival time                         -11.943    
  -------------------------------------------------------------------
                         slack                                  0.658    

Slack (MET) :             0.668ns  (required time - arrival time)
  Source:                 design_1_i/eFPGA_AXI_LM393_driv_0/U0/eFPGA_AXI_LM393_driver_slave_lite_v1_0_S00_AXI_inst/axi_araddr_reg[2]/C
                            (rising edge-triggered cell FDRE clocked by clk_fpga_0  {rise@0.000ns fall@5.000ns period=10.000ns})
  Destination:            design_1_i/ps7_0_axi_periph/xbar/inst/gen_sasd.crossbar_sasd_0/reg_slice_r/skid_buffer_reg[14]/D
                            (rising edge-triggered cell FDRE clocked by clk_fpga_0  {rise@0.000ns fall@5.000ns period=10.000ns})
  Path Group:             clk_fpga_0
  Path Type:              Setup (Max at Slow Process Corner)
  Requirement:            10.000ns  (clk_fpga_0 rise@10.000ns - clk_fpga_0 rise@0.000ns)
  Data Path Delay:        8.746ns  (logic 0.828ns (9.468%)  route 7.918ns (90.532%))
  Logic Levels:           3  (LUT5=1 LUT6=2)
  Clock Path Skew:        -0.351ns (DCD - SCD + CPR)
    Destination Clock Delay (DCD):    2.658ns = ( 12.658 - 10.000 ) 
    Source Clock Delay      (SCD):    3.138ns
    Clock Pessimism Removal (CPR):    0.129ns
  Clock Uncertainty:      0.154ns  ((TSJ^2 + TIJ^2)^1/2 + DJ) / 2 + PE
    Total System Jitter     (TSJ):    0.071ns
    Total Input Jitter      (TIJ):    0.300ns
    Discrete Jitter          (DJ):    0.000ns
    Phase Error              (PE):    0.000ns

    Location             Delay type                Incr(ns)  Path(ns)    Netlist Resource(s)
  -------------------------------------------------------------------    -------------------
                         (clock clk_fpga_0 rise edge)
                                                      0.000     0.000 r  
    PS7_X0Y0             PS7                          0.000     0.000 r  design_1_i/processing_system7_0/inst/PS7_i/FCLKCLK[0]
                         net (fo=1, routed)           1.193     1.193    design_1_i/processing_system7_0/inst/FCLK_CLK_unbuffered[0]
    BUFGCTRL_X0Y16       BUFG (Prop_bufg_I_O)         0.101     1.294 r  design_1_i/processing_system7_0/inst/buffer_fclk_clk_0.FCLK_CLK_0_BUFG/O
                         net (fo=1540, routed)        1.844     3.138    design_1_i/eFPGA_AXI_LM393_driv_0/U0/eFPGA_AXI_LM393_driver_slave_lite_v1_0_S00_AXI_inst/s00_axi_aclk
    SLICE_X39Y103        FDRE                                         r  design_1_i/eFPGA_AXI_LM393_driv_0/U0/eFPGA_AXI_LM393_driver_slave_lite_v1_0_S00_AXI_inst/axi_araddr_reg[2]/C
  -------------------------------------------------------------------    -------------------
    SLICE_X39Y103        FDRE (Prop_fdre_C_Q)         0.456     3.594 r  design_1_i/eFPGA_AXI_LM393_driv_0/U0/eFPGA_AXI_LM393_driver_slave_lite_v1_0_S00_AXI_inst/axi_araddr_reg[2]/Q
                         net (fo=33, routed)          1.870     5.464    design_1_i/eFPGA_AXI_LM393_driv_0/U0/eFPGA_AXI_LM393_driver_slave_lite_v1_0_S00_AXI_inst/axi_araddr[2]
    SLICE_X48Y96         LUT6 (Prop_lut6_I3_O)        0.124     5.588 r  design_1_i/eFPGA_AXI_LM393_driv_0/U0/eFPGA_AXI_LM393_driver_slave_lite_v1_0_S00_AXI_inst/s00_axi_rdata[11]_INST_0/O
                         net (fo=1, routed)           0.713     6.300    design_1_i/ps7_0_axi_periph/xbar/inst/gen_sasd.crossbar_sasd_0/reg_slice_r/m_axi_rdata[75]
    SLICE_X41Y96         LUT6 (Prop_lut6_I1_O)        0.124     6.424 f  design_1_i/ps7_0_axi_periph/xbar/inst/gen_sasd.crossbar_sasd_0/reg_slice_r/m_payload_i[14]_i_4/O
                         net (fo=1, routed)           0.464     6.888    design_1_i/ps7_0_axi_periph/xbar/inst/gen_sasd.crossbar_sasd_0/reg_slice_r/m_payload_i[14]_i_4_n_0
    SLICE_X40Y95         LUT5 (Prop_lut5_I4_O)        0.124     7.012 r  design_1_i/ps7_0_axi_periph/xbar/inst/gen_sasd.crossbar_sasd_0/reg_slice_r/m_payload_i[14]_i_1/O
                         net (fo=2, routed)           4.872    11.884    design_1_i/ps7_0_axi_periph/xbar/inst/gen_sasd.crossbar_sasd_0/reg_slice_r/skid_buffer[14]
    SLICE_X40Y95         FDRE                                         r  design_1_i/ps7_0_axi_periph/xbar/inst/gen_sasd.crossbar_sasd_0/reg_slice_r/skid_buffer_reg[14]/D
  -------------------------------------------------------------------    -------------------

                         (clock clk_fpga_0 rise edge)
                                                     10.000    10.000 r  
    PS7_X0Y0             PS7                          0.000    10.000 r  design_1_i/processing_system7_0/inst/PS7_i/FCLKCLK[0]
                         net (fo=1, routed)           1.088    11.088    design_1_i/processing_system7_0/inst/FCLK_CLK_unbuffered[0]
    BUFGCTRL_X0Y16       BUFG (Prop_bufg_I_O)         0.091    11.179 r  design_1_i/processing_system7_0/inst/buffer_fclk_clk_0.FCLK_CLK_0_BUFG/O
                         net (fo=1540, routed)        1.479    12.658    design_1_i/ps7_0_axi_periph/xbar/inst/gen_sasd.crossbar_sasd_0/reg_slice_r/aclk
    SLICE_X40Y95         FDRE                                         r  design_1_i/ps7_0_axi_periph/xbar/inst/gen_sasd.crossbar_sasd_0/reg_slice_r/skid_buffer_reg[14]/C
                         clock pessimism              0.129    12.787    
                         clock uncertainty           -0.154    12.633    
    SLICE_X40Y95         FDRE (Setup_fdre_C_D)       -0.081    12.552    design_1_i/ps7_0_axi_periph/xbar/inst/gen_sasd.crossbar_sasd_0/reg_slice_r/skid_buffer_reg[14]
  -------------------------------------------------------------------
                         required time                         12.552    
                         arrival time                         -11.884    
  -------------------------------------------------------------------
                         slack                                  0.668    

Slack (MET) :             0.709ns  (required time - arrival time)
  Source:                 design_1_i/ps7_0_axi_periph/xbar/inst/gen_sasd.crossbar_sasd_0/m_atarget_enc_reg[0]/C
                            (rising edge-triggered cell FDRE clocked by clk_fpga_0  {rise@0.000ns fall@5.000ns period=10.000ns})
  Destination:            design_1_i/ps7_0_axi_periph/xbar/inst/gen_sasd.crossbar_sasd_0/reg_slice_r/m_payload_i_reg[26]/D
                            (rising edge-triggered cell FDRE clocked by clk_fpga_0  {rise@0.000ns fall@5.000ns period=10.000ns})
  Path Group:             clk_fpga_0
  Path Type:              Setup (Max at Slow Process Corner)
  Requirement:            10.000ns  (clk_fpga_0 rise@10.000ns - clk_fpga_0 rise@0.000ns)
  Data Path Delay:        9.037ns  (logic 0.704ns (7.791%)  route 8.333ns (92.209%))
  Logic Levels:           2  (LUT5=1 LUT6=1)
  Clock Path Skew:        -0.033ns (DCD - SCD + CPR)
    Destination Clock Delay (DCD):    2.832ns = ( 12.832 - 10.000 ) 
    Source Clock Delay      (SCD):    2.994ns
    Clock Pessimism Removal (CPR):    0.129ns
  Clock Uncertainty:      0.154ns  ((TSJ^2 + TIJ^2)^1/2 + DJ) / 2 + PE
    Total System Jitter     (TSJ):    0.071ns
    Total Input Jitter      (TIJ):    0.300ns
    Discrete Jitter          (DJ):    0.000ns
    Phase Error              (PE):    0.000ns

    Location             Delay type                Incr(ns)  Path(ns)    Netlist Resource(s)
  -------------------------------------------------------------------    -------------------
                         (clock clk_fpga_0 rise edge)
                                                      0.000     0.000 r  
    PS7_X0Y0             PS7                          0.000     0.000 r  design_1_i/processing_system7_0/inst/PS7_i/FCLKCLK[0]
                         net (fo=1, routed)           1.193     1.193    design_1_i/processing_system7_0/inst/FCLK_CLK_unbuffered[0]
    BUFGCTRL_X0Y16       BUFG (Prop_bufg_I_O)         0.101     1.294 r  design_1_i/processing_system7_0/inst/buffer_fclk_clk_0.FCLK_CLK_0_BUFG/O
                         net (fo=1540, routed)        1.700     2.994    design_1_i/ps7_0_axi_periph/xbar/inst/gen_sasd.crossbar_sasd_0/aclk
    SLICE_X31Y97         FDRE                                         r  design_1_i/ps7_0_axi_periph/xbar/inst/gen_sasd.crossbar_sasd_0/m_atarget_enc_reg[0]/C
  -------------------------------------------------------------------    -------------------
    SLICE_X31Y97         FDRE (Prop_fdre_C_Q)         0.456     3.450 r  design_1_i/ps7_0_axi_periph/xbar/inst/gen_sasd.crossbar_sasd_0/m_atarget_enc_reg[0]/Q
                         net (fo=119, routed)         2.580     6.030    design_1_i/ps7_0_axi_periph/xbar/inst/gen_sasd.crossbar_sasd_0/reg_slice_r/skid_buffer_reg[3]_0[0]
    SLICE_X39Y104        LUT6 (Prop_lut6_I3_O)        0.124     6.154 f  design_1_i/ps7_0_axi_periph/xbar/inst/gen_sasd.crossbar_sasd_0/reg_slice_r/m_payload_i[26]_i_4/O
                         net (fo=1, routed)           0.685     6.839    design_1_i/ps7_0_axi_periph/xbar/inst/gen_sasd.crossbar_sasd_0/reg_slice_r/m_payload_i[26]_i_4_n_0
    SLICE_X39Y104        LUT5 (Prop_lut5_I4_O)        0.124     6.963 r  design_1_i/ps7_0_axi_periph/xbar/inst/gen_sasd.crossbar_sasd_0/reg_slice_r/m_payload_i[26]_i_1/O
                         net (fo=2, routed)           5.068    12.031    design_1_i/ps7_0_axi_periph/xbar/inst/gen_sasd.crossbar_sasd_0/reg_slice_r/skid_buffer[26]
    SLICE_X33Y103        FDRE                                         r  design_1_i/ps7_0_axi_periph/xbar/inst/gen_sasd.crossbar_sasd_0/reg_slice_r/m_payload_i_reg[26]/D
  -------------------------------------------------------------------    -------------------

                         (clock clk_fpga_0 rise edge)
                                                     10.000    10.000 r  
    PS7_X0Y0             PS7                          0.000    10.000 r  design_1_i/processing_system7_0/inst/PS7_i/FCLKCLK[0]
                         net (fo=1, routed)           1.088    11.088    design_1_i/processing_system7_0/inst/FCLK_CLK_unbuffered[0]
    BUFGCTRL_X0Y16       BUFG (Prop_bufg_I_O)         0.091    11.179 r  design_1_i/processing_system7_0/inst/buffer_fclk_clk_0.FCLK_CLK_0_BUFG/O
                         net (fo=1540, routed)        1.653    12.832    design_1_i/ps7_0_axi_periph/xbar/inst/gen_sasd.crossbar_sasd_0/reg_slice_r/aclk
    SLICE_X33Y103        FDRE                                         r  design_1_i/ps7_0_axi_periph/xbar/inst/gen_sasd.crossbar_sasd_0/reg_slice_r/m_payload_i_reg[26]/C
                         clock pessimism              0.129    12.961    
                         clock uncertainty           -0.154    12.807    
    SLICE_X33Y103        FDRE (Setup_fdre_C_D)       -0.067    12.740    design_1_i/ps7_0_axi_periph/xbar/inst/gen_sasd.crossbar_sasd_0/reg_slice_r/m_payload_i_reg[26]
  -------------------------------------------------------------------
                         required time                         12.740    
                         arrival time                         -12.031    
  -------------------------------------------------------------------
                         slack                                  0.709    

Slack (MET) :             0.752ns  (required time - arrival time)
  Source:                 design_1_i/ps7_0_axi_periph/xbar/inst/gen_sasd.crossbar_sasd_0/m_atarget_enc_reg[1]/C
                            (rising edge-triggered cell FDRE clocked by clk_fpga_0  {rise@0.000ns fall@5.000ns period=10.000ns})
  Destination:            design_1_i/ps7_0_axi_periph/xbar/inst/gen_sasd.crossbar_sasd_0/reg_slice_r/skid_buffer_reg[33]/D
                            (rising edge-triggered cell FDRE clocked by clk_fpga_0  {rise@0.000ns fall@5.000ns period=10.000ns})
  Path Group:             clk_fpga_0
  Path Type:              Setup (Max at Slow Process Corner)
  Requirement:            10.000ns  (clk_fpga_0 rise@10.000ns - clk_fpga_0 rise@0.000ns)
  Data Path Delay:        8.979ns  (logic 0.704ns (7.840%)  route 8.275ns (92.160%))
  Logic Levels:           2  (LUT5=1 LUT6=1)
  Clock Path Skew:        -0.034ns (DCD - SCD + CPR)
    Destination Clock Delay (DCD):    2.831ns = ( 12.831 - 10.000 ) 
    Source Clock Delay      (SCD):    2.994ns
    Clock Pessimism Removal (CPR):    0.129ns
  Clock Uncertainty:      0.154ns  ((TSJ^2 + TIJ^2)^1/2 + DJ) / 2 + PE
    Total System Jitter     (TSJ):    0.071ns
    Total Input Jitter      (TIJ):    0.300ns
    Discrete Jitter          (DJ):    0.000ns
    Phase Error              (PE):    0.000ns

    Location             Delay type                Incr(ns)  Path(ns)    Netlist Resource(s)
  -------------------------------------------------------------------    -------------------
                         (clock clk_fpga_0 rise edge)
                                                      0.000     0.000 r  
    PS7_X0Y0             PS7                          0.000     0.000 r  design_1_i/processing_system7_0/inst/PS7_i/FCLKCLK[0]
                         net (fo=1, routed)           1.193     1.193    design_1_i/processing_system7_0/inst/FCLK_CLK_unbuffered[0]
    BUFGCTRL_X0Y16       BUFG (Prop_bufg_I_O)         0.101     1.294 r  design_1_i/processing_system7_0/inst/buffer_fclk_clk_0.FCLK_CLK_0_BUFG/O
                         net (fo=1540, routed)        1.700     2.994    design_1_i/ps7_0_axi_periph/xbar/inst/gen_sasd.crossbar_sasd_0/aclk
    SLICE_X31Y97         FDRE                                         r  design_1_i/ps7_0_axi_periph/xbar/inst/gen_sasd.crossbar_sasd_0/m_atarget_enc_reg[1]/C
  -------------------------------------------------------------------    -------------------
    SLICE_X31Y97         FDRE (Prop_fdre_C_Q)         0.456     3.450 r  design_1_i/ps7_0_axi_periph/xbar/inst/gen_sasd.crossbar_sasd_0/m_atarget_enc_reg[1]/Q
                         net (fo=119, routed)         2.629     6.079    design_1_i/ps7_0_axi_periph/xbar/inst/gen_sasd.crossbar_sasd_0/reg_slice_r/skid_buffer_reg[3]_0[1]
    SLICE_X45Y107        LUT6 (Prop_lut6_I2_O)        0.124     6.203 f  design_1_i/ps7_0_axi_periph/xbar/inst/gen_sasd.crossbar_sasd_0/reg_slice_r/m_payload_i[33]_i_4/O
                         net (fo=1, routed)           0.568     6.771    design_1_i/ps7_0_axi_periph/xbar/inst/gen_sasd.crossbar_sasd_0/reg_slice_r/m_payload_i[33]_i_4_n_0
    SLICE_X37Y107        LUT5 (Prop_lut5_I4_O)        0.124     6.895 r  design_1_i/ps7_0_axi_periph/xbar/inst/gen_sasd.crossbar_sasd_0/reg_slice_r/m_payload_i[33]_i_1/O
                         net (fo=2, routed)           5.079    11.973    design_1_i/ps7_0_axi_periph/xbar/inst/gen_sasd.crossbar_sasd_0/reg_slice_r/skid_buffer[33]
    SLICE_X37Y107        FDRE                                         r  design_1_i/ps7_0_axi_periph/xbar/inst/gen_sasd.crossbar_sasd_0/reg_slice_r/skid_buffer_reg[33]/D
  -------------------------------------------------------------------    -------------------

                         (clock clk_fpga_0 rise edge)
                                                     10.000    10.000 r  
    PS7_X0Y0             PS7                          0.000    10.000 r  design_1_i/processing_system7_0/inst/PS7_i/FCLKCLK[0]
                         net (fo=1, routed)           1.088    11.088    design_1_i/processing_system7_0/inst/FCLK_CLK_unbuffered[0]
    BUFGCTRL_X0Y16       BUFG (Prop_bufg_I_O)         0.091    11.179 r  design_1_i/processing_system7_0/inst/buffer_fclk_clk_0.FCLK_CLK_0_BUFG/O
                         net (fo=1540, routed)        1.652    12.831    design_1_i/ps7_0_axi_periph/xbar/inst/gen_sasd.crossbar_sasd_0/reg_slice_r/aclk
    SLICE_X37Y107        FDRE                                         r  design_1_i/ps7_0_axi_periph/xbar/inst/gen_sasd.crossbar_sasd_0/reg_slice_r/skid_buffer_reg[33]/C
                         clock pessimism              0.129    12.960    
                         clock uncertainty           -0.154    12.806    
    SLICE_X37Y107        FDRE (Setup_fdre_C_D)       -0.081    12.725    design_1_i/ps7_0_axi_periph/xbar/inst/gen_sasd.crossbar_sasd_0/reg_slice_r/skid_buffer_reg[33]
  -------------------------------------------------------------------
                         required time                         12.725    
                         arrival time                         -11.973    
  -------------------------------------------------------------------
                         slack                                  0.752    

Slack (MET) :             0.805ns  (required time - arrival time)
  Source:                 design_1_i/eFPGA_AXI_LM393_driv_1/U0/eFPGA_AXI_LM393_driver_slave_lite_v1_0_S00_AXI_inst/axi_araddr_reg[3]/C
                            (rising edge-triggered cell FDRE clocked by clk_fpga_0  {rise@0.000ns fall@5.000ns period=10.000ns})
  Destination:            design_1_i/ps7_0_axi_periph/xbar/inst/gen_sasd.crossbar_sasd_0/reg_slice_r/m_payload_i_reg[12]/D
                            (rising edge-triggered cell FDRE clocked by clk_fpga_0  {rise@0.000ns fall@5.000ns period=10.000ns})
  Path Group:             clk_fpga_0
  Path Type:              Setup (Max at Slow Process Corner)
  Requirement:            10.000ns  (clk_fpga_0 rise@10.000ns - clk_fpga_0 rise@0.000ns)
  Data Path Delay:        8.595ns  (logic 0.828ns (9.634%)  route 7.767ns (90.366%))
  Logic Levels:           3  (LUT5=2 LUT6=1)
  Clock Path Skew:        -0.353ns (DCD - SCD + CPR)
    Destination Clock Delay (DCD):    2.656ns = ( 12.656 - 10.000 ) 
    Source Clock Delay      (SCD):    3.138ns
    Clock Pessimism Removal (CPR):    0.129ns
  Clock Uncertainty:      0.154ns  ((TSJ^2 + TIJ^2)^1/2 + DJ) / 2 + PE
    Total System Jitter     (TSJ):    0.071ns
    Total Input Jitter      (TIJ):    0.300ns
    Discrete Jitter          (DJ):    0.000ns
    Phase Error              (PE):    0.000ns

    Location             Delay type                Incr(ns)  Path(ns)    Netlist Resource(s)
  -------------------------------------------------------------------    -------------------
                         (clock clk_fpga_0 rise edge)
                                                      0.000     0.000 r  
    PS7_X0Y0             PS7                          0.000     0.000 r  design_1_i/processing_system7_0/inst/PS7_i/FCLKCLK[0]
                         net (fo=1, routed)           1.193     1.193    design_1_i/processing_system7_0/inst/FCLK_CLK_unbuffered[0]
    BUFGCTRL_X0Y16       BUFG (Prop_bufg_I_O)         0.101     1.294 r  design_1_i/processing_system7_0/inst/buffer_fclk_clk_0.FCLK_CLK_0_BUFG/O
                         net (fo=1540, routed)        1.844     3.138    design_1_i/eFPGA_AXI_LM393_driv_1/U0/eFPGA_AXI_LM393_driver_slave_lite_v1_0_S00_AXI_inst/s00_axi_aclk
    SLICE_X39Y103        FDRE                                         r  design_1_i/eFPGA_AXI_LM393_driv_1/U0/eFPGA_AXI_LM393_driver_slave_lite_v1_0_S00_AXI_inst/axi_araddr_reg[3]/C
  -------------------------------------------------------------------    -------------------
    SLICE_X39Y103        FDRE (Prop_fdre_C_Q)         0.456     3.594 r  design_1_i/eFPGA_AXI_LM393_driv_1/U0/eFPGA_AXI_LM393_driver_slave_lite_v1_0_S00_AXI_inst/axi_araddr_reg[3]/Q
                         net (fo=33, routed)          1.056     4.650    design_1_i/eFPGA_AXI_LM393_driv_1/U0/eFPGA_AXI_LM393_driver_slave_lite_v1_0_S00_AXI_inst/axi_araddr[3]
    SLICE_X43Y100        LUT6 (Prop_lut6_I4_O)        0.124     4.774 r  design_1_i/eFPGA_AXI_LM393_driv_1/U0/eFPGA_AXI_LM393_driver_slave_lite_v1_0_S00_AXI_inst/s00_axi_rdata[9]_INST_0/O
                         net (fo=1, routed)           0.969     5.743    design_1_i/ps7_0_axi_periph/xbar/inst/gen_sasd.crossbar_sasd_0/reg_slice_r/m_axi_rdata[105]
    SLICE_X43Y92         LUT5 (Prop_lut5_I4_O)        0.124     5.867 r  design_1_i/ps7_0_axi_periph/xbar/inst/gen_sasd.crossbar_sasd_0/reg_slice_r/m_payload_i[12]_i_3/O
                         net (fo=1, routed)           0.756     6.624    design_1_i/ps7_0_axi_periph/xbar/inst/gen_sasd.crossbar_sasd_0/reg_slice_r/m_payload_i[12]_i_3_n_0
    SLICE_X40Y92         LUT5 (Prop_lut5_I3_O)        0.124     6.748 r  design_1_i/ps7_0_axi_periph/xbar/inst/gen_sasd.crossbar_sasd_0/reg_slice_r/m_payload_i[12]_i_1/O
                         net (fo=2, routed)           4.985    11.733    design_1_i/ps7_0_axi_periph/xbar/inst/gen_sasd.crossbar_sasd_0/reg_slice_r/skid_buffer[12]
    SLICE_X33Y89         FDRE                                         r  design_1_i/ps7_0_axi_periph/xbar/inst/gen_sasd.crossbar_sasd_0/reg_slice_r/m_payload_i_reg[12]/D
  -------------------------------------------------------------------    -------------------

                         (clock clk_fpga_0 rise edge)
                                                     10.000    10.000 r  
    PS7_X0Y0             PS7                          0.000    10.000 r  design_1_i/processing_system7_0/inst/PS7_i/FCLKCLK[0]
                         net (fo=1, routed)           1.088    11.088    design_1_i/processing_system7_0/inst/FCLK_CLK_unbuffered[0]
    BUFGCTRL_X0Y16       BUFG (Prop_bufg_I_O)         0.091    11.179 r  design_1_i/processing_system7_0/inst/buffer_fclk_clk_0.FCLK_CLK_0_BUFG/O
                         net (fo=1540, routed)        1.477    12.656    design_1_i/ps7_0_axi_periph/xbar/inst/gen_sasd.crossbar_sasd_0/reg_slice_r/aclk
    SLICE_X33Y89         FDRE                                         r  design_1_i/ps7_0_axi_periph/xbar/inst/gen_sasd.crossbar_sasd_0/reg_slice_r/m_payload_i_reg[12]/C
                         clock pessimism              0.129    12.785    
                         clock uncertainty           -0.154    12.631    
    SLICE_X33Y89         FDRE (Setup_fdre_C_D)       -0.093    12.538    design_1_i/ps7_0_axi_periph/xbar/inst/gen_sasd.crossbar_sasd_0/reg_slice_r/m_payload_i_reg[12]
  -------------------------------------------------------------------
                         required time                         12.538    
                         arrival time                         -11.733    
  -------------------------------------------------------------------
                         slack                                  0.805    





Min Delay Paths
--------------------------------------------------------------------------------------
Slack (MET) :             0.040ns  (arrival time - required time)
  Source:                 design_1_i/ps7_0_axi_periph/xbar/inst/gen_sasd.crossbar_sasd_0/reg_slice_r/m_payload_i_reg[22]/C
                            (rising edge-triggered cell FDRE clocked by clk_fpga_0  {rise@0.000ns fall@5.000ns period=10.000ns})
  Destination:            design_1_i/ps7_0_axi_periph/s00_couplers/auto_pc/inst/gen_axilite.gen_b2s_conv.axilite_b2s/RD.r_channel_0/rd_data_fifo_0/memory_reg[31][19]_srl32/D
                            (rising edge-triggered cell SRLC32E clocked by clk_fpga_0  {rise@0.000ns fall@5.000ns period=10.000ns})
  Path Group:             clk_fpga_0
  Path Type:              Hold (Min at Fast Process Corner)
  Requirement:            0.000ns  (clk_fpga_0 rise@0.000ns - clk_fpga_0 rise@0.000ns)
  Data Path Delay:        0.338ns  (logic 0.141ns (41.675%)  route 0.197ns (58.325%))
  Logic Levels:           0  
  Clock Path Skew:        0.181ns (DCD - SCD - CPR)
    Destination Clock Delay (DCD):    1.210ns
    Source Clock Delay      (SCD):    0.994ns
    Clock Pessimism Removal (CPR):    0.035ns

    Location             Delay type                Incr(ns)  Path(ns)    Netlist Resource(s)
  -------------------------------------------------------------------    -------------------
                         (clock clk_fpga_0 rise edge)
                                                      0.000     0.000 r  
    PS7_X0Y0             PS7                          0.000     0.000 r  design_1_i/processing_system7_0/inst/PS7_i/FCLKCLK[0]
                         net (fo=1, routed)           0.310     0.310    design_1_i/processing_system7_0/inst/FCLK_CLK_unbuffered[0]
    BUFGCTRL_X0Y16       BUFG (Prop_bufg_I_O)         0.026     0.336 r  design_1_i/processing_system7_0/inst/buffer_fclk_clk_0.FCLK_CLK_0_BUFG/O
                         net (fo=1540, routed)        0.658     0.994    design_1_i/ps7_0_axi_periph/xbar/inst/gen_sasd.crossbar_sasd_0/reg_slice_r/aclk
    SLICE_X31Y103        FDRE                                         r  design_1_i/ps7_0_axi_periph/xbar/inst/gen_sasd.crossbar_sasd_0/reg_slice_r/m_payload_i_reg[22]/C
  -------------------------------------------------------------------    -------------------
    SLICE_X31Y103        FDRE (Prop_fdre_C_Q)         0.141     1.135 r  design_1_i/ps7_0_axi_periph/xbar/inst/gen_sasd.crossbar_sasd_0/reg_slice_r/m_payload_i_reg[22]/Q
                         net (fo=1, routed)           0.197     1.332    design_1_i/ps7_0_axi_periph/s00_couplers/auto_pc/inst/gen_axilite.gen_b2s_conv.axilite_b2s/RD.r_channel_0/rd_data_fifo_0/in[19]
    SLICE_X30Y96         SRLC32E                                      r  design_1_i/ps7_0_axi_periph/s00_couplers/auto_pc/inst/gen_axilite.gen_b2s_conv.axilite_b2s/RD.r_channel_0/rd_data_fifo_0/memory_reg[31][19]_srl32/D
  -------------------------------------------------------------------    -------------------

                         (clock clk_fpga_0 rise edge)
                                                      0.000     0.000 r  
    PS7_X0Y0             PS7                          0.000     0.000 r  design_1_i/processing_system7_0/inst/PS7_i/FCLKCLK[0]
                         net (fo=1, routed)           0.337     0.337    design_1_i/processing_system7_0/inst/FCLK_CLK_unbuffered[0]
    BUFGCTRL_X0Y16       BUFG (Prop_bufg_I_O)         0.029     0.366 r  design_1_i/processing_system7_0/inst/buffer_fclk_clk_0.FCLK_CLK_0_BUFG/O
                         net (fo=1540, routed)        0.844     1.210    design_1_i/ps7_0_axi_periph/s00_couplers/auto_pc/inst/gen_axilite.gen_b2s_conv.axilite_b2s/RD.r_channel_0/rd_data_fifo_0/aclk
    SLICE_X30Y96         SRLC32E                                      r  design_1_i/ps7_0_axi_periph/s00_couplers/auto_pc/inst/gen_axilite.gen_b2s_conv.axilite_b2s/RD.r_channel_0/rd_data_fifo_0/memory_reg[31][19]_srl32/CLK
                         clock pessimism             -0.035     1.175    
    SLICE_X30Y96         SRLC32E (Hold_srlc32e_CLK_D)
                                                      0.117     1.292    design_1_i/ps7_0_axi_periph/s00_couplers/auto_pc/inst/gen_axilite.gen_b2s_conv.axilite_b2s/RD.r_channel_0/rd_data_fifo_0/memory_reg[31][19]_srl32
  -------------------------------------------------------------------
                         required time                         -1.292    
                         arrival time                           1.332    
  -------------------------------------------------------------------
                         slack                                  0.040    

Slack (MET) :             0.043ns  (arrival time - required time)
  Source:                 design_1_i/ps7_0_axi_periph/xbar/inst/gen_sasd.crossbar_sasd_0/reg_slice_r/m_payload_i_reg[20]/C
                            (rising edge-triggered cell FDRE clocked by clk_fpga_0  {rise@0.000ns fall@5.000ns period=10.000ns})
  Destination:            design_1_i/ps7_0_axi_periph/s00_couplers/auto_pc/inst/gen_axilite.gen_b2s_conv.axilite_b2s/RD.r_channel_0/rd_data_fifo_0/memory_reg[31][17]_srl32/D
                            (rising edge-triggered cell SRLC32E clocked by clk_fpga_0  {rise@0.000ns fall@5.000ns period=10.000ns})
  Path Group:             clk_fpga_0
  Path Type:              Hold (Min at Fast Process Corner)
  Requirement:            0.000ns  (clk_fpga_0 rise@0.000ns - clk_fpga_0 rise@0.000ns)
  Data Path Delay:        0.340ns  (logic 0.141ns (41.430%)  route 0.199ns (58.570%))
  Logic Levels:           0  
  Clock Path Skew:        0.180ns (DCD - SCD - CPR)
    Destination Clock Delay (DCD):    1.210ns
    Source Clock Delay      (SCD):    0.995ns
    Clock Pessimism Removal (CPR):    0.035ns

    Location             Delay type                Incr(ns)  Path(ns)    Netlist Resource(s)
  -------------------------------------------------------------------    -------------------
                         (clock clk_fpga_0 rise edge)
                                                      0.000     0.000 r  
    PS7_X0Y0             PS7                          0.000     0.000 r  design_1_i/processing_system7_0/inst/PS7_i/FCLKCLK[0]
                         net (fo=1, routed)           0.310     0.310    design_1_i/processing_system7_0/inst/FCLK_CLK_unbuffered[0]
    BUFGCTRL_X0Y16       BUFG (Prop_bufg_I_O)         0.026     0.336 r  design_1_i/processing_system7_0/inst/buffer_fclk_clk_0.FCLK_CLK_0_BUFG/O
                         net (fo=1540, routed)        0.659     0.995    design_1_i/ps7_0_axi_periph/xbar/inst/gen_sasd.crossbar_sasd_0/reg_slice_r/aclk
    SLICE_X31Y100        FDRE                                         r  design_1_i/ps7_0_axi_periph/xbar/inst/gen_sasd.crossbar_sasd_0/reg_slice_r/m_payload_i_reg[20]/C
  -------------------------------------------------------------------    -------------------
    SLICE_X31Y100        FDRE (Prop_fdre_C_Q)         0.141     1.136 r  design_1_i/ps7_0_axi_periph/xbar/inst/gen_sasd.crossbar_sasd_0/reg_slice_r/m_payload_i_reg[20]/Q
                         net (fo=1, routed)           0.199     1.335    design_1_i/ps7_0_axi_periph/s00_couplers/auto_pc/inst/gen_axilite.gen_b2s_conv.axilite_b2s/RD.r_channel_0/rd_data_fifo_0/in[17]
    SLICE_X30Y95         SRLC32E                                      r  design_1_i/ps7_0_axi_periph/s00_couplers/auto_pc/inst/gen_axilite.gen_b2s_conv.axilite_b2s/RD.r_channel_0/rd_data_fifo_0/memory_reg[31][17]_srl32/D
  -------------------------------------------------------------------    -------------------

                         (clock clk_fpga_0 rise edge)
                                                      0.000     0.000 r  
    PS7_X0Y0             PS7                          0.000     0.000 r  design_1_i/processing_system7_0/inst/PS7_i/FCLKCLK[0]
                         net (fo=1, routed)           0.337     0.337    design_1_i/processing_system7_0/inst/FCLK_CLK_unbuffered[0]
    BUFGCTRL_X0Y16       BUFG (Prop_bufg_I_O)         0.029     0.366 r  design_1_i/processing_system7_0/inst/buffer_fclk_clk_0.FCLK_CLK_0_BUFG/O
                         net (fo=1540, routed)        0.844     1.210    design_1_i/ps7_0_axi_periph/s00_couplers/auto_pc/inst/gen_axilite.gen_b2s_conv.axilite_b2s/RD.r_channel_0/rd_data_fifo_0/aclk
    SLICE_X30Y95         SRLC32E                                      r  design_1_i/ps7_0_axi_periph/s00_couplers/auto_pc/inst/gen_axilite.gen_b2s_conv.axilite_b2s/RD.r_channel_0/rd_data_fifo_0/memory_reg[31][17]_srl32/CLK
                         clock pessimism             -0.035     1.175    
    SLICE_X30Y95         SRLC32E (Hold_srlc32e_CLK_D)
                                                      0.117     1.292    design_1_i/ps7_0_axi_periph/s00_couplers/auto_pc/inst/gen_axilite.gen_b2s_conv.axilite_b2s/RD.r_channel_0/rd_data_fifo_0/memory_reg[31][17]_srl32
  -------------------------------------------------------------------
                         required time                         -1.292    
                         arrival time                           1.335    
  -------------------------------------------------------------------
                         slack                                  0.043    

Slack (MET) :             0.052ns  (arrival time - required time)
  Source:                 design_1_i/ps7_0_axi_periph/s00_couplers/auto_pc/inst/gen_axilite.gen_b2s_conv.axilite_b2s/RD.r_channel_0/r_arid_r_reg[3]/C
                            (rising edge-triggered cell FDRE clocked by clk_fpga_0  {rise@0.000ns fall@5.000ns period=10.000ns})
  Destination:            design_1_i/ps7_0_axi_periph/s00_couplers/auto_pc/inst/gen_axilite.gen_b2s_conv.axilite_b2s/RD.r_channel_0/transaction_fifo_0/memory_reg[31][4]_srl32/D
                            (rising edge-triggered cell SRLC32E clocked by clk_fpga_0  {rise@0.000ns fall@5.000ns period=10.000ns})
  Path Group:             clk_fpga_0
  Path Type:              Hold (Min at Fast Process Corner)
  Requirement:            0.000ns  (clk_fpga_0 rise@0.000ns - clk_fpga_0 rise@0.000ns)
  Data Path Delay:        0.251ns  (logic 0.141ns (56.174%)  route 0.110ns (43.826%))
  Logic Levels:           0  
  Clock Path Skew:        0.016ns (DCD - SCD - CPR)
    Destination Clock Delay (DCD):    1.208ns
    Source Clock Delay      (SCD):    0.908ns
    Clock Pessimism Removal (CPR):    0.284ns

    Location             Delay type                Incr(ns)  Path(ns)    Netlist Resource(s)
  -------------------------------------------------------------------    -------------------
                         (clock clk_fpga_0 rise edge)
                                                      0.000     0.000 r  
    PS7_X0Y0             PS7                          0.000     0.000 r  design_1_i/processing_system7_0/inst/PS7_i/FCLKCLK[0]
                         net (fo=1, routed)           0.310     0.310    design_1_i/processing_system7_0/inst/FCLK_CLK_unbuffered[0]
    BUFGCTRL_X0Y16       BUFG (Prop_bufg_I_O)         0.026     0.336 r  design_1_i/processing_system7_0/inst/buffer_fclk_clk_0.FCLK_CLK_0_BUFG/O
                         net (fo=1540, routed)        0.572     0.908    design_1_i/ps7_0_axi_periph/s00_couplers/auto_pc/inst/gen_axilite.gen_b2s_conv.axilite_b2s/RD.r_channel_0/aclk
    SLICE_X27Y91         FDRE                                         r  design_1_i/ps7_0_axi_periph/s00_couplers/auto_pc/inst/gen_axilite.gen_b2s_conv.axilite_b2s/RD.r_channel_0/r_arid_r_reg[3]/C
  -------------------------------------------------------------------    -------------------
    SLICE_X27Y91         FDRE (Prop_fdre_C_Q)         0.141     1.049 r  design_1_i/ps7_0_axi_periph/s00_couplers/auto_pc/inst/gen_axilite.gen_b2s_conv.axilite_b2s/RD.r_channel_0/r_arid_r_reg[3]/Q
                         net (fo=1, routed)           0.110     1.159    design_1_i/ps7_0_axi_periph/s00_couplers/auto_pc/inst/gen_axilite.gen_b2s_conv.axilite_b2s/RD.r_channel_0/transaction_fifo_0/in[4]
    SLICE_X26Y90         SRLC32E                                      r  design_1_i/ps7_0_axi_periph/s00_couplers/auto_pc/inst/gen_axilite.gen_b2s_conv.axilite_b2s/RD.r_channel_0/transaction_fifo_0/memory_reg[31][4]_srl32/D
  -------------------------------------------------------------------    -------------------

                         (clock clk_fpga_0 rise edge)
                                                      0.000     0.000 r  
    PS7_X0Y0             PS7                          0.000     0.000 r  design_1_i/processing_system7_0/inst/PS7_i/FCLKCLK[0]
                         net (fo=1, routed)           0.337     0.337    design_1_i/processing_system7_0/inst/FCLK_CLK_unbuffered[0]
    BUFGCTRL_X0Y16       BUFG (Prop_bufg_I_O)         0.029     0.366 r  design_1_i/processing_system7_0/inst/buffer_fclk_clk_0.FCLK_CLK_0_BUFG/O
                         net (fo=1540, routed)        0.842     1.208    design_1_i/ps7_0_axi_periph/s00_couplers/auto_pc/inst/gen_axilite.gen_b2s_conv.axilite_b2s/RD.r_channel_0/transaction_fifo_0/aclk
    SLICE_X26Y90         SRLC32E                                      r  design_1_i/ps7_0_axi_periph/s00_couplers/auto_pc/inst/gen_axilite.gen_b2s_conv.axilite_b2s/RD.r_channel_0/transaction_fifo_0/memory_reg[31][4]_srl32/CLK
                         clock pessimism             -0.284     0.924    
    SLICE_X26Y90         SRLC32E (Hold_srlc32e_CLK_D)
                                                      0.183     1.107    design_1_i/ps7_0_axi_periph/s00_couplers/auto_pc/inst/gen_axilite.gen_b2s_conv.axilite_b2s/RD.r_channel_0/transaction_fifo_0/memory_reg[31][4]_srl32
  -------------------------------------------------------------------
                         required time                         -1.107    
                         arrival time                           1.159    
  -------------------------------------------------------------------
                         slack                                  0.052    

Slack (MET) :             0.060ns  (arrival time - required time)
  Source:                 design_1_i/ps7_0_axi_periph/s00_couplers/auto_pc/inst/gen_axilite.gen_b2s_conv.axilite_b2s/SI_REG/aw.aw_pipe/m_payload_i_reg[45]/C
                            (rising edge-triggered cell FDRE clocked by clk_fpga_0  {rise@0.000ns fall@5.000ns period=10.000ns})
  Destination:            design_1_i/ps7_0_axi_periph/s00_couplers/auto_pc/inst/gen_axilite.gen_b2s_conv.axilite_b2s/WR.aw_channel_0/cmd_translator_0/wrap_cmd_0/wrap_boundary_axaddr_r_reg[1]/D
                            (rising edge-triggered cell FDRE clocked by clk_fpga_0  {rise@0.000ns fall@5.000ns period=10.000ns})
  Path Group:             clk_fpga_0
  Path Type:              Hold (Min at Fast Process Corner)
  Requirement:            0.000ns  (clk_fpga_0 rise@0.000ns - clk_fpga_0 rise@0.000ns)
  Data Path Delay:        0.529ns  (logic 0.226ns (42.728%)  route 0.303ns (57.272%))
  Logic Levels:           1  (LUT5=1)
  Clock Path Skew:        0.348ns (DCD - SCD - CPR)
    Destination Clock Delay (DCD):    1.296ns
    Source Clock Delay      (SCD):    0.913ns
    Clock Pessimism Removal (CPR):    0.035ns

    Location             Delay type                Incr(ns)  Path(ns)    Netlist Resource(s)
  -------------------------------------------------------------------    -------------------
                         (clock clk_fpga_0 rise edge)
                                                      0.000     0.000 r  
    PS7_X0Y0             PS7                          0.000     0.000 r  design_1_i/processing_system7_0/inst/PS7_i/FCLKCLK[0]
                         net (fo=1, routed)           0.310     0.310    design_1_i/processing_system7_0/inst/FCLK_CLK_unbuffered[0]
    BUFGCTRL_X0Y16       BUFG (Prop_bufg_I_O)         0.026     0.336 r  design_1_i/processing_system7_0/inst/buffer_fclk_clk_0.FCLK_CLK_0_BUFG/O
                         net (fo=1540, routed)        0.577     0.913    design_1_i/ps7_0_axi_periph/s00_couplers/auto_pc/inst/gen_axilite.gen_b2s_conv.axilite_b2s/SI_REG/aw.aw_pipe/aclk
    SLICE_X28Y97         FDRE                                         r  design_1_i/ps7_0_axi_periph/s00_couplers/auto_pc/inst/gen_axilite.gen_b2s_conv.axilite_b2s/SI_REG/aw.aw_pipe/m_payload_i_reg[45]/C
  -------------------------------------------------------------------    -------------------
    SLICE_X28Y97         FDRE (Prop_fdre_C_Q)         0.128     1.041 f  design_1_i/ps7_0_axi_periph/s00_couplers/auto_pc/inst/gen_axilite.gen_b2s_conv.axilite_b2s/SI_REG/aw.aw_pipe/m_payload_i_reg[45]/Q
                         net (fo=10, routed)          0.303     1.344    design_1_i/ps7_0_axi_periph/s00_couplers/auto_pc/inst/gen_axilite.gen_b2s_conv.axilite_b2s/SI_REG/aw.aw_pipe/m_payload_i_reg[61]_0[39]
    SLICE_X30Y105        LUT5 (Prop_lut5_I2_O)        0.098     1.442 r  design_1_i/ps7_0_axi_periph/s00_couplers/auto_pc/inst/gen_axilite.gen_b2s_conv.axilite_b2s/SI_REG/aw.aw_pipe/wrap_boundary_axaddr_r[1]_i_1/O
                         net (fo=1, routed)           0.000     1.442    design_1_i/ps7_0_axi_periph/s00_couplers/auto_pc/inst/gen_axilite.gen_b2s_conv.axilite_b2s/WR.aw_channel_0/cmd_translator_0/wrap_cmd_0/wrap_boundary_axaddr_r_reg[6]_0[1]
    SLICE_X30Y105        FDRE                                         r  design_1_i/ps7_0_axi_periph/s00_couplers/auto_pc/inst/gen_axilite.gen_b2s_conv.axilite_b2s/WR.aw_channel_0/cmd_translator_0/wrap_cmd_0/wrap_boundary_axaddr_r_reg[1]/D
  -------------------------------------------------------------------    -------------------

                         (clock clk_fpga_0 rise edge)
                                                      0.000     0.000 r  
    PS7_X0Y0             PS7                          0.000     0.000 r  design_1_i/processing_system7_0/inst/PS7_i/FCLKCLK[0]
                         net (fo=1, routed)           0.337     0.337    design_1_i/processing_system7_0/inst/FCLK_CLK_unbuffered[0]
    BUFGCTRL_X0Y16       BUFG (Prop_bufg_I_O)         0.029     0.366 r  design_1_i/processing_system7_0/inst/buffer_fclk_clk_0.FCLK_CLK_0_BUFG/O
                         net (fo=1540, routed)        0.930     1.296    design_1_i/ps7_0_axi_periph/s00_couplers/auto_pc/inst/gen_axilite.gen_b2s_conv.axilite_b2s/WR.aw_channel_0/cmd_translator_0/wrap_cmd_0/aclk
    SLICE_X30Y105        FDRE                                         r  design_1_i/ps7_0_axi_periph/s00_couplers/auto_pc/inst/gen_axilite.gen_b2s_conv.axilite_b2s/WR.aw_channel_0/cmd_translator_0/wrap_cmd_0/wrap_boundary_axaddr_r_reg[1]/C
                         clock pessimism             -0.035     1.261    
    SLICE_X30Y105        FDRE (Hold_fdre_C_D)         0.121     1.382    design_1_i/ps7_0_axi_periph/s00_couplers/auto_pc/inst/gen_axilite.gen_b2s_conv.axilite_b2s/WR.aw_channel_0/cmd_translator_0/wrap_cmd_0/wrap_boundary_axaddr_r_reg[1]
  -------------------------------------------------------------------
                         required time                         -1.382    
                         arrival time                           1.442    
  -------------------------------------------------------------------
                         slack                                  0.060    

Slack (MET) :             0.064ns  (arrival time - required time)
  Source:                 design_1_i/axi_timer_1/U0/TC_CORE_I/COUNTER_0_I/LOAD_REG_GEN[8].LOAD_REG_I/C
                            (rising edge-triggered cell FDRE clocked by clk_fpga_0  {rise@0.000ns fall@5.000ns period=10.000ns})
  Destination:            design_1_i/axi_timer_1/U0/AXI4_LITE_I/I_SLAVE_ATTACHMENT/s_axi_rdata_i_reg[23]/D
                            (rising edge-triggered cell FDRE clocked by clk_fpga_0  {rise@0.000ns fall@5.000ns period=10.000ns})
  Path Group:             clk_fpga_0
  Path Type:              Hold (Min at Fast Process Corner)
  Requirement:            0.000ns  (clk_fpga_0 rise@0.000ns - clk_fpga_0 rise@0.000ns)
  Data Path Delay:        0.514ns  (logic 0.314ns (61.122%)  route 0.200ns (38.878%))
  Logic Levels:           2  (CARRY4=1 LUT3=1)
  Clock Path Skew:        0.349ns (DCD - SCD - CPR)
    Destination Clock Delay (DCD):    1.277ns
    Source Clock Delay      (SCD):    0.893ns
    Clock Pessimism Removal (CPR):    0.035ns

    Location             Delay type                Incr(ns)  Path(ns)    Netlist Resource(s)
  -------------------------------------------------------------------    -------------------
                         (clock clk_fpga_0 rise edge)
                                                      0.000     0.000 r  
    PS7_X0Y0             PS7                          0.000     0.000 r  design_1_i/processing_system7_0/inst/PS7_i/FCLKCLK[0]
                         net (fo=1, routed)           0.310     0.310    design_1_i/processing_system7_0/inst/FCLK_CLK_unbuffered[0]
    BUFGCTRL_X0Y16       BUFG (Prop_bufg_I_O)         0.026     0.336 r  design_1_i/processing_system7_0/inst/buffer_fclk_clk_0.FCLK_CLK_0_BUFG/O
                         net (fo=1540, routed)        0.557     0.893    design_1_i/axi_timer_1/U0/TC_CORE_I/COUNTER_0_I/s_axi_aclk
    SLICE_X43Y99         FDRE                                         r  design_1_i/axi_timer_1/U0/TC_CORE_I/COUNTER_0_I/LOAD_REG_GEN[8].LOAD_REG_I/C
  -------------------------------------------------------------------    -------------------
    SLICE_X43Y99         FDRE (Prop_fdre_C_Q)         0.141     1.034 f  design_1_i/axi_timer_1/U0/TC_CORE_I/COUNTER_0_I/LOAD_REG_GEN[8].LOAD_REG_I/Q
                         net (fo=2, routed)           0.200     1.233    design_1_i/axi_timer_1/U0/AXI4_LITE_I/I_SLAVE_ATTACHMENT/I_DECODER/loadReg_DBus_32[12]
    SLICE_X41Y102        LUT3 (Prop_lut3_I2_O)        0.045     1.278 r  design_1_i/axi_timer_1/U0/AXI4_LITE_I/I_SLAVE_ATTACHMENT/I_DECODER/GEN.DATA_WIDTH_GEN[8].NUM_BUSES_GEN[0].MUXCY_GEN.MUXCY_I_i_1/O
                         net (fo=1, routed)           0.000     1.278    design_1_i/axi_timer_1/U0/TC_CORE_I/READ_MUX_I/GEN.DATA_WIDTH_GEN[8].NUM_BUSES_GEN[0].MUXCY_GEN.MUXCY_I_0
    SLICE_X41Y102        CARRY4 (Prop_carry4_S[0]_CO[1])
                                                      0.128     1.406 r  design_1_i/axi_timer_1/U0/TC_CORE_I/READ_MUX_I/GEN.DATA_WIDTH_GEN[8].NUM_BUSES_GEN[0].MUXCY_GEN.MUXCY_I_CARRY4/CO[1]
                         net (fo=1, routed)           0.000     1.406    design_1_i/axi_timer_1/U0/AXI4_LITE_I/I_SLAVE_ATTACHMENT/D[23]
    SLICE_X41Y102        FDRE                                         r  design_1_i/axi_timer_1/U0/AXI4_LITE_I/I_SLAVE_ATTACHMENT/s_axi_rdata_i_reg[23]/D
  -------------------------------------------------------------------    -------------------

                         (clock clk_fpga_0 rise edge)
                                                      0.000     0.000 r  
    PS7_X0Y0             PS7                          0.000     0.000 r  design_1_i/processing_system7_0/inst/PS7_i/FCLKCLK[0]
                         net (fo=1, routed)           0.337     0.337    design_1_i/processing_system7_0/inst/FCLK_CLK_unbuffered[0]
    BUFGCTRL_X0Y16       BUFG (Prop_bufg_I_O)         0.029     0.366 r  design_1_i/processing_system7_0/inst/buffer_fclk_clk_0.FCLK_CLK_0_BUFG/O
                         net (fo=1540, routed)        0.911     1.277    design_1_i/axi_timer_1/U0/AXI4_LITE_I/I_SLAVE_ATTACHMENT/s_axi_aclk
    SLICE_X41Y102        FDRE                                         r  design_1_i/axi_timer_1/U0/AXI4_LITE_I/I_SLAVE_ATTACHMENT/s_axi_rdata_i_reg[23]/C
                         clock pessimism             -0.035     1.242    
    SLICE_X41Y102        FDRE (Hold_fdre_C_D)         0.100     1.342    design_1_i/axi_timer_1/U0/AXI4_LITE_I/I_SLAVE_ATTACHMENT/s_axi_rdata_i_reg[23]
  -------------------------------------------------------------------
                         required time                         -1.342    
                         arrival time                           1.406    
  -------------------------------------------------------------------
                         slack                                  0.064    

Slack (MET) :             0.067ns  (arrival time - required time)
  Source:                 design_1_i/ps7_0_axi_periph/xbar/inst/gen_sasd.crossbar_sasd_0/reg_slice_r/m_payload_i_reg[3]/C
                            (rising edge-triggered cell FDRE clocked by clk_fpga_0  {rise@0.000ns fall@5.000ns period=10.000ns})
  Destination:            design_1_i/ps7_0_axi_periph/s00_couplers/auto_pc/inst/gen_axilite.gen_b2s_conv.axilite_b2s/RD.r_channel_0/rd_data_fifo_0/memory_reg[31][0]_srl32/D
                            (rising edge-triggered cell SRLC32E clocked by clk_fpga_0  {rise@0.000ns fall@5.000ns period=10.000ns})
  Path Group:             clk_fpga_0
  Path Type:              Hold (Min at Fast Process Corner)
  Requirement:            0.000ns  (clk_fpga_0 rise@0.000ns - clk_fpga_0 rise@0.000ns)
  Data Path Delay:        0.197ns  (logic 0.141ns (71.611%)  route 0.056ns (28.389%))
  Logic Levels:           0  
  Clock Path Skew:        0.013ns (DCD - SCD - CPR)
    Destination Clock Delay (DCD):    1.190ns
    Source Clock Delay      (SCD):    0.893ns
    Clock Pessimism Removal (CPR):    0.284ns

    Location             Delay type                Incr(ns)  Path(ns)    Netlist Resource(s)
  -------------------------------------------------------------------    -------------------
                         (clock clk_fpga_0 rise edge)
                                                      0.000     0.000 r  
    PS7_X0Y0             PS7                          0.000     0.000 r  design_1_i/processing_system7_0/inst/PS7_i/FCLKCLK[0]
                         net (fo=1, routed)           0.310     0.310    design_1_i/processing_system7_0/inst/FCLK_CLK_unbuffered[0]
    BUFGCTRL_X0Y16       BUFG (Prop_bufg_I_O)         0.026     0.336 r  design_1_i/processing_system7_0/inst/buffer_fclk_clk_0.FCLK_CLK_0_BUFG/O
                         net (fo=1540, routed)        0.557     0.893    design_1_i/ps7_0_axi_periph/xbar/inst/gen_sasd.crossbar_sasd_0/reg_slice_r/aclk
    SLICE_X35Y90         FDRE                                         r  design_1_i/ps7_0_axi_periph/xbar/inst/gen_sasd.crossbar_sasd_0/reg_slice_r/m_payload_i_reg[3]/C
  -------------------------------------------------------------------    -------------------
    SLICE_X35Y90         FDRE (Prop_fdre_C_Q)         0.141     1.034 r  design_1_i/ps7_0_axi_periph/xbar/inst/gen_sasd.crossbar_sasd_0/reg_slice_r/m_payload_i_reg[3]/Q
                         net (fo=1, routed)           0.056     1.089    design_1_i/ps7_0_axi_periph/s00_couplers/auto_pc/inst/gen_axilite.gen_b2s_conv.axilite_b2s/RD.r_channel_0/rd_data_fifo_0/in[0]
    SLICE_X34Y90         SRLC32E                                      r  design_1_i/ps7_0_axi_periph/s00_couplers/auto_pc/inst/gen_axilite.gen_b2s_conv.axilite_b2s/RD.r_channel_0/rd_data_fifo_0/memory_reg[31][0]_srl32/D
  -------------------------------------------------------------------    -------------------

                         (clock clk_fpga_0 rise edge)
                                                      0.000     0.000 r  
    PS7_X0Y0             PS7                          0.000     0.000 r  design_1_i/processing_system7_0/inst/PS7_i/FCLKCLK[0]
                         net (fo=1, routed)           0.337     0.337    design_1_i/processing_system7_0/inst/FCLK_CLK_unbuffered[0]
    BUFGCTRL_X0Y16       BUFG (Prop_bufg_I_O)         0.029     0.366 r  design_1_i/processing_system7_0/inst/buffer_fclk_clk_0.FCLK_CLK_0_BUFG/O
                         net (fo=1540, routed)        0.824     1.190    design_1_i/ps7_0_axi_periph/s00_couplers/auto_pc/inst/gen_axilite.gen_b2s_conv.axilite_b2s/RD.r_channel_0/rd_data_fifo_0/aclk
    SLICE_X34Y90         SRLC32E                                      r  design_1_i/ps7_0_axi_periph/s00_couplers/auto_pc/inst/gen_axilite.gen_b2s_conv.axilite_b2s/RD.r_channel_0/rd_data_fifo_0/memory_reg[31][0]_srl32/CLK
                         clock pessimism             -0.284     0.906    
    SLICE_X34Y90         SRLC32E (Hold_srlc32e_CLK_D)
                                                      0.117     1.023    design_1_i/ps7_0_axi_periph/s00_couplers/auto_pc/inst/gen_axilite.gen_b2s_conv.axilite_b2s/RD.r_channel_0/rd_data_fifo_0/memory_reg[31][0]_srl32
  -------------------------------------------------------------------
                         required time                         -1.023    
                         arrival time                           1.089    
  -------------------------------------------------------------------
                         slack                                  0.067    

Slack (MET) :             0.080ns  (arrival time - required time)
  Source:                 design_1_i/ps7_0_axi_periph/xbar/inst/gen_sasd.crossbar_sasd_0/reg_slice_r/m_payload_i_reg[21]/C
                            (rising edge-triggered cell FDRE clocked by clk_fpga_0  {rise@0.000ns fall@5.000ns period=10.000ns})
  Destination:            design_1_i/ps7_0_axi_periph/s00_couplers/auto_pc/inst/gen_axilite.gen_b2s_conv.axilite_b2s/RD.r_channel_0/rd_data_fifo_0/memory_reg[31][18]_srl32/D
                            (rising edge-triggered cell SRLC32E clocked by clk_fpga_0  {rise@0.000ns fall@5.000ns period=10.000ns})
  Path Group:             clk_fpga_0
  Path Type:              Hold (Min at Fast Process Corner)
  Requirement:            0.000ns  (clk_fpga_0 rise@0.000ns - clk_fpga_0 rise@0.000ns)
  Data Path Delay:        0.387ns  (logic 0.128ns (33.034%)  route 0.259ns (66.966%))
  Logic Levels:           0  
  Clock Path Skew:        0.179ns (DCD - SCD - CPR)
    Destination Clock Delay (DCD):    1.209ns
    Source Clock Delay      (SCD):    0.995ns
    Clock Pessimism Removal (CPR):    0.035ns

    Location             Delay type                Incr(ns)  Path(ns)    Netlist Resource(s)
  -------------------------------------------------------------------    -------------------
                         (clock clk_fpga_0 rise edge)
                                                      0.000     0.000 r  
    PS7_X0Y0             PS7                          0.000     0.000 r  design_1_i/processing_system7_0/inst/PS7_i/FCLKCLK[0]
                         net (fo=1, routed)           0.310     0.310    design_1_i/processing_system7_0/inst/FCLK_CLK_unbuffered[0]
    BUFGCTRL_X0Y16       BUFG (Prop_bufg_I_O)         0.026     0.336 r  design_1_i/processing_system7_0/inst/buffer_fclk_clk_0.FCLK_CLK_0_BUFG/O
                         net (fo=1540, routed)        0.659     0.995    design_1_i/ps7_0_axi_periph/xbar/inst/gen_sasd.crossbar_sasd_0/reg_slice_r/aclk
    SLICE_X31Y100        FDRE                                         r  design_1_i/ps7_0_axi_periph/xbar/inst/gen_sasd.crossbar_sasd_0/reg_slice_r/m_payload_i_reg[21]/C
  -------------------------------------------------------------------    -------------------
    SLICE_X31Y100        FDRE (Prop_fdre_C_Q)         0.128     1.123 r  design_1_i/ps7_0_axi_periph/xbar/inst/gen_sasd.crossbar_sasd_0/reg_slice_r/m_payload_i_reg[21]/Q
                         net (fo=1, routed)           0.259     1.382    design_1_i/ps7_0_axi_periph/s00_couplers/auto_pc/inst/gen_axilite.gen_b2s_conv.axilite_b2s/RD.r_channel_0/rd_data_fifo_0/in[18]
    SLICE_X30Y92         SRLC32E                                      r  design_1_i/ps7_0_axi_periph/s00_couplers/auto_pc/inst/gen_axilite.gen_b2s_conv.axilite_b2s/RD.r_channel_0/rd_data_fifo_0/memory_reg[31][18]_srl32/D
  -------------------------------------------------------------------    -------------------

                         (clock clk_fpga_0 rise edge)
                                                      0.000     0.000 r  
    PS7_X0Y0             PS7                          0.000     0.000 r  design_1_i/processing_system7_0/inst/PS7_i/FCLKCLK[0]
                         net (fo=1, routed)           0.337     0.337    design_1_i/processing_system7_0/inst/FCLK_CLK_unbuffered[0]
    BUFGCTRL_X0Y16       BUFG (Prop_bufg_I_O)         0.029     0.366 r  design_1_i/processing_system7_0/inst/buffer_fclk_clk_0.FCLK_CLK_0_BUFG/O
                         net (fo=1540, routed)        0.843     1.209    design_1_i/ps7_0_axi_periph/s00_couplers/auto_pc/inst/gen_axilite.gen_b2s_conv.axilite_b2s/RD.r_channel_0/rd_data_fifo_0/aclk
    SLICE_X30Y92         SRLC32E                                      r  design_1_i/ps7_0_axi_periph/s00_couplers/auto_pc/inst/gen_axilite.gen_b2s_conv.axilite_b2s/RD.r_channel_0/rd_data_fifo_0/memory_reg[31][18]_srl32/CLK
                         clock pessimism             -0.035     1.174    
    SLICE_X30Y92         SRLC32E (Hold_srlc32e_CLK_D)
                                                      0.129     1.303    design_1_i/ps7_0_axi_periph/s00_couplers/auto_pc/inst/gen_axilite.gen_b2s_conv.axilite_b2s/RD.r_channel_0/rd_data_fifo_0/memory_reg[31][18]_srl32
  -------------------------------------------------------------------
                         required time                         -1.303    
                         arrival time                           1.382    
  -------------------------------------------------------------------
                         slack                                  0.080    

Slack (MET) :             0.083ns  (arrival time - required time)
  Source:                 design_1_i/rst_ps7_0_100M/U0/SEQ/from_sys_reg/C
                            (rising edge-triggered cell FDSE clocked by clk_fpga_0  {rise@0.000ns fall@5.000ns period=10.000ns})
  Destination:            design_1_i/rst_ps7_0_100M/U0/SEQ/SEQ_COUNTER/q_int_reg[0]/CE
                            (rising edge-triggered cell FDRE clocked by clk_fpga_0  {rise@0.000ns fall@5.000ns period=10.000ns})
  Path Group:             clk_fpga_0
  Path Type:              Hold (Min at Fast Process Corner)
  Requirement:            0.000ns  (clk_fpga_0 rise@0.000ns - clk_fpga_0 rise@0.000ns)
  Data Path Delay:        0.273ns  (logic 0.128ns (46.834%)  route 0.145ns (53.166%))
  Logic Levels:           0  
  Clock Path Skew:        0.260ns (DCD - SCD - CPR)
    Destination Clock Delay (DCD):    1.272ns
    Source Clock Delay      (SCD):    0.973ns
    Clock Pessimism Removal (CPR):    0.039ns

    Location             Delay type                Incr(ns)  Path(ns)    Netlist Resource(s)
  -------------------------------------------------------------------    -------------------
                         (clock clk_fpga_0 rise edge)
                                                      0.000     0.000 r  
    PS7_X0Y0             PS7                          0.000     0.000 r  design_1_i/processing_system7_0/inst/PS7_i/FCLKCLK[0]
                         net (fo=1, routed)           0.310     0.310    design_1_i/processing_system7_0/inst/FCLK_CLK_unbuffered[0]
    BUFGCTRL_X0Y16       BUFG (Prop_bufg_I_O)         0.026     0.336 r  design_1_i/processing_system7_0/inst/buffer_fclk_clk_0.FCLK_CLK_0_BUFG/O
                         net (fo=1540, routed)        0.637     0.973    design_1_i/rst_ps7_0_100M/U0/SEQ/slowest_sync_clk
    SLICE_X49Y105        FDSE                                         r  design_1_i/rst_ps7_0_100M/U0/SEQ/from_sys_reg/C
  -------------------------------------------------------------------    -------------------
    SLICE_X49Y105        FDSE (Prop_fdse_C_Q)         0.128     1.101 r  design_1_i/rst_ps7_0_100M/U0/SEQ/from_sys_reg/Q
                         net (fo=10, routed)          0.145     1.246    design_1_i/rst_ps7_0_100M/U0/SEQ/SEQ_COUNTER/seq_cnt_en
    SLICE_X50Y105        FDRE                                         r  design_1_i/rst_ps7_0_100M/U0/SEQ/SEQ_COUNTER/q_int_reg[0]/CE
  -------------------------------------------------------------------    -------------------

                         (clock clk_fpga_0 rise edge)
                                                      0.000     0.000 r  
    PS7_X0Y0             PS7                          0.000     0.000 r  design_1_i/processing_system7_0/inst/PS7_i/FCLKCLK[0]
                         net (fo=1, routed)           0.337     0.337    design_1_i/processing_system7_0/inst/FCLK_CLK_unbuffered[0]
    BUFGCTRL_X0Y16       BUFG (Prop_bufg_I_O)         0.029     0.366 r  design_1_i/processing_system7_0/inst/buffer_fclk_clk_0.FCLK_CLK_0_BUFG/O
                         net (fo=1540, routed)        0.906     1.272    design_1_i/rst_ps7_0_100M/U0/SEQ/SEQ_COUNTER/slowest_sync_clk
    SLICE_X50Y105        FDRE                                         r  design_1_i/rst_ps7_0_100M/U0/SEQ/SEQ_COUNTER/q_int_reg[0]/C
                         clock pessimism             -0.039     1.233    
    SLICE_X50Y105        FDRE (Hold_fdre_C_CE)       -0.070     1.163    design_1_i/rst_ps7_0_100M/U0/SEQ/SEQ_COUNTER/q_int_reg[0]
  -------------------------------------------------------------------
                         required time                         -1.163    
                         arrival time                           1.246    
  -------------------------------------------------------------------
                         slack                                  0.083    

Slack (MET) :             0.083ns  (arrival time - required time)
  Source:                 design_1_i/rst_ps7_0_100M/U0/SEQ/from_sys_reg/C
                            (rising edge-triggered cell FDSE clocked by clk_fpga_0  {rise@0.000ns fall@5.000ns period=10.000ns})
  Destination:            design_1_i/rst_ps7_0_100M/U0/SEQ/SEQ_COUNTER/q_int_reg[1]/CE
                            (rising edge-triggered cell FDRE clocked by clk_fpga_0  {rise@0.000ns fall@5.000ns period=10.000ns})
  Path Group:             clk_fpga_0
  Path Type:              Hold (Min at Fast Process Corner)
  Requirement:            0.000ns  (clk_fpga_0 rise@0.000ns - clk_fpga_0 rise@0.000ns)
  Data Path Delay:        0.273ns  (logic 0.128ns (46.834%)  route 0.145ns (53.166%))
  Logic Levels:           0  
  Clock Path Skew:        0.260ns (DCD - SCD - CPR)
    Destination Clock Delay (DCD):    1.272ns
    Source Clock Delay      (SCD):    0.973ns
    Clock Pessimism Removal (CPR):    0.039ns

    Location             Delay type                Incr(ns)  Path(ns)    Netlist Resource(s)
  -------------------------------------------------------------------    -------------------
                         (clock clk_fpga_0 rise edge)
                                                      0.000     0.000 r  
    PS7_X0Y0             PS7                          0.000     0.000 r  design_1_i/processing_system7_0/inst/PS7_i/FCLKCLK[0]
                         net (fo=1, routed)           0.310     0.310    design_1_i/processing_system7_0/inst/FCLK_CLK_unbuffered[0]
    BUFGCTRL_X0Y16       BUFG (Prop_bufg_I_O)         0.026     0.336 r  design_1_i/processing_system7_0/inst/buffer_fclk_clk_0.FCLK_CLK_0_BUFG/O
                         net (fo=1540, routed)        0.637     0.973    design_1_i/rst_ps7_0_100M/U0/SEQ/slowest_sync_clk
    SLICE_X49Y105        FDSE                                         r  design_1_i/rst_ps7_0_100M/U0/SEQ/from_sys_reg/C
  -------------------------------------------------------------------    -------------------
    SLICE_X49Y105        FDSE (Prop_fdse_C_Q)         0.128     1.101 r  design_1_i/rst_ps7_0_100M/U0/SEQ/from_sys_reg/Q
                         net (fo=10, routed)          0.145     1.246    design_1_i/rst_ps7_0_100M/U0/SEQ/SEQ_COUNTER/seq_cnt_en
    SLICE_X50Y105        FDRE                                         r  design_1_i/rst_ps7_0_100M/U0/SEQ/SEQ_COUNTER/q_int_reg[1]/CE
  -------------------------------------------------------------------    -------------------

                         (clock clk_fpga_0 rise edge)
                                                      0.000     0.000 r  
    PS7_X0Y0             PS7                          0.000     0.000 r  design_1_i/processing_system7_0/inst/PS7_i/FCLKCLK[0]
                         net (fo=1, routed)           0.337     0.337    design_1_i/processing_system7_0/inst/FCLK_CLK_unbuffered[0]
    BUFGCTRL_X0Y16       BUFG (Prop_bufg_I_O)         0.029     0.366 r  design_1_i/processing_system7_0/inst/buffer_fclk_clk_0.FCLK_CLK_0_BUFG/O
                         net (fo=1540, routed)        0.906     1.272    design_1_i/rst_ps7_0_100M/U0/SEQ/SEQ_COUNTER/slowest_sync_clk
    SLICE_X50Y105        FDRE                                         r  design_1_i/rst_ps7_0_100M/U0/SEQ/SEQ_COUNTER/q_int_reg[1]/C
                         clock pessimism             -0.039     1.233    
    SLICE_X50Y105        FDRE (Hold_fdre_C_CE)       -0.070     1.163    design_1_i/rst_ps7_0_100M/U0/SEQ/SEQ_COUNTER/q_int_reg[1]
  -------------------------------------------------------------------
                         required time                         -1.163    
                         arrival time                           1.246    
  -------------------------------------------------------------------
                         slack                                  0.083    

Slack (MET) :             0.083ns  (arrival time - required time)
  Source:                 design_1_i/rst_ps7_0_100M/U0/SEQ/from_sys_reg/C
                            (rising edge-triggered cell FDSE clocked by clk_fpga_0  {rise@0.000ns fall@5.000ns period=10.000ns})
  Destination:            design_1_i/rst_ps7_0_100M/U0/SEQ/SEQ_COUNTER/q_int_reg[2]/CE
                            (rising edge-triggered cell FDRE clocked by clk_fpga_0  {rise@0.000ns fall@5.000ns period=10.000ns})
  Path Group:             clk_fpga_0
  Path Type:              Hold (Min at Fast Process Corner)
  Requirement:            0.000ns  (clk_fpga_0 rise@0.000ns - clk_fpga_0 rise@0.000ns)
  Data Path Delay:        0.273ns  (logic 0.128ns (46.834%)  route 0.145ns (53.166%))
  Logic Levels:           0  
  Clock Path Skew:        0.260ns (DCD - SCD - CPR)
    Destination Clock Delay (DCD):    1.272ns
    Source Clock Delay      (SCD):    0.973ns
    Clock Pessimism Removal (CPR):    0.039ns

    Location             Delay type                Incr(ns)  Path(ns)    Netlist Resource(s)
  -------------------------------------------------------------------    -------------------
                         (clock clk_fpga_0 rise edge)
                                                      0.000     0.000 r  
    PS7_X0Y0             PS7                          0.000     0.000 r  design_1_i/processing_system7_0/inst/PS7_i/FCLKCLK[0]
                         net (fo=1, routed)           0.310     0.310    design_1_i/processing_system7_0/inst/FCLK_CLK_unbuffered[0]
    BUFGCTRL_X0Y16       BUFG (Prop_bufg_I_O)         0.026     0.336 r  design_1_i/processing_system7_0/inst/buffer_fclk_clk_0.FCLK_CLK_0_BUFG/O
                         net (fo=1540, routed)        0.637     0.973    design_1_i/rst_ps7_0_100M/U0/SEQ/slowest_sync_clk
    SLICE_X49Y105        FDSE                                         r  design_1_i/rst_ps7_0_100M/U0/SEQ/from_sys_reg/C
  -------------------------------------------------------------------    -------------------
    SLICE_X49Y105        FDSE (Prop_fdse_C_Q)         0.128     1.101 r  design_1_i/rst_ps7_0_100M/U0/SEQ/from_sys_reg/Q
                         net (fo=10, routed)          0.145     1.246    design_1_i/rst_ps7_0_100M/U0/SEQ/SEQ_COUNTER/seq_cnt_en
    SLICE_X50Y105        FDRE                                         r  design_1_i/rst_ps7_0_100M/U0/SEQ/SEQ_COUNTER/q_int_reg[2]/CE
  -------------------------------------------------------------------    -------------------

                         (clock clk_fpga_0 rise edge)
                                                      0.000     0.000 r  
    PS7_X0Y0             PS7                          0.000     0.000 r  design_1_i/processing_system7_0/inst/PS7_i/FCLKCLK[0]
                         net (fo=1, routed)           0.337     0.337    design_1_i/processing_system7_0/inst/FCLK_CLK_unbuffered[0]
    BUFGCTRL_X0Y16       BUFG (Prop_bufg_I_O)         0.029     0.366 r  design_1_i/processing_system7_0/inst/buffer_fclk_clk_0.FCLK_CLK_0_BUFG/O
                         net (fo=1540, routed)        0.906     1.272    design_1_i/rst_ps7_0_100M/U0/SEQ/SEQ_COUNTER/slowest_sync_clk
    SLICE_X50Y105        FDRE                                         r  design_1_i/rst_ps7_0_100M/U0/SEQ/SEQ_COUNTER/q_int_reg[2]/C
                         clock pessimism             -0.039     1.233    
    SLICE_X50Y105        FDRE (Hold_fdre_C_CE)       -0.070     1.163    design_1_i/rst_ps7_0_100M/U0/SEQ/SEQ_COUNTER/q_int_reg[2]
  -------------------------------------------------------------------
                         required time                         -1.163    
                         arrival time                           1.246    
  -------------------------------------------------------------------
                         slack                                  0.083    





Pulse Width Checks
--------------------------------------------------------------------------------------
Clock Name:         clk_fpga_0
Waveform(ns):       { 0.000 5.000 }
Period(ns):         10.000
Sources:            { design_1_i/processing_system7_0/inst/PS7_i/FCLKCLK[0] }

Check Type        Corner  Lib Pin      Reference Pin  Required(ns)  Actual(ns)  Slack(ns)  Location        Pin
Min Period        n/a     BUFG/I       n/a            2.155         10.000      7.845      BUFGCTRL_X0Y16  design_1_i/processing_system7_0/inst/buffer_fclk_clk_0.FCLK_CLK_0_BUFG/I
Min Period        n/a     FDRE/C       n/a            1.000         10.000      9.000      SLICE_X42Y89    design_1_i/axi_gpio_0/U0/ip2bus_data_i_D1_reg[0]/C
Min Period        n/a     FDRE/C       n/a            1.000         10.000      9.000      SLICE_X42Y89    design_1_i/axi_gpio_0/U0/ip2bus_data_i_D1_reg[30]/C
Min Period        n/a     FDRE/C       n/a            1.000         10.000      9.000      SLICE_X42Y89    design_1_i/axi_gpio_0/U0/ip2bus_data_i_D1_reg[31]/C
Min Period        n/a     FDRE/C       n/a            1.000         10.000      9.000      SLICE_X42Y88    design_1_i/axi_gpio_0/U0/ip2bus_rdack_i_D1_reg/C
Min Period        n/a     FDRE/C       n/a            1.000         10.000      9.000      SLICE_X42Y88    design_1_i/axi_gpio_0/U0/ip2bus_wrack_i_D1_reg/C
Min Period        n/a     FDSE/C       n/a            1.000         10.000      9.000      SLICE_X39Y89    design_1_i/axi_gpio_0/U0/AXI_LITE_IPIF_I/I_SLAVE_ATTACHMENT/FSM_onehot_state_reg[0]/C
Min Period        n/a     FDRE/C       n/a            1.000         10.000      9.000      SLICE_X41Y89    design_1_i/axi_gpio_0/U0/AXI_LITE_IPIF_I/I_SLAVE_ATTACHMENT/FSM_onehot_state_reg[1]/C
Min Period        n/a     FDRE/C       n/a            1.000         10.000      9.000      SLICE_X41Y89    design_1_i/axi_gpio_0/U0/AXI_LITE_IPIF_I/I_SLAVE_ATTACHMENT/FSM_onehot_state_reg[2]/C
Min Period        n/a     FDRE/C       n/a            1.000         10.000      9.000      SLICE_X42Y89    design_1_i/axi_gpio_0/U0/AXI_LITE_IPIF_I/I_SLAVE_ATTACHMENT/FSM_onehot_state_reg[3]/C
Low Pulse Width   Slow    SRLC32E/CLK  n/a            0.980         5.000       4.020      SLICE_X34Y90    design_1_i/ps7_0_axi_periph/s00_couplers/auto_pc/inst/gen_axilite.gen_b2s_conv.axilite_b2s/RD.r_channel_0/rd_data_fifo_0/memory_reg[31][0]_srl32/CLK
Low Pulse Width   Fast    SRLC32E/CLK  n/a            0.980         5.000       4.020      SLICE_X34Y90    design_1_i/ps7_0_axi_periph/s00_couplers/auto_pc/inst/gen_axilite.gen_b2s_conv.axilite_b2s/RD.r_channel_0/rd_data_fifo_0/memory_reg[31][0]_srl32/CLK
Low Pulse Width   Slow    SRLC32E/CLK  n/a            0.980         5.000       4.020      SLICE_X30Y92    design_1_i/ps7_0_axi_periph/s00_couplers/auto_pc/inst/gen_axilite.gen_b2s_conv.axilite_b2s/RD.r_channel_0/rd_data_fifo_0/memory_reg[31][10]_srl32/CLK
Low Pulse Width   Fast    SRLC32E/CLK  n/a            0.980         5.000       4.020      SLICE_X30Y92    design_1_i/ps7_0_axi_periph/s00_couplers/auto_pc/inst/gen_axilite.gen_b2s_conv.axilite_b2s/RD.r_channel_0/rd_data_fifo_0/memory_reg[31][10]_srl32/CLK
Low Pulse Width   Slow    SRLC32E/CLK  n/a            0.980         5.000       4.020      SLICE_X32Y91    design_1_i/ps7_0_axi_periph/s00_couplers/auto_pc/inst/gen_axilite.gen_b2s_conv.axilite_b2s/RD.r_channel_0/rd_data_fifo_0/memory_reg[31][11]_srl32/CLK
Low Pulse Width   Fast    SRLC32E/CLK  n/a            0.980         5.000       4.020      SLICE_X32Y91    design_1_i/ps7_0_axi_periph/s00_couplers/auto_pc/inst/gen_axilite.gen_b2s_conv.axilite_b2s/RD.r_channel_0/rd_data_fifo_0/memory_reg[31][11]_srl32/CLK
Low Pulse Width   Slow    SRLC32E/CLK  n/a            0.980         5.000       4.020      SLICE_X30Y92    design_1_i/ps7_0_axi_periph/s00_couplers/auto_pc/inst/gen_axilite.gen_b2s_conv.axilite_b2s/RD.r_channel_0/rd_data_fifo_0/memory_reg[31][12]_srl32/CLK
Low Pulse Width   Fast    SRLC32E/CLK  n/a            0.980         5.000       4.020      SLICE_X30Y92    design_1_i/ps7_0_axi_periph/s00_couplers/auto_pc/inst/gen_axilite.gen_b2s_conv.axilite_b2s/RD.r_channel_0/rd_data_fifo_0/memory_reg[31][12]_srl32/CLK
Low Pulse Width   Slow    SRLC32E/CLK  n/a            0.980         5.000       4.020      SLICE_X30Y92    design_1_i/ps7_0_axi_periph/s00_couplers/auto_pc/inst/gen_axilite.gen_b2s_conv.axilite_b2s/RD.r_channel_0/rd_data_fifo_0/memory_reg[31][13]_srl32/CLK
Low Pulse Width   Fast    SRLC32E/CLK  n/a            0.980         5.000       4.020      SLICE_X30Y92    design_1_i/ps7_0_axi_periph/s00_couplers/auto_pc/inst/gen_axilite.gen_b2s_conv.axilite_b2s/RD.r_channel_0/rd_data_fifo_0/memory_reg[31][13]_srl32/CLK
High Pulse Width  Slow    SRLC32E/CLK  n/a            0.980         5.000       4.020      SLICE_X34Y90    design_1_i/ps7_0_axi_periph/s00_couplers/auto_pc/inst/gen_axilite.gen_b2s_conv.axilite_b2s/RD.r_channel_0/rd_data_fifo_0/memory_reg[31][0]_srl32/CLK
High Pulse Width  Fast    SRLC32E/CLK  n/a            0.980         5.000       4.020      SLICE_X34Y90    design_1_i/ps7_0_axi_periph/s00_couplers/auto_pc/inst/gen_axilite.gen_b2s_conv.axilite_b2s/RD.r_channel_0/rd_data_fifo_0/memory_reg[31][0]_srl32/CLK
High Pulse Width  Slow    SRLC32E/CLK  n/a            0.980         5.000       4.020      SLICE_X30Y92    design_1_i/ps7_0_axi_periph/s00_couplers/auto_pc/inst/gen_axilite.gen_b2s_conv.axilite_b2s/RD.r_channel_0/rd_data_fifo_0/memory_reg[31][10]_srl32/CLK
High Pulse Width  Fast    SRLC32E/CLK  n/a            0.980         5.000       4.020      SLICE_X30Y92    design_1_i/ps7_0_axi_periph/s00_couplers/auto_pc/inst/gen_axilite.gen_b2s_conv.axilite_b2s/RD.r_channel_0/rd_data_fifo_0/memory_reg[31][10]_srl32/CLK
High Pulse Width  Slow    SRLC32E/CLK  n/a            0.980         5.000       4.020      SLICE_X32Y91    design_1_i/ps7_0_axi_periph/s00_couplers/auto_pc/inst/gen_axilite.gen_b2s_conv.axilite_b2s/RD.r_channel_0/rd_data_fifo_0/memory_reg[31][11]_srl32/CLK
High Pulse Width  Fast    SRLC32E/CLK  n/a            0.980         5.000       4.020      SLICE_X32Y91    design_1_i/ps7_0_axi_periph/s00_couplers/auto_pc/inst/gen_axilite.gen_b2s_conv.axilite_b2s/RD.r_channel_0/rd_data_fifo_0/memory_reg[31][11]_srl32/CLK
High Pulse Width  Slow    SRLC32E/CLK  n/a            0.980         5.000       4.020      SLICE_X30Y92    design_1_i/ps7_0_axi_periph/s00_couplers/auto_pc/inst/gen_axilite.gen_b2s_conv.axilite_b2s/RD.r_channel_0/rd_data_fifo_0/memory_reg[31][12]_srl32/CLK
High Pulse Width  Fast    SRLC32E/CLK  n/a            0.980         5.000       4.020      SLICE_X30Y92    design_1_i/ps7_0_axi_periph/s00_couplers/auto_pc/inst/gen_axilite.gen_b2s_conv.axilite_b2s/RD.r_channel_0/rd_data_fifo_0/memory_reg[31][12]_srl32/CLK
High Pulse Width  Slow    SRLC32E/CLK  n/a            0.980         5.000       4.020      SLICE_X30Y92    design_1_i/ps7_0_axi_periph/s00_couplers/auto_pc/inst/gen_axilite.gen_b2s_conv.axilite_b2s/RD.r_channel_0/rd_data_fifo_0/memory_reg[31][13]_srl32/CLK
High Pulse Width  Fast    SRLC32E/CLK  n/a            0.980         5.000       4.020      SLICE_X30Y92    design_1_i/ps7_0_axi_periph/s00_couplers/auto_pc/inst/gen_axilite.gen_b2s_conv.axilite_b2s/RD.r_channel_0/rd_data_fifo_0/memory_reg[31][13]_srl32/CLK



---------------------------------------------------------------------------------------------------
From Clock:  clk_in1_0
  To Clock:  clk_in1_0

Setup :           NA  Failing Endpoints,  Worst Slack           NA  ,  Total Violation           NA
Hold  :           NA  Failing Endpoints,  Worst Slack           NA  ,  Total Violation           NA
PW    :            0  Failing Endpoints,  Worst Slack        3.000ns,  Total Violation        0.000ns
---------------------------------------------------------------------------------------------------


Pulse Width Checks
--------------------------------------------------------------------------------------
Clock Name:         clk_in1_0
Waveform(ns):       { 0.000 5.000 }
Period(ns):         10.000
Sources:            { clk_in1_0 }

Check Type        Corner  Lib Pin            Reference Pin  Required(ns)  Actual(ns)  Slack(ns)  Location         Pin
Min Period        n/a     MMCME2_ADV/CLKIN1  n/a            1.249         10.000      8.751      MMCME2_ADV_X1Y2  design_1_i/clk_wiz_0/inst/mmcm_adv_inst/CLKIN1
Max Period        n/a     MMCME2_ADV/CLKIN1  n/a            100.000       10.000      90.000     MMCME2_ADV_X1Y2  design_1_i/clk_wiz_0/inst/mmcm_adv_inst/CLKIN1
Low Pulse Width   Slow    MMCME2_ADV/CLKIN1  n/a            2.000         5.000       3.000      MMCME2_ADV_X1Y2  design_1_i/clk_wiz_0/inst/mmcm_adv_inst/CLKIN1
Low Pulse Width   Fast    MMCME2_ADV/CLKIN1  n/a            2.000         5.000       3.000      MMCME2_ADV_X1Y2  design_1_i/clk_wiz_0/inst/mmcm_adv_inst/CLKIN1
High Pulse Width  Slow    MMCME2_ADV/CLKIN1  n/a            2.000         5.000       3.000      MMCME2_ADV_X1Y2  design_1_i/clk_wiz_0/inst/mmcm_adv_inst/CLKIN1
High Pulse Width  Fast    MMCME2_ADV/CLKIN1  n/a            2.000         5.000       3.000      MMCME2_ADV_X1Y2  design_1_i/clk_wiz_0/inst/mmcm_adv_inst/CLKIN1



---------------------------------------------------------------------------------------------------
From Clock:  clk_out1_design_1_clk_wiz_0_0
  To Clock:  clk_out1_design_1_clk_wiz_0_0

Setup :            0  Failing Endpoints,  Worst Slack      194.970ns,  Total Violation        0.000ns
Hold  :            0  Failing Endpoints,  Worst Slack        0.035ns,  Total Violation        0.000ns
PW    :            0  Failing Endpoints,  Worst Slack       13.360ns,  Total Violation        0.000ns
---------------------------------------------------------------------------------------------------


Max Delay Paths
--------------------------------------------------------------------------------------
Slack (MET) :             194.970ns  (required time - arrival time)
  Source:                 design_1_i/eFPGA_AXI_LM393_driv_0/U0/eFPGA_AXI_LM393_driver_slave_lite_v1_0_S00_AXI_inst/speedsensor_instance/counter_reg[28]/C
                            (rising edge-triggered cell FDRE clocked by clk_out1_design_1_clk_wiz_0_0  {rise@0.000ns fall@100.000ns period=200.000ns})
  Destination:            design_1_i/eFPGA_AXI_LM393_driv_0/U0/eFPGA_AXI_LM393_driver_slave_lite_v1_0_S00_AXI_inst/speedsensor_instance/counter_reg[1]/D
                            (rising edge-triggered cell FDRE clocked by clk_out1_design_1_clk_wiz_0_0  {rise@0.000ns fall@100.000ns period=200.000ns})
  Path Group:             clk_out1_design_1_clk_wiz_0_0
  Path Type:              Setup (Max at Slow Process Corner)
  Requirement:            200.000ns  (clk_out1_design_1_clk_wiz_0_0 rise@200.000ns - clk_out1_design_1_clk_wiz_0_0 rise@0.000ns)
  Data Path Delay:        4.391ns  (logic 0.828ns (18.857%)  route 3.563ns (81.143%))
  Logic Levels:           3  (LUT4=1 LUT5=2)
  Clock Path Skew:        -0.350ns (DCD - SCD + CPR)
    Destination Clock Delay (DCD):    -1.702ns = ( 198.298 - 200.000 ) 
    Source Clock Delay      (SCD):    -0.885ns
    Clock Pessimism Removal (CPR):    0.466ns
  Clock Uncertainty:      0.318ns  ((TSJ^2 + DJ^2)^1/2) / 2 + PE
    Total System Jitter     (TSJ):    0.071ns
    Discrete Jitter          (DJ):    0.631ns
    Phase Error              (PE):    0.000ns

    Location             Delay type                Incr(ns)  Path(ns)    Netlist Resource(s)
  -------------------------------------------------------------------    -------------------
                         (clock clk_out1_design_1_clk_wiz_0_0 rise edge)
                                                      0.000     0.000 r  
    H16                                               0.000     0.000 r  clk_in1_0 (IN)
                         net (fo=0)                   0.000     0.000    design_1_i/clk_wiz_0/inst/clk_in1
    H16                  IBUF (Prop_ibuf_I_O)         1.451     1.451 r  design_1_i/clk_wiz_0/inst/clkin1_ibufg/O
                         net (fo=1, routed)           1.285     2.736    design_1_i/clk_wiz_0/inst/clk_in1_design_1_clk_wiz_0_0
    MMCME2_ADV_X1Y2      MMCME2_ADV (Prop_mmcme2_adv_CLKIN1_CLKOUT0)
                                                     -7.759    -5.023 r  design_1_i/clk_wiz_0/inst/mmcm_adv_inst/CLKOUT0
                         net (fo=1, routed)           2.206    -2.817    design_1_i/clk_wiz_0/inst/clk_out1_design_1_clk_wiz_0_0
    BUFGCTRL_X0Y17       BUFG (Prop_bufg_I_O)         0.101    -2.716 r  design_1_i/clk_wiz_0/inst/clkout1_buf/O
                         net (fo=66, routed)          1.831    -0.885    design_1_i/eFPGA_AXI_LM393_driv_0/U0/eFPGA_AXI_LM393_driver_slave_lite_v1_0_S00_AXI_inst/speedsensor_instance/clk
    SLICE_X52Y103        FDRE                                         r  design_1_i/eFPGA_AXI_LM393_driv_0/U0/eFPGA_AXI_LM393_driver_slave_lite_v1_0_S00_AXI_inst/speedsensor_instance/counter_reg[28]/C
  -------------------------------------------------------------------    -------------------
    SLICE_X52Y103        FDRE (Prop_fdre_C_Q)         0.456    -0.429 f  design_1_i/eFPGA_AXI_LM393_driv_0/U0/eFPGA_AXI_LM393_driver_slave_lite_v1_0_S00_AXI_inst/speedsensor_instance/counter_reg[28]/Q
                         net (fo=3, routed)           1.257     0.827    design_1_i/eFPGA_AXI_LM393_driv_0/U0/eFPGA_AXI_LM393_driver_slave_lite_v1_0_S00_AXI_inst/speedsensor_instance/counter[28]
    SLICE_X51Y104        LUT4 (Prop_lut4_I1_O)        0.124     0.951 r  design_1_i/eFPGA_AXI_LM393_driv_0/U0/eFPGA_AXI_LM393_driver_slave_lite_v1_0_S00_AXI_inst/speedsensor_instance/counter[31]_i_8/O
                         net (fo=1, routed)           0.636     1.587    design_1_i/eFPGA_AXI_LM393_driv_0/U0/eFPGA_AXI_LM393_driver_slave_lite_v1_0_S00_AXI_inst/speedsensor_instance/counter[31]_i_8_n_0
    SLICE_X51Y103        LUT5 (Prop_lut5_I4_O)        0.124     1.711 r  design_1_i/eFPGA_AXI_LM393_driv_0/U0/eFPGA_AXI_LM393_driver_slave_lite_v1_0_S00_AXI_inst/speedsensor_instance/counter[31]_i_4/O
                         net (fo=32, routed)          1.670     3.381    design_1_i/eFPGA_AXI_LM393_driv_0/U0/eFPGA_AXI_LM393_driver_slave_lite_v1_0_S00_AXI_inst/speedsensor_instance/counter[31]_i_4_n_0
    SLICE_X51Y97         LUT5 (Prop_lut5_I1_O)        0.124     3.505 r  design_1_i/eFPGA_AXI_LM393_driv_0/U0/eFPGA_AXI_LM393_driver_slave_lite_v1_0_S00_AXI_inst/speedsensor_instance/counter[1]_i_1/O
                         net (fo=1, routed)           0.000     3.505    design_1_i/eFPGA_AXI_LM393_driv_0/U0/eFPGA_AXI_LM393_driver_slave_lite_v1_0_S00_AXI_inst/speedsensor_instance/counter_0[1]
    SLICE_X51Y97         FDRE                                         r  design_1_i/eFPGA_AXI_LM393_driv_0/U0/eFPGA_AXI_LM393_driver_slave_lite_v1_0_S00_AXI_inst/speedsensor_instance/counter_reg[1]/D
  -------------------------------------------------------------------    -------------------

                         (clock clk_out1_design_1_clk_wiz_0_0 rise edge)
                                                    200.000   200.000 r  
    H16                                               0.000   200.000 r  clk_in1_0 (IN)
                         net (fo=0)                   0.000   200.000    design_1_i/clk_wiz_0/inst/clk_in1
    H16                  IBUF (Prop_ibuf_I_O)         1.380   201.380 r  design_1_i/clk_wiz_0/inst/clkin1_ibufg/O
                         net (fo=1, routed)           1.162   202.542    design_1_i/clk_wiz_0/inst/clk_in1_design_1_clk_wiz_0_0
    MMCME2_ADV_X1Y2      MMCME2_ADV (Prop_mmcme2_adv_CLKIN1_CLKOUT0)
                                                     -7.814   194.728 r  design_1_i/clk_wiz_0/inst/mmcm_adv_inst/CLKOUT0
                         net (fo=1, routed)           2.012   196.740    design_1_i/clk_wiz_0/inst/clk_out1_design_1_clk_wiz_0_0
    BUFGCTRL_X0Y17       BUFG (Prop_bufg_I_O)         0.091   196.831 r  design_1_i/clk_wiz_0/inst/clkout1_buf/O
                         net (fo=66, routed)          1.467   198.298    design_1_i/eFPGA_AXI_LM393_driv_0/U0/eFPGA_AXI_LM393_driver_slave_lite_v1_0_S00_AXI_inst/speedsensor_instance/clk
    SLICE_X51Y97         FDRE                                         r  design_1_i/eFPGA_AXI_LM393_driv_0/U0/eFPGA_AXI_LM393_driver_slave_lite_v1_0_S00_AXI_inst/speedsensor_instance/counter_reg[1]/C
                         clock pessimism              0.466   198.764    
                         clock uncertainty           -0.318   198.447    
    SLICE_X51Y97         FDRE (Setup_fdre_C_D)        0.029   198.476    design_1_i/eFPGA_AXI_LM393_driv_0/U0/eFPGA_AXI_LM393_driver_slave_lite_v1_0_S00_AXI_inst/speedsensor_instance/counter_reg[1]
  -------------------------------------------------------------------
                         required time                        198.476    
                         arrival time                          -3.505    
  -------------------------------------------------------------------
                         slack                                194.970    

Slack (MET) :             195.017ns  (required time - arrival time)
  Source:                 design_1_i/eFPGA_AXI_LM393_driv_0/U0/eFPGA_AXI_LM393_driver_slave_lite_v1_0_S00_AXI_inst/speedsensor_instance/counter_reg[28]/C
                            (rising edge-triggered cell FDRE clocked by clk_out1_design_1_clk_wiz_0_0  {rise@0.000ns fall@100.000ns period=200.000ns})
  Destination:            design_1_i/eFPGA_AXI_LM393_driv_0/U0/eFPGA_AXI_LM393_driver_slave_lite_v1_0_S00_AXI_inst/speedsensor_instance/counter_reg[4]/D
                            (rising edge-triggered cell FDRE clocked by clk_out1_design_1_clk_wiz_0_0  {rise@0.000ns fall@100.000ns period=200.000ns})
  Path Group:             clk_out1_design_1_clk_wiz_0_0
  Path Type:              Setup (Max at Slow Process Corner)
  Requirement:            200.000ns  (clk_out1_design_1_clk_wiz_0_0 rise@200.000ns - clk_out1_design_1_clk_wiz_0_0 rise@0.000ns)
  Data Path Delay:        4.346ns  (logic 0.828ns (19.051%)  route 3.518ns (80.949%))
  Logic Levels:           3  (LUT4=1 LUT5=2)
  Clock Path Skew:        -0.350ns (DCD - SCD + CPR)
    Destination Clock Delay (DCD):    -1.702ns = ( 198.298 - 200.000 ) 
    Source Clock Delay      (SCD):    -0.885ns
    Clock Pessimism Removal (CPR):    0.466ns
  Clock Uncertainty:      0.318ns  ((TSJ^2 + DJ^2)^1/2) / 2 + PE
    Total System Jitter     (TSJ):    0.071ns
    Discrete Jitter          (DJ):    0.631ns
    Phase Error              (PE):    0.000ns

    Location             Delay type                Incr(ns)  Path(ns)    Netlist Resource(s)
  -------------------------------------------------------------------    -------------------
                         (clock clk_out1_design_1_clk_wiz_0_0 rise edge)
                                                      0.000     0.000 r  
    H16                                               0.000     0.000 r  clk_in1_0 (IN)
                         net (fo=0)                   0.000     0.000    design_1_i/clk_wiz_0/inst/clk_in1
    H16                  IBUF (Prop_ibuf_I_O)         1.451     1.451 r  design_1_i/clk_wiz_0/inst/clkin1_ibufg/O
                         net (fo=1, routed)           1.285     2.736    design_1_i/clk_wiz_0/inst/clk_in1_design_1_clk_wiz_0_0
    MMCME2_ADV_X1Y2      MMCME2_ADV (Prop_mmcme2_adv_CLKIN1_CLKOUT0)
                                                     -7.759    -5.023 r  design_1_i/clk_wiz_0/inst/mmcm_adv_inst/CLKOUT0
                         net (fo=1, routed)           2.206    -2.817    design_1_i/clk_wiz_0/inst/clk_out1_design_1_clk_wiz_0_0
    BUFGCTRL_X0Y17       BUFG (Prop_bufg_I_O)         0.101    -2.716 r  design_1_i/clk_wiz_0/inst/clkout1_buf/O
                         net (fo=66, routed)          1.831    -0.885    design_1_i/eFPGA_AXI_LM393_driv_0/U0/eFPGA_AXI_LM393_driver_slave_lite_v1_0_S00_AXI_inst/speedsensor_instance/clk
    SLICE_X52Y103        FDRE                                         r  design_1_i/eFPGA_AXI_LM393_driv_0/U0/eFPGA_AXI_LM393_driver_slave_lite_v1_0_S00_AXI_inst/speedsensor_instance/counter_reg[28]/C
  -------------------------------------------------------------------    -------------------
    SLICE_X52Y103        FDRE (Prop_fdre_C_Q)         0.456    -0.429 f  design_1_i/eFPGA_AXI_LM393_driv_0/U0/eFPGA_AXI_LM393_driver_slave_lite_v1_0_S00_AXI_inst/speedsensor_instance/counter_reg[28]/Q
                         net (fo=3, routed)           1.257     0.827    design_1_i/eFPGA_AXI_LM393_driv_0/U0/eFPGA_AXI_LM393_driver_slave_lite_v1_0_S00_AXI_inst/speedsensor_instance/counter[28]
    SLICE_X51Y104        LUT4 (Prop_lut4_I1_O)        0.124     0.951 r  design_1_i/eFPGA_AXI_LM393_driv_0/U0/eFPGA_AXI_LM393_driver_slave_lite_v1_0_S00_AXI_inst/speedsensor_instance/counter[31]_i_8/O
                         net (fo=1, routed)           0.636     1.587    design_1_i/eFPGA_AXI_LM393_driv_0/U0/eFPGA_AXI_LM393_driver_slave_lite_v1_0_S00_AXI_inst/speedsensor_instance/counter[31]_i_8_n_0
    SLICE_X51Y103        LUT5 (Prop_lut5_I4_O)        0.124     1.711 r  design_1_i/eFPGA_AXI_LM393_driv_0/U0/eFPGA_AXI_LM393_driver_slave_lite_v1_0_S00_AXI_inst/speedsensor_instance/counter[31]_i_4/O
                         net (fo=32, routed)          1.626     3.337    design_1_i/eFPGA_AXI_LM393_driv_0/U0/eFPGA_AXI_LM393_driver_slave_lite_v1_0_S00_AXI_inst/speedsensor_instance/counter[31]_i_4_n_0
    SLICE_X51Y97         LUT5 (Prop_lut5_I1_O)        0.124     3.461 r  design_1_i/eFPGA_AXI_LM393_driv_0/U0/eFPGA_AXI_LM393_driver_slave_lite_v1_0_S00_AXI_inst/speedsensor_instance/counter[4]_i_1/O
                         net (fo=1, routed)           0.000     3.461    design_1_i/eFPGA_AXI_LM393_driv_0/U0/eFPGA_AXI_LM393_driver_slave_lite_v1_0_S00_AXI_inst/speedsensor_instance/counter_0[4]
    SLICE_X51Y97         FDRE                                         r  design_1_i/eFPGA_AXI_LM393_driv_0/U0/eFPGA_AXI_LM393_driver_slave_lite_v1_0_S00_AXI_inst/speedsensor_instance/counter_reg[4]/D
  -------------------------------------------------------------------    -------------------

                         (clock clk_out1_design_1_clk_wiz_0_0 rise edge)
                                                    200.000   200.000 r  
    H16                                               0.000   200.000 r  clk_in1_0 (IN)
                         net (fo=0)                   0.000   200.000    design_1_i/clk_wiz_0/inst/clk_in1
    H16                  IBUF (Prop_ibuf_I_O)         1.380   201.380 r  design_1_i/clk_wiz_0/inst/clkin1_ibufg/O
                         net (fo=1, routed)           1.162   202.542    design_1_i/clk_wiz_0/inst/clk_in1_design_1_clk_wiz_0_0
    MMCME2_ADV_X1Y2      MMCME2_ADV (Prop_mmcme2_adv_CLKIN1_CLKOUT0)
                                                     -7.814   194.728 r  design_1_i/clk_wiz_0/inst/mmcm_adv_inst/CLKOUT0
                         net (fo=1, routed)           2.012   196.740    design_1_i/clk_wiz_0/inst/clk_out1_design_1_clk_wiz_0_0
    BUFGCTRL_X0Y17       BUFG (Prop_bufg_I_O)         0.091   196.831 r  design_1_i/clk_wiz_0/inst/clkout1_buf/O
                         net (fo=66, routed)          1.467   198.298    design_1_i/eFPGA_AXI_LM393_driv_0/U0/eFPGA_AXI_LM393_driver_slave_lite_v1_0_S00_AXI_inst/speedsensor_instance/clk
    SLICE_X51Y97         FDRE                                         r  design_1_i/eFPGA_AXI_LM393_driv_0/U0/eFPGA_AXI_LM393_driver_slave_lite_v1_0_S00_AXI_inst/speedsensor_instance/counter_reg[4]/C
                         clock pessimism              0.466   198.764    
                         clock uncertainty           -0.318   198.447    
    SLICE_X51Y97         FDRE (Setup_fdre_C_D)        0.031   198.478    design_1_i/eFPGA_AXI_LM393_driv_0/U0/eFPGA_AXI_LM393_driver_slave_lite_v1_0_S00_AXI_inst/speedsensor_instance/counter_reg[4]
  -------------------------------------------------------------------
                         required time                        198.478    
                         arrival time                          -3.461    
  -------------------------------------------------------------------
                         slack                                195.017    

Slack (MET) :             195.121ns  (required time - arrival time)
  Source:                 design_1_i/eFPGA_AXI_LM393_driv_0/U0/eFPGA_AXI_LM393_driver_slave_lite_v1_0_S00_AXI_inst/speedsensor_instance/counter_reg[28]/C
                            (rising edge-triggered cell FDRE clocked by clk_out1_design_1_clk_wiz_0_0  {rise@0.000ns fall@100.000ns period=200.000ns})
  Destination:            design_1_i/eFPGA_AXI_LM393_driv_0/U0/eFPGA_AXI_LM393_driver_slave_lite_v1_0_S00_AXI_inst/speedsensor_instance/counter_reg[2]/D
                            (rising edge-triggered cell FDRE clocked by clk_out1_design_1_clk_wiz_0_0  {rise@0.000ns fall@100.000ns period=200.000ns})
  Path Group:             clk_out1_design_1_clk_wiz_0_0
  Path Type:              Setup (Max at Slow Process Corner)
  Requirement:            200.000ns  (clk_out1_design_1_clk_wiz_0_0 rise@200.000ns - clk_out1_design_1_clk_wiz_0_0 rise@0.000ns)
  Data Path Delay:        4.240ns  (logic 0.828ns (19.529%)  route 3.412ns (80.471%))
  Logic Levels:           3  (LUT4=1 LUT5=2)
  Clock Path Skew:        -0.350ns (DCD - SCD + CPR)
    Destination Clock Delay (DCD):    -1.702ns = ( 198.298 - 200.000 ) 
    Source Clock Delay      (SCD):    -0.885ns
    Clock Pessimism Removal (CPR):    0.466ns
  Clock Uncertainty:      0.318ns  ((TSJ^2 + DJ^2)^1/2) / 2 + PE
    Total System Jitter     (TSJ):    0.071ns
    Discrete Jitter          (DJ):    0.631ns
    Phase Error              (PE):    0.000ns

    Location             Delay type                Incr(ns)  Path(ns)    Netlist Resource(s)
  -------------------------------------------------------------------    -------------------
                         (clock clk_out1_design_1_clk_wiz_0_0 rise edge)
                                                      0.000     0.000 r  
    H16                                               0.000     0.000 r  clk_in1_0 (IN)
                         net (fo=0)                   0.000     0.000    design_1_i/clk_wiz_0/inst/clk_in1
    H16                  IBUF (Prop_ibuf_I_O)         1.451     1.451 r  design_1_i/clk_wiz_0/inst/clkin1_ibufg/O
                         net (fo=1, routed)           1.285     2.736    design_1_i/clk_wiz_0/inst/clk_in1_design_1_clk_wiz_0_0
    MMCME2_ADV_X1Y2      MMCME2_ADV (Prop_mmcme2_adv_CLKIN1_CLKOUT0)
                                                     -7.759    -5.023 r  design_1_i/clk_wiz_0/inst/mmcm_adv_inst/CLKOUT0
                         net (fo=1, routed)           2.206    -2.817    design_1_i/clk_wiz_0/inst/clk_out1_design_1_clk_wiz_0_0
    BUFGCTRL_X0Y17       BUFG (Prop_bufg_I_O)         0.101    -2.716 r  design_1_i/clk_wiz_0/inst/clkout1_buf/O
                         net (fo=66, routed)          1.831    -0.885    design_1_i/eFPGA_AXI_LM393_driv_0/U0/eFPGA_AXI_LM393_driver_slave_lite_v1_0_S00_AXI_inst/speedsensor_instance/clk
    SLICE_X52Y103        FDRE                                         r  design_1_i/eFPGA_AXI_LM393_driv_0/U0/eFPGA_AXI_LM393_driver_slave_lite_v1_0_S00_AXI_inst/speedsensor_instance/counter_reg[28]/C
  -------------------------------------------------------------------    -------------------
    SLICE_X52Y103        FDRE (Prop_fdre_C_Q)         0.456    -0.429 f  design_1_i/eFPGA_AXI_LM393_driv_0/U0/eFPGA_AXI_LM393_driver_slave_lite_v1_0_S00_AXI_inst/speedsensor_instance/counter_reg[28]/Q
                         net (fo=3, routed)           1.257     0.827    design_1_i/eFPGA_AXI_LM393_driv_0/U0/eFPGA_AXI_LM393_driver_slave_lite_v1_0_S00_AXI_inst/speedsensor_instance/counter[28]
    SLICE_X51Y104        LUT4 (Prop_lut4_I1_O)        0.124     0.951 r  design_1_i/eFPGA_AXI_LM393_driv_0/U0/eFPGA_AXI_LM393_driver_slave_lite_v1_0_S00_AXI_inst/speedsensor_instance/counter[31]_i_8/O
                         net (fo=1, routed)           0.636     1.587    design_1_i/eFPGA_AXI_LM393_driv_0/U0/eFPGA_AXI_LM393_driver_slave_lite_v1_0_S00_AXI_inst/speedsensor_instance/counter[31]_i_8_n_0
    SLICE_X51Y103        LUT5 (Prop_lut5_I4_O)        0.124     1.711 r  design_1_i/eFPGA_AXI_LM393_driv_0/U0/eFPGA_AXI_LM393_driver_slave_lite_v1_0_S00_AXI_inst/speedsensor_instance/counter[31]_i_4/O
                         net (fo=32, routed)          1.519     3.231    design_1_i/eFPGA_AXI_LM393_driv_0/U0/eFPGA_AXI_LM393_driver_slave_lite_v1_0_S00_AXI_inst/speedsensor_instance/counter[31]_i_4_n_0
    SLICE_X52Y97         LUT5 (Prop_lut5_I1_O)        0.124     3.355 r  design_1_i/eFPGA_AXI_LM393_driv_0/U0/eFPGA_AXI_LM393_driver_slave_lite_v1_0_S00_AXI_inst/speedsensor_instance/counter[2]_i_1/O
                         net (fo=1, routed)           0.000     3.355    design_1_i/eFPGA_AXI_LM393_driv_0/U0/eFPGA_AXI_LM393_driver_slave_lite_v1_0_S00_AXI_inst/speedsensor_instance/counter_0[2]
    SLICE_X52Y97         FDRE                                         r  design_1_i/eFPGA_AXI_LM393_driv_0/U0/eFPGA_AXI_LM393_driver_slave_lite_v1_0_S00_AXI_inst/speedsensor_instance/counter_reg[2]/D
  -------------------------------------------------------------------    -------------------

                         (clock clk_out1_design_1_clk_wiz_0_0 rise edge)
                                                    200.000   200.000 r  
    H16                                               0.000   200.000 r  clk_in1_0 (IN)
                         net (fo=0)                   0.000   200.000    design_1_i/clk_wiz_0/inst/clk_in1
    H16                  IBUF (Prop_ibuf_I_O)         1.380   201.380 r  design_1_i/clk_wiz_0/inst/clkin1_ibufg/O
                         net (fo=1, routed)           1.162   202.542    design_1_i/clk_wiz_0/inst/clk_in1_design_1_clk_wiz_0_0
    MMCME2_ADV_X1Y2      MMCME2_ADV (Prop_mmcme2_adv_CLKIN1_CLKOUT0)
                                                     -7.814   194.728 r  design_1_i/clk_wiz_0/inst/mmcm_adv_inst/CLKOUT0
                         net (fo=1, routed)           2.012   196.740    design_1_i/clk_wiz_0/inst/clk_out1_design_1_clk_wiz_0_0
    BUFGCTRL_X0Y17       BUFG (Prop_bufg_I_O)         0.091   196.831 r  design_1_i/clk_wiz_0/inst/clkout1_buf/O
                         net (fo=66, routed)          1.467   198.298    design_1_i/eFPGA_AXI_LM393_driv_0/U0/eFPGA_AXI_LM393_driver_slave_lite_v1_0_S00_AXI_inst/speedsensor_instance/clk
    SLICE_X52Y97         FDRE                                         r  design_1_i/eFPGA_AXI_LM393_driv_0/U0/eFPGA_AXI_LM393_driver_slave_lite_v1_0_S00_AXI_inst/speedsensor_instance/counter_reg[2]/C
                         clock pessimism              0.466   198.764    
                         clock uncertainty           -0.318   198.447    
    SLICE_X52Y97         FDRE (Setup_fdre_C_D)        0.029   198.476    design_1_i/eFPGA_AXI_LM393_driv_0/U0/eFPGA_AXI_LM393_driver_slave_lite_v1_0_S00_AXI_inst/speedsensor_instance/counter_reg[2]
  -------------------------------------------------------------------
                         required time                        198.476    
                         arrival time                          -3.355    
  -------------------------------------------------------------------
                         slack                                195.121    

Slack (MET) :             195.121ns  (required time - arrival time)
  Source:                 design_1_i/eFPGA_AXI_LM393_driv_0/U0/eFPGA_AXI_LM393_driver_slave_lite_v1_0_S00_AXI_inst/speedsensor_instance/counter_reg[28]/C
                            (rising edge-triggered cell FDRE clocked by clk_out1_design_1_clk_wiz_0_0  {rise@0.000ns fall@100.000ns period=200.000ns})
  Destination:            design_1_i/eFPGA_AXI_LM393_driv_0/U0/eFPGA_AXI_LM393_driver_slave_lite_v1_0_S00_AXI_inst/speedsensor_instance/counter_reg[12]/D
                            (rising edge-triggered cell FDRE clocked by clk_out1_design_1_clk_wiz_0_0  {rise@0.000ns fall@100.000ns period=200.000ns})
  Path Group:             clk_out1_design_1_clk_wiz_0_0
  Path Type:              Setup (Max at Slow Process Corner)
  Requirement:            200.000ns  (clk_out1_design_1_clk_wiz_0_0 rise@200.000ns - clk_out1_design_1_clk_wiz_0_0 rise@0.000ns)
  Data Path Delay:        4.242ns  (logic 0.828ns (19.520%)  route 3.414ns (80.480%))
  Logic Levels:           3  (LUT4=1 LUT5=2)
  Clock Path Skew:        -0.350ns (DCD - SCD + CPR)
    Destination Clock Delay (DCD):    -1.702ns = ( 198.298 - 200.000 ) 
    Source Clock Delay      (SCD):    -0.885ns
    Clock Pessimism Removal (CPR):    0.466ns
  Clock Uncertainty:      0.318ns  ((TSJ^2 + DJ^2)^1/2) / 2 + PE
    Total System Jitter     (TSJ):    0.071ns
    Discrete Jitter          (DJ):    0.631ns
    Phase Error              (PE):    0.000ns

    Location             Delay type                Incr(ns)  Path(ns)    Netlist Resource(s)
  -------------------------------------------------------------------    -------------------
                         (clock clk_out1_design_1_clk_wiz_0_0 rise edge)
                                                      0.000     0.000 r  
    H16                                               0.000     0.000 r  clk_in1_0 (IN)
                         net (fo=0)                   0.000     0.000    design_1_i/clk_wiz_0/inst/clk_in1
    H16                  IBUF (Prop_ibuf_I_O)         1.451     1.451 r  design_1_i/clk_wiz_0/inst/clkin1_ibufg/O
                         net (fo=1, routed)           1.285     2.736    design_1_i/clk_wiz_0/inst/clk_in1_design_1_clk_wiz_0_0
    MMCME2_ADV_X1Y2      MMCME2_ADV (Prop_mmcme2_adv_CLKIN1_CLKOUT0)
                                                     -7.759    -5.023 r  design_1_i/clk_wiz_0/inst/mmcm_adv_inst/CLKOUT0
                         net (fo=1, routed)           2.206    -2.817    design_1_i/clk_wiz_0/inst/clk_out1_design_1_clk_wiz_0_0
    BUFGCTRL_X0Y17       BUFG (Prop_bufg_I_O)         0.101    -2.716 r  design_1_i/clk_wiz_0/inst/clkout1_buf/O
                         net (fo=66, routed)          1.831    -0.885    design_1_i/eFPGA_AXI_LM393_driv_0/U0/eFPGA_AXI_LM393_driver_slave_lite_v1_0_S00_AXI_inst/speedsensor_instance/clk
    SLICE_X52Y103        FDRE                                         r  design_1_i/eFPGA_AXI_LM393_driv_0/U0/eFPGA_AXI_LM393_driver_slave_lite_v1_0_S00_AXI_inst/speedsensor_instance/counter_reg[28]/C
  -------------------------------------------------------------------    -------------------
    SLICE_X52Y103        FDRE (Prop_fdre_C_Q)         0.456    -0.429 f  design_1_i/eFPGA_AXI_LM393_driv_0/U0/eFPGA_AXI_LM393_driver_slave_lite_v1_0_S00_AXI_inst/speedsensor_instance/counter_reg[28]/Q
                         net (fo=3, routed)           1.257     0.827    design_1_i/eFPGA_AXI_LM393_driv_0/U0/eFPGA_AXI_LM393_driver_slave_lite_v1_0_S00_AXI_inst/speedsensor_instance/counter[28]
    SLICE_X51Y104        LUT4 (Prop_lut4_I1_O)        0.124     0.951 r  design_1_i/eFPGA_AXI_LM393_driv_0/U0/eFPGA_AXI_LM393_driver_slave_lite_v1_0_S00_AXI_inst/speedsensor_instance/counter[31]_i_8/O
                         net (fo=1, routed)           0.636     1.587    design_1_i/eFPGA_AXI_LM393_driv_0/U0/eFPGA_AXI_LM393_driver_slave_lite_v1_0_S00_AXI_inst/speedsensor_instance/counter[31]_i_8_n_0
    SLICE_X51Y103        LUT5 (Prop_lut5_I4_O)        0.124     1.711 r  design_1_i/eFPGA_AXI_LM393_driv_0/U0/eFPGA_AXI_LM393_driver_slave_lite_v1_0_S00_AXI_inst/speedsensor_instance/counter[31]_i_4/O
                         net (fo=32, routed)          1.521     3.233    design_1_i/eFPGA_AXI_LM393_driv_0/U0/eFPGA_AXI_LM393_driver_slave_lite_v1_0_S00_AXI_inst/speedsensor_instance/counter[31]_i_4_n_0
    SLICE_X51Y99         LUT5 (Prop_lut5_I1_O)        0.124     3.357 r  design_1_i/eFPGA_AXI_LM393_driv_0/U0/eFPGA_AXI_LM393_driver_slave_lite_v1_0_S00_AXI_inst/speedsensor_instance/counter[12]_i_1/O
                         net (fo=1, routed)           0.000     3.357    design_1_i/eFPGA_AXI_LM393_driv_0/U0/eFPGA_AXI_LM393_driver_slave_lite_v1_0_S00_AXI_inst/speedsensor_instance/counter_0[12]
    SLICE_X51Y99         FDRE                                         r  design_1_i/eFPGA_AXI_LM393_driv_0/U0/eFPGA_AXI_LM393_driver_slave_lite_v1_0_S00_AXI_inst/speedsensor_instance/counter_reg[12]/D
  -------------------------------------------------------------------    -------------------

                         (clock clk_out1_design_1_clk_wiz_0_0 rise edge)
                                                    200.000   200.000 r  
    H16                                               0.000   200.000 r  clk_in1_0 (IN)
                         net (fo=0)                   0.000   200.000    design_1_i/clk_wiz_0/inst/clk_in1
    H16                  IBUF (Prop_ibuf_I_O)         1.380   201.380 r  design_1_i/clk_wiz_0/inst/clkin1_ibufg/O
                         net (fo=1, routed)           1.162   202.542    design_1_i/clk_wiz_0/inst/clk_in1_design_1_clk_wiz_0_0
    MMCME2_ADV_X1Y2      MMCME2_ADV (Prop_mmcme2_adv_CLKIN1_CLKOUT0)
                                                     -7.814   194.728 r  design_1_i/clk_wiz_0/inst/mmcm_adv_inst/CLKOUT0
                         net (fo=1, routed)           2.012   196.740    design_1_i/clk_wiz_0/inst/clk_out1_design_1_clk_wiz_0_0
    BUFGCTRL_X0Y17       BUFG (Prop_bufg_I_O)         0.091   196.831 r  design_1_i/clk_wiz_0/inst/clkout1_buf/O
                         net (fo=66, routed)          1.467   198.298    design_1_i/eFPGA_AXI_LM393_driv_0/U0/eFPGA_AXI_LM393_driver_slave_lite_v1_0_S00_AXI_inst/speedsensor_instance/clk
    SLICE_X51Y99         FDRE                                         r  design_1_i/eFPGA_AXI_LM393_driv_0/U0/eFPGA_AXI_LM393_driver_slave_lite_v1_0_S00_AXI_inst/speedsensor_instance/counter_reg[12]/C
                         clock pessimism              0.466   198.764    
                         clock uncertainty           -0.318   198.447    
    SLICE_X51Y99         FDRE (Setup_fdre_C_D)        0.031   198.478    design_1_i/eFPGA_AXI_LM393_driv_0/U0/eFPGA_AXI_LM393_driver_slave_lite_v1_0_S00_AXI_inst/speedsensor_instance/counter_reg[12]
  -------------------------------------------------------------------
                         required time                        198.478    
                         arrival time                          -3.357    
  -------------------------------------------------------------------
                         slack                                195.121    

Slack (MET) :             195.121ns  (required time - arrival time)
  Source:                 design_1_i/eFPGA_AXI_LM393_driv_0/U0/eFPGA_AXI_LM393_driver_slave_lite_v1_0_S00_AXI_inst/speedsensor_instance/counter_reg[28]/C
                            (rising edge-triggered cell FDRE clocked by clk_out1_design_1_clk_wiz_0_0  {rise@0.000ns fall@100.000ns period=200.000ns})
  Destination:            design_1_i/eFPGA_AXI_LM393_driv_0/U0/eFPGA_AXI_LM393_driver_slave_lite_v1_0_S00_AXI_inst/speedsensor_instance/counter_reg[11]/D
                            (rising edge-triggered cell FDRE clocked by clk_out1_design_1_clk_wiz_0_0  {rise@0.000ns fall@100.000ns period=200.000ns})
  Path Group:             clk_out1_design_1_clk_wiz_0_0
  Path Type:              Setup (Max at Slow Process Corner)
  Requirement:            200.000ns  (clk_out1_design_1_clk_wiz_0_0 rise@200.000ns - clk_out1_design_1_clk_wiz_0_0 rise@0.000ns)
  Data Path Delay:        4.240ns  (logic 0.828ns (19.529%)  route 3.412ns (80.471%))
  Logic Levels:           3  (LUT4=1 LUT5=2)
  Clock Path Skew:        -0.350ns (DCD - SCD + CPR)
    Destination Clock Delay (DCD):    -1.702ns = ( 198.298 - 200.000 ) 
    Source Clock Delay      (SCD):    -0.885ns
    Clock Pessimism Removal (CPR):    0.466ns
  Clock Uncertainty:      0.318ns  ((TSJ^2 + DJ^2)^1/2) / 2 + PE
    Total System Jitter     (TSJ):    0.071ns
    Discrete Jitter          (DJ):    0.631ns
    Phase Error              (PE):    0.000ns

    Location             Delay type                Incr(ns)  Path(ns)    Netlist Resource(s)
  -------------------------------------------------------------------    -------------------
                         (clock clk_out1_design_1_clk_wiz_0_0 rise edge)
                                                      0.000     0.000 r  
    H16                                               0.000     0.000 r  clk_in1_0 (IN)
                         net (fo=0)                   0.000     0.000    design_1_i/clk_wiz_0/inst/clk_in1
    H16                  IBUF (Prop_ibuf_I_O)         1.451     1.451 r  design_1_i/clk_wiz_0/inst/clkin1_ibufg/O
                         net (fo=1, routed)           1.285     2.736    design_1_i/clk_wiz_0/inst/clk_in1_design_1_clk_wiz_0_0
    MMCME2_ADV_X1Y2      MMCME2_ADV (Prop_mmcme2_adv_CLKIN1_CLKOUT0)
                                                     -7.759    -5.023 r  design_1_i/clk_wiz_0/inst/mmcm_adv_inst/CLKOUT0
                         net (fo=1, routed)           2.206    -2.817    design_1_i/clk_wiz_0/inst/clk_out1_design_1_clk_wiz_0_0
    BUFGCTRL_X0Y17       BUFG (Prop_bufg_I_O)         0.101    -2.716 r  design_1_i/clk_wiz_0/inst/clkout1_buf/O
                         net (fo=66, routed)          1.831    -0.885    design_1_i/eFPGA_AXI_LM393_driv_0/U0/eFPGA_AXI_LM393_driver_slave_lite_v1_0_S00_AXI_inst/speedsensor_instance/clk
    SLICE_X52Y103        FDRE                                         r  design_1_i/eFPGA_AXI_LM393_driv_0/U0/eFPGA_AXI_LM393_driver_slave_lite_v1_0_S00_AXI_inst/speedsensor_instance/counter_reg[28]/C
  -------------------------------------------------------------------    -------------------
    SLICE_X52Y103        FDRE (Prop_fdre_C_Q)         0.456    -0.429 f  design_1_i/eFPGA_AXI_LM393_driv_0/U0/eFPGA_AXI_LM393_driver_slave_lite_v1_0_S00_AXI_inst/speedsensor_instance/counter_reg[28]/Q
                         net (fo=3, routed)           1.257     0.827    design_1_i/eFPGA_AXI_LM393_driv_0/U0/eFPGA_AXI_LM393_driver_slave_lite_v1_0_S00_AXI_inst/speedsensor_instance/counter[28]
    SLICE_X51Y104        LUT4 (Prop_lut4_I1_O)        0.124     0.951 r  design_1_i/eFPGA_AXI_LM393_driv_0/U0/eFPGA_AXI_LM393_driver_slave_lite_v1_0_S00_AXI_inst/speedsensor_instance/counter[31]_i_8/O
                         net (fo=1, routed)           0.636     1.587    design_1_i/eFPGA_AXI_LM393_driv_0/U0/eFPGA_AXI_LM393_driver_slave_lite_v1_0_S00_AXI_inst/speedsensor_instance/counter[31]_i_8_n_0
    SLICE_X51Y103        LUT5 (Prop_lut5_I4_O)        0.124     1.711 r  design_1_i/eFPGA_AXI_LM393_driv_0/U0/eFPGA_AXI_LM393_driver_slave_lite_v1_0_S00_AXI_inst/speedsensor_instance/counter[31]_i_4/O
                         net (fo=32, routed)          1.519     3.231    design_1_i/eFPGA_AXI_LM393_driv_0/U0/eFPGA_AXI_LM393_driver_slave_lite_v1_0_S00_AXI_inst/speedsensor_instance/counter[31]_i_4_n_0
    SLICE_X51Y99         LUT5 (Prop_lut5_I1_O)        0.124     3.355 r  design_1_i/eFPGA_AXI_LM393_driv_0/U0/eFPGA_AXI_LM393_driver_slave_lite_v1_0_S00_AXI_inst/speedsensor_instance/counter[11]_i_1/O
                         net (fo=1, routed)           0.000     3.355    design_1_i/eFPGA_AXI_LM393_driv_0/U0/eFPGA_AXI_LM393_driver_slave_lite_v1_0_S00_AXI_inst/speedsensor_instance/counter_0[11]
    SLICE_X51Y99         FDRE                                         r  design_1_i/eFPGA_AXI_LM393_driv_0/U0/eFPGA_AXI_LM393_driver_slave_lite_v1_0_S00_AXI_inst/speedsensor_instance/counter_reg[11]/D
  -------------------------------------------------------------------    -------------------

                         (clock clk_out1_design_1_clk_wiz_0_0 rise edge)
                                                    200.000   200.000 r  
    H16                                               0.000   200.000 r  clk_in1_0 (IN)
                         net (fo=0)                   0.000   200.000    design_1_i/clk_wiz_0/inst/clk_in1
    H16                  IBUF (Prop_ibuf_I_O)         1.380   201.380 r  design_1_i/clk_wiz_0/inst/clkin1_ibufg/O
                         net (fo=1, routed)           1.162   202.542    design_1_i/clk_wiz_0/inst/clk_in1_design_1_clk_wiz_0_0
    MMCME2_ADV_X1Y2      MMCME2_ADV (Prop_mmcme2_adv_CLKIN1_CLKOUT0)
                                                     -7.814   194.728 r  design_1_i/clk_wiz_0/inst/mmcm_adv_inst/CLKOUT0
                         net (fo=1, routed)           2.012   196.740    design_1_i/clk_wiz_0/inst/clk_out1_design_1_clk_wiz_0_0
    BUFGCTRL_X0Y17       BUFG (Prop_bufg_I_O)         0.091   196.831 r  design_1_i/clk_wiz_0/inst/clkout1_buf/O
                         net (fo=66, routed)          1.467   198.298    design_1_i/eFPGA_AXI_LM393_driv_0/U0/eFPGA_AXI_LM393_driver_slave_lite_v1_0_S00_AXI_inst/speedsensor_instance/clk
    SLICE_X51Y99         FDRE                                         r  design_1_i/eFPGA_AXI_LM393_driv_0/U0/eFPGA_AXI_LM393_driver_slave_lite_v1_0_S00_AXI_inst/speedsensor_instance/counter_reg[11]/C
                         clock pessimism              0.466   198.764    
                         clock uncertainty           -0.318   198.447    
    SLICE_X51Y99         FDRE (Setup_fdre_C_D)        0.029   198.476    design_1_i/eFPGA_AXI_LM393_driv_0/U0/eFPGA_AXI_LM393_driver_slave_lite_v1_0_S00_AXI_inst/speedsensor_instance/counter_reg[11]
  -------------------------------------------------------------------
                         required time                        198.476    
                         arrival time                          -3.355    
  -------------------------------------------------------------------
                         slack                                195.121    

Slack (MET) :             195.121ns  (required time - arrival time)
  Source:                 design_1_i/eFPGA_AXI_LM393_driv_0/U0/eFPGA_AXI_LM393_driver_slave_lite_v1_0_S00_AXI_inst/speedsensor_instance/counter_reg[28]/C
                            (rising edge-triggered cell FDRE clocked by clk_out1_design_1_clk_wiz_0_0  {rise@0.000ns fall@100.000ns period=200.000ns})
  Destination:            design_1_i/eFPGA_AXI_LM393_driv_0/U0/eFPGA_AXI_LM393_driver_slave_lite_v1_0_S00_AXI_inst/speedsensor_instance/counter_reg[10]/D
                            (rising edge-triggered cell FDRE clocked by clk_out1_design_1_clk_wiz_0_0  {rise@0.000ns fall@100.000ns period=200.000ns})
  Path Group:             clk_out1_design_1_clk_wiz_0_0
  Path Type:              Setup (Max at Slow Process Corner)
  Requirement:            200.000ns  (clk_out1_design_1_clk_wiz_0_0 rise@200.000ns - clk_out1_design_1_clk_wiz_0_0 rise@0.000ns)
  Data Path Delay:        4.242ns  (logic 0.828ns (19.521%)  route 3.414ns (80.479%))
  Logic Levels:           3  (LUT4=1 LUT5=2)
  Clock Path Skew:        -0.350ns (DCD - SCD + CPR)
    Destination Clock Delay (DCD):    -1.702ns = ( 198.298 - 200.000 ) 
    Source Clock Delay      (SCD):    -0.885ns
    Clock Pessimism Removal (CPR):    0.466ns
  Clock Uncertainty:      0.318ns  ((TSJ^2 + DJ^2)^1/2) / 2 + PE
    Total System Jitter     (TSJ):    0.071ns
    Discrete Jitter          (DJ):    0.631ns
    Phase Error              (PE):    0.000ns

    Location             Delay type                Incr(ns)  Path(ns)    Netlist Resource(s)
  -------------------------------------------------------------------    -------------------
                         (clock clk_out1_design_1_clk_wiz_0_0 rise edge)
                                                      0.000     0.000 r  
    H16                                               0.000     0.000 r  clk_in1_0 (IN)
                         net (fo=0)                   0.000     0.000    design_1_i/clk_wiz_0/inst/clk_in1
    H16                  IBUF (Prop_ibuf_I_O)         1.451     1.451 r  design_1_i/clk_wiz_0/inst/clkin1_ibufg/O
                         net (fo=1, routed)           1.285     2.736    design_1_i/clk_wiz_0/inst/clk_in1_design_1_clk_wiz_0_0
    MMCME2_ADV_X1Y2      MMCME2_ADV (Prop_mmcme2_adv_CLKIN1_CLKOUT0)
                                                     -7.759    -5.023 r  design_1_i/clk_wiz_0/inst/mmcm_adv_inst/CLKOUT0
                         net (fo=1, routed)           2.206    -2.817    design_1_i/clk_wiz_0/inst/clk_out1_design_1_clk_wiz_0_0
    BUFGCTRL_X0Y17       BUFG (Prop_bufg_I_O)         0.101    -2.716 r  design_1_i/clk_wiz_0/inst/clkout1_buf/O
                         net (fo=66, routed)          1.831    -0.885    design_1_i/eFPGA_AXI_LM393_driv_0/U0/eFPGA_AXI_LM393_driver_slave_lite_v1_0_S00_AXI_inst/speedsensor_instance/clk
    SLICE_X52Y103        FDRE                                         r  design_1_i/eFPGA_AXI_LM393_driv_0/U0/eFPGA_AXI_LM393_driver_slave_lite_v1_0_S00_AXI_inst/speedsensor_instance/counter_reg[28]/C
  -------------------------------------------------------------------    -------------------
    SLICE_X52Y103        FDRE (Prop_fdre_C_Q)         0.456    -0.429 f  design_1_i/eFPGA_AXI_LM393_driv_0/U0/eFPGA_AXI_LM393_driver_slave_lite_v1_0_S00_AXI_inst/speedsensor_instance/counter_reg[28]/Q
                         net (fo=3, routed)           1.257     0.827    design_1_i/eFPGA_AXI_LM393_driv_0/U0/eFPGA_AXI_LM393_driver_slave_lite_v1_0_S00_AXI_inst/speedsensor_instance/counter[28]
    SLICE_X51Y104        LUT4 (Prop_lut4_I1_O)        0.124     0.951 r  design_1_i/eFPGA_AXI_LM393_driv_0/U0/eFPGA_AXI_LM393_driver_slave_lite_v1_0_S00_AXI_inst/speedsensor_instance/counter[31]_i_8/O
                         net (fo=1, routed)           0.636     1.587    design_1_i/eFPGA_AXI_LM393_driv_0/U0/eFPGA_AXI_LM393_driver_slave_lite_v1_0_S00_AXI_inst/speedsensor_instance/counter[31]_i_8_n_0
    SLICE_X51Y103        LUT5 (Prop_lut5_I4_O)        0.124     1.711 r  design_1_i/eFPGA_AXI_LM393_driv_0/U0/eFPGA_AXI_LM393_driver_slave_lite_v1_0_S00_AXI_inst/speedsensor_instance/counter[31]_i_4/O
                         net (fo=32, routed)          1.521     3.232    design_1_i/eFPGA_AXI_LM393_driv_0/U0/eFPGA_AXI_LM393_driver_slave_lite_v1_0_S00_AXI_inst/speedsensor_instance/counter[31]_i_4_n_0
    SLICE_X52Y99         LUT5 (Prop_lut5_I1_O)        0.124     3.356 r  design_1_i/eFPGA_AXI_LM393_driv_0/U0/eFPGA_AXI_LM393_driver_slave_lite_v1_0_S00_AXI_inst/speedsensor_instance/counter[10]_i_1/O
                         net (fo=1, routed)           0.000     3.356    design_1_i/eFPGA_AXI_LM393_driv_0/U0/eFPGA_AXI_LM393_driver_slave_lite_v1_0_S00_AXI_inst/speedsensor_instance/counter_0[10]
    SLICE_X52Y99         FDRE                                         r  design_1_i/eFPGA_AXI_LM393_driv_0/U0/eFPGA_AXI_LM393_driver_slave_lite_v1_0_S00_AXI_inst/speedsensor_instance/counter_reg[10]/D
  -------------------------------------------------------------------    -------------------

                         (clock clk_out1_design_1_clk_wiz_0_0 rise edge)
                                                    200.000   200.000 r  
    H16                                               0.000   200.000 r  clk_in1_0 (IN)
                         net (fo=0)                   0.000   200.000    design_1_i/clk_wiz_0/inst/clk_in1
    H16                  IBUF (Prop_ibuf_I_O)         1.380   201.380 r  design_1_i/clk_wiz_0/inst/clkin1_ibufg/O
                         net (fo=1, routed)           1.162   202.542    design_1_i/clk_wiz_0/inst/clk_in1_design_1_clk_wiz_0_0
    MMCME2_ADV_X1Y2      MMCME2_ADV (Prop_mmcme2_adv_CLKIN1_CLKOUT0)
                                                     -7.814   194.728 r  design_1_i/clk_wiz_0/inst/mmcm_adv_inst/CLKOUT0
                         net (fo=1, routed)           2.012   196.740    design_1_i/clk_wiz_0/inst/clk_out1_design_1_clk_wiz_0_0
    BUFGCTRL_X0Y17       BUFG (Prop_bufg_I_O)         0.091   196.831 r  design_1_i/clk_wiz_0/inst/clkout1_buf/O
                         net (fo=66, routed)          1.467   198.298    design_1_i/eFPGA_AXI_LM393_driv_0/U0/eFPGA_AXI_LM393_driver_slave_lite_v1_0_S00_AXI_inst/speedsensor_instance/clk
    SLICE_X52Y99         FDRE                                         r  design_1_i/eFPGA_AXI_LM393_driv_0/U0/eFPGA_AXI_LM393_driver_slave_lite_v1_0_S00_AXI_inst/speedsensor_instance/counter_reg[10]/C
                         clock pessimism              0.466   198.764    
                         clock uncertainty           -0.318   198.447    
    SLICE_X52Y99         FDRE (Setup_fdre_C_D)        0.031   198.478    design_1_i/eFPGA_AXI_LM393_driv_0/U0/eFPGA_AXI_LM393_driver_slave_lite_v1_0_S00_AXI_inst/speedsensor_instance/counter_reg[10]
  -------------------------------------------------------------------
                         required time                        198.478    
                         arrival time                          -3.356    
  -------------------------------------------------------------------
                         slack                                195.121    

Slack (MET) :             195.122ns  (required time - arrival time)
  Source:                 design_1_i/eFPGA_AXI_LM393_driv_0/U0/eFPGA_AXI_LM393_driver_slave_lite_v1_0_S00_AXI_inst/speedsensor_instance/counter_reg[28]/C
                            (rising edge-triggered cell FDRE clocked by clk_out1_design_1_clk_wiz_0_0  {rise@0.000ns fall@100.000ns period=200.000ns})
  Destination:            design_1_i/eFPGA_AXI_LM393_driv_0/U0/eFPGA_AXI_LM393_driver_slave_lite_v1_0_S00_AXI_inst/speedsensor_instance/counter_reg[9]/D
                            (rising edge-triggered cell FDRE clocked by clk_out1_design_1_clk_wiz_0_0  {rise@0.000ns fall@100.000ns period=200.000ns})
  Path Group:             clk_out1_design_1_clk_wiz_0_0
  Path Type:              Setup (Max at Slow Process Corner)
  Requirement:            200.000ns  (clk_out1_design_1_clk_wiz_0_0 rise@200.000ns - clk_out1_design_1_clk_wiz_0_0 rise@0.000ns)
  Data Path Delay:        4.239ns  (logic 0.828ns (19.534%)  route 3.411ns (80.466%))
  Logic Levels:           3  (LUT4=1 LUT5=2)
  Clock Path Skew:        -0.350ns (DCD - SCD + CPR)
    Destination Clock Delay (DCD):    -1.702ns = ( 198.298 - 200.000 ) 
    Source Clock Delay      (SCD):    -0.885ns
    Clock Pessimism Removal (CPR):    0.466ns
  Clock Uncertainty:      0.318ns  ((TSJ^2 + DJ^2)^1/2) / 2 + PE
    Total System Jitter     (TSJ):    0.071ns
    Discrete Jitter          (DJ):    0.631ns
    Phase Error              (PE):    0.000ns

    Location             Delay type                Incr(ns)  Path(ns)    Netlist Resource(s)
  -------------------------------------------------------------------    -------------------
                         (clock clk_out1_design_1_clk_wiz_0_0 rise edge)
                                                      0.000     0.000 r  
    H16                                               0.000     0.000 r  clk_in1_0 (IN)
                         net (fo=0)                   0.000     0.000    design_1_i/clk_wiz_0/inst/clk_in1
    H16                  IBUF (Prop_ibuf_I_O)         1.451     1.451 r  design_1_i/clk_wiz_0/inst/clkin1_ibufg/O
                         net (fo=1, routed)           1.285     2.736    design_1_i/clk_wiz_0/inst/clk_in1_design_1_clk_wiz_0_0
    MMCME2_ADV_X1Y2      MMCME2_ADV (Prop_mmcme2_adv_CLKIN1_CLKOUT0)
                                                     -7.759    -5.023 r  design_1_i/clk_wiz_0/inst/mmcm_adv_inst/CLKOUT0
                         net (fo=1, routed)           2.206    -2.817    design_1_i/clk_wiz_0/inst/clk_out1_design_1_clk_wiz_0_0
    BUFGCTRL_X0Y17       BUFG (Prop_bufg_I_O)         0.101    -2.716 r  design_1_i/clk_wiz_0/inst/clkout1_buf/O
                         net (fo=66, routed)          1.831    -0.885    design_1_i/eFPGA_AXI_LM393_driv_0/U0/eFPGA_AXI_LM393_driver_slave_lite_v1_0_S00_AXI_inst/speedsensor_instance/clk
    SLICE_X52Y103        FDRE                                         r  design_1_i/eFPGA_AXI_LM393_driv_0/U0/eFPGA_AXI_LM393_driver_slave_lite_v1_0_S00_AXI_inst/speedsensor_instance/counter_reg[28]/C
  -------------------------------------------------------------------    -------------------
    SLICE_X52Y103        FDRE (Prop_fdre_C_Q)         0.456    -0.429 f  design_1_i/eFPGA_AXI_LM393_driv_0/U0/eFPGA_AXI_LM393_driver_slave_lite_v1_0_S00_AXI_inst/speedsensor_instance/counter_reg[28]/Q
                         net (fo=3, routed)           1.257     0.827    design_1_i/eFPGA_AXI_LM393_driv_0/U0/eFPGA_AXI_LM393_driver_slave_lite_v1_0_S00_AXI_inst/speedsensor_instance/counter[28]
    SLICE_X51Y104        LUT4 (Prop_lut4_I1_O)        0.124     0.951 r  design_1_i/eFPGA_AXI_LM393_driv_0/U0/eFPGA_AXI_LM393_driver_slave_lite_v1_0_S00_AXI_inst/speedsensor_instance/counter[31]_i_8/O
                         net (fo=1, routed)           0.636     1.587    design_1_i/eFPGA_AXI_LM393_driv_0/U0/eFPGA_AXI_LM393_driver_slave_lite_v1_0_S00_AXI_inst/speedsensor_instance/counter[31]_i_8_n_0
    SLICE_X51Y103        LUT5 (Prop_lut5_I4_O)        0.124     1.711 r  design_1_i/eFPGA_AXI_LM393_driv_0/U0/eFPGA_AXI_LM393_driver_slave_lite_v1_0_S00_AXI_inst/speedsensor_instance/counter[31]_i_4/O
                         net (fo=32, routed)          1.518     3.230    design_1_i/eFPGA_AXI_LM393_driv_0/U0/eFPGA_AXI_LM393_driver_slave_lite_v1_0_S00_AXI_inst/speedsensor_instance/counter[31]_i_4_n_0
    SLICE_X52Y99         LUT5 (Prop_lut5_I1_O)        0.124     3.354 r  design_1_i/eFPGA_AXI_LM393_driv_0/U0/eFPGA_AXI_LM393_driver_slave_lite_v1_0_S00_AXI_inst/speedsensor_instance/counter[9]_i_1/O
                         net (fo=1, routed)           0.000     3.354    design_1_i/eFPGA_AXI_LM393_driv_0/U0/eFPGA_AXI_LM393_driver_slave_lite_v1_0_S00_AXI_inst/speedsensor_instance/counter_0[9]
    SLICE_X52Y99         FDRE                                         r  design_1_i/eFPGA_AXI_LM393_driv_0/U0/eFPGA_AXI_LM393_driver_slave_lite_v1_0_S00_AXI_inst/speedsensor_instance/counter_reg[9]/D
  -------------------------------------------------------------------    -------------------

                         (clock clk_out1_design_1_clk_wiz_0_0 rise edge)
                                                    200.000   200.000 r  
    H16                                               0.000   200.000 r  clk_in1_0 (IN)
                         net (fo=0)                   0.000   200.000    design_1_i/clk_wiz_0/inst/clk_in1
    H16                  IBUF (Prop_ibuf_I_O)         1.380   201.380 r  design_1_i/clk_wiz_0/inst/clkin1_ibufg/O
                         net (fo=1, routed)           1.162   202.542    design_1_i/clk_wiz_0/inst/clk_in1_design_1_clk_wiz_0_0
    MMCME2_ADV_X1Y2      MMCME2_ADV (Prop_mmcme2_adv_CLKIN1_CLKOUT0)
                                                     -7.814   194.728 r  design_1_i/clk_wiz_0/inst/mmcm_adv_inst/CLKOUT0
                         net (fo=1, routed)           2.012   196.740    design_1_i/clk_wiz_0/inst/clk_out1_design_1_clk_wiz_0_0
    BUFGCTRL_X0Y17       BUFG (Prop_bufg_I_O)         0.091   196.831 r  design_1_i/clk_wiz_0/inst/clkout1_buf/O
                         net (fo=66, routed)          1.467   198.298    design_1_i/eFPGA_AXI_LM393_driv_0/U0/eFPGA_AXI_LM393_driver_slave_lite_v1_0_S00_AXI_inst/speedsensor_instance/clk
    SLICE_X52Y99         FDRE                                         r  design_1_i/eFPGA_AXI_LM393_driv_0/U0/eFPGA_AXI_LM393_driver_slave_lite_v1_0_S00_AXI_inst/speedsensor_instance/counter_reg[9]/C
                         clock pessimism              0.466   198.764    
                         clock uncertainty           -0.318   198.447    
    SLICE_X52Y99         FDRE (Setup_fdre_C_D)        0.029   198.476    design_1_i/eFPGA_AXI_LM393_driv_0/U0/eFPGA_AXI_LM393_driver_slave_lite_v1_0_S00_AXI_inst/speedsensor_instance/counter_reg[9]
  -------------------------------------------------------------------
                         required time                        198.476    
                         arrival time                          -3.354    
  -------------------------------------------------------------------
                         slack                                195.122    

Slack (MET) :             195.131ns  (required time - arrival time)
  Source:                 design_1_i/eFPGA_AXI_LM393_driv_0/U0/eFPGA_AXI_LM393_driver_slave_lite_v1_0_S00_AXI_inst/speedsensor_instance/counter_reg[28]/C
                            (rising edge-triggered cell FDRE clocked by clk_out1_design_1_clk_wiz_0_0  {rise@0.000ns fall@100.000ns period=200.000ns})
  Destination:            design_1_i/eFPGA_AXI_LM393_driv_0/U0/eFPGA_AXI_LM393_driver_slave_lite_v1_0_S00_AXI_inst/speedsensor_instance/counter_reg[3]/D
                            (rising edge-triggered cell FDRE clocked by clk_out1_design_1_clk_wiz_0_0  {rise@0.000ns fall@100.000ns period=200.000ns})
  Path Group:             clk_out1_design_1_clk_wiz_0_0
  Path Type:              Setup (Max at Slow Process Corner)
  Requirement:            200.000ns  (clk_out1_design_1_clk_wiz_0_0 rise@200.000ns - clk_out1_design_1_clk_wiz_0_0 rise@0.000ns)
  Data Path Delay:        4.232ns  (logic 0.828ns (19.565%)  route 3.404ns (80.435%))
  Logic Levels:           3  (LUT4=1 LUT5=2)
  Clock Path Skew:        -0.350ns (DCD - SCD + CPR)
    Destination Clock Delay (DCD):    -1.702ns = ( 198.298 - 200.000 ) 
    Source Clock Delay      (SCD):    -0.885ns
    Clock Pessimism Removal (CPR):    0.466ns
  Clock Uncertainty:      0.318ns  ((TSJ^2 + DJ^2)^1/2) / 2 + PE
    Total System Jitter     (TSJ):    0.071ns
    Discrete Jitter          (DJ):    0.631ns
    Phase Error              (PE):    0.000ns

    Location             Delay type                Incr(ns)  Path(ns)    Netlist Resource(s)
  -------------------------------------------------------------------    -------------------
                         (clock clk_out1_design_1_clk_wiz_0_0 rise edge)
                                                      0.000     0.000 r  
    H16                                               0.000     0.000 r  clk_in1_0 (IN)
                         net (fo=0)                   0.000     0.000    design_1_i/clk_wiz_0/inst/clk_in1
    H16                  IBUF (Prop_ibuf_I_O)         1.451     1.451 r  design_1_i/clk_wiz_0/inst/clkin1_ibufg/O
                         net (fo=1, routed)           1.285     2.736    design_1_i/clk_wiz_0/inst/clk_in1_design_1_clk_wiz_0_0
    MMCME2_ADV_X1Y2      MMCME2_ADV (Prop_mmcme2_adv_CLKIN1_CLKOUT0)
                                                     -7.759    -5.023 r  design_1_i/clk_wiz_0/inst/mmcm_adv_inst/CLKOUT0
                         net (fo=1, routed)           2.206    -2.817    design_1_i/clk_wiz_0/inst/clk_out1_design_1_clk_wiz_0_0
    BUFGCTRL_X0Y17       BUFG (Prop_bufg_I_O)         0.101    -2.716 r  design_1_i/clk_wiz_0/inst/clkout1_buf/O
                         net (fo=66, routed)          1.831    -0.885    design_1_i/eFPGA_AXI_LM393_driv_0/U0/eFPGA_AXI_LM393_driver_slave_lite_v1_0_S00_AXI_inst/speedsensor_instance/clk
    SLICE_X52Y103        FDRE                                         r  design_1_i/eFPGA_AXI_LM393_driv_0/U0/eFPGA_AXI_LM393_driver_slave_lite_v1_0_S00_AXI_inst/speedsensor_instance/counter_reg[28]/C
  -------------------------------------------------------------------    -------------------
    SLICE_X52Y103        FDRE (Prop_fdre_C_Q)         0.456    -0.429 f  design_1_i/eFPGA_AXI_LM393_driv_0/U0/eFPGA_AXI_LM393_driver_slave_lite_v1_0_S00_AXI_inst/speedsensor_instance/counter_reg[28]/Q
                         net (fo=3, routed)           1.257     0.827    design_1_i/eFPGA_AXI_LM393_driv_0/U0/eFPGA_AXI_LM393_driver_slave_lite_v1_0_S00_AXI_inst/speedsensor_instance/counter[28]
    SLICE_X51Y104        LUT4 (Prop_lut4_I1_O)        0.124     0.951 r  design_1_i/eFPGA_AXI_LM393_driv_0/U0/eFPGA_AXI_LM393_driver_slave_lite_v1_0_S00_AXI_inst/speedsensor_instance/counter[31]_i_8/O
                         net (fo=1, routed)           0.636     1.587    design_1_i/eFPGA_AXI_LM393_driv_0/U0/eFPGA_AXI_LM393_driver_slave_lite_v1_0_S00_AXI_inst/speedsensor_instance/counter[31]_i_8_n_0
    SLICE_X51Y103        LUT5 (Prop_lut5_I4_O)        0.124     1.711 r  design_1_i/eFPGA_AXI_LM393_driv_0/U0/eFPGA_AXI_LM393_driver_slave_lite_v1_0_S00_AXI_inst/speedsensor_instance/counter[31]_i_4/O
                         net (fo=32, routed)          1.511     3.223    design_1_i/eFPGA_AXI_LM393_driv_0/U0/eFPGA_AXI_LM393_driver_slave_lite_v1_0_S00_AXI_inst/speedsensor_instance/counter[31]_i_4_n_0
    SLICE_X52Y97         LUT5 (Prop_lut5_I1_O)        0.124     3.347 r  design_1_i/eFPGA_AXI_LM393_driv_0/U0/eFPGA_AXI_LM393_driver_slave_lite_v1_0_S00_AXI_inst/speedsensor_instance/counter[3]_i_1/O
                         net (fo=1, routed)           0.000     3.347    design_1_i/eFPGA_AXI_LM393_driv_0/U0/eFPGA_AXI_LM393_driver_slave_lite_v1_0_S00_AXI_inst/speedsensor_instance/counter_0[3]
    SLICE_X52Y97         FDRE                                         r  design_1_i/eFPGA_AXI_LM393_driv_0/U0/eFPGA_AXI_LM393_driver_slave_lite_v1_0_S00_AXI_inst/speedsensor_instance/counter_reg[3]/D
  -------------------------------------------------------------------    -------------------

                         (clock clk_out1_design_1_clk_wiz_0_0 rise edge)
                                                    200.000   200.000 r  
    H16                                               0.000   200.000 r  clk_in1_0 (IN)
                         net (fo=0)                   0.000   200.000    design_1_i/clk_wiz_0/inst/clk_in1
    H16                  IBUF (Prop_ibuf_I_O)         1.380   201.380 r  design_1_i/clk_wiz_0/inst/clkin1_ibufg/O
                         net (fo=1, routed)           1.162   202.542    design_1_i/clk_wiz_0/inst/clk_in1_design_1_clk_wiz_0_0
    MMCME2_ADV_X1Y2      MMCME2_ADV (Prop_mmcme2_adv_CLKIN1_CLKOUT0)
                                                     -7.814   194.728 r  design_1_i/clk_wiz_0/inst/mmcm_adv_inst/CLKOUT0
                         net (fo=1, routed)           2.012   196.740    design_1_i/clk_wiz_0/inst/clk_out1_design_1_clk_wiz_0_0
    BUFGCTRL_X0Y17       BUFG (Prop_bufg_I_O)         0.091   196.831 r  design_1_i/clk_wiz_0/inst/clkout1_buf/O
                         net (fo=66, routed)          1.467   198.298    design_1_i/eFPGA_AXI_LM393_driv_0/U0/eFPGA_AXI_LM393_driver_slave_lite_v1_0_S00_AXI_inst/speedsensor_instance/clk
    SLICE_X52Y97         FDRE                                         r  design_1_i/eFPGA_AXI_LM393_driv_0/U0/eFPGA_AXI_LM393_driver_slave_lite_v1_0_S00_AXI_inst/speedsensor_instance/counter_reg[3]/C
                         clock pessimism              0.466   198.764    
                         clock uncertainty           -0.318   198.447    
    SLICE_X52Y97         FDRE (Setup_fdre_C_D)        0.031   198.478    design_1_i/eFPGA_AXI_LM393_driv_0/U0/eFPGA_AXI_LM393_driver_slave_lite_v1_0_S00_AXI_inst/speedsensor_instance/counter_reg[3]
  -------------------------------------------------------------------
                         required time                        198.478    
                         arrival time                          -3.347    
  -------------------------------------------------------------------
                         slack                                195.131    

Slack (MET) :             195.184ns  (required time - arrival time)
  Source:                 design_1_i/eFPGA_AXI_LM393_driv_0/U0/eFPGA_AXI_LM393_driver_slave_lite_v1_0_S00_AXI_inst/speedsensor_instance/counter_reg[28]/C
                            (rising edge-triggered cell FDRE clocked by clk_out1_design_1_clk_wiz_0_0  {rise@0.000ns fall@100.000ns period=200.000ns})
  Destination:            design_1_i/eFPGA_AXI_LM393_driv_0/U0/eFPGA_AXI_LM393_driver_slave_lite_v1_0_S00_AXI_inst/speedsensor_instance/counter_reg[6]/D
                            (rising edge-triggered cell FDRE clocked by clk_out1_design_1_clk_wiz_0_0  {rise@0.000ns fall@100.000ns period=200.000ns})
  Path Group:             clk_out1_design_1_clk_wiz_0_0
  Path Type:              Setup (Max at Slow Process Corner)
  Requirement:            200.000ns  (clk_out1_design_1_clk_wiz_0_0 rise@200.000ns - clk_out1_design_1_clk_wiz_0_0 rise@0.000ns)
  Data Path Delay:        4.179ns  (logic 0.828ns (19.812%)  route 3.351ns (80.188%))
  Logic Levels:           3  (LUT4=1 LUT5=2)
  Clock Path Skew:        -0.350ns (DCD - SCD + CPR)
    Destination Clock Delay (DCD):    -1.702ns = ( 198.298 - 200.000 ) 
    Source Clock Delay      (SCD):    -0.885ns
    Clock Pessimism Removal (CPR):    0.466ns
  Clock Uncertainty:      0.318ns  ((TSJ^2 + DJ^2)^1/2) / 2 + PE
    Total System Jitter     (TSJ):    0.071ns
    Discrete Jitter          (DJ):    0.631ns
    Phase Error              (PE):    0.000ns

    Location             Delay type                Incr(ns)  Path(ns)    Netlist Resource(s)
  -------------------------------------------------------------------    -------------------
                         (clock clk_out1_design_1_clk_wiz_0_0 rise edge)
                                                      0.000     0.000 r  
    H16                                               0.000     0.000 r  clk_in1_0 (IN)
                         net (fo=0)                   0.000     0.000    design_1_i/clk_wiz_0/inst/clk_in1
    H16                  IBUF (Prop_ibuf_I_O)         1.451     1.451 r  design_1_i/clk_wiz_0/inst/clkin1_ibufg/O
                         net (fo=1, routed)           1.285     2.736    design_1_i/clk_wiz_0/inst/clk_in1_design_1_clk_wiz_0_0
    MMCME2_ADV_X1Y2      MMCME2_ADV (Prop_mmcme2_adv_CLKIN1_CLKOUT0)
                                                     -7.759    -5.023 r  design_1_i/clk_wiz_0/inst/mmcm_adv_inst/CLKOUT0
                         net (fo=1, routed)           2.206    -2.817    design_1_i/clk_wiz_0/inst/clk_out1_design_1_clk_wiz_0_0
    BUFGCTRL_X0Y17       BUFG (Prop_bufg_I_O)         0.101    -2.716 r  design_1_i/clk_wiz_0/inst/clkout1_buf/O
                         net (fo=66, routed)          1.831    -0.885    design_1_i/eFPGA_AXI_LM393_driv_0/U0/eFPGA_AXI_LM393_driver_slave_lite_v1_0_S00_AXI_inst/speedsensor_instance/clk
    SLICE_X52Y103        FDRE                                         r  design_1_i/eFPGA_AXI_LM393_driv_0/U0/eFPGA_AXI_LM393_driver_slave_lite_v1_0_S00_AXI_inst/speedsensor_instance/counter_reg[28]/C
  -------------------------------------------------------------------    -------------------
    SLICE_X52Y103        FDRE (Prop_fdre_C_Q)         0.456    -0.429 f  design_1_i/eFPGA_AXI_LM393_driv_0/U0/eFPGA_AXI_LM393_driver_slave_lite_v1_0_S00_AXI_inst/speedsensor_instance/counter_reg[28]/Q
                         net (fo=3, routed)           1.257     0.827    design_1_i/eFPGA_AXI_LM393_driv_0/U0/eFPGA_AXI_LM393_driver_slave_lite_v1_0_S00_AXI_inst/speedsensor_instance/counter[28]
    SLICE_X51Y104        LUT4 (Prop_lut4_I1_O)        0.124     0.951 r  design_1_i/eFPGA_AXI_LM393_driv_0/U0/eFPGA_AXI_LM393_driver_slave_lite_v1_0_S00_AXI_inst/speedsensor_instance/counter[31]_i_8/O
                         net (fo=1, routed)           0.636     1.587    design_1_i/eFPGA_AXI_LM393_driv_0/U0/eFPGA_AXI_LM393_driver_slave_lite_v1_0_S00_AXI_inst/speedsensor_instance/counter[31]_i_8_n_0
    SLICE_X51Y103        LUT5 (Prop_lut5_I4_O)        0.124     1.711 r  design_1_i/eFPGA_AXI_LM393_driv_0/U0/eFPGA_AXI_LM393_driver_slave_lite_v1_0_S00_AXI_inst/speedsensor_instance/counter[31]_i_4/O
                         net (fo=32, routed)          1.459     3.170    design_1_i/eFPGA_AXI_LM393_driv_0/U0/eFPGA_AXI_LM393_driver_slave_lite_v1_0_S00_AXI_inst/speedsensor_instance/counter[31]_i_4_n_0
    SLICE_X51Y98         LUT5 (Prop_lut5_I1_O)        0.124     3.294 r  design_1_i/eFPGA_AXI_LM393_driv_0/U0/eFPGA_AXI_LM393_driver_slave_lite_v1_0_S00_AXI_inst/speedsensor_instance/counter[6]_i_1/O
                         net (fo=1, routed)           0.000     3.294    design_1_i/eFPGA_AXI_LM393_driv_0/U0/eFPGA_AXI_LM393_driver_slave_lite_v1_0_S00_AXI_inst/speedsensor_instance/counter_0[6]
    SLICE_X51Y98         FDRE                                         r  design_1_i/eFPGA_AXI_LM393_driv_0/U0/eFPGA_AXI_LM393_driver_slave_lite_v1_0_S00_AXI_inst/speedsensor_instance/counter_reg[6]/D
  -------------------------------------------------------------------    -------------------

                         (clock clk_out1_design_1_clk_wiz_0_0 rise edge)
                                                    200.000   200.000 r  
    H16                                               0.000   200.000 r  clk_in1_0 (IN)
                         net (fo=0)                   0.000   200.000    design_1_i/clk_wiz_0/inst/clk_in1
    H16                  IBUF (Prop_ibuf_I_O)         1.380   201.380 r  design_1_i/clk_wiz_0/inst/clkin1_ibufg/O
                         net (fo=1, routed)           1.162   202.542    design_1_i/clk_wiz_0/inst/clk_in1_design_1_clk_wiz_0_0
    MMCME2_ADV_X1Y2      MMCME2_ADV (Prop_mmcme2_adv_CLKIN1_CLKOUT0)
                                                     -7.814   194.728 r  design_1_i/clk_wiz_0/inst/mmcm_adv_inst/CLKOUT0
                         net (fo=1, routed)           2.012   196.740    design_1_i/clk_wiz_0/inst/clk_out1_design_1_clk_wiz_0_0
    BUFGCTRL_X0Y17       BUFG (Prop_bufg_I_O)         0.091   196.831 r  design_1_i/clk_wiz_0/inst/clkout1_buf/O
                         net (fo=66, routed)          1.467   198.298    design_1_i/eFPGA_AXI_LM393_driv_0/U0/eFPGA_AXI_LM393_driver_slave_lite_v1_0_S00_AXI_inst/speedsensor_instance/clk
    SLICE_X51Y98         FDRE                                         r  design_1_i/eFPGA_AXI_LM393_driv_0/U0/eFPGA_AXI_LM393_driver_slave_lite_v1_0_S00_AXI_inst/speedsensor_instance/counter_reg[6]/C
                         clock pessimism              0.466   198.764    
                         clock uncertainty           -0.318   198.447    
    SLICE_X51Y98         FDRE (Setup_fdre_C_D)        0.031   198.478    design_1_i/eFPGA_AXI_LM393_driv_0/U0/eFPGA_AXI_LM393_driver_slave_lite_v1_0_S00_AXI_inst/speedsensor_instance/counter_reg[6]
  -------------------------------------------------------------------
                         required time                        198.478    
                         arrival time                          -3.294    
  -------------------------------------------------------------------
                         slack                                195.184    

Slack (MET) :             195.352ns  (required time - arrival time)
  Source:                 design_1_i/eFPGA_AXI_LM393_driv_0/U0/eFPGA_AXI_LM393_driver_slave_lite_v1_0_S00_AXI_inst/speedsensor_instance/counter_reg[28]/C
                            (rising edge-triggered cell FDRE clocked by clk_out1_design_1_clk_wiz_0_0  {rise@0.000ns fall@100.000ns period=200.000ns})
  Destination:            design_1_i/eFPGA_AXI_LM393_driv_0/U0/eFPGA_AXI_LM393_driver_slave_lite_v1_0_S00_AXI_inst/speedsensor_instance/counter_reg[5]/D
                            (rising edge-triggered cell FDRE clocked by clk_out1_design_1_clk_wiz_0_0  {rise@0.000ns fall@100.000ns period=200.000ns})
  Path Group:             clk_out1_design_1_clk_wiz_0_0
  Path Type:              Setup (Max at Slow Process Corner)
  Requirement:            200.000ns  (clk_out1_design_1_clk_wiz_0_0 rise@200.000ns - clk_out1_design_1_clk_wiz_0_0 rise@0.000ns)
  Data Path Delay:        4.009ns  (logic 0.828ns (20.652%)  route 3.181ns (79.348%))
  Logic Levels:           3  (LUT4=1 LUT5=2)
  Clock Path Skew:        -0.350ns (DCD - SCD + CPR)
    Destination Clock Delay (DCD):    -1.702ns = ( 198.298 - 200.000 ) 
    Source Clock Delay      (SCD):    -0.885ns
    Clock Pessimism Removal (CPR):    0.466ns
  Clock Uncertainty:      0.318ns  ((TSJ^2 + DJ^2)^1/2) / 2 + PE
    Total System Jitter     (TSJ):    0.071ns
    Discrete Jitter          (DJ):    0.631ns
    Phase Error              (PE):    0.000ns

    Location             Delay type                Incr(ns)  Path(ns)    Netlist Resource(s)
  -------------------------------------------------------------------    -------------------
                         (clock clk_out1_design_1_clk_wiz_0_0 rise edge)
                                                      0.000     0.000 r  
    H16                                               0.000     0.000 r  clk_in1_0 (IN)
                         net (fo=0)                   0.000     0.000    design_1_i/clk_wiz_0/inst/clk_in1
    H16                  IBUF (Prop_ibuf_I_O)         1.451     1.451 r  design_1_i/clk_wiz_0/inst/clkin1_ibufg/O
                         net (fo=1, routed)           1.285     2.736    design_1_i/clk_wiz_0/inst/clk_in1_design_1_clk_wiz_0_0
    MMCME2_ADV_X1Y2      MMCME2_ADV (Prop_mmcme2_adv_CLKIN1_CLKOUT0)
                                                     -7.759    -5.023 r  design_1_i/clk_wiz_0/inst/mmcm_adv_inst/CLKOUT0
                         net (fo=1, routed)           2.206    -2.817    design_1_i/clk_wiz_0/inst/clk_out1_design_1_clk_wiz_0_0
    BUFGCTRL_X0Y17       BUFG (Prop_bufg_I_O)         0.101    -2.716 r  design_1_i/clk_wiz_0/inst/clkout1_buf/O
                         net (fo=66, routed)          1.831    -0.885    design_1_i/eFPGA_AXI_LM393_driv_0/U0/eFPGA_AXI_LM393_driver_slave_lite_v1_0_S00_AXI_inst/speedsensor_instance/clk
    SLICE_X52Y103        FDRE                                         r  design_1_i/eFPGA_AXI_LM393_driv_0/U0/eFPGA_AXI_LM393_driver_slave_lite_v1_0_S00_AXI_inst/speedsensor_instance/counter_reg[28]/C
  -------------------------------------------------------------------    -------------------
    SLICE_X52Y103        FDRE (Prop_fdre_C_Q)         0.456    -0.429 f  design_1_i/eFPGA_AXI_LM393_driv_0/U0/eFPGA_AXI_LM393_driver_slave_lite_v1_0_S00_AXI_inst/speedsensor_instance/counter_reg[28]/Q
                         net (fo=3, routed)           1.257     0.827    design_1_i/eFPGA_AXI_LM393_driv_0/U0/eFPGA_AXI_LM393_driver_slave_lite_v1_0_S00_AXI_inst/speedsensor_instance/counter[28]
    SLICE_X51Y104        LUT4 (Prop_lut4_I1_O)        0.124     0.951 r  design_1_i/eFPGA_AXI_LM393_driv_0/U0/eFPGA_AXI_LM393_driver_slave_lite_v1_0_S00_AXI_inst/speedsensor_instance/counter[31]_i_8/O
                         net (fo=1, routed)           0.636     1.587    design_1_i/eFPGA_AXI_LM393_driv_0/U0/eFPGA_AXI_LM393_driver_slave_lite_v1_0_S00_AXI_inst/speedsensor_instance/counter[31]_i_8_n_0
    SLICE_X51Y103        LUT5 (Prop_lut5_I4_O)        0.124     1.711 r  design_1_i/eFPGA_AXI_LM393_driv_0/U0/eFPGA_AXI_LM393_driver_slave_lite_v1_0_S00_AXI_inst/speedsensor_instance/counter[31]_i_4/O
                         net (fo=32, routed)          1.289     3.000    design_1_i/eFPGA_AXI_LM393_driv_0/U0/eFPGA_AXI_LM393_driver_slave_lite_v1_0_S00_AXI_inst/speedsensor_instance/counter[31]_i_4_n_0
    SLICE_X51Y98         LUT5 (Prop_lut5_I1_O)        0.124     3.124 r  design_1_i/eFPGA_AXI_LM393_driv_0/U0/eFPGA_AXI_LM393_driver_slave_lite_v1_0_S00_AXI_inst/speedsensor_instance/counter[5]_i_1/O
                         net (fo=1, routed)           0.000     3.124    design_1_i/eFPGA_AXI_LM393_driv_0/U0/eFPGA_AXI_LM393_driver_slave_lite_v1_0_S00_AXI_inst/speedsensor_instance/counter_0[5]
    SLICE_X51Y98         FDRE                                         r  design_1_i/eFPGA_AXI_LM393_driv_0/U0/eFPGA_AXI_LM393_driver_slave_lite_v1_0_S00_AXI_inst/speedsensor_instance/counter_reg[5]/D
  -------------------------------------------------------------------    -------------------

                         (clock clk_out1_design_1_clk_wiz_0_0 rise edge)
                                                    200.000   200.000 r  
    H16                                               0.000   200.000 r  clk_in1_0 (IN)
                         net (fo=0)                   0.000   200.000    design_1_i/clk_wiz_0/inst/clk_in1
    H16                  IBUF (Prop_ibuf_I_O)         1.380   201.380 r  design_1_i/clk_wiz_0/inst/clkin1_ibufg/O
                         net (fo=1, routed)           1.162   202.542    design_1_i/clk_wiz_0/inst/clk_in1_design_1_clk_wiz_0_0
    MMCME2_ADV_X1Y2      MMCME2_ADV (Prop_mmcme2_adv_CLKIN1_CLKOUT0)
                                                     -7.814   194.728 r  design_1_i/clk_wiz_0/inst/mmcm_adv_inst/CLKOUT0
                         net (fo=1, routed)           2.012   196.740    design_1_i/clk_wiz_0/inst/clk_out1_design_1_clk_wiz_0_0
    BUFGCTRL_X0Y17       BUFG (Prop_bufg_I_O)         0.091   196.831 r  design_1_i/clk_wiz_0/inst/clkout1_buf/O
                         net (fo=66, routed)          1.467   198.298    design_1_i/eFPGA_AXI_LM393_driv_0/U0/eFPGA_AXI_LM393_driver_slave_lite_v1_0_S00_AXI_inst/speedsensor_instance/clk
    SLICE_X51Y98         FDRE                                         r  design_1_i/eFPGA_AXI_LM393_driv_0/U0/eFPGA_AXI_LM393_driver_slave_lite_v1_0_S00_AXI_inst/speedsensor_instance/counter_reg[5]/C
                         clock pessimism              0.466   198.764    
                         clock uncertainty           -0.318   198.447    
    SLICE_X51Y98         FDRE (Setup_fdre_C_D)        0.029   198.476    design_1_i/eFPGA_AXI_LM393_driv_0/U0/eFPGA_AXI_LM393_driver_slave_lite_v1_0_S00_AXI_inst/speedsensor_instance/counter_reg[5]
  -------------------------------------------------------------------
                         required time                        198.476    
                         arrival time                          -3.124    
  -------------------------------------------------------------------
                         slack                                195.352    





Min Delay Paths
--------------------------------------------------------------------------------------
Slack (MET) :             0.035ns  (arrival time - required time)
  Source:                 design_1_i/eFPGA_AXI_LM393_driv_0/U0/eFPGA_AXI_LM393_driver_slave_lite_v1_0_S00_AXI_inst/speedsensor_instance/counter_reg[17]/C
                            (rising edge-triggered cell FDRE clocked by clk_out1_design_1_clk_wiz_0_0  {rise@0.000ns fall@100.000ns period=200.000ns})
  Destination:            design_1_i/eFPGA_AXI_LM393_driv_0/U0/eFPGA_AXI_LM393_driver_slave_lite_v1_0_S00_AXI_inst/speedsensor_instance/result_reg[17]/D
                            (rising edge-triggered cell FDRE clocked by clk_out1_design_1_clk_wiz_0_0  {rise@0.000ns fall@100.000ns period=200.000ns})
  Path Group:             clk_out1_design_1_clk_wiz_0_0
  Path Type:              Hold (Min at Fast Process Corner)
  Requirement:            0.000ns  (clk_out1_design_1_clk_wiz_0_0 rise@0.000ns - clk_out1_design_1_clk_wiz_0_0 rise@0.000ns)
  Data Path Delay:        0.368ns  (logic 0.141ns (38.333%)  route 0.227ns (61.667%))
  Logic Levels:           0  
  Clock Path Skew:        0.267ns (DCD - SCD - CPR)
    Destination Clock Delay (DCD):    -0.829ns
    Source Clock Delay      (SCD):    -0.596ns
    Clock Pessimism Removal (CPR):    -0.500ns

    Location             Delay type                Incr(ns)  Path(ns)    Netlist Resource(s)
  -------------------------------------------------------------------    -------------------
                         (clock clk_out1_design_1_clk_wiz_0_0 rise edge)
                                                      0.000     0.000 r  
    H16                                               0.000     0.000 r  clk_in1_0 (IN)
                         net (fo=0)                   0.000     0.000    design_1_i/clk_wiz_0/inst/clk_in1
    H16                  IBUF (Prop_ibuf_I_O)         0.219     0.219 r  design_1_i/clk_wiz_0/inst/clkin1_ibufg/O
                         net (fo=1, routed)           0.440     0.659    design_1_i/clk_wiz_0/inst/clk_in1_design_1_clk_wiz_0_0
    MMCME2_ADV_X1Y2      MMCME2_ADV (Prop_mmcme2_adv_CLKIN1_CLKOUT0)
                                                     -2.613    -1.954 r  design_1_i/clk_wiz_0/inst/mmcm_adv_inst/CLKOUT0
                         net (fo=1, routed)           0.696    -1.257    design_1_i/clk_wiz_0/inst/clk_out1_design_1_clk_wiz_0_0
    BUFGCTRL_X0Y17       BUFG (Prop_bufg_I_O)         0.026    -1.231 r  design_1_i/clk_wiz_0/inst/clkout1_buf/O
                         net (fo=66, routed)          0.635    -0.596    design_1_i/eFPGA_AXI_LM393_driv_0/U0/eFPGA_AXI_LM393_driver_slave_lite_v1_0_S00_AXI_inst/speedsensor_instance/clk
    SLICE_X51Y101        FDRE                                         r  design_1_i/eFPGA_AXI_LM393_driv_0/U0/eFPGA_AXI_LM393_driver_slave_lite_v1_0_S00_AXI_inst/speedsensor_instance/counter_reg[17]/C
  -------------------------------------------------------------------    -------------------
    SLICE_X51Y101        FDRE (Prop_fdre_C_Q)         0.141    -0.455 r  design_1_i/eFPGA_AXI_LM393_driv_0/U0/eFPGA_AXI_LM393_driver_slave_lite_v1_0_S00_AXI_inst/speedsensor_instance/counter_reg[17]/Q
                         net (fo=3, routed)           0.227    -0.228    design_1_i/eFPGA_AXI_LM393_driv_0/U0/eFPGA_AXI_LM393_driver_slave_lite_v1_0_S00_AXI_inst/speedsensor_instance/counter[17]
    SLICE_X49Y102        FDRE                                         r  design_1_i/eFPGA_AXI_LM393_driv_0/U0/eFPGA_AXI_LM393_driver_slave_lite_v1_0_S00_AXI_inst/speedsensor_instance/result_reg[17]/D
  -------------------------------------------------------------------    -------------------

                         (clock clk_out1_design_1_clk_wiz_0_0 rise edge)
                                                      0.000     0.000 r  
    H16                                               0.000     0.000 r  clk_in1_0 (IN)
                         net (fo=0)                   0.000     0.000    design_1_i/clk_wiz_0/inst/clk_in1
    H16                  IBUF (Prop_ibuf_I_O)         0.406     0.406 r  design_1_i/clk_wiz_0/inst/clkin1_ibufg/O
                         net (fo=1, routed)           0.480     0.886    design_1_i/clk_wiz_0/inst/clk_in1_design_1_clk_wiz_0_0
    MMCME2_ADV_X1Y2      MMCME2_ADV (Prop_mmcme2_adv_CLKIN1_CLKOUT0)
                                                     -3.407    -2.521 r  design_1_i/clk_wiz_0/inst/mmcm_adv_inst/CLKOUT0
                         net (fo=1, routed)           0.752    -1.769    design_1_i/clk_wiz_0/inst/clk_out1_design_1_clk_wiz_0_0
    BUFGCTRL_X0Y17       BUFG (Prop_bufg_I_O)         0.029    -1.740 r  design_1_i/clk_wiz_0/inst/clkout1_buf/O
                         net (fo=66, routed)          0.911    -0.829    design_1_i/eFPGA_AXI_LM393_driv_0/U0/eFPGA_AXI_LM393_driver_slave_lite_v1_0_S00_AXI_inst/speedsensor_instance/clk
    SLICE_X49Y102        FDRE                                         r  design_1_i/eFPGA_AXI_LM393_driv_0/U0/eFPGA_AXI_LM393_driver_slave_lite_v1_0_S00_AXI_inst/speedsensor_instance/result_reg[17]/C
                         clock pessimism              0.500    -0.329    
    SLICE_X49Y102        FDRE (Hold_fdre_C_D)         0.066    -0.263    design_1_i/eFPGA_AXI_LM393_driv_0/U0/eFPGA_AXI_LM393_driver_slave_lite_v1_0_S00_AXI_inst/speedsensor_instance/result_reg[17]
  -------------------------------------------------------------------
                         required time                          0.263    
                         arrival time                          -0.228    
  -------------------------------------------------------------------
                         slack                                  0.035    

Slack (MET) :             0.040ns  (arrival time - required time)
  Source:                 design_1_i/eFPGA_AXI_LM393_driv_0/U0/eFPGA_AXI_LM393_driver_slave_lite_v1_0_S00_AXI_inst/speedsensor_instance/counter_reg[12]/C
                            (rising edge-triggered cell FDRE clocked by clk_out1_design_1_clk_wiz_0_0  {rise@0.000ns fall@100.000ns period=200.000ns})
  Destination:            design_1_i/eFPGA_AXI_LM393_driv_0/U0/eFPGA_AXI_LM393_driver_slave_lite_v1_0_S00_AXI_inst/speedsensor_instance/result_reg[12]/D
                            (rising edge-triggered cell FDRE clocked by clk_out1_design_1_clk_wiz_0_0  {rise@0.000ns fall@100.000ns period=200.000ns})
  Path Group:             clk_out1_design_1_clk_wiz_0_0
  Path Type:              Hold (Min at Fast Process Corner)
  Requirement:            0.000ns  (clk_out1_design_1_clk_wiz_0_0 rise@0.000ns - clk_out1_design_1_clk_wiz_0_0 rise@0.000ns)
  Data Path Delay:        0.376ns  (logic 0.141ns (37.505%)  route 0.235ns (62.495%))
  Logic Levels:           0  
  Clock Path Skew:        0.266ns (DCD - SCD - CPR)
    Destination Clock Delay (DCD):    -0.916ns
    Source Clock Delay      (SCD):    -0.678ns
    Clock Pessimism Removal (CPR):    -0.504ns

    Location             Delay type                Incr(ns)  Path(ns)    Netlist Resource(s)
  -------------------------------------------------------------------    -------------------
                         (clock clk_out1_design_1_clk_wiz_0_0 rise edge)
                                                      0.000     0.000 r  
    H16                                               0.000     0.000 r  clk_in1_0 (IN)
                         net (fo=0)                   0.000     0.000    design_1_i/clk_wiz_0/inst/clk_in1
    H16                  IBUF (Prop_ibuf_I_O)         0.219     0.219 r  design_1_i/clk_wiz_0/inst/clkin1_ibufg/O
                         net (fo=1, routed)           0.440     0.659    design_1_i/clk_wiz_0/inst/clk_in1_design_1_clk_wiz_0_0
    MMCME2_ADV_X1Y2      MMCME2_ADV (Prop_mmcme2_adv_CLKIN1_CLKOUT0)
                                                     -2.613    -1.954 r  design_1_i/clk_wiz_0/inst/mmcm_adv_inst/CLKOUT0
                         net (fo=1, routed)           0.696    -1.257    design_1_i/clk_wiz_0/inst/clk_out1_design_1_clk_wiz_0_0
    BUFGCTRL_X0Y17       BUFG (Prop_bufg_I_O)         0.026    -1.231 r  design_1_i/clk_wiz_0/inst/clkout1_buf/O
                         net (fo=66, routed)          0.553    -0.678    design_1_i/eFPGA_AXI_LM393_driv_0/U0/eFPGA_AXI_LM393_driver_slave_lite_v1_0_S00_AXI_inst/speedsensor_instance/clk
    SLICE_X51Y99         FDRE                                         r  design_1_i/eFPGA_AXI_LM393_driv_0/U0/eFPGA_AXI_LM393_driver_slave_lite_v1_0_S00_AXI_inst/speedsensor_instance/counter_reg[12]/C
  -------------------------------------------------------------------    -------------------
    SLICE_X51Y99         FDRE (Prop_fdre_C_Q)         0.141    -0.537 r  design_1_i/eFPGA_AXI_LM393_driv_0/U0/eFPGA_AXI_LM393_driver_slave_lite_v1_0_S00_AXI_inst/speedsensor_instance/counter_reg[12]/Q
                         net (fo=3, routed)           0.235    -0.302    design_1_i/eFPGA_AXI_LM393_driv_0/U0/eFPGA_AXI_LM393_driver_slave_lite_v1_0_S00_AXI_inst/speedsensor_instance/counter[12]
    SLICE_X49Y96         FDRE                                         r  design_1_i/eFPGA_AXI_LM393_driv_0/U0/eFPGA_AXI_LM393_driver_slave_lite_v1_0_S00_AXI_inst/speedsensor_instance/result_reg[12]/D
  -------------------------------------------------------------------    -------------------

                         (clock clk_out1_design_1_clk_wiz_0_0 rise edge)
                                                      0.000     0.000 r  
    H16                                               0.000     0.000 r  clk_in1_0 (IN)
                         net (fo=0)                   0.000     0.000    design_1_i/clk_wiz_0/inst/clk_in1
    H16                  IBUF (Prop_ibuf_I_O)         0.406     0.406 r  design_1_i/clk_wiz_0/inst/clkin1_ibufg/O
                         net (fo=1, routed)           0.480     0.886    design_1_i/clk_wiz_0/inst/clk_in1_design_1_clk_wiz_0_0
    MMCME2_ADV_X1Y2      MMCME2_ADV (Prop_mmcme2_adv_CLKIN1_CLKOUT0)
                                                     -3.407    -2.521 r  design_1_i/clk_wiz_0/inst/mmcm_adv_inst/CLKOUT0
                         net (fo=1, routed)           0.752    -1.769    design_1_i/clk_wiz_0/inst/clk_out1_design_1_clk_wiz_0_0
    BUFGCTRL_X0Y17       BUFG (Prop_bufg_I_O)         0.029    -1.740 r  design_1_i/clk_wiz_0/inst/clkout1_buf/O
                         net (fo=66, routed)          0.824    -0.916    design_1_i/eFPGA_AXI_LM393_driv_0/U0/eFPGA_AXI_LM393_driver_slave_lite_v1_0_S00_AXI_inst/speedsensor_instance/clk
    SLICE_X49Y96         FDRE                                         r  design_1_i/eFPGA_AXI_LM393_driv_0/U0/eFPGA_AXI_LM393_driver_slave_lite_v1_0_S00_AXI_inst/speedsensor_instance/result_reg[12]/C
                         clock pessimism              0.504    -0.412    
    SLICE_X49Y96         FDRE (Hold_fdre_C_D)         0.070    -0.342    design_1_i/eFPGA_AXI_LM393_driv_0/U0/eFPGA_AXI_LM393_driver_slave_lite_v1_0_S00_AXI_inst/speedsensor_instance/result_reg[12]
  -------------------------------------------------------------------
                         required time                          0.342    
                         arrival time                          -0.302    
  -------------------------------------------------------------------
                         slack                                  0.040    

Slack (MET) :             0.062ns  (arrival time - required time)
  Source:                 design_1_i/eFPGA_AXI_LM393_driv_0/U0/eFPGA_AXI_LM393_driver_slave_lite_v1_0_S00_AXI_inst/speedsensor_instance/counter_reg[16]/C
                            (rising edge-triggered cell FDRE clocked by clk_out1_design_1_clk_wiz_0_0  {rise@0.000ns fall@100.000ns period=200.000ns})
  Destination:            design_1_i/eFPGA_AXI_LM393_driv_0/U0/eFPGA_AXI_LM393_driver_slave_lite_v1_0_S00_AXI_inst/speedsensor_instance/result_reg[16]/D
                            (rising edge-triggered cell FDRE clocked by clk_out1_design_1_clk_wiz_0_0  {rise@0.000ns fall@100.000ns period=200.000ns})
  Path Group:             clk_out1_design_1_clk_wiz_0_0
  Path Type:              Hold (Min at Fast Process Corner)
  Requirement:            0.000ns  (clk_out1_design_1_clk_wiz_0_0 rise@0.000ns - clk_out1_design_1_clk_wiz_0_0 rise@0.000ns)
  Data Path Delay:        0.375ns  (logic 0.141ns (37.584%)  route 0.234ns (62.416%))
  Logic Levels:           0  
  Clock Path Skew:        0.267ns (DCD - SCD - CPR)
    Destination Clock Delay (DCD):    -0.829ns
    Source Clock Delay      (SCD):    -0.596ns
    Clock Pessimism Removal (CPR):    -0.500ns

    Location             Delay type                Incr(ns)  Path(ns)    Netlist Resource(s)
  -------------------------------------------------------------------    -------------------
                         (clock clk_out1_design_1_clk_wiz_0_0 rise edge)
                                                      0.000     0.000 r  
    H16                                               0.000     0.000 r  clk_in1_0 (IN)
                         net (fo=0)                   0.000     0.000    design_1_i/clk_wiz_0/inst/clk_in1
    H16                  IBUF (Prop_ibuf_I_O)         0.219     0.219 r  design_1_i/clk_wiz_0/inst/clkin1_ibufg/O
                         net (fo=1, routed)           0.440     0.659    design_1_i/clk_wiz_0/inst/clk_in1_design_1_clk_wiz_0_0
    MMCME2_ADV_X1Y2      MMCME2_ADV (Prop_mmcme2_adv_CLKIN1_CLKOUT0)
                                                     -2.613    -1.954 r  design_1_i/clk_wiz_0/inst/mmcm_adv_inst/CLKOUT0
                         net (fo=1, routed)           0.696    -1.257    design_1_i/clk_wiz_0/inst/clk_out1_design_1_clk_wiz_0_0
    BUFGCTRL_X0Y17       BUFG (Prop_bufg_I_O)         0.026    -1.231 r  design_1_i/clk_wiz_0/inst/clkout1_buf/O
                         net (fo=66, routed)          0.635    -0.596    design_1_i/eFPGA_AXI_LM393_driv_0/U0/eFPGA_AXI_LM393_driver_slave_lite_v1_0_S00_AXI_inst/speedsensor_instance/clk
    SLICE_X52Y100        FDRE                                         r  design_1_i/eFPGA_AXI_LM393_driv_0/U0/eFPGA_AXI_LM393_driver_slave_lite_v1_0_S00_AXI_inst/speedsensor_instance/counter_reg[16]/C
  -------------------------------------------------------------------    -------------------
    SLICE_X52Y100        FDRE (Prop_fdre_C_Q)         0.141    -0.455 r  design_1_i/eFPGA_AXI_LM393_driv_0/U0/eFPGA_AXI_LM393_driver_slave_lite_v1_0_S00_AXI_inst/speedsensor_instance/counter_reg[16]/Q
                         net (fo=3, routed)           0.234    -0.221    design_1_i/eFPGA_AXI_LM393_driv_0/U0/eFPGA_AXI_LM393_driver_slave_lite_v1_0_S00_AXI_inst/speedsensor_instance/counter[16]
    SLICE_X49Y102        FDRE                                         r  design_1_i/eFPGA_AXI_LM393_driv_0/U0/eFPGA_AXI_LM393_driver_slave_lite_v1_0_S00_AXI_inst/speedsensor_instance/result_reg[16]/D
  -------------------------------------------------------------------    -------------------

                         (clock clk_out1_design_1_clk_wiz_0_0 rise edge)
                                                      0.000     0.000 r  
    H16                                               0.000     0.000 r  clk_in1_0 (IN)
                         net (fo=0)                   0.000     0.000    design_1_i/clk_wiz_0/inst/clk_in1
    H16                  IBUF (Prop_ibuf_I_O)         0.406     0.406 r  design_1_i/clk_wiz_0/inst/clkin1_ibufg/O
                         net (fo=1, routed)           0.480     0.886    design_1_i/clk_wiz_0/inst/clk_in1_design_1_clk_wiz_0_0
    MMCME2_ADV_X1Y2      MMCME2_ADV (Prop_mmcme2_adv_CLKIN1_CLKOUT0)
                                                     -3.407    -2.521 r  design_1_i/clk_wiz_0/inst/mmcm_adv_inst/CLKOUT0
                         net (fo=1, routed)           0.752    -1.769    design_1_i/clk_wiz_0/inst/clk_out1_design_1_clk_wiz_0_0
    BUFGCTRL_X0Y17       BUFG (Prop_bufg_I_O)         0.029    -1.740 r  design_1_i/clk_wiz_0/inst/clkout1_buf/O
                         net (fo=66, routed)          0.911    -0.829    design_1_i/eFPGA_AXI_LM393_driv_0/U0/eFPGA_AXI_LM393_driver_slave_lite_v1_0_S00_AXI_inst/speedsensor_instance/clk
    SLICE_X49Y102        FDRE                                         r  design_1_i/eFPGA_AXI_LM393_driv_0/U0/eFPGA_AXI_LM393_driver_slave_lite_v1_0_S00_AXI_inst/speedsensor_instance/result_reg[16]/C
                         clock pessimism              0.500    -0.329    
    SLICE_X49Y102        FDRE (Hold_fdre_C_D)         0.046    -0.283    design_1_i/eFPGA_AXI_LM393_driv_0/U0/eFPGA_AXI_LM393_driver_slave_lite_v1_0_S00_AXI_inst/speedsensor_instance/result_reg[16]
  -------------------------------------------------------------------
                         required time                          0.283    
                         arrival time                          -0.221    
  -------------------------------------------------------------------
                         slack                                  0.062    

Slack (MET) :             0.082ns  (arrival time - required time)
  Source:                 design_1_i/eFPGA_AXI_LM393_driv_0/U0/eFPGA_AXI_LM393_driver_slave_lite_v1_0_S00_AXI_inst/speedsensor_instance/counter_reg[24]/C
                            (rising edge-triggered cell FDRE clocked by clk_out1_design_1_clk_wiz_0_0  {rise@0.000ns fall@100.000ns period=200.000ns})
  Destination:            design_1_i/eFPGA_AXI_LM393_driv_0/U0/eFPGA_AXI_LM393_driver_slave_lite_v1_0_S00_AXI_inst/speedsensor_instance/result_reg[24]/D
                            (rising edge-triggered cell FDRE clocked by clk_out1_design_1_clk_wiz_0_0  {rise@0.000ns fall@100.000ns period=200.000ns})
  Path Group:             clk_out1_design_1_clk_wiz_0_0
  Path Type:              Hold (Min at Fast Process Corner)
  Requirement:            0.000ns  (clk_out1_design_1_clk_wiz_0_0 rise@0.000ns - clk_out1_design_1_clk_wiz_0_0 rise@0.000ns)
  Data Path Delay:        0.414ns  (logic 0.141ns (34.018%)  route 0.273ns (65.982%))
  Logic Levels:           0  
  Clock Path Skew:        0.266ns (DCD - SCD - CPR)
    Destination Clock Delay (DCD):    -0.830ns
    Source Clock Delay      (SCD):    -0.596ns
    Clock Pessimism Removal (CPR):    -0.500ns

    Location             Delay type                Incr(ns)  Path(ns)    Netlist Resource(s)
  -------------------------------------------------------------------    -------------------
                         (clock clk_out1_design_1_clk_wiz_0_0 rise edge)
                                                      0.000     0.000 r  
    H16                                               0.000     0.000 r  clk_in1_0 (IN)
                         net (fo=0)                   0.000     0.000    design_1_i/clk_wiz_0/inst/clk_in1
    H16                  IBUF (Prop_ibuf_I_O)         0.219     0.219 r  design_1_i/clk_wiz_0/inst/clkin1_ibufg/O
                         net (fo=1, routed)           0.440     0.659    design_1_i/clk_wiz_0/inst/clk_in1_design_1_clk_wiz_0_0
    MMCME2_ADV_X1Y2      MMCME2_ADV (Prop_mmcme2_adv_CLKIN1_CLKOUT0)
                                                     -2.613    -1.954 r  design_1_i/clk_wiz_0/inst/mmcm_adv_inst/CLKOUT0
                         net (fo=1, routed)           0.696    -1.257    design_1_i/clk_wiz_0/inst/clk_out1_design_1_clk_wiz_0_0
    BUFGCTRL_X0Y17       BUFG (Prop_bufg_I_O)         0.026    -1.231 r  design_1_i/clk_wiz_0/inst/clkout1_buf/O
                         net (fo=66, routed)          0.635    -0.596    design_1_i/eFPGA_AXI_LM393_driv_0/U0/eFPGA_AXI_LM393_driver_slave_lite_v1_0_S00_AXI_inst/speedsensor_instance/clk
    SLICE_X52Y102        FDRE                                         r  design_1_i/eFPGA_AXI_LM393_driv_0/U0/eFPGA_AXI_LM393_driver_slave_lite_v1_0_S00_AXI_inst/speedsensor_instance/counter_reg[24]/C
  -------------------------------------------------------------------    -------------------
    SLICE_X52Y102        FDRE (Prop_fdre_C_Q)         0.141    -0.455 r  design_1_i/eFPGA_AXI_LM393_driv_0/U0/eFPGA_AXI_LM393_driver_slave_lite_v1_0_S00_AXI_inst/speedsensor_instance/counter_reg[24]/Q
                         net (fo=3, routed)           0.273    -0.182    design_1_i/eFPGA_AXI_LM393_driv_0/U0/eFPGA_AXI_LM393_driver_slave_lite_v1_0_S00_AXI_inst/speedsensor_instance/counter[24]
    SLICE_X49Y104        FDRE                                         r  design_1_i/eFPGA_AXI_LM393_driv_0/U0/eFPGA_AXI_LM393_driver_slave_lite_v1_0_S00_AXI_inst/speedsensor_instance/result_reg[24]/D
  -------------------------------------------------------------------    -------------------

                         (clock clk_out1_design_1_clk_wiz_0_0 rise edge)
                                                      0.000     0.000 r  
    H16                                               0.000     0.000 r  clk_in1_0 (IN)
                         net (fo=0)                   0.000     0.000    design_1_i/clk_wiz_0/inst/clk_in1
    H16                  IBUF (Prop_ibuf_I_O)         0.406     0.406 r  design_1_i/clk_wiz_0/inst/clkin1_ibufg/O
                         net (fo=1, routed)           0.480     0.886    design_1_i/clk_wiz_0/inst/clk_in1_design_1_clk_wiz_0_0
    MMCME2_ADV_X1Y2      MMCME2_ADV (Prop_mmcme2_adv_CLKIN1_CLKOUT0)
                                                     -3.407    -2.521 r  design_1_i/clk_wiz_0/inst/mmcm_adv_inst/CLKOUT0
                         net (fo=1, routed)           0.752    -1.769    design_1_i/clk_wiz_0/inst/clk_out1_design_1_clk_wiz_0_0
    BUFGCTRL_X0Y17       BUFG (Prop_bufg_I_O)         0.029    -1.740 r  design_1_i/clk_wiz_0/inst/clkout1_buf/O
                         net (fo=66, routed)          0.910    -0.830    design_1_i/eFPGA_AXI_LM393_driv_0/U0/eFPGA_AXI_LM393_driver_slave_lite_v1_0_S00_AXI_inst/speedsensor_instance/clk
    SLICE_X49Y104        FDRE                                         r  design_1_i/eFPGA_AXI_LM393_driv_0/U0/eFPGA_AXI_LM393_driver_slave_lite_v1_0_S00_AXI_inst/speedsensor_instance/result_reg[24]/C
                         clock pessimism              0.500    -0.330    
    SLICE_X49Y104        FDRE (Hold_fdre_C_D)         0.066    -0.264    design_1_i/eFPGA_AXI_LM393_driv_0/U0/eFPGA_AXI_LM393_driver_slave_lite_v1_0_S00_AXI_inst/speedsensor_instance/result_reg[24]
  -------------------------------------------------------------------
                         required time                          0.264    
                         arrival time                          -0.182    
  -------------------------------------------------------------------
                         slack                                  0.082    

Slack (MET) :             0.116ns  (arrival time - required time)
  Source:                 design_1_i/eFPGA_AXI_LM393_driv_0/U0/eFPGA_AXI_LM393_driver_slave_lite_v1_0_S00_AXI_inst/speedsensor_instance/counter_reg[4]/C
                            (rising edge-triggered cell FDRE clocked by clk_out1_design_1_clk_wiz_0_0  {rise@0.000ns fall@100.000ns period=200.000ns})
  Destination:            design_1_i/eFPGA_AXI_LM393_driv_0/U0/eFPGA_AXI_LM393_driver_slave_lite_v1_0_S00_AXI_inst/speedsensor_instance/result_reg[4]/D
                            (rising edge-triggered cell FDRE clocked by clk_out1_design_1_clk_wiz_0_0  {rise@0.000ns fall@100.000ns period=200.000ns})
  Path Group:             clk_out1_design_1_clk_wiz_0_0
  Path Type:              Hold (Min at Fast Process Corner)
  Requirement:            0.000ns  (clk_out1_design_1_clk_wiz_0_0 rise@0.000ns - clk_out1_design_1_clk_wiz_0_0 rise@0.000ns)
  Data Path Delay:        0.205ns  (logic 0.141ns (68.701%)  route 0.064ns (31.300%))
  Logic Levels:           0  
  Clock Path Skew:        0.013ns (DCD - SCD - CPR)
    Destination Clock Delay (DCD):    -0.919ns
    Source Clock Delay      (SCD):    -0.678ns
    Clock Pessimism Removal (CPR):    -0.253ns

    Location             Delay type                Incr(ns)  Path(ns)    Netlist Resource(s)
  -------------------------------------------------------------------    -------------------
                         (clock clk_out1_design_1_clk_wiz_0_0 rise edge)
                                                      0.000     0.000 r  
    H16                                               0.000     0.000 r  clk_in1_0 (IN)
                         net (fo=0)                   0.000     0.000    design_1_i/clk_wiz_0/inst/clk_in1
    H16                  IBUF (Prop_ibuf_I_O)         0.219     0.219 r  design_1_i/clk_wiz_0/inst/clkin1_ibufg/O
                         net (fo=1, routed)           0.440     0.659    design_1_i/clk_wiz_0/inst/clk_in1_design_1_clk_wiz_0_0
    MMCME2_ADV_X1Y2      MMCME2_ADV (Prop_mmcme2_adv_CLKIN1_CLKOUT0)
                                                     -2.613    -1.954 r  design_1_i/clk_wiz_0/inst/mmcm_adv_inst/CLKOUT0
                         net (fo=1, routed)           0.696    -1.257    design_1_i/clk_wiz_0/inst/clk_out1_design_1_clk_wiz_0_0
    BUFGCTRL_X0Y17       BUFG (Prop_bufg_I_O)         0.026    -1.231 r  design_1_i/clk_wiz_0/inst/clkout1_buf/O
                         net (fo=66, routed)          0.553    -0.678    design_1_i/eFPGA_AXI_LM393_driv_0/U0/eFPGA_AXI_LM393_driver_slave_lite_v1_0_S00_AXI_inst/speedsensor_instance/clk
    SLICE_X51Y97         FDRE                                         r  design_1_i/eFPGA_AXI_LM393_driv_0/U0/eFPGA_AXI_LM393_driver_slave_lite_v1_0_S00_AXI_inst/speedsensor_instance/counter_reg[4]/C
  -------------------------------------------------------------------    -------------------
    SLICE_X51Y97         FDRE (Prop_fdre_C_Q)         0.141    -0.537 r  design_1_i/eFPGA_AXI_LM393_driv_0/U0/eFPGA_AXI_LM393_driver_slave_lite_v1_0_S00_AXI_inst/speedsensor_instance/counter_reg[4]/Q
                         net (fo=3, routed)           0.064    -0.473    design_1_i/eFPGA_AXI_LM393_driv_0/U0/eFPGA_AXI_LM393_driver_slave_lite_v1_0_S00_AXI_inst/speedsensor_instance/counter[4]
    SLICE_X50Y97         FDRE                                         r  design_1_i/eFPGA_AXI_LM393_driv_0/U0/eFPGA_AXI_LM393_driver_slave_lite_v1_0_S00_AXI_inst/speedsensor_instance/result_reg[4]/D
  -------------------------------------------------------------------    -------------------

                         (clock clk_out1_design_1_clk_wiz_0_0 rise edge)
                                                      0.000     0.000 r  
    H16                                               0.000     0.000 r  clk_in1_0 (IN)
                         net (fo=0)                   0.000     0.000    design_1_i/clk_wiz_0/inst/clk_in1
    H16                  IBUF (Prop_ibuf_I_O)         0.406     0.406 r  design_1_i/clk_wiz_0/inst/clkin1_ibufg/O
                         net (fo=1, routed)           0.480     0.886    design_1_i/clk_wiz_0/inst/clk_in1_design_1_clk_wiz_0_0
    MMCME2_ADV_X1Y2      MMCME2_ADV (Prop_mmcme2_adv_CLKIN1_CLKOUT0)
                                                     -3.407    -2.521 r  design_1_i/clk_wiz_0/inst/mmcm_adv_inst/CLKOUT0
                         net (fo=1, routed)           0.752    -1.769    design_1_i/clk_wiz_0/inst/clk_out1_design_1_clk_wiz_0_0
    BUFGCTRL_X0Y17       BUFG (Prop_bufg_I_O)         0.029    -1.740 r  design_1_i/clk_wiz_0/inst/clkout1_buf/O
                         net (fo=66, routed)          0.821    -0.919    design_1_i/eFPGA_AXI_LM393_driv_0/U0/eFPGA_AXI_LM393_driver_slave_lite_v1_0_S00_AXI_inst/speedsensor_instance/clk
    SLICE_X50Y97         FDRE                                         r  design_1_i/eFPGA_AXI_LM393_driv_0/U0/eFPGA_AXI_LM393_driver_slave_lite_v1_0_S00_AXI_inst/speedsensor_instance/result_reg[4]/C
                         clock pessimism              0.253    -0.665    
    SLICE_X50Y97         FDRE (Hold_fdre_C_D)         0.076    -0.589    design_1_i/eFPGA_AXI_LM393_driv_0/U0/eFPGA_AXI_LM393_driver_slave_lite_v1_0_S00_AXI_inst/speedsensor_instance/result_reg[4]
  -------------------------------------------------------------------
                         required time                          0.589    
                         arrival time                          -0.473    
  -------------------------------------------------------------------
                         slack                                  0.116    

Slack (MET) :             0.140ns  (arrival time - required time)
  Source:                 design_1_i/eFPGA_AXI_LM393_driv_0/U0/eFPGA_AXI_LM393_driver_slave_lite_v1_0_S00_AXI_inst/speedsensor_instance/counter_reg[14]/C
                            (rising edge-triggered cell FDRE clocked by clk_out1_design_1_clk_wiz_0_0  {rise@0.000ns fall@100.000ns period=200.000ns})
  Destination:            design_1_i/eFPGA_AXI_LM393_driv_0/U0/eFPGA_AXI_LM393_driver_slave_lite_v1_0_S00_AXI_inst/speedsensor_instance/result_reg[14]/D
                            (rising edge-triggered cell FDRE clocked by clk_out1_design_1_clk_wiz_0_0  {rise@0.000ns fall@100.000ns period=200.000ns})
  Path Group:             clk_out1_design_1_clk_wiz_0_0
  Path Type:              Hold (Min at Fast Process Corner)
  Requirement:            0.000ns  (clk_out1_design_1_clk_wiz_0_0 rise@0.000ns - clk_out1_design_1_clk_wiz_0_0 rise@0.000ns)
  Data Path Delay:        0.411ns  (logic 0.141ns (34.279%)  route 0.270ns (65.721%))
  Logic Levels:           0  
  Clock Path Skew:        0.181ns (DCD - SCD - CPR)
    Destination Clock Delay (DCD):    -0.919ns
    Source Clock Delay      (SCD):    -0.596ns
    Clock Pessimism Removal (CPR):    -0.504ns

    Location             Delay type                Incr(ns)  Path(ns)    Netlist Resource(s)
  -------------------------------------------------------------------    -------------------
                         (clock clk_out1_design_1_clk_wiz_0_0 rise edge)
                                                      0.000     0.000 r  
    H16                                               0.000     0.000 r  clk_in1_0 (IN)
                         net (fo=0)                   0.000     0.000    design_1_i/clk_wiz_0/inst/clk_in1
    H16                  IBUF (Prop_ibuf_I_O)         0.219     0.219 r  design_1_i/clk_wiz_0/inst/clkin1_ibufg/O
                         net (fo=1, routed)           0.440     0.659    design_1_i/clk_wiz_0/inst/clk_in1_design_1_clk_wiz_0_0
    MMCME2_ADV_X1Y2      MMCME2_ADV (Prop_mmcme2_adv_CLKIN1_CLKOUT0)
                                                     -2.613    -1.954 r  design_1_i/clk_wiz_0/inst/mmcm_adv_inst/CLKOUT0
                         net (fo=1, routed)           0.696    -1.257    design_1_i/clk_wiz_0/inst/clk_out1_design_1_clk_wiz_0_0
    BUFGCTRL_X0Y17       BUFG (Prop_bufg_I_O)         0.026    -1.231 r  design_1_i/clk_wiz_0/inst/clkout1_buf/O
                         net (fo=66, routed)          0.635    -0.596    design_1_i/eFPGA_AXI_LM393_driv_0/U0/eFPGA_AXI_LM393_driver_slave_lite_v1_0_S00_AXI_inst/speedsensor_instance/clk
    SLICE_X51Y100        FDRE                                         r  design_1_i/eFPGA_AXI_LM393_driv_0/U0/eFPGA_AXI_LM393_driver_slave_lite_v1_0_S00_AXI_inst/speedsensor_instance/counter_reg[14]/C
  -------------------------------------------------------------------    -------------------
    SLICE_X51Y100        FDRE (Prop_fdre_C_Q)         0.141    -0.455 r  design_1_i/eFPGA_AXI_LM393_driv_0/U0/eFPGA_AXI_LM393_driver_slave_lite_v1_0_S00_AXI_inst/speedsensor_instance/counter_reg[14]/Q
                         net (fo=3, routed)           0.270    -0.185    design_1_i/eFPGA_AXI_LM393_driv_0/U0/eFPGA_AXI_LM393_driver_slave_lite_v1_0_S00_AXI_inst/speedsensor_instance/counter[14]
    SLICE_X50Y99         FDRE                                         r  design_1_i/eFPGA_AXI_LM393_driv_0/U0/eFPGA_AXI_LM393_driver_slave_lite_v1_0_S00_AXI_inst/speedsensor_instance/result_reg[14]/D
  -------------------------------------------------------------------    -------------------

                         (clock clk_out1_design_1_clk_wiz_0_0 rise edge)
                                                      0.000     0.000 r  
    H16                                               0.000     0.000 r  clk_in1_0 (IN)
                         net (fo=0)                   0.000     0.000    design_1_i/clk_wiz_0/inst/clk_in1
    H16                  IBUF (Prop_ibuf_I_O)         0.406     0.406 r  design_1_i/clk_wiz_0/inst/clkin1_ibufg/O
                         net (fo=1, routed)           0.480     0.886    design_1_i/clk_wiz_0/inst/clk_in1_design_1_clk_wiz_0_0
    MMCME2_ADV_X1Y2      MMCME2_ADV (Prop_mmcme2_adv_CLKIN1_CLKOUT0)
                                                     -3.407    -2.521 r  design_1_i/clk_wiz_0/inst/mmcm_adv_inst/CLKOUT0
                         net (fo=1, routed)           0.752    -1.769    design_1_i/clk_wiz_0/inst/clk_out1_design_1_clk_wiz_0_0
    BUFGCTRL_X0Y17       BUFG (Prop_bufg_I_O)         0.029    -1.740 r  design_1_i/clk_wiz_0/inst/clkout1_buf/O
                         net (fo=66, routed)          0.821    -0.919    design_1_i/eFPGA_AXI_LM393_driv_0/U0/eFPGA_AXI_LM393_driver_slave_lite_v1_0_S00_AXI_inst/speedsensor_instance/clk
    SLICE_X50Y99         FDRE                                         r  design_1_i/eFPGA_AXI_LM393_driv_0/U0/eFPGA_AXI_LM393_driver_slave_lite_v1_0_S00_AXI_inst/speedsensor_instance/result_reg[14]/C
                         clock pessimism              0.504    -0.415    
    SLICE_X50Y99         FDRE (Hold_fdre_C_D)         0.090    -0.325    design_1_i/eFPGA_AXI_LM393_driv_0/U0/eFPGA_AXI_LM393_driver_slave_lite_v1_0_S00_AXI_inst/speedsensor_instance/result_reg[14]
  -------------------------------------------------------------------
                         required time                          0.325    
                         arrival time                          -0.185    
  -------------------------------------------------------------------
                         slack                                  0.140    

Slack (MET) :             0.153ns  (arrival time - required time)
  Source:                 design_1_i/eFPGA_AXI_LM393_driv_0/U0/eFPGA_AXI_LM393_driver_slave_lite_v1_0_S00_AXI_inst/speedsensor_instance/counter_reg[27]/C
                            (rising edge-triggered cell FDRE clocked by clk_out1_design_1_clk_wiz_0_0  {rise@0.000ns fall@100.000ns period=200.000ns})
  Destination:            design_1_i/eFPGA_AXI_LM393_driv_0/U0/eFPGA_AXI_LM393_driver_slave_lite_v1_0_S00_AXI_inst/speedsensor_instance/result_reg[27]/D
                            (rising edge-triggered cell FDRE clocked by clk_out1_design_1_clk_wiz_0_0  {rise@0.000ns fall@100.000ns period=200.000ns})
  Path Group:             clk_out1_design_1_clk_wiz_0_0
  Path Type:              Hold (Min at Fast Process Corner)
  Requirement:            0.000ns  (clk_out1_design_1_clk_wiz_0_0 rise@0.000ns - clk_out1_design_1_clk_wiz_0_0 rise@0.000ns)
  Data Path Delay:        0.486ns  (logic 0.141ns (29.011%)  route 0.345ns (70.989%))
  Logic Levels:           0  
  Clock Path Skew:        0.267ns (DCD - SCD - CPR)
    Destination Clock Delay (DCD):    -0.830ns
    Source Clock Delay      (SCD):    -0.597ns
    Clock Pessimism Removal (CPR):    -0.500ns

    Location             Delay type                Incr(ns)  Path(ns)    Netlist Resource(s)
  -------------------------------------------------------------------    -------------------
                         (clock clk_out1_design_1_clk_wiz_0_0 rise edge)
                                                      0.000     0.000 r  
    H16                                               0.000     0.000 r  clk_in1_0 (IN)
                         net (fo=0)                   0.000     0.000    design_1_i/clk_wiz_0/inst/clk_in1
    H16                  IBUF (Prop_ibuf_I_O)         0.219     0.219 r  design_1_i/clk_wiz_0/inst/clkin1_ibufg/O
                         net (fo=1, routed)           0.440     0.659    design_1_i/clk_wiz_0/inst/clk_in1_design_1_clk_wiz_0_0
    MMCME2_ADV_X1Y2      MMCME2_ADV (Prop_mmcme2_adv_CLKIN1_CLKOUT0)
                                                     -2.613    -1.954 r  design_1_i/clk_wiz_0/inst/mmcm_adv_inst/CLKOUT0
                         net (fo=1, routed)           0.696    -1.257    design_1_i/clk_wiz_0/inst/clk_out1_design_1_clk_wiz_0_0
    BUFGCTRL_X0Y17       BUFG (Prop_bufg_I_O)         0.026    -1.231 r  design_1_i/clk_wiz_0/inst/clkout1_buf/O
                         net (fo=66, routed)          0.634    -0.597    design_1_i/eFPGA_AXI_LM393_driv_0/U0/eFPGA_AXI_LM393_driver_slave_lite_v1_0_S00_AXI_inst/speedsensor_instance/clk
    SLICE_X51Y103        FDRE                                         r  design_1_i/eFPGA_AXI_LM393_driv_0/U0/eFPGA_AXI_LM393_driver_slave_lite_v1_0_S00_AXI_inst/speedsensor_instance/counter_reg[27]/C
  -------------------------------------------------------------------    -------------------
    SLICE_X51Y103        FDRE (Prop_fdre_C_Q)         0.141    -0.456 r  design_1_i/eFPGA_AXI_LM393_driv_0/U0/eFPGA_AXI_LM393_driver_slave_lite_v1_0_S00_AXI_inst/speedsensor_instance/counter_reg[27]/Q
                         net (fo=3, routed)           0.345    -0.111    design_1_i/eFPGA_AXI_LM393_driv_0/U0/eFPGA_AXI_LM393_driver_slave_lite_v1_0_S00_AXI_inst/speedsensor_instance/counter[27]
    SLICE_X48Y104        FDRE                                         r  design_1_i/eFPGA_AXI_LM393_driv_0/U0/eFPGA_AXI_LM393_driver_slave_lite_v1_0_S00_AXI_inst/speedsensor_instance/result_reg[27]/D
  -------------------------------------------------------------------    -------------------

                         (clock clk_out1_design_1_clk_wiz_0_0 rise edge)
                                                      0.000     0.000 r  
    H16                                               0.000     0.000 r  clk_in1_0 (IN)
                         net (fo=0)                   0.000     0.000    design_1_i/clk_wiz_0/inst/clk_in1
    H16                  IBUF (Prop_ibuf_I_O)         0.406     0.406 r  design_1_i/clk_wiz_0/inst/clkin1_ibufg/O
                         net (fo=1, routed)           0.480     0.886    design_1_i/clk_wiz_0/inst/clk_in1_design_1_clk_wiz_0_0
    MMCME2_ADV_X1Y2      MMCME2_ADV (Prop_mmcme2_adv_CLKIN1_CLKOUT0)
                                                     -3.407    -2.521 r  design_1_i/clk_wiz_0/inst/mmcm_adv_inst/CLKOUT0
                         net (fo=1, routed)           0.752    -1.769    design_1_i/clk_wiz_0/inst/clk_out1_design_1_clk_wiz_0_0
    BUFGCTRL_X0Y17       BUFG (Prop_bufg_I_O)         0.029    -1.740 r  design_1_i/clk_wiz_0/inst/clkout1_buf/O
                         net (fo=66, routed)          0.910    -0.830    design_1_i/eFPGA_AXI_LM393_driv_0/U0/eFPGA_AXI_LM393_driver_slave_lite_v1_0_S00_AXI_inst/speedsensor_instance/clk
    SLICE_X48Y104        FDRE                                         r  design_1_i/eFPGA_AXI_LM393_driv_0/U0/eFPGA_AXI_LM393_driver_slave_lite_v1_0_S00_AXI_inst/speedsensor_instance/result_reg[27]/C
                         clock pessimism              0.500    -0.330    
    SLICE_X48Y104        FDRE (Hold_fdre_C_D)         0.066    -0.264    design_1_i/eFPGA_AXI_LM393_driv_0/U0/eFPGA_AXI_LM393_driver_slave_lite_v1_0_S00_AXI_inst/speedsensor_instance/result_reg[27]
  -------------------------------------------------------------------
                         required time                          0.264    
                         arrival time                          -0.111    
  -------------------------------------------------------------------
                         slack                                  0.153    

Slack (MET) :             0.171ns  (arrival time - required time)
  Source:                 design_1_i/eFPGA_AXI_LM393_driv_0/U0/eFPGA_AXI_LM393_driver_slave_lite_v1_0_S00_AXI_inst/speedsensor_instance/counter_reg[13]/C
                            (rising edge-triggered cell FDRE clocked by clk_out1_design_1_clk_wiz_0_0  {rise@0.000ns fall@100.000ns period=200.000ns})
  Destination:            design_1_i/eFPGA_AXI_LM393_driv_0/U0/eFPGA_AXI_LM393_driver_slave_lite_v1_0_S00_AXI_inst/speedsensor_instance/result_reg[13]/D
                            (rising edge-triggered cell FDRE clocked by clk_out1_design_1_clk_wiz_0_0  {rise@0.000ns fall@100.000ns period=200.000ns})
  Path Group:             clk_out1_design_1_clk_wiz_0_0
  Path Type:              Hold (Min at Fast Process Corner)
  Requirement:            0.000ns  (clk_out1_design_1_clk_wiz_0_0 rise@0.000ns - clk_out1_design_1_clk_wiz_0_0 rise@0.000ns)
  Data Path Delay:        0.442ns  (logic 0.141ns (31.924%)  route 0.301ns (68.076%))
  Logic Levels:           0  
  Clock Path Skew:        0.181ns (DCD - SCD - CPR)
    Destination Clock Delay (DCD):    -0.919ns
    Source Clock Delay      (SCD):    -0.596ns
    Clock Pessimism Removal (CPR):    -0.504ns

    Location             Delay type                Incr(ns)  Path(ns)    Netlist Resource(s)
  -------------------------------------------------------------------    -------------------
                         (clock clk_out1_design_1_clk_wiz_0_0 rise edge)
                                                      0.000     0.000 r  
    H16                                               0.000     0.000 r  clk_in1_0 (IN)
                         net (fo=0)                   0.000     0.000    design_1_i/clk_wiz_0/inst/clk_in1
    H16                  IBUF (Prop_ibuf_I_O)         0.219     0.219 r  design_1_i/clk_wiz_0/inst/clkin1_ibufg/O
                         net (fo=1, routed)           0.440     0.659    design_1_i/clk_wiz_0/inst/clk_in1_design_1_clk_wiz_0_0
    MMCME2_ADV_X1Y2      MMCME2_ADV (Prop_mmcme2_adv_CLKIN1_CLKOUT0)
                                                     -2.613    -1.954 r  design_1_i/clk_wiz_0/inst/mmcm_adv_inst/CLKOUT0
                         net (fo=1, routed)           0.696    -1.257    design_1_i/clk_wiz_0/inst/clk_out1_design_1_clk_wiz_0_0
    BUFGCTRL_X0Y17       BUFG (Prop_bufg_I_O)         0.026    -1.231 r  design_1_i/clk_wiz_0/inst/clkout1_buf/O
                         net (fo=66, routed)          0.635    -0.596    design_1_i/eFPGA_AXI_LM393_driv_0/U0/eFPGA_AXI_LM393_driver_slave_lite_v1_0_S00_AXI_inst/speedsensor_instance/clk
    SLICE_X51Y100        FDRE                                         r  design_1_i/eFPGA_AXI_LM393_driv_0/U0/eFPGA_AXI_LM393_driver_slave_lite_v1_0_S00_AXI_inst/speedsensor_instance/counter_reg[13]/C
  -------------------------------------------------------------------    -------------------
    SLICE_X51Y100        FDRE (Prop_fdre_C_Q)         0.141    -0.455 r  design_1_i/eFPGA_AXI_LM393_driv_0/U0/eFPGA_AXI_LM393_driver_slave_lite_v1_0_S00_AXI_inst/speedsensor_instance/counter_reg[13]/Q
                         net (fo=3, routed)           0.301    -0.154    design_1_i/eFPGA_AXI_LM393_driv_0/U0/eFPGA_AXI_LM393_driver_slave_lite_v1_0_S00_AXI_inst/speedsensor_instance/counter[13]
    SLICE_X50Y99         FDRE                                         r  design_1_i/eFPGA_AXI_LM393_driv_0/U0/eFPGA_AXI_LM393_driver_slave_lite_v1_0_S00_AXI_inst/speedsensor_instance/result_reg[13]/D
  -------------------------------------------------------------------    -------------------

                         (clock clk_out1_design_1_clk_wiz_0_0 rise edge)
                                                      0.000     0.000 r  
    H16                                               0.000     0.000 r  clk_in1_0 (IN)
                         net (fo=0)                   0.000     0.000    design_1_i/clk_wiz_0/inst/clk_in1
    H16                  IBUF (Prop_ibuf_I_O)         0.406     0.406 r  design_1_i/clk_wiz_0/inst/clkin1_ibufg/O
                         net (fo=1, routed)           0.480     0.886    design_1_i/clk_wiz_0/inst/clk_in1_design_1_clk_wiz_0_0
    MMCME2_ADV_X1Y2      MMCME2_ADV (Prop_mmcme2_adv_CLKIN1_CLKOUT0)
                                                     -3.407    -2.521 r  design_1_i/clk_wiz_0/inst/mmcm_adv_inst/CLKOUT0
                         net (fo=1, routed)           0.752    -1.769    design_1_i/clk_wiz_0/inst/clk_out1_design_1_clk_wiz_0_0
    BUFGCTRL_X0Y17       BUFG (Prop_bufg_I_O)         0.029    -1.740 r  design_1_i/clk_wiz_0/inst/clkout1_buf/O
                         net (fo=66, routed)          0.821    -0.919    design_1_i/eFPGA_AXI_LM393_driv_0/U0/eFPGA_AXI_LM393_driver_slave_lite_v1_0_S00_AXI_inst/speedsensor_instance/clk
    SLICE_X50Y99         FDRE                                         r  design_1_i/eFPGA_AXI_LM393_driv_0/U0/eFPGA_AXI_LM393_driver_slave_lite_v1_0_S00_AXI_inst/speedsensor_instance/result_reg[13]/C
                         clock pessimism              0.504    -0.415    
    SLICE_X50Y99         FDRE (Hold_fdre_C_D)         0.090    -0.325    design_1_i/eFPGA_AXI_LM393_driv_0/U0/eFPGA_AXI_LM393_driver_slave_lite_v1_0_S00_AXI_inst/speedsensor_instance/result_reg[13]
  -------------------------------------------------------------------
                         required time                          0.325    
                         arrival time                          -0.154    
  -------------------------------------------------------------------
                         slack                                  0.171    

Slack (MET) :             0.177ns  (arrival time - required time)
  Source:                 design_1_i/eFPGA_AXI_LM393_driv_0/U0/eFPGA_AXI_LM393_driver_slave_lite_v1_0_S00_AXI_inst/speedsensor_instance/counter_reg[25]/C
                            (rising edge-triggered cell FDRE clocked by clk_out1_design_1_clk_wiz_0_0  {rise@0.000ns fall@100.000ns period=200.000ns})
  Destination:            design_1_i/eFPGA_AXI_LM393_driv_0/U0/eFPGA_AXI_LM393_driver_slave_lite_v1_0_S00_AXI_inst/speedsensor_instance/result_reg[25]/D
                            (rising edge-triggered cell FDRE clocked by clk_out1_design_1_clk_wiz_0_0  {rise@0.000ns fall@100.000ns period=200.000ns})
  Path Group:             clk_out1_design_1_clk_wiz_0_0
  Path Type:              Hold (Min at Fast Process Corner)
  Requirement:            0.000ns  (clk_out1_design_1_clk_wiz_0_0 rise@0.000ns - clk_out1_design_1_clk_wiz_0_0 rise@0.000ns)
  Data Path Delay:        0.515ns  (logic 0.141ns (27.389%)  route 0.374ns (72.611%))
  Logic Levels:           0  
  Clock Path Skew:        0.267ns (DCD - SCD - CPR)
    Destination Clock Delay (DCD):    -0.830ns
    Source Clock Delay      (SCD):    -0.597ns
    Clock Pessimism Removal (CPR):    -0.500ns

    Location             Delay type                Incr(ns)  Path(ns)    Netlist Resource(s)
  -------------------------------------------------------------------    -------------------
                         (clock clk_out1_design_1_clk_wiz_0_0 rise edge)
                                                      0.000     0.000 r  
    H16                                               0.000     0.000 r  clk_in1_0 (IN)
                         net (fo=0)                   0.000     0.000    design_1_i/clk_wiz_0/inst/clk_in1
    H16                  IBUF (Prop_ibuf_I_O)         0.219     0.219 r  design_1_i/clk_wiz_0/inst/clkin1_ibufg/O
                         net (fo=1, routed)           0.440     0.659    design_1_i/clk_wiz_0/inst/clk_in1_design_1_clk_wiz_0_0
    MMCME2_ADV_X1Y2      MMCME2_ADV (Prop_mmcme2_adv_CLKIN1_CLKOUT0)
                                                     -2.613    -1.954 r  design_1_i/clk_wiz_0/inst/mmcm_adv_inst/CLKOUT0
                         net (fo=1, routed)           0.696    -1.257    design_1_i/clk_wiz_0/inst/clk_out1_design_1_clk_wiz_0_0
    BUFGCTRL_X0Y17       BUFG (Prop_bufg_I_O)         0.026    -1.231 r  design_1_i/clk_wiz_0/inst/clkout1_buf/O
                         net (fo=66, routed)          0.634    -0.597    design_1_i/eFPGA_AXI_LM393_driv_0/U0/eFPGA_AXI_LM393_driver_slave_lite_v1_0_S00_AXI_inst/speedsensor_instance/clk
    SLICE_X51Y103        FDRE                                         r  design_1_i/eFPGA_AXI_LM393_driv_0/U0/eFPGA_AXI_LM393_driver_slave_lite_v1_0_S00_AXI_inst/speedsensor_instance/counter_reg[25]/C
  -------------------------------------------------------------------    -------------------
    SLICE_X51Y103        FDRE (Prop_fdre_C_Q)         0.141    -0.456 r  design_1_i/eFPGA_AXI_LM393_driv_0/U0/eFPGA_AXI_LM393_driver_slave_lite_v1_0_S00_AXI_inst/speedsensor_instance/counter_reg[25]/Q
                         net (fo=3, routed)           0.374    -0.082    design_1_i/eFPGA_AXI_LM393_driv_0/U0/eFPGA_AXI_LM393_driver_slave_lite_v1_0_S00_AXI_inst/speedsensor_instance/counter[25]
    SLICE_X49Y104        FDRE                                         r  design_1_i/eFPGA_AXI_LM393_driv_0/U0/eFPGA_AXI_LM393_driver_slave_lite_v1_0_S00_AXI_inst/speedsensor_instance/result_reg[25]/D
  -------------------------------------------------------------------    -------------------

                         (clock clk_out1_design_1_clk_wiz_0_0 rise edge)
                                                      0.000     0.000 r  
    H16                                               0.000     0.000 r  clk_in1_0 (IN)
                         net (fo=0)                   0.000     0.000    design_1_i/clk_wiz_0/inst/clk_in1
    H16                  IBUF (Prop_ibuf_I_O)         0.406     0.406 r  design_1_i/clk_wiz_0/inst/clkin1_ibufg/O
                         net (fo=1, routed)           0.480     0.886    design_1_i/clk_wiz_0/inst/clk_in1_design_1_clk_wiz_0_0
    MMCME2_ADV_X1Y2      MMCME2_ADV (Prop_mmcme2_adv_CLKIN1_CLKOUT0)
                                                     -3.407    -2.521 r  design_1_i/clk_wiz_0/inst/mmcm_adv_inst/CLKOUT0
                         net (fo=1, routed)           0.752    -1.769    design_1_i/clk_wiz_0/inst/clk_out1_design_1_clk_wiz_0_0
    BUFGCTRL_X0Y17       BUFG (Prop_bufg_I_O)         0.029    -1.740 r  design_1_i/clk_wiz_0/inst/clkout1_buf/O
                         net (fo=66, routed)          0.910    -0.830    design_1_i/eFPGA_AXI_LM393_driv_0/U0/eFPGA_AXI_LM393_driver_slave_lite_v1_0_S00_AXI_inst/speedsensor_instance/clk
    SLICE_X49Y104        FDRE                                         r  design_1_i/eFPGA_AXI_LM393_driv_0/U0/eFPGA_AXI_LM393_driver_slave_lite_v1_0_S00_AXI_inst/speedsensor_instance/result_reg[25]/C
                         clock pessimism              0.500    -0.330    
    SLICE_X49Y104        FDRE (Hold_fdre_C_D)         0.070    -0.260    design_1_i/eFPGA_AXI_LM393_driv_0/U0/eFPGA_AXI_LM393_driver_slave_lite_v1_0_S00_AXI_inst/speedsensor_instance/result_reg[25]
  -------------------------------------------------------------------
                         required time                          0.260    
                         arrival time                          -0.082    
  -------------------------------------------------------------------
                         slack                                  0.177    

Slack (MET) :             0.190ns  (arrival time - required time)
  Source:                 design_1_i/eFPGA_AXI_LM393_driv_0/U0/eFPGA_AXI_LM393_driver_slave_lite_v1_0_S00_AXI_inst/speedsensor_instance/counter_reg[7]/C
                            (rising edge-triggered cell FDRE clocked by clk_out1_design_1_clk_wiz_0_0  {rise@0.000ns fall@100.000ns period=200.000ns})
  Destination:            design_1_i/eFPGA_AXI_LM393_driv_0/U0/eFPGA_AXI_LM393_driver_slave_lite_v1_0_S00_AXI_inst/speedsensor_instance/result_reg[7]/D
                            (rising edge-triggered cell FDRE clocked by clk_out1_design_1_clk_wiz_0_0  {rise@0.000ns fall@100.000ns period=200.000ns})
  Path Group:             clk_out1_design_1_clk_wiz_0_0
  Path Type:              Hold (Min at Fast Process Corner)
  Requirement:            0.000ns  (clk_out1_design_1_clk_wiz_0_0 rise@0.000ns - clk_out1_design_1_clk_wiz_0_0 rise@0.000ns)
  Data Path Delay:        0.268ns  (logic 0.141ns (52.538%)  route 0.127ns (47.462%))
  Logic Levels:           0  
  Clock Path Skew:        0.015ns (DCD - SCD - CPR)
    Destination Clock Delay (DCD):    -0.920ns
    Source Clock Delay      (SCD):    -0.678ns
    Clock Pessimism Removal (CPR):    -0.256ns

    Location             Delay type                Incr(ns)  Path(ns)    Netlist Resource(s)
  -------------------------------------------------------------------    -------------------
                         (clock clk_out1_design_1_clk_wiz_0_0 rise edge)
                                                      0.000     0.000 r  
    H16                                               0.000     0.000 r  clk_in1_0 (IN)
                         net (fo=0)                   0.000     0.000    design_1_i/clk_wiz_0/inst/clk_in1
    H16                  IBUF (Prop_ibuf_I_O)         0.219     0.219 r  design_1_i/clk_wiz_0/inst/clkin1_ibufg/O
                         net (fo=1, routed)           0.440     0.659    design_1_i/clk_wiz_0/inst/clk_in1_design_1_clk_wiz_0_0
    MMCME2_ADV_X1Y2      MMCME2_ADV (Prop_mmcme2_adv_CLKIN1_CLKOUT0)
                                                     -2.613    -1.954 r  design_1_i/clk_wiz_0/inst/mmcm_adv_inst/CLKOUT0
                         net (fo=1, routed)           0.696    -1.257    design_1_i/clk_wiz_0/inst/clk_out1_design_1_clk_wiz_0_0
    BUFGCTRL_X0Y17       BUFG (Prop_bufg_I_O)         0.026    -1.231 r  design_1_i/clk_wiz_0/inst/clkout1_buf/O
                         net (fo=66, routed)          0.553    -0.678    design_1_i/eFPGA_AXI_LM393_driv_0/U0/eFPGA_AXI_LM393_driver_slave_lite_v1_0_S00_AXI_inst/speedsensor_instance/clk
    SLICE_X51Y98         FDRE                                         r  design_1_i/eFPGA_AXI_LM393_driv_0/U0/eFPGA_AXI_LM393_driver_slave_lite_v1_0_S00_AXI_inst/speedsensor_instance/counter_reg[7]/C
  -------------------------------------------------------------------    -------------------
    SLICE_X51Y98         FDRE (Prop_fdre_C_Q)         0.141    -0.537 r  design_1_i/eFPGA_AXI_LM393_driv_0/U0/eFPGA_AXI_LM393_driver_slave_lite_v1_0_S00_AXI_inst/speedsensor_instance/counter_reg[7]/Q
                         net (fo=3, routed)           0.127    -0.410    design_1_i/eFPGA_AXI_LM393_driv_0/U0/eFPGA_AXI_LM393_driver_slave_lite_v1_0_S00_AXI_inst/speedsensor_instance/counter[7]
    SLICE_X50Y96         FDRE                                         r  design_1_i/eFPGA_AXI_LM393_driv_0/U0/eFPGA_AXI_LM393_driver_slave_lite_v1_0_S00_AXI_inst/speedsensor_instance/result_reg[7]/D
  -------------------------------------------------------------------    -------------------

                         (clock clk_out1_design_1_clk_wiz_0_0 rise edge)
                                                      0.000     0.000 r  
    H16                                               0.000     0.000 r  clk_in1_0 (IN)
                         net (fo=0)                   0.000     0.000    design_1_i/clk_wiz_0/inst/clk_in1
    H16                  IBUF (Prop_ibuf_I_O)         0.406     0.406 r  design_1_i/clk_wiz_0/inst/clkin1_ibufg/O
                         net (fo=1, routed)           0.480     0.886    design_1_i/clk_wiz_0/inst/clk_in1_design_1_clk_wiz_0_0
    MMCME2_ADV_X1Y2      MMCME2_ADV (Prop_mmcme2_adv_CLKIN1_CLKOUT0)
                                                     -3.407    -2.521 r  design_1_i/clk_wiz_0/inst/mmcm_adv_inst/CLKOUT0
                         net (fo=1, routed)           0.752    -1.769    design_1_i/clk_wiz_0/inst/clk_out1_design_1_clk_wiz_0_0
    BUFGCTRL_X0Y17       BUFG (Prop_bufg_I_O)         0.029    -1.740 r  design_1_i/clk_wiz_0/inst/clkout1_buf/O
                         net (fo=66, routed)          0.820    -0.920    design_1_i/eFPGA_AXI_LM393_driv_0/U0/eFPGA_AXI_LM393_driver_slave_lite_v1_0_S00_AXI_inst/speedsensor_instance/clk
    SLICE_X50Y96         FDRE                                         r  design_1_i/eFPGA_AXI_LM393_driv_0/U0/eFPGA_AXI_LM393_driver_slave_lite_v1_0_S00_AXI_inst/speedsensor_instance/result_reg[7]/C
                         clock pessimism              0.256    -0.663    
    SLICE_X50Y96         FDRE (Hold_fdre_C_D)         0.063    -0.600    design_1_i/eFPGA_AXI_LM393_driv_0/U0/eFPGA_AXI_LM393_driver_slave_lite_v1_0_S00_AXI_inst/speedsensor_instance/result_reg[7]
  -------------------------------------------------------------------
                         required time                          0.600    
                         arrival time                          -0.410    
  -------------------------------------------------------------------
                         slack                                  0.190    





Pulse Width Checks
--------------------------------------------------------------------------------------
Clock Name:         clk_out1_design_1_clk_wiz_0_0
Waveform(ns):       { 0.000 100.000 }
Period(ns):         200.000
Sources:            { design_1_i/clk_wiz_0/inst/mmcm_adv_inst/CLKOUT0 }

Check Type        Corner  Lib Pin             Reference Pin  Required(ns)  Actual(ns)  Slack(ns)  Location         Pin
Min Period        n/a     BUFG/I              n/a            2.155         200.000     197.845    BUFGCTRL_X0Y17   design_1_i/clk_wiz_0/inst/clkout1_buf/I
Min Period        n/a     MMCME2_ADV/CLKOUT0  n/a            1.249         200.000     198.751    MMCME2_ADV_X1Y2  design_1_i/clk_wiz_0/inst/mmcm_adv_inst/CLKOUT0
Min Period        n/a     FDRE/C              n/a            1.000         200.000     199.000    SLICE_X52Y97     design_1_i/eFPGA_AXI_LM393_driv_0/U0/eFPGA_AXI_LM393_driver_slave_lite_v1_0_S00_AXI_inst/speedsensor_instance/counter_reg[0]/C
Min Period        n/a     FDRE/C              n/a            1.000         200.000     199.000    SLICE_X52Y99     design_1_i/eFPGA_AXI_LM393_driv_0/U0/eFPGA_AXI_LM393_driver_slave_lite_v1_0_S00_AXI_inst/speedsensor_instance/counter_reg[10]/C
Min Period        n/a     FDRE/C              n/a            1.000         200.000     199.000    SLICE_X51Y99     design_1_i/eFPGA_AXI_LM393_driv_0/U0/eFPGA_AXI_LM393_driver_slave_lite_v1_0_S00_AXI_inst/speedsensor_instance/counter_reg[11]/C
Min Period        n/a     FDRE/C              n/a            1.000         200.000     199.000    SLICE_X51Y99     design_1_i/eFPGA_AXI_LM393_driv_0/U0/eFPGA_AXI_LM393_driver_slave_lite_v1_0_S00_AXI_inst/speedsensor_instance/counter_reg[12]/C
Min Period        n/a     FDRE/C              n/a            1.000         200.000     199.000    SLICE_X51Y100    design_1_i/eFPGA_AXI_LM393_driv_0/U0/eFPGA_AXI_LM393_driver_slave_lite_v1_0_S00_AXI_inst/speedsensor_instance/counter_reg[13]/C
Min Period        n/a     FDRE/C              n/a            1.000         200.000     199.000    SLICE_X51Y100    design_1_i/eFPGA_AXI_LM393_driv_0/U0/eFPGA_AXI_LM393_driver_slave_lite_v1_0_S00_AXI_inst/speedsensor_instance/counter_reg[14]/C
Min Period        n/a     FDRE/C              n/a            1.000         200.000     199.000    SLICE_X51Y100    design_1_i/eFPGA_AXI_LM393_driv_0/U0/eFPGA_AXI_LM393_driver_slave_lite_v1_0_S00_AXI_inst/speedsensor_instance/counter_reg[15]/C
Min Period        n/a     FDRE/C              n/a            1.000         200.000     199.000    SLICE_X52Y100    design_1_i/eFPGA_AXI_LM393_driv_0/U0/eFPGA_AXI_LM393_driver_slave_lite_v1_0_S00_AXI_inst/speedsensor_instance/counter_reg[16]/C
Max Period        n/a     MMCME2_ADV/CLKOUT0  n/a            213.360       200.000     13.360     MMCME2_ADV_X1Y2  design_1_i/clk_wiz_0/inst/mmcm_adv_inst/CLKOUT0
Low Pulse Width   Slow    FDRE/C              n/a            0.500         100.000     99.500     SLICE_X52Y97     design_1_i/eFPGA_AXI_LM393_driv_0/U0/eFPGA_AXI_LM393_driver_slave_lite_v1_0_S00_AXI_inst/speedsensor_instance/counter_reg[0]/C
Low Pulse Width   Fast    FDRE/C              n/a            0.500         100.000     99.500     SLICE_X52Y97     design_1_i/eFPGA_AXI_LM393_driv_0/U0/eFPGA_AXI_LM393_driver_slave_lite_v1_0_S00_AXI_inst/speedsensor_instance/counter_reg[0]/C
Low Pulse Width   Slow    FDRE/C              n/a            0.500         100.000     99.500     SLICE_X52Y99     design_1_i/eFPGA_AXI_LM393_driv_0/U0/eFPGA_AXI_LM393_driver_slave_lite_v1_0_S00_AXI_inst/speedsensor_instance/counter_reg[10]/C
Low Pulse Width   Fast    FDRE/C              n/a            0.500         100.000     99.500     SLICE_X52Y99     design_1_i/eFPGA_AXI_LM393_driv_0/U0/eFPGA_AXI_LM393_driver_slave_lite_v1_0_S00_AXI_inst/speedsensor_instance/counter_reg[10]/C
Low Pulse Width   Slow    FDRE/C              n/a            0.500         100.000     99.500     SLICE_X51Y99     design_1_i/eFPGA_AXI_LM393_driv_0/U0/eFPGA_AXI_LM393_driver_slave_lite_v1_0_S00_AXI_inst/speedsensor_instance/counter_reg[11]/C
Low Pulse Width   Fast    FDRE/C              n/a            0.500         100.000     99.500     SLICE_X51Y99     design_1_i/eFPGA_AXI_LM393_driv_0/U0/eFPGA_AXI_LM393_driver_slave_lite_v1_0_S00_AXI_inst/speedsensor_instance/counter_reg[11]/C
Low Pulse Width   Slow    FDRE/C              n/a            0.500         100.000     99.500     SLICE_X51Y99     design_1_i/eFPGA_AXI_LM393_driv_0/U0/eFPGA_AXI_LM393_driver_slave_lite_v1_0_S00_AXI_inst/speedsensor_instance/counter_reg[12]/C
Low Pulse Width   Fast    FDRE/C              n/a            0.500         100.000     99.500     SLICE_X51Y99     design_1_i/eFPGA_AXI_LM393_driv_0/U0/eFPGA_AXI_LM393_driver_slave_lite_v1_0_S00_AXI_inst/speedsensor_instance/counter_reg[12]/C
Low Pulse Width   Slow    FDRE/C              n/a            0.500         100.000     99.500     SLICE_X51Y100    design_1_i/eFPGA_AXI_LM393_driv_0/U0/eFPGA_AXI_LM393_driver_slave_lite_v1_0_S00_AXI_inst/speedsensor_instance/counter_reg[13]/C
Low Pulse Width   Fast    FDRE/C              n/a            0.500         100.000     99.500     SLICE_X51Y100    design_1_i/eFPGA_AXI_LM393_driv_0/U0/eFPGA_AXI_LM393_driver_slave_lite_v1_0_S00_AXI_inst/speedsensor_instance/counter_reg[13]/C
High Pulse Width  Slow    FDRE/C              n/a            0.500         100.000     99.500     SLICE_X52Y97     design_1_i/eFPGA_AXI_LM393_driv_0/U0/eFPGA_AXI_LM393_driver_slave_lite_v1_0_S00_AXI_inst/speedsensor_instance/counter_reg[0]/C
High Pulse Width  Fast    FDRE/C              n/a            0.500         100.000     99.500     SLICE_X52Y97     design_1_i/eFPGA_AXI_LM393_driv_0/U0/eFPGA_AXI_LM393_driver_slave_lite_v1_0_S00_AXI_inst/speedsensor_instance/counter_reg[0]/C
High Pulse Width  Slow    FDRE/C              n/a            0.500         100.000     99.500     SLICE_X52Y99     design_1_i/eFPGA_AXI_LM393_driv_0/U0/eFPGA_AXI_LM393_driver_slave_lite_v1_0_S00_AXI_inst/speedsensor_instance/counter_reg[10]/C
High Pulse Width  Fast    FDRE/C              n/a            0.500         100.000     99.500     SLICE_X52Y99     design_1_i/eFPGA_AXI_LM393_driv_0/U0/eFPGA_AXI_LM393_driver_slave_lite_v1_0_S00_AXI_inst/speedsensor_instance/counter_reg[10]/C
High Pulse Width  Slow    FDRE/C              n/a            0.500         100.000     99.500     SLICE_X51Y99     design_1_i/eFPGA_AXI_LM393_driv_0/U0/eFPGA_AXI_LM393_driver_slave_lite_v1_0_S00_AXI_inst/speedsensor_instance/counter_reg[11]/C
High Pulse Width  Fast    FDRE/C              n/a            0.500         100.000     99.500     SLICE_X51Y99     design_1_i/eFPGA_AXI_LM393_driv_0/U0/eFPGA_AXI_LM393_driver_slave_lite_v1_0_S00_AXI_inst/speedsensor_instance/counter_reg[11]/C
High Pulse Width  Slow    FDRE/C              n/a            0.500         100.000     99.500     SLICE_X51Y99     design_1_i/eFPGA_AXI_LM393_driv_0/U0/eFPGA_AXI_LM393_driver_slave_lite_v1_0_S00_AXI_inst/speedsensor_instance/counter_reg[12]/C
High Pulse Width  Fast    FDRE/C              n/a            0.500         100.000     99.500     SLICE_X51Y99     design_1_i/eFPGA_AXI_LM393_driv_0/U0/eFPGA_AXI_LM393_driver_slave_lite_v1_0_S00_AXI_inst/speedsensor_instance/counter_reg[12]/C
High Pulse Width  Slow    FDRE/C              n/a            0.500         100.000     99.500     SLICE_X51Y100    design_1_i/eFPGA_AXI_LM393_driv_0/U0/eFPGA_AXI_LM393_driver_slave_lite_v1_0_S00_AXI_inst/speedsensor_instance/counter_reg[13]/C
High Pulse Width  Fast    FDRE/C              n/a            0.500         100.000     99.500     SLICE_X51Y100    design_1_i/eFPGA_AXI_LM393_driv_0/U0/eFPGA_AXI_LM393_driver_slave_lite_v1_0_S00_AXI_inst/speedsensor_instance/counter_reg[13]/C



---------------------------------------------------------------------------------------------------
From Clock:  clk_out2_design_1_clk_wiz_0_0
  To Clock:  clk_out2_design_1_clk_wiz_0_0

Setup :            0  Failing Endpoints,  Worst Slack      195.392ns,  Total Violation        0.000ns
Hold  :            0  Failing Endpoints,  Worst Slack        0.117ns,  Total Violation        0.000ns
PW    :            0  Failing Endpoints,  Worst Slack       13.360ns,  Total Violation        0.000ns
---------------------------------------------------------------------------------------------------


Max Delay Paths
--------------------------------------------------------------------------------------
Slack (MET) :             195.392ns  (required time - arrival time)
  Source:                 design_1_i/eFPGA_AXI_LM393_driv_1/U0/eFPGA_AXI_LM393_driver_slave_lite_v1_0_S00_AXI_inst/speedsensor_instance/counter_reg[4]/C
                            (rising edge-triggered cell FDRE clocked by clk_out2_design_1_clk_wiz_0_0  {rise@0.000ns fall@100.000ns period=200.000ns})
  Destination:            design_1_i/eFPGA_AXI_LM393_driv_1/U0/eFPGA_AXI_LM393_driver_slave_lite_v1_0_S00_AXI_inst/speedsensor_instance/counting_reg/D
                            (rising edge-triggered cell FDRE clocked by clk_out2_design_1_clk_wiz_0_0  {rise@0.000ns fall@100.000ns period=200.000ns})
  Path Group:             clk_out2_design_1_clk_wiz_0_0
  Path Type:              Setup (Max at Slow Process Corner)
  Requirement:            200.000ns  (clk_out2_design_1_clk_wiz_0_0 rise@200.000ns - clk_out2_design_1_clk_wiz_0_0 rise@0.000ns)
  Data Path Delay:        4.340ns  (logic 0.828ns (19.077%)  route 3.512ns (80.923%))
  Logic Levels:           3  (LUT4=1 LUT5=1 LUT6=1)
  Clock Path Skew:        -0.027ns (DCD - SCD + CPR)
    Destination Clock Delay (DCD):    -1.517ns = ( 198.483 - 200.000 ) 
    Source Clock Delay      (SCD):    -0.872ns
    Clock Pessimism Removal (CPR):    0.617ns
  Clock Uncertainty:      0.318ns  ((TSJ^2 + DJ^2)^1/2) / 2 + PE
    Total System Jitter     (TSJ):    0.071ns
    Discrete Jitter          (DJ):    0.631ns
    Phase Error              (PE):    0.000ns

    Location             Delay type                Incr(ns)  Path(ns)    Netlist Resource(s)
  -------------------------------------------------------------------    -------------------
                         (clock clk_out2_design_1_clk_wiz_0_0 rise edge)
                                                      0.000     0.000 r  
    H16                                               0.000     0.000 r  clk_in1_0 (IN)
                         net (fo=0)                   0.000     0.000    design_1_i/clk_wiz_0/inst/clk_in1
    H16                  IBUF (Prop_ibuf_I_O)         1.451     1.451 r  design_1_i/clk_wiz_0/inst/clkin1_ibufg/O
                         net (fo=1, routed)           1.285     2.736    design_1_i/clk_wiz_0/inst/clk_in1_design_1_clk_wiz_0_0
    MMCME2_ADV_X1Y2      MMCME2_ADV (Prop_mmcme2_adv_CLKIN1_CLKOUT1)
                                                     -7.759    -5.023 r  design_1_i/clk_wiz_0/inst/mmcm_adv_inst/CLKOUT1
                         net (fo=1, routed)           2.206    -2.817    design_1_i/clk_wiz_0/inst/clk_out2_design_1_clk_wiz_0_0
    BUFGCTRL_X0Y18       BUFG (Prop_bufg_I_O)         0.101    -2.716 r  design_1_i/clk_wiz_0/inst/clkout2_buf/O
                         net (fo=66, routed)          1.844    -0.872    design_1_i/eFPGA_AXI_LM393_driv_1/U0/eFPGA_AXI_LM393_driver_slave_lite_v1_0_S00_AXI_inst/speedsensor_instance/clk
    SLICE_X43Y101        FDRE                                         r  design_1_i/eFPGA_AXI_LM393_driv_1/U0/eFPGA_AXI_LM393_driver_slave_lite_v1_0_S00_AXI_inst/speedsensor_instance/counter_reg[4]/C
  -------------------------------------------------------------------    -------------------
    SLICE_X43Y101        FDRE (Prop_fdre_C_Q)         0.456    -0.416 f  design_1_i/eFPGA_AXI_LM393_driv_1/U0/eFPGA_AXI_LM393_driver_slave_lite_v1_0_S00_AXI_inst/speedsensor_instance/counter_reg[4]/Q
                         net (fo=3, routed)           1.391     0.974    design_1_i/eFPGA_AXI_LM393_driv_1/U0/eFPGA_AXI_LM393_driver_slave_lite_v1_0_S00_AXI_inst/speedsensor_instance/counter[4]
    SLICE_X41Y101        LUT4 (Prop_lut4_I1_O)        0.124     1.098 r  design_1_i/eFPGA_AXI_LM393_driv_1/U0/eFPGA_AXI_LM393_driver_slave_lite_v1_0_S00_AXI_inst/speedsensor_instance/counter[31]_i_9/O
                         net (fo=1, routed)           0.263     1.361    design_1_i/eFPGA_AXI_LM393_driv_1/U0/eFPGA_AXI_LM393_driver_slave_lite_v1_0_S00_AXI_inst/speedsensor_instance/counter[31]_i_9_n_0
    SLICE_X41Y101        LUT5 (Prop_lut5_I4_O)        0.124     1.485 r  design_1_i/eFPGA_AXI_LM393_driv_1/U0/eFPGA_AXI_LM393_driver_slave_lite_v1_0_S00_AXI_inst/speedsensor_instance/counter[31]_i_5/O
                         net (fo=32, routed)          1.859     3.344    design_1_i/eFPGA_AXI_LM393_driv_1/U0/eFPGA_AXI_LM393_driver_slave_lite_v1_0_S00_AXI_inst/speedsensor_instance/counter[31]_i_5_n_0
    SLICE_X42Y108        LUT6 (Prop_lut6_I3_O)        0.124     3.468 r  design_1_i/eFPGA_AXI_LM393_driv_1/U0/eFPGA_AXI_LM393_driver_slave_lite_v1_0_S00_AXI_inst/speedsensor_instance/counting_i_1/O
                         net (fo=1, routed)           0.000     3.468    design_1_i/eFPGA_AXI_LM393_driv_1/U0/eFPGA_AXI_LM393_driver_slave_lite_v1_0_S00_AXI_inst/speedsensor_instance/counting_i_1_n_0
    SLICE_X42Y108        FDRE                                         r  design_1_i/eFPGA_AXI_LM393_driv_1/U0/eFPGA_AXI_LM393_driver_slave_lite_v1_0_S00_AXI_inst/speedsensor_instance/counting_reg/D
  -------------------------------------------------------------------    -------------------

                         (clock clk_out2_design_1_clk_wiz_0_0 rise edge)
                                                    200.000   200.000 r  
    H16                                               0.000   200.000 r  clk_in1_0 (IN)
                         net (fo=0)                   0.000   200.000    design_1_i/clk_wiz_0/inst/clk_in1
    H16                  IBUF (Prop_ibuf_I_O)         1.380   201.380 r  design_1_i/clk_wiz_0/inst/clkin1_ibufg/O
                         net (fo=1, routed)           1.162   202.542    design_1_i/clk_wiz_0/inst/clk_in1_design_1_clk_wiz_0_0
    MMCME2_ADV_X1Y2      MMCME2_ADV (Prop_mmcme2_adv_CLKIN1_CLKOUT1)
                                                     -7.814   194.728 r  design_1_i/clk_wiz_0/inst/mmcm_adv_inst/CLKOUT1
                         net (fo=1, routed)           2.012   196.740    design_1_i/clk_wiz_0/inst/clk_out2_design_1_clk_wiz_0_0
    BUFGCTRL_X0Y18       BUFG (Prop_bufg_I_O)         0.091   196.831 r  design_1_i/clk_wiz_0/inst/clkout2_buf/O
                         net (fo=66, routed)          1.652   198.483    design_1_i/eFPGA_AXI_LM393_driv_1/U0/eFPGA_AXI_LM393_driver_slave_lite_v1_0_S00_AXI_inst/speedsensor_instance/clk
    SLICE_X42Y108        FDRE                                         r  design_1_i/eFPGA_AXI_LM393_driv_1/U0/eFPGA_AXI_LM393_driver_slave_lite_v1_0_S00_AXI_inst/speedsensor_instance/counting_reg/C
                         clock pessimism              0.617   199.101    
                         clock uncertainty           -0.318   198.783    
    SLICE_X42Y108        FDRE (Setup_fdre_C_D)        0.077   198.860    design_1_i/eFPGA_AXI_LM393_driv_1/U0/eFPGA_AXI_LM393_driver_slave_lite_v1_0_S00_AXI_inst/speedsensor_instance/counting_reg
  -------------------------------------------------------------------
                         required time                        198.860    
                         arrival time                          -3.468    
  -------------------------------------------------------------------
                         slack                                195.392    

Slack (MET) :             195.527ns  (required time - arrival time)
  Source:                 design_1_i/eFPGA_AXI_LM393_driv_1/U0/eFPGA_AXI_LM393_driver_slave_lite_v1_0_S00_AXI_inst/speedsensor_instance/counter_reg[29]/C
                            (rising edge-triggered cell FDRE clocked by clk_out2_design_1_clk_wiz_0_0  {rise@0.000ns fall@100.000ns period=200.000ns})
  Destination:            design_1_i/eFPGA_AXI_LM393_driv_1/U0/eFPGA_AXI_LM393_driver_slave_lite_v1_0_S00_AXI_inst/speedsensor_instance/counter_reg[8]/D
                            (rising edge-triggered cell FDRE clocked by clk_out2_design_1_clk_wiz_0_0  {rise@0.000ns fall@100.000ns period=200.000ns})
  Path Group:             clk_out2_design_1_clk_wiz_0_0
  Path Type:              Setup (Max at Slow Process Corner)
  Requirement:            200.000ns  (clk_out2_design_1_clk_wiz_0_0 rise@200.000ns - clk_out2_design_1_clk_wiz_0_0 rise@0.000ns)
  Data Path Delay:        4.164ns  (logic 0.828ns (19.883%)  route 3.336ns (80.117%))
  Logic Levels:           3  (LUT4=1 LUT5=2)
  Clock Path Skew:        -0.023ns (DCD - SCD + CPR)
    Destination Clock Delay (DCD):    -1.515ns = ( 198.485 - 200.000 ) 
    Source Clock Delay      (SCD):    -0.874ns
    Clock Pessimism Removal (CPR):    0.617ns
  Clock Uncertainty:      0.318ns  ((TSJ^2 + DJ^2)^1/2) / 2 + PE
    Total System Jitter     (TSJ):    0.071ns
    Discrete Jitter          (DJ):    0.631ns
    Phase Error              (PE):    0.000ns

    Location             Delay type                Incr(ns)  Path(ns)    Netlist Resource(s)
  -------------------------------------------------------------------    -------------------
                         (clock clk_out2_design_1_clk_wiz_0_0 rise edge)
                                                      0.000     0.000 r  
    H16                                               0.000     0.000 r  clk_in1_0 (IN)
                         net (fo=0)                   0.000     0.000    design_1_i/clk_wiz_0/inst/clk_in1
    H16                  IBUF (Prop_ibuf_I_O)         1.451     1.451 r  design_1_i/clk_wiz_0/inst/clkin1_ibufg/O
                         net (fo=1, routed)           1.285     2.736    design_1_i/clk_wiz_0/inst/clk_in1_design_1_clk_wiz_0_0
    MMCME2_ADV_X1Y2      MMCME2_ADV (Prop_mmcme2_adv_CLKIN1_CLKOUT1)
                                                     -7.759    -5.023 r  design_1_i/clk_wiz_0/inst/mmcm_adv_inst/CLKOUT1
                         net (fo=1, routed)           2.206    -2.817    design_1_i/clk_wiz_0/inst/clk_out2_design_1_clk_wiz_0_0
    BUFGCTRL_X0Y18       BUFG (Prop_bufg_I_O)         0.101    -2.716 r  design_1_i/clk_wiz_0/inst/clkout2_buf/O
                         net (fo=66, routed)          1.842    -0.874    design_1_i/eFPGA_AXI_LM393_driv_1/U0/eFPGA_AXI_LM393_driver_slave_lite_v1_0_S00_AXI_inst/speedsensor_instance/clk
    SLICE_X43Y107        FDRE                                         r  design_1_i/eFPGA_AXI_LM393_driv_1/U0/eFPGA_AXI_LM393_driver_slave_lite_v1_0_S00_AXI_inst/speedsensor_instance/counter_reg[29]/C
  -------------------------------------------------------------------    -------------------
    SLICE_X43Y107        FDRE (Prop_fdre_C_Q)         0.456    -0.418 f  design_1_i/eFPGA_AXI_LM393_driv_1/U0/eFPGA_AXI_LM393_driver_slave_lite_v1_0_S00_AXI_inst/speedsensor_instance/counter_reg[29]/Q
                         net (fo=3, routed)           1.117     0.699    design_1_i/eFPGA_AXI_LM393_driv_1/U0/eFPGA_AXI_LM393_driver_slave_lite_v1_0_S00_AXI_inst/speedsensor_instance/counter[29]
    SLICE_X43Y107        LUT4 (Prop_lut4_I0_O)        0.124     0.823 r  design_1_i/eFPGA_AXI_LM393_driv_1/U0/eFPGA_AXI_LM393_driver_slave_lite_v1_0_S00_AXI_inst/speedsensor_instance/counter[31]_i_8/O
                         net (fo=1, routed)           0.636     1.459    design_1_i/eFPGA_AXI_LM393_driv_1/U0/eFPGA_AXI_LM393_driver_slave_lite_v1_0_S00_AXI_inst/speedsensor_instance/counter[31]_i_8_n_0
    SLICE_X43Y106        LUT5 (Prop_lut5_I4_O)        0.124     1.583 r  design_1_i/eFPGA_AXI_LM393_driv_1/U0/eFPGA_AXI_LM393_driver_slave_lite_v1_0_S00_AXI_inst/speedsensor_instance/counter[31]_i_4/O
                         net (fo=32, routed)          1.583     3.166    design_1_i/eFPGA_AXI_LM393_driv_1/U0/eFPGA_AXI_LM393_driver_slave_lite_v1_0_S00_AXI_inst/speedsensor_instance/counter[31]_i_4_n_0
    SLICE_X40Y101        LUT5 (Prop_lut5_I1_O)        0.124     3.290 r  design_1_i/eFPGA_AXI_LM393_driv_1/U0/eFPGA_AXI_LM393_driver_slave_lite_v1_0_S00_AXI_inst/speedsensor_instance/counter[8]_i_1/O
                         net (fo=1, routed)           0.000     3.290    design_1_i/eFPGA_AXI_LM393_driv_1/U0/eFPGA_AXI_LM393_driver_slave_lite_v1_0_S00_AXI_inst/speedsensor_instance/counter_0[8]
    SLICE_X40Y101        FDRE                                         r  design_1_i/eFPGA_AXI_LM393_driv_1/U0/eFPGA_AXI_LM393_driver_slave_lite_v1_0_S00_AXI_inst/speedsensor_instance/counter_reg[8]/D
  -------------------------------------------------------------------    -------------------

                         (clock clk_out2_design_1_clk_wiz_0_0 rise edge)
                                                    200.000   200.000 r  
    H16                                               0.000   200.000 r  clk_in1_0 (IN)
                         net (fo=0)                   0.000   200.000    design_1_i/clk_wiz_0/inst/clk_in1
    H16                  IBUF (Prop_ibuf_I_O)         1.380   201.380 r  design_1_i/clk_wiz_0/inst/clkin1_ibufg/O
                         net (fo=1, routed)           1.162   202.542    design_1_i/clk_wiz_0/inst/clk_in1_design_1_clk_wiz_0_0
    MMCME2_ADV_X1Y2      MMCME2_ADV (Prop_mmcme2_adv_CLKIN1_CLKOUT1)
                                                     -7.814   194.728 r  design_1_i/clk_wiz_0/inst/mmcm_adv_inst/CLKOUT1
                         net (fo=1, routed)           2.012   196.740    design_1_i/clk_wiz_0/inst/clk_out2_design_1_clk_wiz_0_0
    BUFGCTRL_X0Y18       BUFG (Prop_bufg_I_O)         0.091   196.831 r  design_1_i/clk_wiz_0/inst/clkout2_buf/O
                         net (fo=66, routed)          1.654   198.485    design_1_i/eFPGA_AXI_LM393_driv_1/U0/eFPGA_AXI_LM393_driver_slave_lite_v1_0_S00_AXI_inst/speedsensor_instance/clk
    SLICE_X40Y101        FDRE                                         r  design_1_i/eFPGA_AXI_LM393_driv_1/U0/eFPGA_AXI_LM393_driver_slave_lite_v1_0_S00_AXI_inst/speedsensor_instance/counter_reg[8]/C
                         clock pessimism              0.617   199.103    
                         clock uncertainty           -0.318   198.785    
    SLICE_X40Y101        FDRE (Setup_fdre_C_D)        0.032   198.817    design_1_i/eFPGA_AXI_LM393_driv_1/U0/eFPGA_AXI_LM393_driver_slave_lite_v1_0_S00_AXI_inst/speedsensor_instance/counter_reg[8]
  -------------------------------------------------------------------
                         required time                        198.817    
                         arrival time                          -3.290    
  -------------------------------------------------------------------
                         slack                                195.527    

Slack (MET) :             195.527ns  (required time - arrival time)
  Source:                 design_1_i/eFPGA_AXI_LM393_driv_1/U0/eFPGA_AXI_LM393_driver_slave_lite_v1_0_S00_AXI_inst/speedsensor_instance/counter_reg[29]/C
                            (rising edge-triggered cell FDRE clocked by clk_out2_design_1_clk_wiz_0_0  {rise@0.000ns fall@100.000ns period=200.000ns})
  Destination:            design_1_i/eFPGA_AXI_LM393_driv_1/U0/eFPGA_AXI_LM393_driver_slave_lite_v1_0_S00_AXI_inst/speedsensor_instance/counter_reg[6]/D
                            (rising edge-triggered cell FDRE clocked by clk_out2_design_1_clk_wiz_0_0  {rise@0.000ns fall@100.000ns period=200.000ns})
  Path Group:             clk_out2_design_1_clk_wiz_0_0
  Path Type:              Setup (Max at Slow Process Corner)
  Requirement:            200.000ns  (clk_out2_design_1_clk_wiz_0_0 rise@200.000ns - clk_out2_design_1_clk_wiz_0_0 rise@0.000ns)
  Data Path Delay:        4.163ns  (logic 0.828ns (19.889%)  route 3.335ns (80.111%))
  Logic Levels:           3  (LUT4=1 LUT5=2)
  Clock Path Skew:        -0.023ns (DCD - SCD + CPR)
    Destination Clock Delay (DCD):    -1.515ns = ( 198.485 - 200.000 ) 
    Source Clock Delay      (SCD):    -0.874ns
    Clock Pessimism Removal (CPR):    0.617ns
  Clock Uncertainty:      0.318ns  ((TSJ^2 + DJ^2)^1/2) / 2 + PE
    Total System Jitter     (TSJ):    0.071ns
    Discrete Jitter          (DJ):    0.631ns
    Phase Error              (PE):    0.000ns

    Location             Delay type                Incr(ns)  Path(ns)    Netlist Resource(s)
  -------------------------------------------------------------------    -------------------
                         (clock clk_out2_design_1_clk_wiz_0_0 rise edge)
                                                      0.000     0.000 r  
    H16                                               0.000     0.000 r  clk_in1_0 (IN)
                         net (fo=0)                   0.000     0.000    design_1_i/clk_wiz_0/inst/clk_in1
    H16                  IBUF (Prop_ibuf_I_O)         1.451     1.451 r  design_1_i/clk_wiz_0/inst/clkin1_ibufg/O
                         net (fo=1, routed)           1.285     2.736    design_1_i/clk_wiz_0/inst/clk_in1_design_1_clk_wiz_0_0
    MMCME2_ADV_X1Y2      MMCME2_ADV (Prop_mmcme2_adv_CLKIN1_CLKOUT1)
                                                     -7.759    -5.023 r  design_1_i/clk_wiz_0/inst/mmcm_adv_inst/CLKOUT1
                         net (fo=1, routed)           2.206    -2.817    design_1_i/clk_wiz_0/inst/clk_out2_design_1_clk_wiz_0_0
    BUFGCTRL_X0Y18       BUFG (Prop_bufg_I_O)         0.101    -2.716 r  design_1_i/clk_wiz_0/inst/clkout2_buf/O
                         net (fo=66, routed)          1.842    -0.874    design_1_i/eFPGA_AXI_LM393_driv_1/U0/eFPGA_AXI_LM393_driver_slave_lite_v1_0_S00_AXI_inst/speedsensor_instance/clk
    SLICE_X43Y107        FDRE                                         r  design_1_i/eFPGA_AXI_LM393_driv_1/U0/eFPGA_AXI_LM393_driver_slave_lite_v1_0_S00_AXI_inst/speedsensor_instance/counter_reg[29]/C
  -------------------------------------------------------------------    -------------------
    SLICE_X43Y107        FDRE (Prop_fdre_C_Q)         0.456    -0.418 f  design_1_i/eFPGA_AXI_LM393_driv_1/U0/eFPGA_AXI_LM393_driver_slave_lite_v1_0_S00_AXI_inst/speedsensor_instance/counter_reg[29]/Q
                         net (fo=3, routed)           1.117     0.699    design_1_i/eFPGA_AXI_LM393_driv_1/U0/eFPGA_AXI_LM393_driver_slave_lite_v1_0_S00_AXI_inst/speedsensor_instance/counter[29]
    SLICE_X43Y107        LUT4 (Prop_lut4_I0_O)        0.124     0.823 r  design_1_i/eFPGA_AXI_LM393_driv_1/U0/eFPGA_AXI_LM393_driver_slave_lite_v1_0_S00_AXI_inst/speedsensor_instance/counter[31]_i_8/O
                         net (fo=1, routed)           0.636     1.459    design_1_i/eFPGA_AXI_LM393_driv_1/U0/eFPGA_AXI_LM393_driver_slave_lite_v1_0_S00_AXI_inst/speedsensor_instance/counter[31]_i_8_n_0
    SLICE_X43Y106        LUT5 (Prop_lut5_I4_O)        0.124     1.583 r  design_1_i/eFPGA_AXI_LM393_driv_1/U0/eFPGA_AXI_LM393_driver_slave_lite_v1_0_S00_AXI_inst/speedsensor_instance/counter[31]_i_4/O
                         net (fo=32, routed)          1.582     3.165    design_1_i/eFPGA_AXI_LM393_driv_1/U0/eFPGA_AXI_LM393_driver_slave_lite_v1_0_S00_AXI_inst/speedsensor_instance/counter[31]_i_4_n_0
    SLICE_X40Y101        LUT5 (Prop_lut5_I1_O)        0.124     3.289 r  design_1_i/eFPGA_AXI_LM393_driv_1/U0/eFPGA_AXI_LM393_driver_slave_lite_v1_0_S00_AXI_inst/speedsensor_instance/counter[6]_i_1/O
                         net (fo=1, routed)           0.000     3.289    design_1_i/eFPGA_AXI_LM393_driv_1/U0/eFPGA_AXI_LM393_driver_slave_lite_v1_0_S00_AXI_inst/speedsensor_instance/counter_0[6]
    SLICE_X40Y101        FDRE                                         r  design_1_i/eFPGA_AXI_LM393_driv_1/U0/eFPGA_AXI_LM393_driver_slave_lite_v1_0_S00_AXI_inst/speedsensor_instance/counter_reg[6]/D
  -------------------------------------------------------------------    -------------------

                         (clock clk_out2_design_1_clk_wiz_0_0 rise edge)
                                                    200.000   200.000 r  
    H16                                               0.000   200.000 r  clk_in1_0 (IN)
                         net (fo=0)                   0.000   200.000    design_1_i/clk_wiz_0/inst/clk_in1
    H16                  IBUF (Prop_ibuf_I_O)         1.380   201.380 r  design_1_i/clk_wiz_0/inst/clkin1_ibufg/O
                         net (fo=1, routed)           1.162   202.542    design_1_i/clk_wiz_0/inst/clk_in1_design_1_clk_wiz_0_0
    MMCME2_ADV_X1Y2      MMCME2_ADV (Prop_mmcme2_adv_CLKIN1_CLKOUT1)
                                                     -7.814   194.728 r  design_1_i/clk_wiz_0/inst/mmcm_adv_inst/CLKOUT1
                         net (fo=1, routed)           2.012   196.740    design_1_i/clk_wiz_0/inst/clk_out2_design_1_clk_wiz_0_0
    BUFGCTRL_X0Y18       BUFG (Prop_bufg_I_O)         0.091   196.831 r  design_1_i/clk_wiz_0/inst/clkout2_buf/O
                         net (fo=66, routed)          1.654   198.485    design_1_i/eFPGA_AXI_LM393_driv_1/U0/eFPGA_AXI_LM393_driver_slave_lite_v1_0_S00_AXI_inst/speedsensor_instance/clk
    SLICE_X40Y101        FDRE                                         r  design_1_i/eFPGA_AXI_LM393_driv_1/U0/eFPGA_AXI_LM393_driver_slave_lite_v1_0_S00_AXI_inst/speedsensor_instance/counter_reg[6]/C
                         clock pessimism              0.617   199.103    
                         clock uncertainty           -0.318   198.785    
    SLICE_X40Y101        FDRE (Setup_fdre_C_D)        0.031   198.816    design_1_i/eFPGA_AXI_LM393_driv_1/U0/eFPGA_AXI_LM393_driver_slave_lite_v1_0_S00_AXI_inst/speedsensor_instance/counter_reg[6]
  -------------------------------------------------------------------
                         required time                        198.816    
                         arrival time                          -3.289    
  -------------------------------------------------------------------
                         slack                                195.527    

Slack (MET) :             195.565ns  (required time - arrival time)
  Source:                 design_1_i/eFPGA_AXI_LM393_driv_1/U0/eFPGA_AXI_LM393_driver_slave_lite_v1_0_S00_AXI_inst/speedsensor_instance/counter_reg[29]/C
                            (rising edge-triggered cell FDRE clocked by clk_out2_design_1_clk_wiz_0_0  {rise@0.000ns fall@100.000ns period=200.000ns})
  Destination:            design_1_i/eFPGA_AXI_LM393_driv_1/U0/eFPGA_AXI_LM393_driver_slave_lite_v1_0_S00_AXI_inst/speedsensor_instance/counter_reg[3]/D
                            (rising edge-triggered cell FDRE clocked by clk_out2_design_1_clk_wiz_0_0  {rise@0.000ns fall@100.000ns period=200.000ns})
  Path Group:             clk_out2_design_1_clk_wiz_0_0
  Path Type:              Setup (Max at Slow Process Corner)
  Requirement:            200.000ns  (clk_out2_design_1_clk_wiz_0_0 rise@200.000ns - clk_out2_design_1_clk_wiz_0_0 rise@0.000ns)
  Data Path Delay:        4.123ns  (logic 0.828ns (20.081%)  route 3.295ns (79.919%))
  Logic Levels:           3  (LUT4=1 LUT5=2)
  Clock Path Skew:        -0.023ns (DCD - SCD + CPR)
    Destination Clock Delay (DCD):    -1.515ns = ( 198.485 - 200.000 ) 
    Source Clock Delay      (SCD):    -0.874ns
    Clock Pessimism Removal (CPR):    0.617ns
  Clock Uncertainty:      0.318ns  ((TSJ^2 + DJ^2)^1/2) / 2 + PE
    Total System Jitter     (TSJ):    0.071ns
    Discrete Jitter          (DJ):    0.631ns
    Phase Error              (PE):    0.000ns

    Location             Delay type                Incr(ns)  Path(ns)    Netlist Resource(s)
  -------------------------------------------------------------------    -------------------
                         (clock clk_out2_design_1_clk_wiz_0_0 rise edge)
                                                      0.000     0.000 r  
    H16                                               0.000     0.000 r  clk_in1_0 (IN)
                         net (fo=0)                   0.000     0.000    design_1_i/clk_wiz_0/inst/clk_in1
    H16                  IBUF (Prop_ibuf_I_O)         1.451     1.451 r  design_1_i/clk_wiz_0/inst/clkin1_ibufg/O
                         net (fo=1, routed)           1.285     2.736    design_1_i/clk_wiz_0/inst/clk_in1_design_1_clk_wiz_0_0
    MMCME2_ADV_X1Y2      MMCME2_ADV (Prop_mmcme2_adv_CLKIN1_CLKOUT1)
                                                     -7.759    -5.023 r  design_1_i/clk_wiz_0/inst/mmcm_adv_inst/CLKOUT1
                         net (fo=1, routed)           2.206    -2.817    design_1_i/clk_wiz_0/inst/clk_out2_design_1_clk_wiz_0_0
    BUFGCTRL_X0Y18       BUFG (Prop_bufg_I_O)         0.101    -2.716 r  design_1_i/clk_wiz_0/inst/clkout2_buf/O
                         net (fo=66, routed)          1.842    -0.874    design_1_i/eFPGA_AXI_LM393_driv_1/U0/eFPGA_AXI_LM393_driver_slave_lite_v1_0_S00_AXI_inst/speedsensor_instance/clk
    SLICE_X43Y107        FDRE                                         r  design_1_i/eFPGA_AXI_LM393_driv_1/U0/eFPGA_AXI_LM393_driver_slave_lite_v1_0_S00_AXI_inst/speedsensor_instance/counter_reg[29]/C
  -------------------------------------------------------------------    -------------------
    SLICE_X43Y107        FDRE (Prop_fdre_C_Q)         0.456    -0.418 f  design_1_i/eFPGA_AXI_LM393_driv_1/U0/eFPGA_AXI_LM393_driver_slave_lite_v1_0_S00_AXI_inst/speedsensor_instance/counter_reg[29]/Q
                         net (fo=3, routed)           1.117     0.699    design_1_i/eFPGA_AXI_LM393_driv_1/U0/eFPGA_AXI_LM393_driver_slave_lite_v1_0_S00_AXI_inst/speedsensor_instance/counter[29]
    SLICE_X43Y107        LUT4 (Prop_lut4_I0_O)        0.124     0.823 r  design_1_i/eFPGA_AXI_LM393_driv_1/U0/eFPGA_AXI_LM393_driver_slave_lite_v1_0_S00_AXI_inst/speedsensor_instance/counter[31]_i_8/O
                         net (fo=1, routed)           0.636     1.459    design_1_i/eFPGA_AXI_LM393_driv_1/U0/eFPGA_AXI_LM393_driver_slave_lite_v1_0_S00_AXI_inst/speedsensor_instance/counter[31]_i_8_n_0
    SLICE_X43Y106        LUT5 (Prop_lut5_I4_O)        0.124     1.583 r  design_1_i/eFPGA_AXI_LM393_driv_1/U0/eFPGA_AXI_LM393_driver_slave_lite_v1_0_S00_AXI_inst/speedsensor_instance/counter[31]_i_4/O
                         net (fo=32, routed)          1.542     3.125    design_1_i/eFPGA_AXI_LM393_driv_1/U0/eFPGA_AXI_LM393_driver_slave_lite_v1_0_S00_AXI_inst/speedsensor_instance/counter[31]_i_4_n_0
    SLICE_X41Y101        LUT5 (Prop_lut5_I1_O)        0.124     3.249 r  design_1_i/eFPGA_AXI_LM393_driv_1/U0/eFPGA_AXI_LM393_driver_slave_lite_v1_0_S00_AXI_inst/speedsensor_instance/counter[3]_i_1/O
                         net (fo=1, routed)           0.000     3.249    design_1_i/eFPGA_AXI_LM393_driv_1/U0/eFPGA_AXI_LM393_driver_slave_lite_v1_0_S00_AXI_inst/speedsensor_instance/counter_0[3]
    SLICE_X41Y101        FDRE                                         r  design_1_i/eFPGA_AXI_LM393_driv_1/U0/eFPGA_AXI_LM393_driver_slave_lite_v1_0_S00_AXI_inst/speedsensor_instance/counter_reg[3]/D
  -------------------------------------------------------------------    -------------------

                         (clock clk_out2_design_1_clk_wiz_0_0 rise edge)
                                                    200.000   200.000 r  
    H16                                               0.000   200.000 r  clk_in1_0 (IN)
                         net (fo=0)                   0.000   200.000    design_1_i/clk_wiz_0/inst/clk_in1
    H16                  IBUF (Prop_ibuf_I_O)         1.380   201.380 r  design_1_i/clk_wiz_0/inst/clkin1_ibufg/O
                         net (fo=1, routed)           1.162   202.542    design_1_i/clk_wiz_0/inst/clk_in1_design_1_clk_wiz_0_0
    MMCME2_ADV_X1Y2      MMCME2_ADV (Prop_mmcme2_adv_CLKIN1_CLKOUT1)
                                                     -7.814   194.728 r  design_1_i/clk_wiz_0/inst/mmcm_adv_inst/CLKOUT1
                         net (fo=1, routed)           2.012   196.740    design_1_i/clk_wiz_0/inst/clk_out2_design_1_clk_wiz_0_0
    BUFGCTRL_X0Y18       BUFG (Prop_bufg_I_O)         0.091   196.831 r  design_1_i/clk_wiz_0/inst/clkout2_buf/O
                         net (fo=66, routed)          1.654   198.485    design_1_i/eFPGA_AXI_LM393_driv_1/U0/eFPGA_AXI_LM393_driver_slave_lite_v1_0_S00_AXI_inst/speedsensor_instance/clk
    SLICE_X41Y101        FDRE                                         r  design_1_i/eFPGA_AXI_LM393_driv_1/U0/eFPGA_AXI_LM393_driver_slave_lite_v1_0_S00_AXI_inst/speedsensor_instance/counter_reg[3]/C
                         clock pessimism              0.617   199.103    
                         clock uncertainty           -0.318   198.785    
    SLICE_X41Y101        FDRE (Setup_fdre_C_D)        0.029   198.814    design_1_i/eFPGA_AXI_LM393_driv_1/U0/eFPGA_AXI_LM393_driver_slave_lite_v1_0_S00_AXI_inst/speedsensor_instance/counter_reg[3]
  -------------------------------------------------------------------
                         required time                        198.814    
                         arrival time                          -3.249    
  -------------------------------------------------------------------
                         slack                                195.565    

Slack (MET) :             195.663ns  (required time - arrival time)
  Source:                 design_1_i/eFPGA_AXI_LM393_driv_1/U0/eFPGA_AXI_LM393_driver_slave_lite_v1_0_S00_AXI_inst/speedsensor_instance/counter_reg[4]/C
                            (rising edge-triggered cell FDRE clocked by clk_out2_design_1_clk_wiz_0_0  {rise@0.000ns fall@100.000ns period=200.000ns})
  Destination:            design_1_i/eFPGA_AXI_LM393_driv_1/U0/eFPGA_AXI_LM393_driver_slave_lite_v1_0_S00_AXI_inst/speedsensor_instance/counter_reg[26]/D
                            (rising edge-triggered cell FDRE clocked by clk_out2_design_1_clk_wiz_0_0  {rise@0.000ns fall@100.000ns period=200.000ns})
  Path Group:             clk_out2_design_1_clk_wiz_0_0
  Path Type:              Setup (Max at Slow Process Corner)
  Requirement:            200.000ns  (clk_out2_design_1_clk_wiz_0_0 rise@200.000ns - clk_out2_design_1_clk_wiz_0_0 rise@0.000ns)
  Data Path Delay:        4.024ns  (logic 0.828ns (20.575%)  route 3.196ns (79.425%))
  Logic Levels:           3  (LUT4=1 LUT5=2)
  Clock Path Skew:        -0.026ns (DCD - SCD + CPR)
    Destination Clock Delay (DCD):    -1.516ns = ( 198.484 - 200.000 ) 
    Source Clock Delay      (SCD):    -0.872ns
    Clock Pessimism Removal (CPR):    0.617ns
  Clock Uncertainty:      0.318ns  ((TSJ^2 + DJ^2)^1/2) / 2 + PE
    Total System Jitter     (TSJ):    0.071ns
    Discrete Jitter          (DJ):    0.631ns
    Phase Error              (PE):    0.000ns

    Location             Delay type                Incr(ns)  Path(ns)    Netlist Resource(s)
  -------------------------------------------------------------------    -------------------
                         (clock clk_out2_design_1_clk_wiz_0_0 rise edge)
                                                      0.000     0.000 r  
    H16                                               0.000     0.000 r  clk_in1_0 (IN)
                         net (fo=0)                   0.000     0.000    design_1_i/clk_wiz_0/inst/clk_in1
    H16                  IBUF (Prop_ibuf_I_O)         1.451     1.451 r  design_1_i/clk_wiz_0/inst/clkin1_ibufg/O
                         net (fo=1, routed)           1.285     2.736    design_1_i/clk_wiz_0/inst/clk_in1_design_1_clk_wiz_0_0
    MMCME2_ADV_X1Y2      MMCME2_ADV (Prop_mmcme2_adv_CLKIN1_CLKOUT1)
                                                     -7.759    -5.023 r  design_1_i/clk_wiz_0/inst/mmcm_adv_inst/CLKOUT1
                         net (fo=1, routed)           2.206    -2.817    design_1_i/clk_wiz_0/inst/clk_out2_design_1_clk_wiz_0_0
    BUFGCTRL_X0Y18       BUFG (Prop_bufg_I_O)         0.101    -2.716 r  design_1_i/clk_wiz_0/inst/clkout2_buf/O
                         net (fo=66, routed)          1.844    -0.872    design_1_i/eFPGA_AXI_LM393_driv_1/U0/eFPGA_AXI_LM393_driver_slave_lite_v1_0_S00_AXI_inst/speedsensor_instance/clk
    SLICE_X43Y101        FDRE                                         r  design_1_i/eFPGA_AXI_LM393_driv_1/U0/eFPGA_AXI_LM393_driver_slave_lite_v1_0_S00_AXI_inst/speedsensor_instance/counter_reg[4]/C
  -------------------------------------------------------------------    -------------------
    SLICE_X43Y101        FDRE (Prop_fdre_C_Q)         0.456    -0.416 f  design_1_i/eFPGA_AXI_LM393_driv_1/U0/eFPGA_AXI_LM393_driver_slave_lite_v1_0_S00_AXI_inst/speedsensor_instance/counter_reg[4]/Q
                         net (fo=3, routed)           1.391     0.974    design_1_i/eFPGA_AXI_LM393_driv_1/U0/eFPGA_AXI_LM393_driver_slave_lite_v1_0_S00_AXI_inst/speedsensor_instance/counter[4]
    SLICE_X41Y101        LUT4 (Prop_lut4_I1_O)        0.124     1.098 r  design_1_i/eFPGA_AXI_LM393_driv_1/U0/eFPGA_AXI_LM393_driver_slave_lite_v1_0_S00_AXI_inst/speedsensor_instance/counter[31]_i_9/O
                         net (fo=1, routed)           0.263     1.361    design_1_i/eFPGA_AXI_LM393_driv_1/U0/eFPGA_AXI_LM393_driver_slave_lite_v1_0_S00_AXI_inst/speedsensor_instance/counter[31]_i_9_n_0
    SLICE_X41Y101        LUT5 (Prop_lut5_I4_O)        0.124     1.485 r  design_1_i/eFPGA_AXI_LM393_driv_1/U0/eFPGA_AXI_LM393_driver_slave_lite_v1_0_S00_AXI_inst/speedsensor_instance/counter[31]_i_5/O
                         net (fo=32, routed)          1.543     3.028    design_1_i/eFPGA_AXI_LM393_driv_1/U0/eFPGA_AXI_LM393_driver_slave_lite_v1_0_S00_AXI_inst/speedsensor_instance/counter[31]_i_5_n_0
    SLICE_X43Y106        LUT5 (Prop_lut5_I2_O)        0.124     3.152 r  design_1_i/eFPGA_AXI_LM393_driv_1/U0/eFPGA_AXI_LM393_driver_slave_lite_v1_0_S00_AXI_inst/speedsensor_instance/counter[26]_i_1/O
                         net (fo=1, routed)           0.000     3.152    design_1_i/eFPGA_AXI_LM393_driv_1/U0/eFPGA_AXI_LM393_driver_slave_lite_v1_0_S00_AXI_inst/speedsensor_instance/counter_0[26]
    SLICE_X43Y106        FDRE                                         r  design_1_i/eFPGA_AXI_LM393_driv_1/U0/eFPGA_AXI_LM393_driver_slave_lite_v1_0_S00_AXI_inst/speedsensor_instance/counter_reg[26]/D
  -------------------------------------------------------------------    -------------------

                         (clock clk_out2_design_1_clk_wiz_0_0 rise edge)
                                                    200.000   200.000 r  
    H16                                               0.000   200.000 r  clk_in1_0 (IN)
                         net (fo=0)                   0.000   200.000    design_1_i/clk_wiz_0/inst/clk_in1
    H16                  IBUF (Prop_ibuf_I_O)         1.380   201.380 r  design_1_i/clk_wiz_0/inst/clkin1_ibufg/O
                         net (fo=1, routed)           1.162   202.542    design_1_i/clk_wiz_0/inst/clk_in1_design_1_clk_wiz_0_0
    MMCME2_ADV_X1Y2      MMCME2_ADV (Prop_mmcme2_adv_CLKIN1_CLKOUT1)
                                                     -7.814   194.728 r  design_1_i/clk_wiz_0/inst/mmcm_adv_inst/CLKOUT1
                         net (fo=1, routed)           2.012   196.740    design_1_i/clk_wiz_0/inst/clk_out2_design_1_clk_wiz_0_0
    BUFGCTRL_X0Y18       BUFG (Prop_bufg_I_O)         0.091   196.831 r  design_1_i/clk_wiz_0/inst/clkout2_buf/O
                         net (fo=66, routed)          1.653   198.484    design_1_i/eFPGA_AXI_LM393_driv_1/U0/eFPGA_AXI_LM393_driver_slave_lite_v1_0_S00_AXI_inst/speedsensor_instance/clk
    SLICE_X43Y106        FDRE                                         r  design_1_i/eFPGA_AXI_LM393_driv_1/U0/eFPGA_AXI_LM393_driver_slave_lite_v1_0_S00_AXI_inst/speedsensor_instance/counter_reg[26]/C
                         clock pessimism              0.617   199.102    
                         clock uncertainty           -0.318   198.784    
    SLICE_X43Y106        FDRE (Setup_fdre_C_D)        0.031   198.815    design_1_i/eFPGA_AXI_LM393_driv_1/U0/eFPGA_AXI_LM393_driver_slave_lite_v1_0_S00_AXI_inst/speedsensor_instance/counter_reg[26]
  -------------------------------------------------------------------
                         required time                        198.815    
                         arrival time                          -3.152    
  -------------------------------------------------------------------
                         slack                                195.663    

Slack (MET) :             195.667ns  (required time - arrival time)
  Source:                 design_1_i/eFPGA_AXI_LM393_driv_1/U0/eFPGA_AXI_LM393_driver_slave_lite_v1_0_S00_AXI_inst/speedsensor_instance/counter_reg[2]/C
                            (rising edge-triggered cell FDRE clocked by clk_out2_design_1_clk_wiz_0_0  {rise@0.000ns fall@100.000ns period=200.000ns})
  Destination:            design_1_i/eFPGA_AXI_LM393_driv_1/U0/eFPGA_AXI_LM393_driver_slave_lite_v1_0_S00_AXI_inst/speedsensor_instance/counter_reg[31]/D
                            (rising edge-triggered cell FDRE clocked by clk_out2_design_1_clk_wiz_0_0  {rise@0.000ns fall@100.000ns period=200.000ns})
  Path Group:             clk_out2_design_1_clk_wiz_0_0
  Path Type:              Setup (Max at Slow Process Corner)
  Requirement:            200.000ns  (clk_out2_design_1_clk_wiz_0_0 rise@200.000ns - clk_out2_design_1_clk_wiz_0_0 rise@0.000ns)
  Data Path Delay:        4.020ns  (logic 2.355ns (58.586%)  route 1.665ns (41.414%))
  Logic Levels:           9  (CARRY4=8 LUT5=1)
  Clock Path Skew:        -0.027ns (DCD - SCD + CPR)
    Destination Clock Delay (DCD):    -1.517ns = ( 198.483 - 200.000 ) 
    Source Clock Delay      (SCD):    -0.872ns
    Clock Pessimism Removal (CPR):    0.617ns
  Clock Uncertainty:      0.318ns  ((TSJ^2 + DJ^2)^1/2) / 2 + PE
    Total System Jitter     (TSJ):    0.071ns
    Discrete Jitter          (DJ):    0.631ns
    Phase Error              (PE):    0.000ns

    Location             Delay type                Incr(ns)  Path(ns)    Netlist Resource(s)
  -------------------------------------------------------------------    -------------------
                         (clock clk_out2_design_1_clk_wiz_0_0 rise edge)
                                                      0.000     0.000 r  
    H16                                               0.000     0.000 r  clk_in1_0 (IN)
                         net (fo=0)                   0.000     0.000    design_1_i/clk_wiz_0/inst/clk_in1
    H16                  IBUF (Prop_ibuf_I_O)         1.451     1.451 r  design_1_i/clk_wiz_0/inst/clkin1_ibufg/O
                         net (fo=1, routed)           1.285     2.736    design_1_i/clk_wiz_0/inst/clk_in1_design_1_clk_wiz_0_0
    MMCME2_ADV_X1Y2      MMCME2_ADV (Prop_mmcme2_adv_CLKIN1_CLKOUT1)
                                                     -7.759    -5.023 r  design_1_i/clk_wiz_0/inst/mmcm_adv_inst/CLKOUT1
                         net (fo=1, routed)           2.206    -2.817    design_1_i/clk_wiz_0/inst/clk_out2_design_1_clk_wiz_0_0
    BUFGCTRL_X0Y18       BUFG (Prop_bufg_I_O)         0.101    -2.716 r  design_1_i/clk_wiz_0/inst/clkout2_buf/O
                         net (fo=66, routed)          1.844    -0.872    design_1_i/eFPGA_AXI_LM393_driv_1/U0/eFPGA_AXI_LM393_driver_slave_lite_v1_0_S00_AXI_inst/speedsensor_instance/clk
    SLICE_X43Y101        FDRE                                         r  design_1_i/eFPGA_AXI_LM393_driv_1/U0/eFPGA_AXI_LM393_driver_slave_lite_v1_0_S00_AXI_inst/speedsensor_instance/counter_reg[2]/C
  -------------------------------------------------------------------    -------------------
    SLICE_X43Y101        FDRE (Prop_fdre_C_Q)         0.456    -0.416 r  design_1_i/eFPGA_AXI_LM393_driv_1/U0/eFPGA_AXI_LM393_driver_slave_lite_v1_0_S00_AXI_inst/speedsensor_instance/counter_reg[2]/Q
                         net (fo=3, routed)           0.816     0.400    design_1_i/eFPGA_AXI_LM393_driv_1/U0/eFPGA_AXI_LM393_driver_slave_lite_v1_0_S00_AXI_inst/speedsensor_instance/counter[2]
    SLICE_X42Y100        CARRY4 (Prop_carry4_S[1]_CO[3])
                                                      0.657     1.057 r  design_1_i/eFPGA_AXI_LM393_driv_1/U0/eFPGA_AXI_LM393_driver_slave_lite_v1_0_S00_AXI_inst/speedsensor_instance/counter0_carry/CO[3]
                         net (fo=1, routed)           0.000     1.057    design_1_i/eFPGA_AXI_LM393_driv_1/U0/eFPGA_AXI_LM393_driver_slave_lite_v1_0_S00_AXI_inst/speedsensor_instance/counter0_carry_n_0
    SLICE_X42Y101        CARRY4 (Prop_carry4_CI_CO[3])
                                                      0.117     1.174 r  design_1_i/eFPGA_AXI_LM393_driv_1/U0/eFPGA_AXI_LM393_driver_slave_lite_v1_0_S00_AXI_inst/speedsensor_instance/counter0_carry__0/CO[3]
                         net (fo=1, routed)           0.000     1.174    design_1_i/eFPGA_AXI_LM393_driv_1/U0/eFPGA_AXI_LM393_driver_slave_lite_v1_0_S00_AXI_inst/speedsensor_instance/counter0_carry__0_n_0
    SLICE_X42Y102        CARRY4 (Prop_carry4_CI_CO[3])
                                                      0.117     1.291 r  design_1_i/eFPGA_AXI_LM393_driv_1/U0/eFPGA_AXI_LM393_driver_slave_lite_v1_0_S00_AXI_inst/speedsensor_instance/counter0_carry__1/CO[3]
                         net (fo=1, routed)           0.000     1.291    design_1_i/eFPGA_AXI_LM393_driv_1/U0/eFPGA_AXI_LM393_driver_slave_lite_v1_0_S00_AXI_inst/speedsensor_instance/counter0_carry__1_n_0
    SLICE_X42Y103        CARRY4 (Prop_carry4_CI_CO[3])
                                                      0.117     1.408 r  design_1_i/eFPGA_AXI_LM393_driv_1/U0/eFPGA_AXI_LM393_driver_slave_lite_v1_0_S00_AXI_inst/speedsensor_instance/counter0_carry__2/CO[3]
                         net (fo=1, routed)           0.000     1.408    design_1_i/eFPGA_AXI_LM393_driv_1/U0/eFPGA_AXI_LM393_driver_slave_lite_v1_0_S00_AXI_inst/speedsensor_instance/counter0_carry__2_n_0
    SLICE_X42Y104        CARRY4 (Prop_carry4_CI_CO[3])
                                                      0.117     1.525 r  design_1_i/eFPGA_AXI_LM393_driv_1/U0/eFPGA_AXI_LM393_driver_slave_lite_v1_0_S00_AXI_inst/speedsensor_instance/counter0_carry__3/CO[3]
                         net (fo=1, routed)           0.000     1.525    design_1_i/eFPGA_AXI_LM393_driv_1/U0/eFPGA_AXI_LM393_driver_slave_lite_v1_0_S00_AXI_inst/speedsensor_instance/counter0_carry__3_n_0
    SLICE_X42Y105        CARRY4 (Prop_carry4_CI_CO[3])
                                                      0.117     1.642 r  design_1_i/eFPGA_AXI_LM393_driv_1/U0/eFPGA_AXI_LM393_driver_slave_lite_v1_0_S00_AXI_inst/speedsensor_instance/counter0_carry__4/CO[3]
                         net (fo=1, routed)           0.000     1.642    design_1_i/eFPGA_AXI_LM393_driv_1/U0/eFPGA_AXI_LM393_driver_slave_lite_v1_0_S00_AXI_inst/speedsensor_instance/counter0_carry__4_n_0
    SLICE_X42Y106        CARRY4 (Prop_carry4_CI_CO[3])
                                                      0.117     1.759 r  design_1_i/eFPGA_AXI_LM393_driv_1/U0/eFPGA_AXI_LM393_driver_slave_lite_v1_0_S00_AXI_inst/speedsensor_instance/counter0_carry__5/CO[3]
                         net (fo=1, routed)           0.000     1.759    design_1_i/eFPGA_AXI_LM393_driv_1/U0/eFPGA_AXI_LM393_driver_slave_lite_v1_0_S00_AXI_inst/speedsensor_instance/counter0_carry__5_n_0
    SLICE_X42Y107        CARRY4 (Prop_carry4_CI_O[2])
                                                      0.239     1.998 r  design_1_i/eFPGA_AXI_LM393_driv_1/U0/eFPGA_AXI_LM393_driver_slave_lite_v1_0_S00_AXI_inst/speedsensor_instance/counter0_carry__6/O[2]
                         net (fo=1, routed)           0.848     2.846    design_1_i/eFPGA_AXI_LM393_driv_1/U0/eFPGA_AXI_LM393_driver_slave_lite_v1_0_S00_AXI_inst/speedsensor_instance/data0[31]
    SLICE_X43Y107        LUT5 (Prop_lut5_I4_O)        0.301     3.147 r  design_1_i/eFPGA_AXI_LM393_driv_1/U0/eFPGA_AXI_LM393_driver_slave_lite_v1_0_S00_AXI_inst/speedsensor_instance/counter[31]_i_2/O
                         net (fo=1, routed)           0.000     3.147    design_1_i/eFPGA_AXI_LM393_driv_1/U0/eFPGA_AXI_LM393_driver_slave_lite_v1_0_S00_AXI_inst/speedsensor_instance/counter_0[31]
    SLICE_X43Y107        FDRE                                         r  design_1_i/eFPGA_AXI_LM393_driv_1/U0/eFPGA_AXI_LM393_driver_slave_lite_v1_0_S00_AXI_inst/speedsensor_instance/counter_reg[31]/D
  -------------------------------------------------------------------    -------------------

                         (clock clk_out2_design_1_clk_wiz_0_0 rise edge)
                                                    200.000   200.000 r  
    H16                                               0.000   200.000 r  clk_in1_0 (IN)
                         net (fo=0)                   0.000   200.000    design_1_i/clk_wiz_0/inst/clk_in1
    H16                  IBUF (Prop_ibuf_I_O)         1.380   201.380 r  design_1_i/clk_wiz_0/inst/clkin1_ibufg/O
                         net (fo=1, routed)           1.162   202.542    design_1_i/clk_wiz_0/inst/clk_in1_design_1_clk_wiz_0_0
    MMCME2_ADV_X1Y2      MMCME2_ADV (Prop_mmcme2_adv_CLKIN1_CLKOUT1)
                                                     -7.814   194.728 r  design_1_i/clk_wiz_0/inst/mmcm_adv_inst/CLKOUT1
                         net (fo=1, routed)           2.012   196.740    design_1_i/clk_wiz_0/inst/clk_out2_design_1_clk_wiz_0_0
    BUFGCTRL_X0Y18       BUFG (Prop_bufg_I_O)         0.091   196.831 r  design_1_i/clk_wiz_0/inst/clkout2_buf/O
                         net (fo=66, routed)          1.652   198.483    design_1_i/eFPGA_AXI_LM393_driv_1/U0/eFPGA_AXI_LM393_driver_slave_lite_v1_0_S00_AXI_inst/speedsensor_instance/clk
    SLICE_X43Y107        FDRE                                         r  design_1_i/eFPGA_AXI_LM393_driv_1/U0/eFPGA_AXI_LM393_driver_slave_lite_v1_0_S00_AXI_inst/speedsensor_instance/counter_reg[31]/C
                         clock pessimism              0.617   199.101    
                         clock uncertainty           -0.318   198.783    
    SLICE_X43Y107        FDRE (Setup_fdre_C_D)        0.031   198.814    design_1_i/eFPGA_AXI_LM393_driv_1/U0/eFPGA_AXI_LM393_driver_slave_lite_v1_0_S00_AXI_inst/speedsensor_instance/counter_reg[31]
  -------------------------------------------------------------------
                         required time                        198.814    
                         arrival time                          -3.147    
  -------------------------------------------------------------------
                         slack                                195.667    

Slack (MET) :             195.694ns  (required time - arrival time)
  Source:                 design_1_i/eFPGA_AXI_LM393_driv_1/U0/eFPGA_AXI_LM393_driver_slave_lite_v1_0_S00_AXI_inst/speedsensor_instance/counter_reg[29]/C
                            (rising edge-triggered cell FDRE clocked by clk_out2_design_1_clk_wiz_0_0  {rise@0.000ns fall@100.000ns period=200.000ns})
  Destination:            design_1_i/eFPGA_AXI_LM393_driv_1/U0/eFPGA_AXI_LM393_driver_slave_lite_v1_0_S00_AXI_inst/speedsensor_instance/counter_reg[10]/D
                            (rising edge-triggered cell FDRE clocked by clk_out2_design_1_clk_wiz_0_0  {rise@0.000ns fall@100.000ns period=200.000ns})
  Path Group:             clk_out2_design_1_clk_wiz_0_0
  Path Type:              Setup (Max at Slow Process Corner)
  Requirement:            200.000ns  (clk_out2_design_1_clk_wiz_0_0 rise@200.000ns - clk_out2_design_1_clk_wiz_0_0 rise@0.000ns)
  Data Path Delay:        3.996ns  (logic 0.828ns (20.721%)  route 3.168ns (79.279%))
  Logic Levels:           3  (LUT4=1 LUT5=2)
  Clock Path Skew:        -0.023ns (DCD - SCD + CPR)
    Destination Clock Delay (DCD):    -1.515ns = ( 198.485 - 200.000 ) 
    Source Clock Delay      (SCD):    -0.874ns
    Clock Pessimism Removal (CPR):    0.617ns
  Clock Uncertainty:      0.318ns  ((TSJ^2 + DJ^2)^1/2) / 2 + PE
    Total System Jitter     (TSJ):    0.071ns
    Discrete Jitter          (DJ):    0.631ns
    Phase Error              (PE):    0.000ns

    Location             Delay type                Incr(ns)  Path(ns)    Netlist Resource(s)
  -------------------------------------------------------------------    -------------------
                         (clock clk_out2_design_1_clk_wiz_0_0 rise edge)
                                                      0.000     0.000 r  
    H16                                               0.000     0.000 r  clk_in1_0 (IN)
                         net (fo=0)                   0.000     0.000    design_1_i/clk_wiz_0/inst/clk_in1
    H16                  IBUF (Prop_ibuf_I_O)         1.451     1.451 r  design_1_i/clk_wiz_0/inst/clkin1_ibufg/O
                         net (fo=1, routed)           1.285     2.736    design_1_i/clk_wiz_0/inst/clk_in1_design_1_clk_wiz_0_0
    MMCME2_ADV_X1Y2      MMCME2_ADV (Prop_mmcme2_adv_CLKIN1_CLKOUT1)
                                                     -7.759    -5.023 r  design_1_i/clk_wiz_0/inst/mmcm_adv_inst/CLKOUT1
                         net (fo=1, routed)           2.206    -2.817    design_1_i/clk_wiz_0/inst/clk_out2_design_1_clk_wiz_0_0
    BUFGCTRL_X0Y18       BUFG (Prop_bufg_I_O)         0.101    -2.716 r  design_1_i/clk_wiz_0/inst/clkout2_buf/O
                         net (fo=66, routed)          1.842    -0.874    design_1_i/eFPGA_AXI_LM393_driv_1/U0/eFPGA_AXI_LM393_driver_slave_lite_v1_0_S00_AXI_inst/speedsensor_instance/clk
    SLICE_X43Y107        FDRE                                         r  design_1_i/eFPGA_AXI_LM393_driv_1/U0/eFPGA_AXI_LM393_driver_slave_lite_v1_0_S00_AXI_inst/speedsensor_instance/counter_reg[29]/C
  -------------------------------------------------------------------    -------------------
    SLICE_X43Y107        FDRE (Prop_fdre_C_Q)         0.456    -0.418 f  design_1_i/eFPGA_AXI_LM393_driv_1/U0/eFPGA_AXI_LM393_driver_slave_lite_v1_0_S00_AXI_inst/speedsensor_instance/counter_reg[29]/Q
                         net (fo=3, routed)           1.117     0.699    design_1_i/eFPGA_AXI_LM393_driv_1/U0/eFPGA_AXI_LM393_driver_slave_lite_v1_0_S00_AXI_inst/speedsensor_instance/counter[29]
    SLICE_X43Y107        LUT4 (Prop_lut4_I0_O)        0.124     0.823 r  design_1_i/eFPGA_AXI_LM393_driv_1/U0/eFPGA_AXI_LM393_driver_slave_lite_v1_0_S00_AXI_inst/speedsensor_instance/counter[31]_i_8/O
                         net (fo=1, routed)           0.636     1.459    design_1_i/eFPGA_AXI_LM393_driv_1/U0/eFPGA_AXI_LM393_driver_slave_lite_v1_0_S00_AXI_inst/speedsensor_instance/counter[31]_i_8_n_0
    SLICE_X43Y106        LUT5 (Prop_lut5_I4_O)        0.124     1.583 r  design_1_i/eFPGA_AXI_LM393_driv_1/U0/eFPGA_AXI_LM393_driver_slave_lite_v1_0_S00_AXI_inst/speedsensor_instance/counter[31]_i_4/O
                         net (fo=32, routed)          1.415     2.998    design_1_i/eFPGA_AXI_LM393_driv_1/U0/eFPGA_AXI_LM393_driver_slave_lite_v1_0_S00_AXI_inst/speedsensor_instance/counter[31]_i_4_n_0
    SLICE_X40Y102        LUT5 (Prop_lut5_I1_O)        0.124     3.122 r  design_1_i/eFPGA_AXI_LM393_driv_1/U0/eFPGA_AXI_LM393_driver_slave_lite_v1_0_S00_AXI_inst/speedsensor_instance/counter[10]_i_1/O
                         net (fo=1, routed)           0.000     3.122    design_1_i/eFPGA_AXI_LM393_driv_1/U0/eFPGA_AXI_LM393_driver_slave_lite_v1_0_S00_AXI_inst/speedsensor_instance/counter_0[10]
    SLICE_X40Y102        FDRE                                         r  design_1_i/eFPGA_AXI_LM393_driv_1/U0/eFPGA_AXI_LM393_driver_slave_lite_v1_0_S00_AXI_inst/speedsensor_instance/counter_reg[10]/D
  -------------------------------------------------------------------    -------------------

                         (clock clk_out2_design_1_clk_wiz_0_0 rise edge)
                                                    200.000   200.000 r  
    H16                                               0.000   200.000 r  clk_in1_0 (IN)
                         net (fo=0)                   0.000   200.000    design_1_i/clk_wiz_0/inst/clk_in1
    H16                  IBUF (Prop_ibuf_I_O)         1.380   201.380 r  design_1_i/clk_wiz_0/inst/clkin1_ibufg/O
                         net (fo=1, routed)           1.162   202.542    design_1_i/clk_wiz_0/inst/clk_in1_design_1_clk_wiz_0_0
    MMCME2_ADV_X1Y2      MMCME2_ADV (Prop_mmcme2_adv_CLKIN1_CLKOUT1)
                                                     -7.814   194.728 r  design_1_i/clk_wiz_0/inst/mmcm_adv_inst/CLKOUT1
                         net (fo=1, routed)           2.012   196.740    design_1_i/clk_wiz_0/inst/clk_out2_design_1_clk_wiz_0_0
    BUFGCTRL_X0Y18       BUFG (Prop_bufg_I_O)         0.091   196.831 r  design_1_i/clk_wiz_0/inst/clkout2_buf/O
                         net (fo=66, routed)          1.654   198.485    design_1_i/eFPGA_AXI_LM393_driv_1/U0/eFPGA_AXI_LM393_driver_slave_lite_v1_0_S00_AXI_inst/speedsensor_instance/clk
    SLICE_X40Y102        FDRE                                         r  design_1_i/eFPGA_AXI_LM393_driv_1/U0/eFPGA_AXI_LM393_driver_slave_lite_v1_0_S00_AXI_inst/speedsensor_instance/counter_reg[10]/C
                         clock pessimism              0.617   199.103    
                         clock uncertainty           -0.318   198.785    
    SLICE_X40Y102        FDRE (Setup_fdre_C_D)        0.031   198.816    design_1_i/eFPGA_AXI_LM393_driv_1/U0/eFPGA_AXI_LM393_driver_slave_lite_v1_0_S00_AXI_inst/speedsensor_instance/counter_reg[10]
  -------------------------------------------------------------------
                         required time                        198.816    
                         arrival time                          -3.122    
  -------------------------------------------------------------------
                         slack                                195.694    

Slack (MET) :             195.705ns  (required time - arrival time)
  Source:                 design_1_i/eFPGA_AXI_LM393_driv_1/U0/eFPGA_AXI_LM393_driver_slave_lite_v1_0_S00_AXI_inst/speedsensor_instance/counter_reg[29]/C
                            (rising edge-triggered cell FDRE clocked by clk_out2_design_1_clk_wiz_0_0  {rise@0.000ns fall@100.000ns period=200.000ns})
  Destination:            design_1_i/eFPGA_AXI_LM393_driv_1/U0/eFPGA_AXI_LM393_driver_slave_lite_v1_0_S00_AXI_inst/speedsensor_instance/counter_reg[9]/D
                            (rising edge-triggered cell FDRE clocked by clk_out2_design_1_clk_wiz_0_0  {rise@0.000ns fall@100.000ns period=200.000ns})
  Path Group:             clk_out2_design_1_clk_wiz_0_0
  Path Type:              Setup (Max at Slow Process Corner)
  Requirement:            200.000ns  (clk_out2_design_1_clk_wiz_0_0 rise@200.000ns - clk_out2_design_1_clk_wiz_0_0 rise@0.000ns)
  Data Path Delay:        3.985ns  (logic 0.828ns (20.779%)  route 3.157ns (79.221%))
  Logic Levels:           3  (LUT4=1 LUT5=2)
  Clock Path Skew:        -0.023ns (DCD - SCD + CPR)
    Destination Clock Delay (DCD):    -1.515ns = ( 198.485 - 200.000 ) 
    Source Clock Delay      (SCD):    -0.874ns
    Clock Pessimism Removal (CPR):    0.617ns
  Clock Uncertainty:      0.318ns  ((TSJ^2 + DJ^2)^1/2) / 2 + PE
    Total System Jitter     (TSJ):    0.071ns
    Discrete Jitter          (DJ):    0.631ns
    Phase Error              (PE):    0.000ns

    Location             Delay type                Incr(ns)  Path(ns)    Netlist Resource(s)
  -------------------------------------------------------------------    -------------------
                         (clock clk_out2_design_1_clk_wiz_0_0 rise edge)
                                                      0.000     0.000 r  
    H16                                               0.000     0.000 r  clk_in1_0 (IN)
                         net (fo=0)                   0.000     0.000    design_1_i/clk_wiz_0/inst/clk_in1
    H16                  IBUF (Prop_ibuf_I_O)         1.451     1.451 r  design_1_i/clk_wiz_0/inst/clkin1_ibufg/O
                         net (fo=1, routed)           1.285     2.736    design_1_i/clk_wiz_0/inst/clk_in1_design_1_clk_wiz_0_0
    MMCME2_ADV_X1Y2      MMCME2_ADV (Prop_mmcme2_adv_CLKIN1_CLKOUT1)
                                                     -7.759    -5.023 r  design_1_i/clk_wiz_0/inst/mmcm_adv_inst/CLKOUT1
                         net (fo=1, routed)           2.206    -2.817    design_1_i/clk_wiz_0/inst/clk_out2_design_1_clk_wiz_0_0
    BUFGCTRL_X0Y18       BUFG (Prop_bufg_I_O)         0.101    -2.716 r  design_1_i/clk_wiz_0/inst/clkout2_buf/O
                         net (fo=66, routed)          1.842    -0.874    design_1_i/eFPGA_AXI_LM393_driv_1/U0/eFPGA_AXI_LM393_driver_slave_lite_v1_0_S00_AXI_inst/speedsensor_instance/clk
    SLICE_X43Y107        FDRE                                         r  design_1_i/eFPGA_AXI_LM393_driv_1/U0/eFPGA_AXI_LM393_driver_slave_lite_v1_0_S00_AXI_inst/speedsensor_instance/counter_reg[29]/C
  -------------------------------------------------------------------    -------------------
    SLICE_X43Y107        FDRE (Prop_fdre_C_Q)         0.456    -0.418 f  design_1_i/eFPGA_AXI_LM393_driv_1/U0/eFPGA_AXI_LM393_driver_slave_lite_v1_0_S00_AXI_inst/speedsensor_instance/counter_reg[29]/Q
                         net (fo=3, routed)           1.117     0.699    design_1_i/eFPGA_AXI_LM393_driv_1/U0/eFPGA_AXI_LM393_driver_slave_lite_v1_0_S00_AXI_inst/speedsensor_instance/counter[29]
    SLICE_X43Y107        LUT4 (Prop_lut4_I0_O)        0.124     0.823 r  design_1_i/eFPGA_AXI_LM393_driv_1/U0/eFPGA_AXI_LM393_driver_slave_lite_v1_0_S00_AXI_inst/speedsensor_instance/counter[31]_i_8/O
                         net (fo=1, routed)           0.636     1.459    design_1_i/eFPGA_AXI_LM393_driv_1/U0/eFPGA_AXI_LM393_driver_slave_lite_v1_0_S00_AXI_inst/speedsensor_instance/counter[31]_i_8_n_0
    SLICE_X43Y106        LUT5 (Prop_lut5_I4_O)        0.124     1.583 r  design_1_i/eFPGA_AXI_LM393_driv_1/U0/eFPGA_AXI_LM393_driver_slave_lite_v1_0_S00_AXI_inst/speedsensor_instance/counter[31]_i_4/O
                         net (fo=32, routed)          1.404     2.987    design_1_i/eFPGA_AXI_LM393_driv_1/U0/eFPGA_AXI_LM393_driver_slave_lite_v1_0_S00_AXI_inst/speedsensor_instance/counter[31]_i_4_n_0
    SLICE_X40Y102        LUT5 (Prop_lut5_I1_O)        0.124     3.111 r  design_1_i/eFPGA_AXI_LM393_driv_1/U0/eFPGA_AXI_LM393_driver_slave_lite_v1_0_S00_AXI_inst/speedsensor_instance/counter[9]_i_1/O
                         net (fo=1, routed)           0.000     3.111    design_1_i/eFPGA_AXI_LM393_driv_1/U0/eFPGA_AXI_LM393_driver_slave_lite_v1_0_S00_AXI_inst/speedsensor_instance/counter_0[9]
    SLICE_X40Y102        FDRE                                         r  design_1_i/eFPGA_AXI_LM393_driv_1/U0/eFPGA_AXI_LM393_driver_slave_lite_v1_0_S00_AXI_inst/speedsensor_instance/counter_reg[9]/D
  -------------------------------------------------------------------    -------------------

                         (clock clk_out2_design_1_clk_wiz_0_0 rise edge)
                                                    200.000   200.000 r  
    H16                                               0.000   200.000 r  clk_in1_0 (IN)
                         net (fo=0)                   0.000   200.000    design_1_i/clk_wiz_0/inst/clk_in1
    H16                  IBUF (Prop_ibuf_I_O)         1.380   201.380 r  design_1_i/clk_wiz_0/inst/clkin1_ibufg/O
                         net (fo=1, routed)           1.162   202.542    design_1_i/clk_wiz_0/inst/clk_in1_design_1_clk_wiz_0_0
    MMCME2_ADV_X1Y2      MMCME2_ADV (Prop_mmcme2_adv_CLKIN1_CLKOUT1)
                                                     -7.814   194.728 r  design_1_i/clk_wiz_0/inst/mmcm_adv_inst/CLKOUT1
                         net (fo=1, routed)           2.012   196.740    design_1_i/clk_wiz_0/inst/clk_out2_design_1_clk_wiz_0_0
    BUFGCTRL_X0Y18       BUFG (Prop_bufg_I_O)         0.091   196.831 r  design_1_i/clk_wiz_0/inst/clkout2_buf/O
                         net (fo=66, routed)          1.654   198.485    design_1_i/eFPGA_AXI_LM393_driv_1/U0/eFPGA_AXI_LM393_driver_slave_lite_v1_0_S00_AXI_inst/speedsensor_instance/clk
    SLICE_X40Y102        FDRE                                         r  design_1_i/eFPGA_AXI_LM393_driv_1/U0/eFPGA_AXI_LM393_driver_slave_lite_v1_0_S00_AXI_inst/speedsensor_instance/counter_reg[9]/C
                         clock pessimism              0.617   199.103    
                         clock uncertainty           -0.318   198.785    
    SLICE_X40Y102        FDRE (Setup_fdre_C_D)        0.031   198.816    design_1_i/eFPGA_AXI_LM393_driv_1/U0/eFPGA_AXI_LM393_driver_slave_lite_v1_0_S00_AXI_inst/speedsensor_instance/counter_reg[9]
  -------------------------------------------------------------------
                         required time                        198.816    
                         arrival time                          -3.111    
  -------------------------------------------------------------------
                         slack                                195.705    

Slack (MET) :             195.708ns  (required time - arrival time)
  Source:                 design_1_i/eFPGA_AXI_LM393_driv_1/U0/eFPGA_AXI_LM393_driver_slave_lite_v1_0_S00_AXI_inst/speedsensor_instance/counter_reg[29]/C
                            (rising edge-triggered cell FDRE clocked by clk_out2_design_1_clk_wiz_0_0  {rise@0.000ns fall@100.000ns period=200.000ns})
  Destination:            design_1_i/eFPGA_AXI_LM393_driv_1/U0/eFPGA_AXI_LM393_driver_slave_lite_v1_0_S00_AXI_inst/speedsensor_instance/counter_reg[7]/D
                            (rising edge-triggered cell FDRE clocked by clk_out2_design_1_clk_wiz_0_0  {rise@0.000ns fall@100.000ns period=200.000ns})
  Path Group:             clk_out2_design_1_clk_wiz_0_0
  Path Type:              Setup (Max at Slow Process Corner)
  Requirement:            200.000ns  (clk_out2_design_1_clk_wiz_0_0 rise@200.000ns - clk_out2_design_1_clk_wiz_0_0 rise@0.000ns)
  Data Path Delay:        3.983ns  (logic 0.828ns (20.786%)  route 3.155ns (79.214%))
  Logic Levels:           3  (LUT4=1 LUT5=2)
  Clock Path Skew:        -0.023ns (DCD - SCD + CPR)
    Destination Clock Delay (DCD):    -1.515ns = ( 198.485 - 200.000 ) 
    Source Clock Delay      (SCD):    -0.874ns
    Clock Pessimism Removal (CPR):    0.617ns
  Clock Uncertainty:      0.318ns  ((TSJ^2 + DJ^2)^1/2) / 2 + PE
    Total System Jitter     (TSJ):    0.071ns
    Discrete Jitter          (DJ):    0.631ns
    Phase Error              (PE):    0.000ns

    Location             Delay type                Incr(ns)  Path(ns)    Netlist Resource(s)
  -------------------------------------------------------------------    -------------------
                         (clock clk_out2_design_1_clk_wiz_0_0 rise edge)
                                                      0.000     0.000 r  
    H16                                               0.000     0.000 r  clk_in1_0 (IN)
                         net (fo=0)                   0.000     0.000    design_1_i/clk_wiz_0/inst/clk_in1
    H16                  IBUF (Prop_ibuf_I_O)         1.451     1.451 r  design_1_i/clk_wiz_0/inst/clkin1_ibufg/O
                         net (fo=1, routed)           1.285     2.736    design_1_i/clk_wiz_0/inst/clk_in1_design_1_clk_wiz_0_0
    MMCME2_ADV_X1Y2      MMCME2_ADV (Prop_mmcme2_adv_CLKIN1_CLKOUT1)
                                                     -7.759    -5.023 r  design_1_i/clk_wiz_0/inst/mmcm_adv_inst/CLKOUT1
                         net (fo=1, routed)           2.206    -2.817    design_1_i/clk_wiz_0/inst/clk_out2_design_1_clk_wiz_0_0
    BUFGCTRL_X0Y18       BUFG (Prop_bufg_I_O)         0.101    -2.716 r  design_1_i/clk_wiz_0/inst/clkout2_buf/O
                         net (fo=66, routed)          1.842    -0.874    design_1_i/eFPGA_AXI_LM393_driv_1/U0/eFPGA_AXI_LM393_driver_slave_lite_v1_0_S00_AXI_inst/speedsensor_instance/clk
    SLICE_X43Y107        FDRE                                         r  design_1_i/eFPGA_AXI_LM393_driv_1/U0/eFPGA_AXI_LM393_driver_slave_lite_v1_0_S00_AXI_inst/speedsensor_instance/counter_reg[29]/C
  -------------------------------------------------------------------    -------------------
    SLICE_X43Y107        FDRE (Prop_fdre_C_Q)         0.456    -0.418 f  design_1_i/eFPGA_AXI_LM393_driv_1/U0/eFPGA_AXI_LM393_driver_slave_lite_v1_0_S00_AXI_inst/speedsensor_instance/counter_reg[29]/Q
                         net (fo=3, routed)           1.117     0.699    design_1_i/eFPGA_AXI_LM393_driv_1/U0/eFPGA_AXI_LM393_driver_slave_lite_v1_0_S00_AXI_inst/speedsensor_instance/counter[29]
    SLICE_X43Y107        LUT4 (Prop_lut4_I0_O)        0.124     0.823 r  design_1_i/eFPGA_AXI_LM393_driv_1/U0/eFPGA_AXI_LM393_driver_slave_lite_v1_0_S00_AXI_inst/speedsensor_instance/counter[31]_i_8/O
                         net (fo=1, routed)           0.636     1.459    design_1_i/eFPGA_AXI_LM393_driv_1/U0/eFPGA_AXI_LM393_driver_slave_lite_v1_0_S00_AXI_inst/speedsensor_instance/counter[31]_i_8_n_0
    SLICE_X43Y106        LUT5 (Prop_lut5_I4_O)        0.124     1.583 r  design_1_i/eFPGA_AXI_LM393_driv_1/U0/eFPGA_AXI_LM393_driver_slave_lite_v1_0_S00_AXI_inst/speedsensor_instance/counter[31]_i_4/O
                         net (fo=32, routed)          1.402     2.985    design_1_i/eFPGA_AXI_LM393_driv_1/U0/eFPGA_AXI_LM393_driver_slave_lite_v1_0_S00_AXI_inst/speedsensor_instance/counter[31]_i_4_n_0
    SLICE_X43Y101        LUT5 (Prop_lut5_I1_O)        0.124     3.109 r  design_1_i/eFPGA_AXI_LM393_driv_1/U0/eFPGA_AXI_LM393_driver_slave_lite_v1_0_S00_AXI_inst/speedsensor_instance/counter[7]_i_1/O
                         net (fo=1, routed)           0.000     3.109    design_1_i/eFPGA_AXI_LM393_driv_1/U0/eFPGA_AXI_LM393_driver_slave_lite_v1_0_S00_AXI_inst/speedsensor_instance/counter_0[7]
    SLICE_X43Y101        FDRE                                         r  design_1_i/eFPGA_AXI_LM393_driv_1/U0/eFPGA_AXI_LM393_driver_slave_lite_v1_0_S00_AXI_inst/speedsensor_instance/counter_reg[7]/D
  -------------------------------------------------------------------    -------------------

                         (clock clk_out2_design_1_clk_wiz_0_0 rise edge)
                                                    200.000   200.000 r  
    H16                                               0.000   200.000 r  clk_in1_0 (IN)
                         net (fo=0)                   0.000   200.000    design_1_i/clk_wiz_0/inst/clk_in1
    H16                  IBUF (Prop_ibuf_I_O)         1.380   201.380 r  design_1_i/clk_wiz_0/inst/clkin1_ibufg/O
                         net (fo=1, routed)           1.162   202.542    design_1_i/clk_wiz_0/inst/clk_in1_design_1_clk_wiz_0_0
    MMCME2_ADV_X1Y2      MMCME2_ADV (Prop_mmcme2_adv_CLKIN1_CLKOUT1)
                                                     -7.814   194.728 r  design_1_i/clk_wiz_0/inst/mmcm_adv_inst/CLKOUT1
                         net (fo=1, routed)           2.012   196.740    design_1_i/clk_wiz_0/inst/clk_out2_design_1_clk_wiz_0_0
    BUFGCTRL_X0Y18       BUFG (Prop_bufg_I_O)         0.091   196.831 r  design_1_i/clk_wiz_0/inst/clkout2_buf/O
                         net (fo=66, routed)          1.654   198.485    design_1_i/eFPGA_AXI_LM393_driv_1/U0/eFPGA_AXI_LM393_driver_slave_lite_v1_0_S00_AXI_inst/speedsensor_instance/clk
    SLICE_X43Y101        FDRE                                         r  design_1_i/eFPGA_AXI_LM393_driv_1/U0/eFPGA_AXI_LM393_driver_slave_lite_v1_0_S00_AXI_inst/speedsensor_instance/counter_reg[7]/C
                         clock pessimism              0.617   199.103    
                         clock uncertainty           -0.318   198.785    
    SLICE_X43Y101        FDRE (Setup_fdre_C_D)        0.032   198.817    design_1_i/eFPGA_AXI_LM393_driv_1/U0/eFPGA_AXI_LM393_driver_slave_lite_v1_0_S00_AXI_inst/speedsensor_instance/counter_reg[7]
  -------------------------------------------------------------------
                         required time                        198.817    
                         arrival time                          -3.109    
  -------------------------------------------------------------------
                         slack                                195.708    

Slack (MET) :             195.712ns  (required time - arrival time)
  Source:                 design_1_i/eFPGA_AXI_LM393_driv_1/U0/eFPGA_AXI_LM393_driver_slave_lite_v1_0_S00_AXI_inst/speedsensor_instance/counter_reg[29]/C
                            (rising edge-triggered cell FDRE clocked by clk_out2_design_1_clk_wiz_0_0  {rise@0.000ns fall@100.000ns period=200.000ns})
  Destination:            design_1_i/eFPGA_AXI_LM393_driv_1/U0/eFPGA_AXI_LM393_driver_slave_lite_v1_0_S00_AXI_inst/speedsensor_instance/counter_reg[4]/D
                            (rising edge-triggered cell FDRE clocked by clk_out2_design_1_clk_wiz_0_0  {rise@0.000ns fall@100.000ns period=200.000ns})
  Path Group:             clk_out2_design_1_clk_wiz_0_0
  Path Type:              Setup (Max at Slow Process Corner)
  Requirement:            200.000ns  (clk_out2_design_1_clk_wiz_0_0 rise@200.000ns - clk_out2_design_1_clk_wiz_0_0 rise@0.000ns)
  Data Path Delay:        3.978ns  (logic 0.828ns (20.812%)  route 3.150ns (79.188%))
  Logic Levels:           3  (LUT4=1 LUT5=2)
  Clock Path Skew:        -0.023ns (DCD - SCD + CPR)
    Destination Clock Delay (DCD):    -1.515ns = ( 198.485 - 200.000 ) 
    Source Clock Delay      (SCD):    -0.874ns
    Clock Pessimism Removal (CPR):    0.617ns
  Clock Uncertainty:      0.318ns  ((TSJ^2 + DJ^2)^1/2) / 2 + PE
    Total System Jitter     (TSJ):    0.071ns
    Discrete Jitter          (DJ):    0.631ns
    Phase Error              (PE):    0.000ns

    Location             Delay type                Incr(ns)  Path(ns)    Netlist Resource(s)
  -------------------------------------------------------------------    -------------------
                         (clock clk_out2_design_1_clk_wiz_0_0 rise edge)
                                                      0.000     0.000 r  
    H16                                               0.000     0.000 r  clk_in1_0 (IN)
                         net (fo=0)                   0.000     0.000    design_1_i/clk_wiz_0/inst/clk_in1
    H16                  IBUF (Prop_ibuf_I_O)         1.451     1.451 r  design_1_i/clk_wiz_0/inst/clkin1_ibufg/O
                         net (fo=1, routed)           1.285     2.736    design_1_i/clk_wiz_0/inst/clk_in1_design_1_clk_wiz_0_0
    MMCME2_ADV_X1Y2      MMCME2_ADV (Prop_mmcme2_adv_CLKIN1_CLKOUT1)
                                                     -7.759    -5.023 r  design_1_i/clk_wiz_0/inst/mmcm_adv_inst/CLKOUT1
                         net (fo=1, routed)           2.206    -2.817    design_1_i/clk_wiz_0/inst/clk_out2_design_1_clk_wiz_0_0
    BUFGCTRL_X0Y18       BUFG (Prop_bufg_I_O)         0.101    -2.716 r  design_1_i/clk_wiz_0/inst/clkout2_buf/O
                         net (fo=66, routed)          1.842    -0.874    design_1_i/eFPGA_AXI_LM393_driv_1/U0/eFPGA_AXI_LM393_driver_slave_lite_v1_0_S00_AXI_inst/speedsensor_instance/clk
    SLICE_X43Y107        FDRE                                         r  design_1_i/eFPGA_AXI_LM393_driv_1/U0/eFPGA_AXI_LM393_driver_slave_lite_v1_0_S00_AXI_inst/speedsensor_instance/counter_reg[29]/C
  -------------------------------------------------------------------    -------------------
    SLICE_X43Y107        FDRE (Prop_fdre_C_Q)         0.456    -0.418 f  design_1_i/eFPGA_AXI_LM393_driv_1/U0/eFPGA_AXI_LM393_driver_slave_lite_v1_0_S00_AXI_inst/speedsensor_instance/counter_reg[29]/Q
                         net (fo=3, routed)           1.117     0.699    design_1_i/eFPGA_AXI_LM393_driv_1/U0/eFPGA_AXI_LM393_driver_slave_lite_v1_0_S00_AXI_inst/speedsensor_instance/counter[29]
    SLICE_X43Y107        LUT4 (Prop_lut4_I0_O)        0.124     0.823 r  design_1_i/eFPGA_AXI_LM393_driv_1/U0/eFPGA_AXI_LM393_driver_slave_lite_v1_0_S00_AXI_inst/speedsensor_instance/counter[31]_i_8/O
                         net (fo=1, routed)           0.636     1.459    design_1_i/eFPGA_AXI_LM393_driv_1/U0/eFPGA_AXI_LM393_driver_slave_lite_v1_0_S00_AXI_inst/speedsensor_instance/counter[31]_i_8_n_0
    SLICE_X43Y106        LUT5 (Prop_lut5_I4_O)        0.124     1.583 r  design_1_i/eFPGA_AXI_LM393_driv_1/U0/eFPGA_AXI_LM393_driver_slave_lite_v1_0_S00_AXI_inst/speedsensor_instance/counter[31]_i_4/O
                         net (fo=32, routed)          1.397     2.980    design_1_i/eFPGA_AXI_LM393_driv_1/U0/eFPGA_AXI_LM393_driver_slave_lite_v1_0_S00_AXI_inst/speedsensor_instance/counter[31]_i_4_n_0
    SLICE_X43Y101        LUT5 (Prop_lut5_I1_O)        0.124     3.104 r  design_1_i/eFPGA_AXI_LM393_driv_1/U0/eFPGA_AXI_LM393_driver_slave_lite_v1_0_S00_AXI_inst/speedsensor_instance/counter[4]_i_1/O
                         net (fo=1, routed)           0.000     3.104    design_1_i/eFPGA_AXI_LM393_driv_1/U0/eFPGA_AXI_LM393_driver_slave_lite_v1_0_S00_AXI_inst/speedsensor_instance/counter_0[4]
    SLICE_X43Y101        FDRE                                         r  design_1_i/eFPGA_AXI_LM393_driv_1/U0/eFPGA_AXI_LM393_driver_slave_lite_v1_0_S00_AXI_inst/speedsensor_instance/counter_reg[4]/D
  -------------------------------------------------------------------    -------------------

                         (clock clk_out2_design_1_clk_wiz_0_0 rise edge)
                                                    200.000   200.000 r  
    H16                                               0.000   200.000 r  clk_in1_0 (IN)
                         net (fo=0)                   0.000   200.000    design_1_i/clk_wiz_0/inst/clk_in1
    H16                  IBUF (Prop_ibuf_I_O)         1.380   201.380 r  design_1_i/clk_wiz_0/inst/clkin1_ibufg/O
                         net (fo=1, routed)           1.162   202.542    design_1_i/clk_wiz_0/inst/clk_in1_design_1_clk_wiz_0_0
    MMCME2_ADV_X1Y2      MMCME2_ADV (Prop_mmcme2_adv_CLKIN1_CLKOUT1)
                                                     -7.814   194.728 r  design_1_i/clk_wiz_0/inst/mmcm_adv_inst/CLKOUT1
                         net (fo=1, routed)           2.012   196.740    design_1_i/clk_wiz_0/inst/clk_out2_design_1_clk_wiz_0_0
    BUFGCTRL_X0Y18       BUFG (Prop_bufg_I_O)         0.091   196.831 r  design_1_i/clk_wiz_0/inst/clkout2_buf/O
                         net (fo=66, routed)          1.654   198.485    design_1_i/eFPGA_AXI_LM393_driv_1/U0/eFPGA_AXI_LM393_driver_slave_lite_v1_0_S00_AXI_inst/speedsensor_instance/clk
    SLICE_X43Y101        FDRE                                         r  design_1_i/eFPGA_AXI_LM393_driv_1/U0/eFPGA_AXI_LM393_driver_slave_lite_v1_0_S00_AXI_inst/speedsensor_instance/counter_reg[4]/C
                         clock pessimism              0.617   199.103    
                         clock uncertainty           -0.318   198.785    
    SLICE_X43Y101        FDRE (Setup_fdre_C_D)        0.031   198.816    design_1_i/eFPGA_AXI_LM393_driv_1/U0/eFPGA_AXI_LM393_driver_slave_lite_v1_0_S00_AXI_inst/speedsensor_instance/counter_reg[4]
  -------------------------------------------------------------------
                         required time                        198.816    
                         arrival time                          -3.104    
  -------------------------------------------------------------------
                         slack                                195.712    





Min Delay Paths
--------------------------------------------------------------------------------------
Slack (MET) :             0.117ns  (arrival time - required time)
  Source:                 design_1_i/eFPGA_AXI_LM393_driv_1/U0/eFPGA_AXI_LM393_driver_slave_lite_v1_0_S00_AXI_inst/speedsensor_instance/counter_reg[22]/C
                            (rising edge-triggered cell FDRE clocked by clk_out2_design_1_clk_wiz_0_0  {rise@0.000ns fall@100.000ns period=200.000ns})
  Destination:            design_1_i/eFPGA_AXI_LM393_driv_1/U0/eFPGA_AXI_LM393_driver_slave_lite_v1_0_S00_AXI_inst/speedsensor_instance/result_reg[22]/D
                            (rising edge-triggered cell FDRE clocked by clk_out2_design_1_clk_wiz_0_0  {rise@0.000ns fall@100.000ns period=200.000ns})
  Path Group:             clk_out2_design_1_clk_wiz_0_0
  Path Type:              Hold (Min at Fast Process Corner)
  Requirement:            0.000ns  (clk_out2_design_1_clk_wiz_0_0 rise@0.000ns - clk_out2_design_1_clk_wiz_0_0 rise@0.000ns)
  Data Path Delay:        0.206ns  (logic 0.141ns (68.378%)  route 0.065ns (31.622%))
  Logic Levels:           0  
  Clock Path Skew:        0.013ns (DCD - SCD - CPR)
    Destination Clock Delay (DCD):    -0.830ns
    Source Clock Delay      (SCD):    -0.593ns
    Clock Pessimism Removal (CPR):    -0.250ns

    Location             Delay type                Incr(ns)  Path(ns)    Netlist Resource(s)
  -------------------------------------------------------------------    -------------------
                         (clock clk_out2_design_1_clk_wiz_0_0 rise edge)
                                                      0.000     0.000 r  
    H16                                               0.000     0.000 r  clk_in1_0 (IN)
                         net (fo=0)                   0.000     0.000    design_1_i/clk_wiz_0/inst/clk_in1
    H16                  IBUF (Prop_ibuf_I_O)         0.219     0.219 r  design_1_i/clk_wiz_0/inst/clkin1_ibufg/O
                         net (fo=1, routed)           0.440     0.659    design_1_i/clk_wiz_0/inst/clk_in1_design_1_clk_wiz_0_0
    MMCME2_ADV_X1Y2      MMCME2_ADV (Prop_mmcme2_adv_CLKIN1_CLKOUT1)
                                                     -2.613    -1.954 r  design_1_i/clk_wiz_0/inst/mmcm_adv_inst/CLKOUT1
                         net (fo=1, routed)           0.696    -1.257    design_1_i/clk_wiz_0/inst/clk_out2_design_1_clk_wiz_0_0
    BUFGCTRL_X0Y18       BUFG (Prop_bufg_I_O)         0.026    -1.231 r  design_1_i/clk_wiz_0/inst/clkout2_buf/O
                         net (fo=66, routed)          0.638    -0.593    design_1_i/eFPGA_AXI_LM393_driv_1/U0/eFPGA_AXI_LM393_driver_slave_lite_v1_0_S00_AXI_inst/speedsensor_instance/clk
    SLICE_X43Y105        FDRE                                         r  design_1_i/eFPGA_AXI_LM393_driv_1/U0/eFPGA_AXI_LM393_driver_slave_lite_v1_0_S00_AXI_inst/speedsensor_instance/counter_reg[22]/C
  -------------------------------------------------------------------    -------------------
    SLICE_X43Y105        FDRE (Prop_fdre_C_Q)         0.141    -0.452 r  design_1_i/eFPGA_AXI_LM393_driv_1/U0/eFPGA_AXI_LM393_driver_slave_lite_v1_0_S00_AXI_inst/speedsensor_instance/counter_reg[22]/Q
                         net (fo=3, routed)           0.065    -0.387    design_1_i/eFPGA_AXI_LM393_driv_1/U0/eFPGA_AXI_LM393_driver_slave_lite_v1_0_S00_AXI_inst/speedsensor_instance/counter[22]
    SLICE_X42Y105        FDRE                                         r  design_1_i/eFPGA_AXI_LM393_driv_1/U0/eFPGA_AXI_LM393_driver_slave_lite_v1_0_S00_AXI_inst/speedsensor_instance/result_reg[22]/D
  -------------------------------------------------------------------    -------------------

                         (clock clk_out2_design_1_clk_wiz_0_0 rise edge)
                                                      0.000     0.000 r  
    H16                                               0.000     0.000 r  clk_in1_0 (IN)
                         net (fo=0)                   0.000     0.000    design_1_i/clk_wiz_0/inst/clk_in1
    H16                  IBUF (Prop_ibuf_I_O)         0.406     0.406 r  design_1_i/clk_wiz_0/inst/clkin1_ibufg/O
                         net (fo=1, routed)           0.480     0.886    design_1_i/clk_wiz_0/inst/clk_in1_design_1_clk_wiz_0_0
    MMCME2_ADV_X1Y2      MMCME2_ADV (Prop_mmcme2_adv_CLKIN1_CLKOUT1)
                                                     -3.407    -2.521 r  design_1_i/clk_wiz_0/inst/mmcm_adv_inst/CLKOUT1
                         net (fo=1, routed)           0.752    -1.769    design_1_i/clk_wiz_0/inst/clk_out2_design_1_clk_wiz_0_0
    BUFGCTRL_X0Y18       BUFG (Prop_bufg_I_O)         0.029    -1.740 r  design_1_i/clk_wiz_0/inst/clkout2_buf/O
                         net (fo=66, routed)          0.910    -0.830    design_1_i/eFPGA_AXI_LM393_driv_1/U0/eFPGA_AXI_LM393_driver_slave_lite_v1_0_S00_AXI_inst/speedsensor_instance/clk
    SLICE_X42Y105        FDRE                                         r  design_1_i/eFPGA_AXI_LM393_driv_1/U0/eFPGA_AXI_LM393_driver_slave_lite_v1_0_S00_AXI_inst/speedsensor_instance/result_reg[22]/C
                         clock pessimism              0.250    -0.580    
    SLICE_X42Y105        FDRE (Hold_fdre_C_D)         0.076    -0.504    design_1_i/eFPGA_AXI_LM393_driv_1/U0/eFPGA_AXI_LM393_driver_slave_lite_v1_0_S00_AXI_inst/speedsensor_instance/result_reg[22]
  -------------------------------------------------------------------
                         required time                          0.504    
                         arrival time                          -0.387    
  -------------------------------------------------------------------
                         slack                                  0.117    

Slack (MET) :             0.158ns  (arrival time - required time)
  Source:                 design_1_i/eFPGA_AXI_LM393_driv_1/U0/eFPGA_AXI_LM393_driver_slave_lite_v1_0_S00_AXI_inst/speedsensor_instance/counter_reg[8]/C
                            (rising edge-triggered cell FDRE clocked by clk_out2_design_1_clk_wiz_0_0  {rise@0.000ns fall@100.000ns period=200.000ns})
  Destination:            design_1_i/eFPGA_AXI_LM393_driv_1/U0/eFPGA_AXI_LM393_driver_slave_lite_v1_0_S00_AXI_inst/speedsensor_instance/result_reg[8]/D
                            (rising edge-triggered cell FDRE clocked by clk_out2_design_1_clk_wiz_0_0  {rise@0.000ns fall@100.000ns period=200.000ns})
  Path Group:             clk_out2_design_1_clk_wiz_0_0
  Path Type:              Hold (Min at Fast Process Corner)
  Requirement:            0.000ns  (clk_out2_design_1_clk_wiz_0_0 rise@0.000ns - clk_out2_design_1_clk_wiz_0_0 rise@0.000ns)
  Data Path Delay:        0.405ns  (logic 0.141ns (34.789%)  route 0.264ns (65.211%))
  Logic Levels:           0  
  Clock Path Skew:        0.181ns (DCD - SCD - CPR)
    Destination Clock Delay (DCD):    -0.915ns
    Source Clock Delay      (SCD):    -0.592ns
    Clock Pessimism Removal (CPR):    -0.504ns

    Location             Delay type                Incr(ns)  Path(ns)    Netlist Resource(s)
  -------------------------------------------------------------------    -------------------
                         (clock clk_out2_design_1_clk_wiz_0_0 rise edge)
                                                      0.000     0.000 r  
    H16                                               0.000     0.000 r  clk_in1_0 (IN)
                         net (fo=0)                   0.000     0.000    design_1_i/clk_wiz_0/inst/clk_in1
    H16                  IBUF (Prop_ibuf_I_O)         0.219     0.219 r  design_1_i/clk_wiz_0/inst/clkin1_ibufg/O
                         net (fo=1, routed)           0.440     0.659    design_1_i/clk_wiz_0/inst/clk_in1_design_1_clk_wiz_0_0
    MMCME2_ADV_X1Y2      MMCME2_ADV (Prop_mmcme2_adv_CLKIN1_CLKOUT1)
                                                     -2.613    -1.954 r  design_1_i/clk_wiz_0/inst/mmcm_adv_inst/CLKOUT1
                         net (fo=1, routed)           0.696    -1.257    design_1_i/clk_wiz_0/inst/clk_out2_design_1_clk_wiz_0_0
    BUFGCTRL_X0Y18       BUFG (Prop_bufg_I_O)         0.026    -1.231 r  design_1_i/clk_wiz_0/inst/clkout2_buf/O
                         net (fo=66, routed)          0.639    -0.592    design_1_i/eFPGA_AXI_LM393_driv_1/U0/eFPGA_AXI_LM393_driver_slave_lite_v1_0_S00_AXI_inst/speedsensor_instance/clk
    SLICE_X40Y101        FDRE                                         r  design_1_i/eFPGA_AXI_LM393_driv_1/U0/eFPGA_AXI_LM393_driver_slave_lite_v1_0_S00_AXI_inst/speedsensor_instance/counter_reg[8]/C
  -------------------------------------------------------------------    -------------------
    SLICE_X40Y101        FDRE (Prop_fdre_C_Q)         0.141    -0.451 r  design_1_i/eFPGA_AXI_LM393_driv_1/U0/eFPGA_AXI_LM393_driver_slave_lite_v1_0_S00_AXI_inst/speedsensor_instance/counter_reg[8]/Q
                         net (fo=3, routed)           0.264    -0.187    design_1_i/eFPGA_AXI_LM393_driv_1/U0/eFPGA_AXI_LM393_driver_slave_lite_v1_0_S00_AXI_inst/speedsensor_instance/counter[8]
    SLICE_X39Y98         FDRE                                         r  design_1_i/eFPGA_AXI_LM393_driv_1/U0/eFPGA_AXI_LM393_driver_slave_lite_v1_0_S00_AXI_inst/speedsensor_instance/result_reg[8]/D
  -------------------------------------------------------------------    -------------------

                         (clock clk_out2_design_1_clk_wiz_0_0 rise edge)
                                                      0.000     0.000 r  
    H16                                               0.000     0.000 r  clk_in1_0 (IN)
                         net (fo=0)                   0.000     0.000    design_1_i/clk_wiz_0/inst/clk_in1
    H16                  IBUF (Prop_ibuf_I_O)         0.406     0.406 r  design_1_i/clk_wiz_0/inst/clkin1_ibufg/O
                         net (fo=1, routed)           0.480     0.886    design_1_i/clk_wiz_0/inst/clk_in1_design_1_clk_wiz_0_0
    MMCME2_ADV_X1Y2      MMCME2_ADV (Prop_mmcme2_adv_CLKIN1_CLKOUT1)
                                                     -3.407    -2.521 r  design_1_i/clk_wiz_0/inst/mmcm_adv_inst/CLKOUT1
                         net (fo=1, routed)           0.752    -1.769    design_1_i/clk_wiz_0/inst/clk_out2_design_1_clk_wiz_0_0
    BUFGCTRL_X0Y18       BUFG (Prop_bufg_I_O)         0.029    -1.740 r  design_1_i/clk_wiz_0/inst/clkout2_buf/O
                         net (fo=66, routed)          0.825    -0.915    design_1_i/eFPGA_AXI_LM393_driv_1/U0/eFPGA_AXI_LM393_driver_slave_lite_v1_0_S00_AXI_inst/speedsensor_instance/clk
    SLICE_X39Y98         FDRE                                         r  design_1_i/eFPGA_AXI_LM393_driv_1/U0/eFPGA_AXI_LM393_driver_slave_lite_v1_0_S00_AXI_inst/speedsensor_instance/result_reg[8]/C
                         clock pessimism              0.504    -0.411    
    SLICE_X39Y98         FDRE (Hold_fdre_C_D)         0.066    -0.345    design_1_i/eFPGA_AXI_LM393_driv_1/U0/eFPGA_AXI_LM393_driver_slave_lite_v1_0_S00_AXI_inst/speedsensor_instance/result_reg[8]
  -------------------------------------------------------------------
                         required time                          0.345    
                         arrival time                          -0.187    
  -------------------------------------------------------------------
                         slack                                  0.158    

Slack (MET) :             0.169ns  (arrival time - required time)
  Source:                 design_1_i/eFPGA_AXI_LM393_driv_1/U0/eFPGA_AXI_LM393_driver_slave_lite_v1_0_S00_AXI_inst/speedsensor_instance/counter_reg[27]/C
                            (rising edge-triggered cell FDRE clocked by clk_out2_design_1_clk_wiz_0_0  {rise@0.000ns fall@100.000ns period=200.000ns})
  Destination:            design_1_i/eFPGA_AXI_LM393_driv_1/U0/eFPGA_AXI_LM393_driver_slave_lite_v1_0_S00_AXI_inst/speedsensor_instance/result_reg[27]/D
                            (rising edge-triggered cell FDRE clocked by clk_out2_design_1_clk_wiz_0_0  {rise@0.000ns fall@100.000ns period=200.000ns})
  Path Group:             clk_out2_design_1_clk_wiz_0_0
  Path Type:              Hold (Min at Fast Process Corner)
  Requirement:            0.000ns  (clk_out2_design_1_clk_wiz_0_0 rise@0.000ns - clk_out2_design_1_clk_wiz_0_0 rise@0.000ns)
  Data Path Delay:        0.254ns  (logic 0.141ns (55.429%)  route 0.113ns (44.571%))
  Logic Levels:           0  
  Clock Path Skew:        0.015ns (DCD - SCD - CPR)
    Destination Clock Delay (DCD):    -0.831ns
    Source Clock Delay      (SCD):    -0.593ns
    Clock Pessimism Removal (CPR):    -0.253ns

    Location             Delay type                Incr(ns)  Path(ns)    Netlist Resource(s)
  -------------------------------------------------------------------    -------------------
                         (clock clk_out2_design_1_clk_wiz_0_0 rise edge)
                                                      0.000     0.000 r  
    H16                                               0.000     0.000 r  clk_in1_0 (IN)
                         net (fo=0)                   0.000     0.000    design_1_i/clk_wiz_0/inst/clk_in1
    H16                  IBUF (Prop_ibuf_I_O)         0.219     0.219 r  design_1_i/clk_wiz_0/inst/clkin1_ibufg/O
                         net (fo=1, routed)           0.440     0.659    design_1_i/clk_wiz_0/inst/clk_in1_design_1_clk_wiz_0_0
    MMCME2_ADV_X1Y2      MMCME2_ADV (Prop_mmcme2_adv_CLKIN1_CLKOUT1)
                                                     -2.613    -1.954 r  design_1_i/clk_wiz_0/inst/mmcm_adv_inst/CLKOUT1
                         net (fo=1, routed)           0.696    -1.257    design_1_i/clk_wiz_0/inst/clk_out2_design_1_clk_wiz_0_0
    BUFGCTRL_X0Y18       BUFG (Prop_bufg_I_O)         0.026    -1.231 r  design_1_i/clk_wiz_0/inst/clkout2_buf/O
                         net (fo=66, routed)          0.638    -0.593    design_1_i/eFPGA_AXI_LM393_driv_1/U0/eFPGA_AXI_LM393_driver_slave_lite_v1_0_S00_AXI_inst/speedsensor_instance/clk
    SLICE_X43Y106        FDRE                                         r  design_1_i/eFPGA_AXI_LM393_driv_1/U0/eFPGA_AXI_LM393_driver_slave_lite_v1_0_S00_AXI_inst/speedsensor_instance/counter_reg[27]/C
  -------------------------------------------------------------------    -------------------
    SLICE_X43Y106        FDRE (Prop_fdre_C_Q)         0.141    -0.452 r  design_1_i/eFPGA_AXI_LM393_driv_1/U0/eFPGA_AXI_LM393_driver_slave_lite_v1_0_S00_AXI_inst/speedsensor_instance/counter_reg[27]/Q
                         net (fo=3, routed)           0.113    -0.339    design_1_i/eFPGA_AXI_LM393_driv_1/U0/eFPGA_AXI_LM393_driver_slave_lite_v1_0_S00_AXI_inst/speedsensor_instance/counter[27]
    SLICE_X41Y107        FDRE                                         r  design_1_i/eFPGA_AXI_LM393_driv_1/U0/eFPGA_AXI_LM393_driver_slave_lite_v1_0_S00_AXI_inst/speedsensor_instance/result_reg[27]/D
  -------------------------------------------------------------------    -------------------

                         (clock clk_out2_design_1_clk_wiz_0_0 rise edge)
                                                      0.000     0.000 r  
    H16                                               0.000     0.000 r  clk_in1_0 (IN)
                         net (fo=0)                   0.000     0.000    design_1_i/clk_wiz_0/inst/clk_in1
    H16                  IBUF (Prop_ibuf_I_O)         0.406     0.406 r  design_1_i/clk_wiz_0/inst/clkin1_ibufg/O
                         net (fo=1, routed)           0.480     0.886    design_1_i/clk_wiz_0/inst/clk_in1_design_1_clk_wiz_0_0
    MMCME2_ADV_X1Y2      MMCME2_ADV (Prop_mmcme2_adv_CLKIN1_CLKOUT1)
                                                     -3.407    -2.521 r  design_1_i/clk_wiz_0/inst/mmcm_adv_inst/CLKOUT1
                         net (fo=1, routed)           0.752    -1.769    design_1_i/clk_wiz_0/inst/clk_out2_design_1_clk_wiz_0_0
    BUFGCTRL_X0Y18       BUFG (Prop_bufg_I_O)         0.029    -1.740 r  design_1_i/clk_wiz_0/inst/clkout2_buf/O
                         net (fo=66, routed)          0.909    -0.831    design_1_i/eFPGA_AXI_LM393_driv_1/U0/eFPGA_AXI_LM393_driver_slave_lite_v1_0_S00_AXI_inst/speedsensor_instance/clk
    SLICE_X41Y107        FDRE                                         r  design_1_i/eFPGA_AXI_LM393_driv_1/U0/eFPGA_AXI_LM393_driver_slave_lite_v1_0_S00_AXI_inst/speedsensor_instance/result_reg[27]/C
                         clock pessimism              0.253    -0.578    
    SLICE_X41Y107        FDRE (Hold_fdre_C_D)         0.070    -0.508    design_1_i/eFPGA_AXI_LM393_driv_1/U0/eFPGA_AXI_LM393_driver_slave_lite_v1_0_S00_AXI_inst/speedsensor_instance/result_reg[27]
  -------------------------------------------------------------------
                         required time                          0.508    
                         arrival time                          -0.339    
  -------------------------------------------------------------------
                         slack                                  0.169    

Slack (MET) :             0.172ns  (arrival time - required time)
  Source:                 design_1_i/eFPGA_AXI_LM393_driv_1/U0/eFPGA_AXI_LM393_driver_slave_lite_v1_0_S00_AXI_inst/speedsensor_instance/counter_reg[30]/C
                            (rising edge-triggered cell FDRE clocked by clk_out2_design_1_clk_wiz_0_0  {rise@0.000ns fall@100.000ns period=200.000ns})
  Destination:            design_1_i/eFPGA_AXI_LM393_driv_1/U0/eFPGA_AXI_LM393_driver_slave_lite_v1_0_S00_AXI_inst/speedsensor_instance/result_reg[30]/D
                            (rising edge-triggered cell FDRE clocked by clk_out2_design_1_clk_wiz_0_0  {rise@0.000ns fall@100.000ns period=200.000ns})
  Path Group:             clk_out2_design_1_clk_wiz_0_0
  Path Type:              Hold (Min at Fast Process Corner)
  Requirement:            0.000ns  (clk_out2_design_1_clk_wiz_0_0 rise@0.000ns - clk_out2_design_1_clk_wiz_0_0 rise@0.000ns)
  Data Path Delay:        0.263ns  (logic 0.141ns (53.611%)  route 0.122ns (46.389%))
  Logic Levels:           0  
  Clock Path Skew:        0.016ns (DCD - SCD - CPR)
    Destination Clock Delay (DCD):    -0.831ns
    Source Clock Delay      (SCD):    -0.594ns
    Clock Pessimism Removal (CPR):    -0.253ns

    Location             Delay type                Incr(ns)  Path(ns)    Netlist Resource(s)
  -------------------------------------------------------------------    -------------------
                         (clock clk_out2_design_1_clk_wiz_0_0 rise edge)
                                                      0.000     0.000 r  
    H16                                               0.000     0.000 r  clk_in1_0 (IN)
                         net (fo=0)                   0.000     0.000    design_1_i/clk_wiz_0/inst/clk_in1
    H16                  IBUF (Prop_ibuf_I_O)         0.219     0.219 r  design_1_i/clk_wiz_0/inst/clkin1_ibufg/O
                         net (fo=1, routed)           0.440     0.659    design_1_i/clk_wiz_0/inst/clk_in1_design_1_clk_wiz_0_0
    MMCME2_ADV_X1Y2      MMCME2_ADV (Prop_mmcme2_adv_CLKIN1_CLKOUT1)
                                                     -2.613    -1.954 r  design_1_i/clk_wiz_0/inst/mmcm_adv_inst/CLKOUT1
                         net (fo=1, routed)           0.696    -1.257    design_1_i/clk_wiz_0/inst/clk_out2_design_1_clk_wiz_0_0
    BUFGCTRL_X0Y18       BUFG (Prop_bufg_I_O)         0.026    -1.231 r  design_1_i/clk_wiz_0/inst/clkout2_buf/O
                         net (fo=66, routed)          0.637    -0.594    design_1_i/eFPGA_AXI_LM393_driv_1/U0/eFPGA_AXI_LM393_driver_slave_lite_v1_0_S00_AXI_inst/speedsensor_instance/clk
    SLICE_X43Y107        FDRE                                         r  design_1_i/eFPGA_AXI_LM393_driv_1/U0/eFPGA_AXI_LM393_driver_slave_lite_v1_0_S00_AXI_inst/speedsensor_instance/counter_reg[30]/C
  -------------------------------------------------------------------    -------------------
    SLICE_X43Y107        FDRE (Prop_fdre_C_Q)         0.141    -0.453 r  design_1_i/eFPGA_AXI_LM393_driv_1/U0/eFPGA_AXI_LM393_driver_slave_lite_v1_0_S00_AXI_inst/speedsensor_instance/counter_reg[30]/Q
                         net (fo=3, routed)           0.122    -0.331    design_1_i/eFPGA_AXI_LM393_driv_1/U0/eFPGA_AXI_LM393_driver_slave_lite_v1_0_S00_AXI_inst/speedsensor_instance/counter[30]
    SLICE_X41Y107        FDRE                                         r  design_1_i/eFPGA_AXI_LM393_driv_1/U0/eFPGA_AXI_LM393_driver_slave_lite_v1_0_S00_AXI_inst/speedsensor_instance/result_reg[30]/D
  -------------------------------------------------------------------    -------------------

                         (clock clk_out2_design_1_clk_wiz_0_0 rise edge)
                                                      0.000     0.000 r  
    H16                                               0.000     0.000 r  clk_in1_0 (IN)
                         net (fo=0)                   0.000     0.000    design_1_i/clk_wiz_0/inst/clk_in1
    H16                  IBUF (Prop_ibuf_I_O)         0.406     0.406 r  design_1_i/clk_wiz_0/inst/clkin1_ibufg/O
                         net (fo=1, routed)           0.480     0.886    design_1_i/clk_wiz_0/inst/clk_in1_design_1_clk_wiz_0_0
    MMCME2_ADV_X1Y2      MMCME2_ADV (Prop_mmcme2_adv_CLKIN1_CLKOUT1)
                                                     -3.407    -2.521 r  design_1_i/clk_wiz_0/inst/mmcm_adv_inst/CLKOUT1
                         net (fo=1, routed)           0.752    -1.769    design_1_i/clk_wiz_0/inst/clk_out2_design_1_clk_wiz_0_0
    BUFGCTRL_X0Y18       BUFG (Prop_bufg_I_O)         0.029    -1.740 r  design_1_i/clk_wiz_0/inst/clkout2_buf/O
                         net (fo=66, routed)          0.909    -0.831    design_1_i/eFPGA_AXI_LM393_driv_1/U0/eFPGA_AXI_LM393_driver_slave_lite_v1_0_S00_AXI_inst/speedsensor_instance/clk
    SLICE_X41Y107        FDRE                                         r  design_1_i/eFPGA_AXI_LM393_driv_1/U0/eFPGA_AXI_LM393_driver_slave_lite_v1_0_S00_AXI_inst/speedsensor_instance/result_reg[30]/C
                         clock pessimism              0.253    -0.578    
    SLICE_X41Y107        FDRE (Hold_fdre_C_D)         0.075    -0.503    design_1_i/eFPGA_AXI_LM393_driv_1/U0/eFPGA_AXI_LM393_driver_slave_lite_v1_0_S00_AXI_inst/speedsensor_instance/result_reg[30]
  -------------------------------------------------------------------
                         required time                          0.503    
                         arrival time                          -0.331    
  -------------------------------------------------------------------
                         slack                                  0.172    

Slack (MET) :             0.176ns  (arrival time - required time)
  Source:                 design_1_i/eFPGA_AXI_LM393_driv_1/U0/eFPGA_AXI_LM393_driver_slave_lite_v1_0_S00_AXI_inst/speedsensor_instance/counter_reg[17]/C
                            (rising edge-triggered cell FDRE clocked by clk_out2_design_1_clk_wiz_0_0  {rise@0.000ns fall@100.000ns period=200.000ns})
  Destination:            design_1_i/eFPGA_AXI_LM393_driv_1/U0/eFPGA_AXI_LM393_driver_slave_lite_v1_0_S00_AXI_inst/speedsensor_instance/result_reg[17]/D
                            (rising edge-triggered cell FDRE clocked by clk_out2_design_1_clk_wiz_0_0  {rise@0.000ns fall@100.000ns period=200.000ns})
  Path Group:             clk_out2_design_1_clk_wiz_0_0
  Path Type:              Hold (Min at Fast Process Corner)
  Requirement:            0.000ns  (clk_out2_design_1_clk_wiz_0_0 rise@0.000ns - clk_out2_design_1_clk_wiz_0_0 rise@0.000ns)
  Data Path Delay:        0.262ns  (logic 0.141ns (53.767%)  route 0.121ns (46.233%))
  Logic Levels:           0  
  Clock Path Skew:        0.016ns (DCD - SCD - CPR)
    Destination Clock Delay (DCD):    -0.830ns
    Source Clock Delay      (SCD):    -0.593ns
    Clock Pessimism Removal (CPR):    -0.253ns

    Location             Delay type                Incr(ns)  Path(ns)    Netlist Resource(s)
  -------------------------------------------------------------------    -------------------
                         (clock clk_out2_design_1_clk_wiz_0_0 rise edge)
                                                      0.000     0.000 r  
    H16                                               0.000     0.000 r  clk_in1_0 (IN)
                         net (fo=0)                   0.000     0.000    design_1_i/clk_wiz_0/inst/clk_in1
    H16                  IBUF (Prop_ibuf_I_O)         0.219     0.219 r  design_1_i/clk_wiz_0/inst/clkin1_ibufg/O
                         net (fo=1, routed)           0.440     0.659    design_1_i/clk_wiz_0/inst/clk_in1_design_1_clk_wiz_0_0
    MMCME2_ADV_X1Y2      MMCME2_ADV (Prop_mmcme2_adv_CLKIN1_CLKOUT1)
                                                     -2.613    -1.954 r  design_1_i/clk_wiz_0/inst/mmcm_adv_inst/CLKOUT1
                         net (fo=1, routed)           0.696    -1.257    design_1_i/clk_wiz_0/inst/clk_out2_design_1_clk_wiz_0_0
    BUFGCTRL_X0Y18       BUFG (Prop_bufg_I_O)         0.026    -1.231 r  design_1_i/clk_wiz_0/inst/clkout2_buf/O
                         net (fo=66, routed)          0.638    -0.593    design_1_i/eFPGA_AXI_LM393_driv_1/U0/eFPGA_AXI_LM393_driver_slave_lite_v1_0_S00_AXI_inst/speedsensor_instance/clk
    SLICE_X43Y104        FDRE                                         r  design_1_i/eFPGA_AXI_LM393_driv_1/U0/eFPGA_AXI_LM393_driver_slave_lite_v1_0_S00_AXI_inst/speedsensor_instance/counter_reg[17]/C
  -------------------------------------------------------------------    -------------------
    SLICE_X43Y104        FDRE (Prop_fdre_C_Q)         0.141    -0.452 r  design_1_i/eFPGA_AXI_LM393_driv_1/U0/eFPGA_AXI_LM393_driver_slave_lite_v1_0_S00_AXI_inst/speedsensor_instance/counter_reg[17]/Q
                         net (fo=3, routed)           0.121    -0.331    design_1_i/eFPGA_AXI_LM393_driv_1/U0/eFPGA_AXI_LM393_driver_slave_lite_v1_0_S00_AXI_inst/speedsensor_instance/counter[17]
    SLICE_X41Y103        FDRE                                         r  design_1_i/eFPGA_AXI_LM393_driv_1/U0/eFPGA_AXI_LM393_driver_slave_lite_v1_0_S00_AXI_inst/speedsensor_instance/result_reg[17]/D
  -------------------------------------------------------------------    -------------------

                         (clock clk_out2_design_1_clk_wiz_0_0 rise edge)
                                                      0.000     0.000 r  
    H16                                               0.000     0.000 r  clk_in1_0 (IN)
                         net (fo=0)                   0.000     0.000    design_1_i/clk_wiz_0/inst/clk_in1
    H16                  IBUF (Prop_ibuf_I_O)         0.406     0.406 r  design_1_i/clk_wiz_0/inst/clkin1_ibufg/O
                         net (fo=1, routed)           0.480     0.886    design_1_i/clk_wiz_0/inst/clk_in1_design_1_clk_wiz_0_0
    MMCME2_ADV_X1Y2      MMCME2_ADV (Prop_mmcme2_adv_CLKIN1_CLKOUT1)
                                                     -3.407    -2.521 r  design_1_i/clk_wiz_0/inst/mmcm_adv_inst/CLKOUT1
                         net (fo=1, routed)           0.752    -1.769    design_1_i/clk_wiz_0/inst/clk_out2_design_1_clk_wiz_0_0
    BUFGCTRL_X0Y18       BUFG (Prop_bufg_I_O)         0.029    -1.740 r  design_1_i/clk_wiz_0/inst/clkout2_buf/O
                         net (fo=66, routed)          0.910    -0.830    design_1_i/eFPGA_AXI_LM393_driv_1/U0/eFPGA_AXI_LM393_driver_slave_lite_v1_0_S00_AXI_inst/speedsensor_instance/clk
    SLICE_X41Y103        FDRE                                         r  design_1_i/eFPGA_AXI_LM393_driv_1/U0/eFPGA_AXI_LM393_driver_slave_lite_v1_0_S00_AXI_inst/speedsensor_instance/result_reg[17]/C
                         clock pessimism              0.253    -0.577    
    SLICE_X41Y103        FDRE (Hold_fdre_C_D)         0.070    -0.507    design_1_i/eFPGA_AXI_LM393_driv_1/U0/eFPGA_AXI_LM393_driver_slave_lite_v1_0_S00_AXI_inst/speedsensor_instance/result_reg[17]
  -------------------------------------------------------------------
                         required time                          0.507    
                         arrival time                          -0.331    
  -------------------------------------------------------------------
                         slack                                  0.176    

Slack (MET) :             0.177ns  (arrival time - required time)
  Source:                 design_1_i/eFPGA_AXI_LM393_driv_1/U0/eFPGA_AXI_LM393_driver_slave_lite_v1_0_S00_AXI_inst/speedsensor_instance/counter_reg[31]/C
                            (rising edge-triggered cell FDRE clocked by clk_out2_design_1_clk_wiz_0_0  {rise@0.000ns fall@100.000ns period=200.000ns})
  Destination:            design_1_i/eFPGA_AXI_LM393_driv_1/U0/eFPGA_AXI_LM393_driver_slave_lite_v1_0_S00_AXI_inst/speedsensor_instance/result_reg[31]/D
                            (rising edge-triggered cell FDRE clocked by clk_out2_design_1_clk_wiz_0_0  {rise@0.000ns fall@100.000ns period=200.000ns})
  Path Group:             clk_out2_design_1_clk_wiz_0_0
  Path Type:              Hold (Min at Fast Process Corner)
  Requirement:            0.000ns  (clk_out2_design_1_clk_wiz_0_0 rise@0.000ns - clk_out2_design_1_clk_wiz_0_0 rise@0.000ns)
  Data Path Delay:        0.263ns  (logic 0.141ns (53.527%)  route 0.122ns (46.473%))
  Logic Levels:           0  
  Clock Path Skew:        0.016ns (DCD - SCD - CPR)
    Destination Clock Delay (DCD):    -0.831ns
    Source Clock Delay      (SCD):    -0.594ns
    Clock Pessimism Removal (CPR):    -0.253ns

    Location             Delay type                Incr(ns)  Path(ns)    Netlist Resource(s)
  -------------------------------------------------------------------    -------------------
                         (clock clk_out2_design_1_clk_wiz_0_0 rise edge)
                                                      0.000     0.000 r  
    H16                                               0.000     0.000 r  clk_in1_0 (IN)
                         net (fo=0)                   0.000     0.000    design_1_i/clk_wiz_0/inst/clk_in1
    H16                  IBUF (Prop_ibuf_I_O)         0.219     0.219 r  design_1_i/clk_wiz_0/inst/clkin1_ibufg/O
                         net (fo=1, routed)           0.440     0.659    design_1_i/clk_wiz_0/inst/clk_in1_design_1_clk_wiz_0_0
    MMCME2_ADV_X1Y2      MMCME2_ADV (Prop_mmcme2_adv_CLKIN1_CLKOUT1)
                                                     -2.613    -1.954 r  design_1_i/clk_wiz_0/inst/mmcm_adv_inst/CLKOUT1
                         net (fo=1, routed)           0.696    -1.257    design_1_i/clk_wiz_0/inst/clk_out2_design_1_clk_wiz_0_0
    BUFGCTRL_X0Y18       BUFG (Prop_bufg_I_O)         0.026    -1.231 r  design_1_i/clk_wiz_0/inst/clkout2_buf/O
                         net (fo=66, routed)          0.637    -0.594    design_1_i/eFPGA_AXI_LM393_driv_1/U0/eFPGA_AXI_LM393_driver_slave_lite_v1_0_S00_AXI_inst/speedsensor_instance/clk
    SLICE_X43Y107        FDRE                                         r  design_1_i/eFPGA_AXI_LM393_driv_1/U0/eFPGA_AXI_LM393_driver_slave_lite_v1_0_S00_AXI_inst/speedsensor_instance/counter_reg[31]/C
  -------------------------------------------------------------------    -------------------
    SLICE_X43Y107        FDRE (Prop_fdre_C_Q)         0.141    -0.453 r  design_1_i/eFPGA_AXI_LM393_driv_1/U0/eFPGA_AXI_LM393_driver_slave_lite_v1_0_S00_AXI_inst/speedsensor_instance/counter_reg[31]/Q
                         net (fo=3, routed)           0.122    -0.331    design_1_i/eFPGA_AXI_LM393_driv_1/U0/eFPGA_AXI_LM393_driver_slave_lite_v1_0_S00_AXI_inst/speedsensor_instance/counter[31]
    SLICE_X41Y108        FDRE                                         r  design_1_i/eFPGA_AXI_LM393_driv_1/U0/eFPGA_AXI_LM393_driver_slave_lite_v1_0_S00_AXI_inst/speedsensor_instance/result_reg[31]/D
  -------------------------------------------------------------------    -------------------

                         (clock clk_out2_design_1_clk_wiz_0_0 rise edge)
                                                      0.000     0.000 r  
    H16                                               0.000     0.000 r  clk_in1_0 (IN)
                         net (fo=0)                   0.000     0.000    design_1_i/clk_wiz_0/inst/clk_in1
    H16                  IBUF (Prop_ibuf_I_O)         0.406     0.406 r  design_1_i/clk_wiz_0/inst/clkin1_ibufg/O
                         net (fo=1, routed)           0.480     0.886    design_1_i/clk_wiz_0/inst/clk_in1_design_1_clk_wiz_0_0
    MMCME2_ADV_X1Y2      MMCME2_ADV (Prop_mmcme2_adv_CLKIN1_CLKOUT1)
                                                     -3.407    -2.521 r  design_1_i/clk_wiz_0/inst/mmcm_adv_inst/CLKOUT1
                         net (fo=1, routed)           0.752    -1.769    design_1_i/clk_wiz_0/inst/clk_out2_design_1_clk_wiz_0_0
    BUFGCTRL_X0Y18       BUFG (Prop_bufg_I_O)         0.029    -1.740 r  design_1_i/clk_wiz_0/inst/clkout2_buf/O
                         net (fo=66, routed)          0.909    -0.831    design_1_i/eFPGA_AXI_LM393_driv_1/U0/eFPGA_AXI_LM393_driver_slave_lite_v1_0_S00_AXI_inst/speedsensor_instance/clk
    SLICE_X41Y108        FDRE                                         r  design_1_i/eFPGA_AXI_LM393_driv_1/U0/eFPGA_AXI_LM393_driver_slave_lite_v1_0_S00_AXI_inst/speedsensor_instance/result_reg[31]/C
                         clock pessimism              0.253    -0.578    
    SLICE_X41Y108        FDRE (Hold_fdre_C_D)         0.070    -0.508    design_1_i/eFPGA_AXI_LM393_driv_1/U0/eFPGA_AXI_LM393_driver_slave_lite_v1_0_S00_AXI_inst/speedsensor_instance/result_reg[31]
  -------------------------------------------------------------------
                         required time                          0.508    
                         arrival time                          -0.331    
  -------------------------------------------------------------------
                         slack                                  0.177    

Slack (MET) :             0.178ns  (arrival time - required time)
  Source:                 design_1_i/eFPGA_AXI_LM393_driv_1/U0/eFPGA_AXI_LM393_driver_slave_lite_v1_0_S00_AXI_inst/speedsensor_instance/counter_reg[19]/C
                            (rising edge-triggered cell FDRE clocked by clk_out2_design_1_clk_wiz_0_0  {rise@0.000ns fall@100.000ns period=200.000ns})
  Destination:            design_1_i/eFPGA_AXI_LM393_driv_1/U0/eFPGA_AXI_LM393_driver_slave_lite_v1_0_S00_AXI_inst/speedsensor_instance/result_reg[19]/D
                            (rising edge-triggered cell FDRE clocked by clk_out2_design_1_clk_wiz_0_0  {rise@0.000ns fall@100.000ns period=200.000ns})
  Path Group:             clk_out2_design_1_clk_wiz_0_0
  Path Type:              Hold (Min at Fast Process Corner)
  Requirement:            0.000ns  (clk_out2_design_1_clk_wiz_0_0 rise@0.000ns - clk_out2_design_1_clk_wiz_0_0 rise@0.000ns)
  Data Path Delay:        0.264ns  (logic 0.141ns (53.501%)  route 0.123ns (46.499%))
  Logic Levels:           0  
  Clock Path Skew:        0.016ns (DCD - SCD - CPR)
    Destination Clock Delay (DCD):    -0.830ns
    Source Clock Delay      (SCD):    -0.593ns
    Clock Pessimism Removal (CPR):    -0.253ns

    Location             Delay type                Incr(ns)  Path(ns)    Netlist Resource(s)
  -------------------------------------------------------------------    -------------------
                         (clock clk_out2_design_1_clk_wiz_0_0 rise edge)
                                                      0.000     0.000 r  
    H16                                               0.000     0.000 r  clk_in1_0 (IN)
                         net (fo=0)                   0.000     0.000    design_1_i/clk_wiz_0/inst/clk_in1
    H16                  IBUF (Prop_ibuf_I_O)         0.219     0.219 r  design_1_i/clk_wiz_0/inst/clkin1_ibufg/O
                         net (fo=1, routed)           0.440     0.659    design_1_i/clk_wiz_0/inst/clk_in1_design_1_clk_wiz_0_0
    MMCME2_ADV_X1Y2      MMCME2_ADV (Prop_mmcme2_adv_CLKIN1_CLKOUT1)
                                                     -2.613    -1.954 r  design_1_i/clk_wiz_0/inst/mmcm_adv_inst/CLKOUT1
                         net (fo=1, routed)           0.696    -1.257    design_1_i/clk_wiz_0/inst/clk_out2_design_1_clk_wiz_0_0
    BUFGCTRL_X0Y18       BUFG (Prop_bufg_I_O)         0.026    -1.231 r  design_1_i/clk_wiz_0/inst/clkout2_buf/O
                         net (fo=66, routed)          0.638    -0.593    design_1_i/eFPGA_AXI_LM393_driv_1/U0/eFPGA_AXI_LM393_driver_slave_lite_v1_0_S00_AXI_inst/speedsensor_instance/clk
    SLICE_X43Y104        FDRE                                         r  design_1_i/eFPGA_AXI_LM393_driv_1/U0/eFPGA_AXI_LM393_driver_slave_lite_v1_0_S00_AXI_inst/speedsensor_instance/counter_reg[19]/C
  -------------------------------------------------------------------    -------------------
    SLICE_X43Y104        FDRE (Prop_fdre_C_Q)         0.141    -0.452 r  design_1_i/eFPGA_AXI_LM393_driv_1/U0/eFPGA_AXI_LM393_driver_slave_lite_v1_0_S00_AXI_inst/speedsensor_instance/counter_reg[19]/Q
                         net (fo=3, routed)           0.123    -0.329    design_1_i/eFPGA_AXI_LM393_driv_1/U0/eFPGA_AXI_LM393_driver_slave_lite_v1_0_S00_AXI_inst/speedsensor_instance/counter[19]
    SLICE_X41Y103        FDRE                                         r  design_1_i/eFPGA_AXI_LM393_driv_1/U0/eFPGA_AXI_LM393_driver_slave_lite_v1_0_S00_AXI_inst/speedsensor_instance/result_reg[19]/D
  -------------------------------------------------------------------    -------------------

                         (clock clk_out2_design_1_clk_wiz_0_0 rise edge)
                                                      0.000     0.000 r  
    H16                                               0.000     0.000 r  clk_in1_0 (IN)
                         net (fo=0)                   0.000     0.000    design_1_i/clk_wiz_0/inst/clk_in1
    H16                  IBUF (Prop_ibuf_I_O)         0.406     0.406 r  design_1_i/clk_wiz_0/inst/clkin1_ibufg/O
                         net (fo=1, routed)           0.480     0.886    design_1_i/clk_wiz_0/inst/clk_in1_design_1_clk_wiz_0_0
    MMCME2_ADV_X1Y2      MMCME2_ADV (Prop_mmcme2_adv_CLKIN1_CLKOUT1)
                                                     -3.407    -2.521 r  design_1_i/clk_wiz_0/inst/mmcm_adv_inst/CLKOUT1
                         net (fo=1, routed)           0.752    -1.769    design_1_i/clk_wiz_0/inst/clk_out2_design_1_clk_wiz_0_0
    BUFGCTRL_X0Y18       BUFG (Prop_bufg_I_O)         0.029    -1.740 r  design_1_i/clk_wiz_0/inst/clkout2_buf/O
                         net (fo=66, routed)          0.910    -0.830    design_1_i/eFPGA_AXI_LM393_driv_1/U0/eFPGA_AXI_LM393_driver_slave_lite_v1_0_S00_AXI_inst/speedsensor_instance/clk
    SLICE_X41Y103        FDRE                                         r  design_1_i/eFPGA_AXI_LM393_driv_1/U0/eFPGA_AXI_LM393_driver_slave_lite_v1_0_S00_AXI_inst/speedsensor_instance/result_reg[19]/C
                         clock pessimism              0.253    -0.577    
    SLICE_X41Y103        FDRE (Hold_fdre_C_D)         0.070    -0.507    design_1_i/eFPGA_AXI_LM393_driv_1/U0/eFPGA_AXI_LM393_driver_slave_lite_v1_0_S00_AXI_inst/speedsensor_instance/result_reg[19]
  -------------------------------------------------------------------
                         required time                          0.507    
                         arrival time                          -0.329    
  -------------------------------------------------------------------
                         slack                                  0.178    

Slack (MET) :             0.183ns  (arrival time - required time)
  Source:                 design_1_i/eFPGA_AXI_LM393_driv_1/U0/eFPGA_AXI_LM393_driver_slave_lite_v1_0_S00_AXI_inst/speedsensor_instance/counter_reg[4]/C
                            (rising edge-triggered cell FDRE clocked by clk_out2_design_1_clk_wiz_0_0  {rise@0.000ns fall@100.000ns period=200.000ns})
  Destination:            design_1_i/eFPGA_AXI_LM393_driv_1/U0/eFPGA_AXI_LM393_driver_slave_lite_v1_0_S00_AXI_inst/speedsensor_instance/result_reg[4]/D
                            (rising edge-triggered cell FDRE clocked by clk_out2_design_1_clk_wiz_0_0  {rise@0.000ns fall@100.000ns period=200.000ns})
  Path Group:             clk_out2_design_1_clk_wiz_0_0
  Path Type:              Hold (Min at Fast Process Corner)
  Requirement:            0.000ns  (clk_out2_design_1_clk_wiz_0_0 rise@0.000ns - clk_out2_design_1_clk_wiz_0_0 rise@0.000ns)
  Data Path Delay:        0.434ns  (logic 0.141ns (32.525%)  route 0.293ns (67.475%))
  Logic Levels:           0  
  Clock Path Skew:        0.181ns (DCD - SCD - CPR)
    Destination Clock Delay (DCD):    -0.915ns
    Source Clock Delay      (SCD):    -0.592ns
    Clock Pessimism Removal (CPR):    -0.504ns

    Location             Delay type                Incr(ns)  Path(ns)    Netlist Resource(s)
  -------------------------------------------------------------------    -------------------
                         (clock clk_out2_design_1_clk_wiz_0_0 rise edge)
                                                      0.000     0.000 r  
    H16                                               0.000     0.000 r  clk_in1_0 (IN)
                         net (fo=0)                   0.000     0.000    design_1_i/clk_wiz_0/inst/clk_in1
    H16                  IBUF (Prop_ibuf_I_O)         0.219     0.219 r  design_1_i/clk_wiz_0/inst/clkin1_ibufg/O
                         net (fo=1, routed)           0.440     0.659    design_1_i/clk_wiz_0/inst/clk_in1_design_1_clk_wiz_0_0
    MMCME2_ADV_X1Y2      MMCME2_ADV (Prop_mmcme2_adv_CLKIN1_CLKOUT1)
                                                     -2.613    -1.954 r  design_1_i/clk_wiz_0/inst/mmcm_adv_inst/CLKOUT1
                         net (fo=1, routed)           0.696    -1.257    design_1_i/clk_wiz_0/inst/clk_out2_design_1_clk_wiz_0_0
    BUFGCTRL_X0Y18       BUFG (Prop_bufg_I_O)         0.026    -1.231 r  design_1_i/clk_wiz_0/inst/clkout2_buf/O
                         net (fo=66, routed)          0.639    -0.592    design_1_i/eFPGA_AXI_LM393_driv_1/U0/eFPGA_AXI_LM393_driver_slave_lite_v1_0_S00_AXI_inst/speedsensor_instance/clk
    SLICE_X43Y101        FDRE                                         r  design_1_i/eFPGA_AXI_LM393_driv_1/U0/eFPGA_AXI_LM393_driver_slave_lite_v1_0_S00_AXI_inst/speedsensor_instance/counter_reg[4]/C
  -------------------------------------------------------------------    -------------------
    SLICE_X43Y101        FDRE (Prop_fdre_C_Q)         0.141    -0.451 r  design_1_i/eFPGA_AXI_LM393_driv_1/U0/eFPGA_AXI_LM393_driver_slave_lite_v1_0_S00_AXI_inst/speedsensor_instance/counter_reg[4]/Q
                         net (fo=3, routed)           0.293    -0.159    design_1_i/eFPGA_AXI_LM393_driv_1/U0/eFPGA_AXI_LM393_driver_slave_lite_v1_0_S00_AXI_inst/speedsensor_instance/counter[4]
    SLICE_X39Y98         FDRE                                         r  design_1_i/eFPGA_AXI_LM393_driv_1/U0/eFPGA_AXI_LM393_driver_slave_lite_v1_0_S00_AXI_inst/speedsensor_instance/result_reg[4]/D
  -------------------------------------------------------------------    -------------------

                         (clock clk_out2_design_1_clk_wiz_0_0 rise edge)
                                                      0.000     0.000 r  
    H16                                               0.000     0.000 r  clk_in1_0 (IN)
                         net (fo=0)                   0.000     0.000    design_1_i/clk_wiz_0/inst/clk_in1
    H16                  IBUF (Prop_ibuf_I_O)         0.406     0.406 r  design_1_i/clk_wiz_0/inst/clkin1_ibufg/O
                         net (fo=1, routed)           0.480     0.886    design_1_i/clk_wiz_0/inst/clk_in1_design_1_clk_wiz_0_0
    MMCME2_ADV_X1Y2      MMCME2_ADV (Prop_mmcme2_adv_CLKIN1_CLKOUT1)
                                                     -3.407    -2.521 r  design_1_i/clk_wiz_0/inst/mmcm_adv_inst/CLKOUT1
                         net (fo=1, routed)           0.752    -1.769    design_1_i/clk_wiz_0/inst/clk_out2_design_1_clk_wiz_0_0
    BUFGCTRL_X0Y18       BUFG (Prop_bufg_I_O)         0.029    -1.740 r  design_1_i/clk_wiz_0/inst/clkout2_buf/O
                         net (fo=66, routed)          0.825    -0.915    design_1_i/eFPGA_AXI_LM393_driv_1/U0/eFPGA_AXI_LM393_driver_slave_lite_v1_0_S00_AXI_inst/speedsensor_instance/clk
    SLICE_X39Y98         FDRE                                         r  design_1_i/eFPGA_AXI_LM393_driv_1/U0/eFPGA_AXI_LM393_driver_slave_lite_v1_0_S00_AXI_inst/speedsensor_instance/result_reg[4]/C
                         clock pessimism              0.504    -0.411    
    SLICE_X39Y98         FDRE (Hold_fdre_C_D)         0.070    -0.341    design_1_i/eFPGA_AXI_LM393_driv_1/U0/eFPGA_AXI_LM393_driver_slave_lite_v1_0_S00_AXI_inst/speedsensor_instance/result_reg[4]
  -------------------------------------------------------------------
                         required time                          0.341    
                         arrival time                          -0.159    
  -------------------------------------------------------------------
                         slack                                  0.183    

Slack (MET) :             0.198ns  (arrival time - required time)
  Source:                 design_1_i/eFPGA_AXI_LM393_driv_1/U0/eFPGA_AXI_LM393_driver_slave_lite_v1_0_S00_AXI_inst/speedsensor_instance/counter_reg[6]/C
                            (rising edge-triggered cell FDRE clocked by clk_out2_design_1_clk_wiz_0_0  {rise@0.000ns fall@100.000ns period=200.000ns})
  Destination:            design_1_i/eFPGA_AXI_LM393_driv_1/U0/eFPGA_AXI_LM393_driver_slave_lite_v1_0_S00_AXI_inst/speedsensor_instance/result_reg[6]/D
                            (rising edge-triggered cell FDRE clocked by clk_out2_design_1_clk_wiz_0_0  {rise@0.000ns fall@100.000ns period=200.000ns})
  Path Group:             clk_out2_design_1_clk_wiz_0_0
  Path Type:              Hold (Min at Fast Process Corner)
  Requirement:            0.000ns  (clk_out2_design_1_clk_wiz_0_0 rise@0.000ns - clk_out2_design_1_clk_wiz_0_0 rise@0.000ns)
  Data Path Delay:        0.449ns  (logic 0.141ns (31.397%)  route 0.308ns (68.603%))
  Logic Levels:           0  
  Clock Path Skew:        0.181ns (DCD - SCD - CPR)
    Destination Clock Delay (DCD):    -0.915ns
    Source Clock Delay      (SCD):    -0.592ns
    Clock Pessimism Removal (CPR):    -0.504ns

    Location             Delay type                Incr(ns)  Path(ns)    Netlist Resource(s)
  -------------------------------------------------------------------    -------------------
                         (clock clk_out2_design_1_clk_wiz_0_0 rise edge)
                                                      0.000     0.000 r  
    H16                                               0.000     0.000 r  clk_in1_0 (IN)
                         net (fo=0)                   0.000     0.000    design_1_i/clk_wiz_0/inst/clk_in1
    H16                  IBUF (Prop_ibuf_I_O)         0.219     0.219 r  design_1_i/clk_wiz_0/inst/clkin1_ibufg/O
                         net (fo=1, routed)           0.440     0.659    design_1_i/clk_wiz_0/inst/clk_in1_design_1_clk_wiz_0_0
    MMCME2_ADV_X1Y2      MMCME2_ADV (Prop_mmcme2_adv_CLKIN1_CLKOUT1)
                                                     -2.613    -1.954 r  design_1_i/clk_wiz_0/inst/mmcm_adv_inst/CLKOUT1
                         net (fo=1, routed)           0.696    -1.257    design_1_i/clk_wiz_0/inst/clk_out2_design_1_clk_wiz_0_0
    BUFGCTRL_X0Y18       BUFG (Prop_bufg_I_O)         0.026    -1.231 r  design_1_i/clk_wiz_0/inst/clkout2_buf/O
                         net (fo=66, routed)          0.639    -0.592    design_1_i/eFPGA_AXI_LM393_driv_1/U0/eFPGA_AXI_LM393_driver_slave_lite_v1_0_S00_AXI_inst/speedsensor_instance/clk
    SLICE_X40Y101        FDRE                                         r  design_1_i/eFPGA_AXI_LM393_driv_1/U0/eFPGA_AXI_LM393_driver_slave_lite_v1_0_S00_AXI_inst/speedsensor_instance/counter_reg[6]/C
  -------------------------------------------------------------------    -------------------
    SLICE_X40Y101        FDRE (Prop_fdre_C_Q)         0.141    -0.451 r  design_1_i/eFPGA_AXI_LM393_driv_1/U0/eFPGA_AXI_LM393_driver_slave_lite_v1_0_S00_AXI_inst/speedsensor_instance/counter_reg[6]/Q
                         net (fo=3, routed)           0.308    -0.143    design_1_i/eFPGA_AXI_LM393_driv_1/U0/eFPGA_AXI_LM393_driver_slave_lite_v1_0_S00_AXI_inst/speedsensor_instance/counter[6]
    SLICE_X41Y99         FDRE                                         r  design_1_i/eFPGA_AXI_LM393_driv_1/U0/eFPGA_AXI_LM393_driver_slave_lite_v1_0_S00_AXI_inst/speedsensor_instance/result_reg[6]/D
  -------------------------------------------------------------------    -------------------

                         (clock clk_out2_design_1_clk_wiz_0_0 rise edge)
                                                      0.000     0.000 r  
    H16                                               0.000     0.000 r  clk_in1_0 (IN)
                         net (fo=0)                   0.000     0.000    design_1_i/clk_wiz_0/inst/clk_in1
    H16                  IBUF (Prop_ibuf_I_O)         0.406     0.406 r  design_1_i/clk_wiz_0/inst/clkin1_ibufg/O
                         net (fo=1, routed)           0.480     0.886    design_1_i/clk_wiz_0/inst/clk_in1_design_1_clk_wiz_0_0
    MMCME2_ADV_X1Y2      MMCME2_ADV (Prop_mmcme2_adv_CLKIN1_CLKOUT1)
                                                     -3.407    -2.521 r  design_1_i/clk_wiz_0/inst/mmcm_adv_inst/CLKOUT1
                         net (fo=1, routed)           0.752    -1.769    design_1_i/clk_wiz_0/inst/clk_out2_design_1_clk_wiz_0_0
    BUFGCTRL_X0Y18       BUFG (Prop_bufg_I_O)         0.029    -1.740 r  design_1_i/clk_wiz_0/inst/clkout2_buf/O
                         net (fo=66, routed)          0.825    -0.915    design_1_i/eFPGA_AXI_LM393_driv_1/U0/eFPGA_AXI_LM393_driver_slave_lite_v1_0_S00_AXI_inst/speedsensor_instance/clk
    SLICE_X41Y99         FDRE                                         r  design_1_i/eFPGA_AXI_LM393_driv_1/U0/eFPGA_AXI_LM393_driver_slave_lite_v1_0_S00_AXI_inst/speedsensor_instance/result_reg[6]/C
                         clock pessimism              0.504    -0.411    
    SLICE_X41Y99         FDRE (Hold_fdre_C_D)         0.070    -0.341    design_1_i/eFPGA_AXI_LM393_driv_1/U0/eFPGA_AXI_LM393_driver_slave_lite_v1_0_S00_AXI_inst/speedsensor_instance/result_reg[6]
  -------------------------------------------------------------------
                         required time                          0.341    
                         arrival time                          -0.143    
  -------------------------------------------------------------------
                         slack                                  0.198    

Slack (MET) :             0.201ns  (arrival time - required time)
  Source:                 design_1_i/eFPGA_AXI_LM393_driv_1/U0/eFPGA_AXI_LM393_driver_slave_lite_v1_0_S00_AXI_inst/speedsensor_instance/counter_reg[5]/C
                            (rising edge-triggered cell FDRE clocked by clk_out2_design_1_clk_wiz_0_0  {rise@0.000ns fall@100.000ns period=200.000ns})
  Destination:            design_1_i/eFPGA_AXI_LM393_driv_1/U0/eFPGA_AXI_LM393_driver_slave_lite_v1_0_S00_AXI_inst/speedsensor_instance/result_reg[5]/D
                            (rising edge-triggered cell FDRE clocked by clk_out2_design_1_clk_wiz_0_0  {rise@0.000ns fall@100.000ns period=200.000ns})
  Path Group:             clk_out2_design_1_clk_wiz_0_0
  Path Type:              Hold (Min at Fast Process Corner)
  Requirement:            0.000ns  (clk_out2_design_1_clk_wiz_0_0 rise@0.000ns - clk_out2_design_1_clk_wiz_0_0 rise@0.000ns)
  Data Path Delay:        0.448ns  (logic 0.141ns (31.469%)  route 0.307ns (68.531%))
  Logic Levels:           0  
  Clock Path Skew:        0.181ns (DCD - SCD - CPR)
    Destination Clock Delay (DCD):    -0.915ns
    Source Clock Delay      (SCD):    -0.592ns
    Clock Pessimism Removal (CPR):    -0.504ns

    Location             Delay type                Incr(ns)  Path(ns)    Netlist Resource(s)
  -------------------------------------------------------------------    -------------------
                         (clock clk_out2_design_1_clk_wiz_0_0 rise edge)
                                                      0.000     0.000 r  
    H16                                               0.000     0.000 r  clk_in1_0 (IN)
                         net (fo=0)                   0.000     0.000    design_1_i/clk_wiz_0/inst/clk_in1
    H16                  IBUF (Prop_ibuf_I_O)         0.219     0.219 r  design_1_i/clk_wiz_0/inst/clkin1_ibufg/O
                         net (fo=1, routed)           0.440     0.659    design_1_i/clk_wiz_0/inst/clk_in1_design_1_clk_wiz_0_0
    MMCME2_ADV_X1Y2      MMCME2_ADV (Prop_mmcme2_adv_CLKIN1_CLKOUT1)
                                                     -2.613    -1.954 r  design_1_i/clk_wiz_0/inst/mmcm_adv_inst/CLKOUT1
                         net (fo=1, routed)           0.696    -1.257    design_1_i/clk_wiz_0/inst/clk_out2_design_1_clk_wiz_0_0
    BUFGCTRL_X0Y18       BUFG (Prop_bufg_I_O)         0.026    -1.231 r  design_1_i/clk_wiz_0/inst/clkout2_buf/O
                         net (fo=66, routed)          0.639    -0.592    design_1_i/eFPGA_AXI_LM393_driv_1/U0/eFPGA_AXI_LM393_driver_slave_lite_v1_0_S00_AXI_inst/speedsensor_instance/clk
    SLICE_X40Y101        FDRE                                         r  design_1_i/eFPGA_AXI_LM393_driv_1/U0/eFPGA_AXI_LM393_driver_slave_lite_v1_0_S00_AXI_inst/speedsensor_instance/counter_reg[5]/C
  -------------------------------------------------------------------    -------------------
    SLICE_X40Y101        FDRE (Prop_fdre_C_Q)         0.141    -0.451 r  design_1_i/eFPGA_AXI_LM393_driv_1/U0/eFPGA_AXI_LM393_driver_slave_lite_v1_0_S00_AXI_inst/speedsensor_instance/counter_reg[5]/Q
                         net (fo=3, routed)           0.307    -0.144    design_1_i/eFPGA_AXI_LM393_driv_1/U0/eFPGA_AXI_LM393_driver_slave_lite_v1_0_S00_AXI_inst/speedsensor_instance/counter[5]
    SLICE_X41Y99         FDRE                                         r  design_1_i/eFPGA_AXI_LM393_driv_1/U0/eFPGA_AXI_LM393_driver_slave_lite_v1_0_S00_AXI_inst/speedsensor_instance/result_reg[5]/D
  -------------------------------------------------------------------    -------------------

                         (clock clk_out2_design_1_clk_wiz_0_0 rise edge)
                                                      0.000     0.000 r  
    H16                                               0.000     0.000 r  clk_in1_0 (IN)
                         net (fo=0)                   0.000     0.000    design_1_i/clk_wiz_0/inst/clk_in1
    H16                  IBUF (Prop_ibuf_I_O)         0.406     0.406 r  design_1_i/clk_wiz_0/inst/clkin1_ibufg/O
                         net (fo=1, routed)           0.480     0.886    design_1_i/clk_wiz_0/inst/clk_in1_design_1_clk_wiz_0_0
    MMCME2_ADV_X1Y2      MMCME2_ADV (Prop_mmcme2_adv_CLKIN1_CLKOUT1)
                                                     -3.407    -2.521 r  design_1_i/clk_wiz_0/inst/mmcm_adv_inst/CLKOUT1
                         net (fo=1, routed)           0.752    -1.769    design_1_i/clk_wiz_0/inst/clk_out2_design_1_clk_wiz_0_0
    BUFGCTRL_X0Y18       BUFG (Prop_bufg_I_O)         0.029    -1.740 r  design_1_i/clk_wiz_0/inst/clkout2_buf/O
                         net (fo=66, routed)          0.825    -0.915    design_1_i/eFPGA_AXI_LM393_driv_1/U0/eFPGA_AXI_LM393_driver_slave_lite_v1_0_S00_AXI_inst/speedsensor_instance/clk
    SLICE_X41Y99         FDRE                                         r  design_1_i/eFPGA_AXI_LM393_driv_1/U0/eFPGA_AXI_LM393_driver_slave_lite_v1_0_S00_AXI_inst/speedsensor_instance/result_reg[5]/C
                         clock pessimism              0.504    -0.411    
    SLICE_X41Y99         FDRE (Hold_fdre_C_D)         0.066    -0.345    design_1_i/eFPGA_AXI_LM393_driv_1/U0/eFPGA_AXI_LM393_driver_slave_lite_v1_0_S00_AXI_inst/speedsensor_instance/result_reg[5]
  -------------------------------------------------------------------
                         required time                          0.345    
                         arrival time                          -0.144    
  -------------------------------------------------------------------
                         slack                                  0.201    





Pulse Width Checks
--------------------------------------------------------------------------------------
Clock Name:         clk_out2_design_1_clk_wiz_0_0
Waveform(ns):       { 0.000 100.000 }
Period(ns):         200.000
Sources:            { design_1_i/clk_wiz_0/inst/mmcm_adv_inst/CLKOUT1 }

Check Type        Corner  Lib Pin             Reference Pin  Required(ns)  Actual(ns)  Slack(ns)  Location         Pin
Min Period        n/a     BUFG/I              n/a            2.155         200.000     197.845    BUFGCTRL_X0Y18   design_1_i/clk_wiz_0/inst/clkout2_buf/I
Min Period        n/a     MMCME2_ADV/CLKOUT1  n/a            1.249         200.000     198.751    MMCME2_ADV_X1Y2  design_1_i/clk_wiz_0/inst/mmcm_adv_inst/CLKOUT1
Min Period        n/a     FDRE/C              n/a            1.000         200.000     199.000    SLICE_X41Y101    design_1_i/eFPGA_AXI_LM393_driv_1/U0/eFPGA_AXI_LM393_driver_slave_lite_v1_0_S00_AXI_inst/speedsensor_instance/counter_reg[0]/C
Min Period        n/a     FDRE/C              n/a            1.000         200.000     199.000    SLICE_X40Y102    design_1_i/eFPGA_AXI_LM393_driv_1/U0/eFPGA_AXI_LM393_driver_slave_lite_v1_0_S00_AXI_inst/speedsensor_instance/counter_reg[10]/C
Min Period        n/a     FDRE/C              n/a            1.000         200.000     199.000    SLICE_X43Y101    design_1_i/eFPGA_AXI_LM393_driv_1/U0/eFPGA_AXI_LM393_driver_slave_lite_v1_0_S00_AXI_inst/speedsensor_instance/counter_reg[11]/C
Min Period        n/a     FDRE/C              n/a            1.000         200.000     199.000    SLICE_X40Y102    design_1_i/eFPGA_AXI_LM393_driv_1/U0/eFPGA_AXI_LM393_driver_slave_lite_v1_0_S00_AXI_inst/speedsensor_instance/counter_reg[12]/C
Min Period        n/a     FDRE/C              n/a            1.000         200.000     199.000    SLICE_X43Y103    design_1_i/eFPGA_AXI_LM393_driv_1/U0/eFPGA_AXI_LM393_driver_slave_lite_v1_0_S00_AXI_inst/speedsensor_instance/counter_reg[13]/C
Min Period        n/a     FDRE/C              n/a            1.000         200.000     199.000    SLICE_X43Y103    design_1_i/eFPGA_AXI_LM393_driv_1/U0/eFPGA_AXI_LM393_driver_slave_lite_v1_0_S00_AXI_inst/speedsensor_instance/counter_reg[14]/C
Min Period        n/a     FDRE/C              n/a            1.000         200.000     199.000    SLICE_X43Y103    design_1_i/eFPGA_AXI_LM393_driv_1/U0/eFPGA_AXI_LM393_driver_slave_lite_v1_0_S00_AXI_inst/speedsensor_instance/counter_reg[15]/C
Min Period        n/a     FDRE/C              n/a            1.000         200.000     199.000    SLICE_X43Y105    design_1_i/eFPGA_AXI_LM393_driv_1/U0/eFPGA_AXI_LM393_driver_slave_lite_v1_0_S00_AXI_inst/speedsensor_instance/counter_reg[16]/C
Max Period        n/a     MMCME2_ADV/CLKOUT1  n/a            213.360       200.000     13.360     MMCME2_ADV_X1Y2  design_1_i/clk_wiz_0/inst/mmcm_adv_inst/CLKOUT1
Low Pulse Width   Slow    FDRE/C              n/a            0.500         100.000     99.500     SLICE_X41Y101    design_1_i/eFPGA_AXI_LM393_driv_1/U0/eFPGA_AXI_LM393_driver_slave_lite_v1_0_S00_AXI_inst/speedsensor_instance/counter_reg[0]/C
Low Pulse Width   Fast    FDRE/C              n/a            0.500         100.000     99.500     SLICE_X41Y101    design_1_i/eFPGA_AXI_LM393_driv_1/U0/eFPGA_AXI_LM393_driver_slave_lite_v1_0_S00_AXI_inst/speedsensor_instance/counter_reg[0]/C
Low Pulse Width   Slow    FDRE/C              n/a            0.500         100.000     99.500     SLICE_X40Y102    design_1_i/eFPGA_AXI_LM393_driv_1/U0/eFPGA_AXI_LM393_driver_slave_lite_v1_0_S00_AXI_inst/speedsensor_instance/counter_reg[10]/C
Low Pulse Width   Fast    FDRE/C              n/a            0.500         100.000     99.500     SLICE_X40Y102    design_1_i/eFPGA_AXI_LM393_driv_1/U0/eFPGA_AXI_LM393_driver_slave_lite_v1_0_S00_AXI_inst/speedsensor_instance/counter_reg[10]/C
Low Pulse Width   Slow    FDRE/C              n/a            0.500         100.000     99.500     SLICE_X43Y101    design_1_i/eFPGA_AXI_LM393_driv_1/U0/eFPGA_AXI_LM393_driver_slave_lite_v1_0_S00_AXI_inst/speedsensor_instance/counter_reg[11]/C
Low Pulse Width   Fast    FDRE/C              n/a            0.500         100.000     99.500     SLICE_X43Y101    design_1_i/eFPGA_AXI_LM393_driv_1/U0/eFPGA_AXI_LM393_driver_slave_lite_v1_0_S00_AXI_inst/speedsensor_instance/counter_reg[11]/C
Low Pulse Width   Slow    FDRE/C              n/a            0.500         100.000     99.500     SLICE_X40Y102    design_1_i/eFPGA_AXI_LM393_driv_1/U0/eFPGA_AXI_LM393_driver_slave_lite_v1_0_S00_AXI_inst/speedsensor_instance/counter_reg[12]/C
Low Pulse Width   Fast    FDRE/C              n/a            0.500         100.000     99.500     SLICE_X40Y102    design_1_i/eFPGA_AXI_LM393_driv_1/U0/eFPGA_AXI_LM393_driver_slave_lite_v1_0_S00_AXI_inst/speedsensor_instance/counter_reg[12]/C
Low Pulse Width   Slow    FDRE/C              n/a            0.500         100.000     99.500     SLICE_X43Y103    design_1_i/eFPGA_AXI_LM393_driv_1/U0/eFPGA_AXI_LM393_driver_slave_lite_v1_0_S00_AXI_inst/speedsensor_instance/counter_reg[13]/C
Low Pulse Width   Fast    FDRE/C              n/a            0.500         100.000     99.500     SLICE_X43Y103    design_1_i/eFPGA_AXI_LM393_driv_1/U0/eFPGA_AXI_LM393_driver_slave_lite_v1_0_S00_AXI_inst/speedsensor_instance/counter_reg[13]/C
High Pulse Width  Slow    FDRE/C              n/a            0.500         100.000     99.500     SLICE_X41Y101    design_1_i/eFPGA_AXI_LM393_driv_1/U0/eFPGA_AXI_LM393_driver_slave_lite_v1_0_S00_AXI_inst/speedsensor_instance/counter_reg[0]/C
High Pulse Width  Fast    FDRE/C              n/a            0.500         100.000     99.500     SLICE_X41Y101    design_1_i/eFPGA_AXI_LM393_driv_1/U0/eFPGA_AXI_LM393_driver_slave_lite_v1_0_S00_AXI_inst/speedsensor_instance/counter_reg[0]/C
High Pulse Width  Slow    FDRE/C              n/a            0.500         100.000     99.500     SLICE_X40Y102    design_1_i/eFPGA_AXI_LM393_driv_1/U0/eFPGA_AXI_LM393_driver_slave_lite_v1_0_S00_AXI_inst/speedsensor_instance/counter_reg[10]/C
High Pulse Width  Fast    FDRE/C              n/a            0.500         100.000     99.500     SLICE_X40Y102    design_1_i/eFPGA_AXI_LM393_driv_1/U0/eFPGA_AXI_LM393_driver_slave_lite_v1_0_S00_AXI_inst/speedsensor_instance/counter_reg[10]/C
High Pulse Width  Slow    FDRE/C              n/a            0.500         100.000     99.500     SLICE_X43Y101    design_1_i/eFPGA_AXI_LM393_driv_1/U0/eFPGA_AXI_LM393_driver_slave_lite_v1_0_S00_AXI_inst/speedsensor_instance/counter_reg[11]/C
High Pulse Width  Fast    FDRE/C              n/a            0.500         100.000     99.500     SLICE_X43Y101    design_1_i/eFPGA_AXI_LM393_driv_1/U0/eFPGA_AXI_LM393_driver_slave_lite_v1_0_S00_AXI_inst/speedsensor_instance/counter_reg[11]/C
High Pulse Width  Slow    FDRE/C              n/a            0.500         100.000     99.500     SLICE_X40Y102    design_1_i/eFPGA_AXI_LM393_driv_1/U0/eFPGA_AXI_LM393_driver_slave_lite_v1_0_S00_AXI_inst/speedsensor_instance/counter_reg[12]/C
High Pulse Width  Fast    FDRE/C              n/a            0.500         100.000     99.500     SLICE_X40Y102    design_1_i/eFPGA_AXI_LM393_driv_1/U0/eFPGA_AXI_LM393_driver_slave_lite_v1_0_S00_AXI_inst/speedsensor_instance/counter_reg[12]/C
High Pulse Width  Slow    FDRE/C              n/a            0.500         100.000     99.500     SLICE_X43Y103    design_1_i/eFPGA_AXI_LM393_driv_1/U0/eFPGA_AXI_LM393_driver_slave_lite_v1_0_S00_AXI_inst/speedsensor_instance/counter_reg[13]/C
High Pulse Width  Fast    FDRE/C              n/a            0.500         100.000     99.500     SLICE_X43Y103    design_1_i/eFPGA_AXI_LM393_driv_1/U0/eFPGA_AXI_LM393_driver_slave_lite_v1_0_S00_AXI_inst/speedsensor_instance/counter_reg[13]/C



---------------------------------------------------------------------------------------------------
From Clock:  clkfbout_design_1_clk_wiz_0_0
  To Clock:  clkfbout_design_1_clk_wiz_0_0

Setup :           NA  Failing Endpoints,  Worst Slack           NA  ,  Total Violation           NA
Hold  :           NA  Failing Endpoints,  Worst Slack           NA  ,  Total Violation           NA
PW    :            0  Failing Endpoints,  Worst Slack       47.845ns,  Total Violation        0.000ns
---------------------------------------------------------------------------------------------------


Pulse Width Checks
--------------------------------------------------------------------------------------
Clock Name:         clkfbout_design_1_clk_wiz_0_0
Waveform(ns):       { 0.000 25.000 }
Period(ns):         50.000
Sources:            { design_1_i/clk_wiz_0/inst/mmcm_adv_inst/CLKFBOUT }

Check Type  Corner  Lib Pin              Reference Pin  Required(ns)  Actual(ns)  Slack(ns)  Location         Pin
Min Period  n/a     BUFG/I               n/a            2.155         50.000      47.845     BUFGCTRL_X0Y19   design_1_i/clk_wiz_0/inst/clkf_buf/I
Min Period  n/a     MMCME2_ADV/CLKFBOUT  n/a            1.249         50.000      48.751     MMCME2_ADV_X1Y2  design_1_i/clk_wiz_0/inst/mmcm_adv_inst/CLKFBOUT
Min Period  n/a     MMCME2_ADV/CLKFBIN   n/a            1.249         50.000      48.751     MMCME2_ADV_X1Y2  design_1_i/clk_wiz_0/inst/mmcm_adv_inst/CLKFBIN
Max Period  n/a     MMCME2_ADV/CLKFBIN   n/a            100.000       50.000      50.000     MMCME2_ADV_X1Y2  design_1_i/clk_wiz_0/inst/mmcm_adv_inst/CLKFBIN
Max Period  n/a     MMCME2_ADV/CLKFBOUT  n/a            213.360       50.000      163.360    MMCME2_ADV_X1Y2  design_1_i/clk_wiz_0/inst/mmcm_adv_inst/CLKFBOUT



---------------------------------------------------------------------------------------------------
From Clock:  clk_out1_design_1_clk_wiz_0_0
  To Clock:  clk_fpga_0

Setup :            0  Failing Endpoints,  Worst Slack        3.948ns,  Total Violation        0.000ns
Hold  :            0  Failing Endpoints,  Worst Slack        0.163ns,  Total Violation        0.000ns
---------------------------------------------------------------------------------------------------


Max Delay Paths
--------------------------------------------------------------------------------------
Slack (MET) :             3.948ns  (required time - arrival time)
  Source:                 design_1_i/eFPGA_AXI_LM393_driv_0/U0/eFPGA_AXI_LM393_driver_slave_lite_v1_0_S00_AXI_inst/speedsensor_instance/result_reg[28]/C
                            (rising edge-triggered cell FDRE clocked by clk_out1_design_1_clk_wiz_0_0  {rise@0.000ns fall@100.000ns period=200.000ns})
  Destination:            design_1_i/ps7_0_axi_periph/xbar/inst/gen_sasd.crossbar_sasd_0/reg_slice_r/m_payload_i_reg[31]/D
                            (rising edge-triggered cell FDRE clocked by clk_fpga_0  {rise@0.000ns fall@5.000ns period=10.000ns})
  Path Group:             clk_fpga_0
  Path Type:              Setup (Max at Slow Process Corner)
  Requirement:            10.000ns  (clk_fpga_0 rise@10.000ns - clk_out1_design_1_clk_wiz_0_0 rise@0.000ns)
  Data Path Delay:        8.999ns  (logic 0.828ns (9.201%)  route 8.171ns (90.799%))
  Logic Levels:           3  (LUT5=1 LUT6=2)
  Clock Path Skew:        3.707ns (DCD - SCD + CPR)
    Destination Clock Delay (DCD):    2.832ns = ( 12.832 - 10.000 ) 
    Source Clock Delay      (SCD):    -0.874ns
    Clock Pessimism Removal (CPR):    0.000ns
  Clock Uncertainty:      0.698ns  ((TSJ^2 + TIJ^2 + DJ^2)^1/2) / 2 + PE
    Total System Jitter     (TSJ):    0.071ns
    Total Input Jitter      (TIJ):    0.300ns
    Discrete Jitter          (DJ):    0.631ns
    Phase Error              (PE):    0.347ns
  Clock Domain Crossing:  Inter clock paths are considered valid unless explicitly excluded by timing constraints such as set_clock_groups or set_false_path.

    Location             Delay type                Incr(ns)  Path(ns)    Netlist Resource(s)
  -------------------------------------------------------------------    -------------------
                         (clock clk_out1_design_1_clk_wiz_0_0 rise edge)
                                                      0.000     0.000 r  
    H16                                               0.000     0.000 r  clk_in1_0 (IN)
                         net (fo=0)                   0.000     0.000    design_1_i/clk_wiz_0/inst/clk_in1
    H16                  IBUF (Prop_ibuf_I_O)         1.451     1.451 r  design_1_i/clk_wiz_0/inst/clkin1_ibufg/O
                         net (fo=1, routed)           1.285     2.736    design_1_i/clk_wiz_0/inst/clk_in1_design_1_clk_wiz_0_0
    MMCME2_ADV_X1Y2      MMCME2_ADV (Prop_mmcme2_adv_CLKIN1_CLKOUT0)
                                                     -7.759    -5.023 r  design_1_i/clk_wiz_0/inst/mmcm_adv_inst/CLKOUT0
                         net (fo=1, routed)           2.206    -2.817    design_1_i/clk_wiz_0/inst/clk_out1_design_1_clk_wiz_0_0
    BUFGCTRL_X0Y17       BUFG (Prop_bufg_I_O)         0.101    -2.716 r  design_1_i/clk_wiz_0/inst/clkout1_buf/O
                         net (fo=66, routed)          1.842    -0.874    design_1_i/eFPGA_AXI_LM393_driv_0/U0/eFPGA_AXI_LM393_driver_slave_lite_v1_0_S00_AXI_inst/speedsensor_instance/clk
    SLICE_X49Y104        FDRE                                         r  design_1_i/eFPGA_AXI_LM393_driv_0/U0/eFPGA_AXI_LM393_driver_slave_lite_v1_0_S00_AXI_inst/speedsensor_instance/result_reg[28]/C
  -------------------------------------------------------------------    -------------------
    SLICE_X49Y104        FDRE (Prop_fdre_C_Q)         0.456    -0.418 r  design_1_i/eFPGA_AXI_LM393_driv_0/U0/eFPGA_AXI_LM393_driver_slave_lite_v1_0_S00_AXI_inst/speedsensor_instance/result_reg[28]/Q
                         net (fo=1, routed)           2.891     2.472    design_1_i/eFPGA_AXI_LM393_driv_0/U0/eFPGA_AXI_LM393_driver_slave_lite_v1_0_S00_AXI_inst/result[28]
    SLICE_X41Y106        LUT6 (Prop_lut6_I1_O)        0.124     2.596 r  design_1_i/eFPGA_AXI_LM393_driv_0/U0/eFPGA_AXI_LM393_driver_slave_lite_v1_0_S00_AXI_inst/s00_axi_rdata[28]_INST_0/O
                         net (fo=1, routed)           1.980     4.576    design_1_i/ps7_0_axi_periph/xbar/inst/gen_sasd.crossbar_sasd_0/reg_slice_r/m_axi_rdata[92]
    SLICE_X38Y107        LUT6 (Prop_lut6_I1_O)        0.124     4.700 f  design_1_i/ps7_0_axi_periph/xbar/inst/gen_sasd.crossbar_sasd_0/reg_slice_r/m_payload_i[31]_i_4/O
                         net (fo=1, routed)           2.246     6.946    design_1_i/ps7_0_axi_periph/xbar/inst/gen_sasd.crossbar_sasd_0/reg_slice_r/m_payload_i[31]_i_4_n_0
    SLICE_X37Y107        LUT5 (Prop_lut5_I4_O)        0.124     7.070 r  design_1_i/ps7_0_axi_periph/xbar/inst/gen_sasd.crossbar_sasd_0/reg_slice_r/m_payload_i[31]_i_1/O
                         net (fo=2, routed)           1.055     8.125    design_1_i/ps7_0_axi_periph/xbar/inst/gen_sasd.crossbar_sasd_0/reg_slice_r/skid_buffer[31]
    SLICE_X33Y103        FDRE                                         r  design_1_i/ps7_0_axi_periph/xbar/inst/gen_sasd.crossbar_sasd_0/reg_slice_r/m_payload_i_reg[31]/D
  -------------------------------------------------------------------    -------------------

                         (clock clk_fpga_0 rise edge)
                                                     10.000    10.000 r  
    PS7_X0Y0             PS7                          0.000    10.000 r  design_1_i/processing_system7_0/inst/PS7_i/FCLKCLK[0]
                         net (fo=1, routed)           1.088    11.088    design_1_i/processing_system7_0/inst/FCLK_CLK_unbuffered[0]
    BUFGCTRL_X0Y16       BUFG (Prop_bufg_I_O)         0.091    11.179 r  design_1_i/processing_system7_0/inst/buffer_fclk_clk_0.FCLK_CLK_0_BUFG/O
                         net (fo=1540, routed)        1.653    12.832    design_1_i/ps7_0_axi_periph/xbar/inst/gen_sasd.crossbar_sasd_0/reg_slice_r/aclk
    SLICE_X33Y103        FDRE                                         r  design_1_i/ps7_0_axi_periph/xbar/inst/gen_sasd.crossbar_sasd_0/reg_slice_r/m_payload_i_reg[31]/C
                         clock pessimism              0.000    12.832    
                         clock uncertainty           -0.698    12.134    
    SLICE_X33Y103        FDRE (Setup_fdre_C_D)       -0.061    12.073    design_1_i/ps7_0_axi_periph/xbar/inst/gen_sasd.crossbar_sasd_0/reg_slice_r/m_payload_i_reg[31]
  -------------------------------------------------------------------
                         required time                         12.073    
                         arrival time                          -8.125    
  -------------------------------------------------------------------
                         slack                                  3.948    

Slack (MET) :             4.136ns  (required time - arrival time)
  Source:                 design_1_i/eFPGA_AXI_LM393_driv_0/U0/eFPGA_AXI_LM393_driver_slave_lite_v1_0_S00_AXI_inst/speedsensor_instance/result_reg[1]/C
                            (rising edge-triggered cell FDRE clocked by clk_out1_design_1_clk_wiz_0_0  {rise@0.000ns fall@100.000ns period=200.000ns})
  Destination:            design_1_i/ps7_0_axi_periph/xbar/inst/gen_sasd.crossbar_sasd_0/reg_slice_r/skid_buffer_reg[4]/D
                            (rising edge-triggered cell FDRE clocked by clk_fpga_0  {rise@0.000ns fall@5.000ns period=10.000ns})
  Path Group:             clk_fpga_0
  Path Type:              Setup (Max at Slow Process Corner)
  Requirement:            10.000ns  (clk_fpga_0 rise@10.000ns - clk_out1_design_1_clk_wiz_0_0 rise@0.000ns)
  Data Path Delay:        8.870ns  (logic 0.952ns (10.733%)  route 7.918ns (89.267%))
  Logic Levels:           4  (LUT5=1 LUT6=3)
  Clock Path Skew:        3.734ns (DCD - SCD + CPR)
    Destination Clock Delay (DCD):    2.657ns = ( 12.657 - 10.000 ) 
    Source Clock Delay      (SCD):    -1.077ns
    Clock Pessimism Removal (CPR):    0.000ns
  Clock Uncertainty:      0.698ns  ((TSJ^2 + TIJ^2 + DJ^2)^1/2) / 2 + PE
    Total System Jitter     (TSJ):    0.071ns
    Total Input Jitter      (TIJ):    0.300ns
    Discrete Jitter          (DJ):    0.631ns
    Phase Error              (PE):    0.347ns
  Clock Domain Crossing:  Inter clock paths are considered valid unless explicitly excluded by timing constraints such as set_clock_groups or set_false_path.

    Location             Delay type                Incr(ns)  Path(ns)    Netlist Resource(s)
  -------------------------------------------------------------------    -------------------
                         (clock clk_out1_design_1_clk_wiz_0_0 rise edge)
                                                      0.000     0.000 r  
    H16                                               0.000     0.000 r  clk_in1_0 (IN)
                         net (fo=0)                   0.000     0.000    design_1_i/clk_wiz_0/inst/clk_in1
    H16                  IBUF (Prop_ibuf_I_O)         1.451     1.451 r  design_1_i/clk_wiz_0/inst/clkin1_ibufg/O
                         net (fo=1, routed)           1.285     2.736    design_1_i/clk_wiz_0/inst/clk_in1_design_1_clk_wiz_0_0
    MMCME2_ADV_X1Y2      MMCME2_ADV (Prop_mmcme2_adv_CLKIN1_CLKOUT0)
                                                     -7.759    -5.023 r  design_1_i/clk_wiz_0/inst/mmcm_adv_inst/CLKOUT0
                         net (fo=1, routed)           2.206    -2.817    design_1_i/clk_wiz_0/inst/clk_out1_design_1_clk_wiz_0_0
    BUFGCTRL_X0Y17       BUFG (Prop_bufg_I_O)         0.101    -2.716 r  design_1_i/clk_wiz_0/inst/clkout1_buf/O
                         net (fo=66, routed)          1.639    -1.077    design_1_i/eFPGA_AXI_LM393_driv_0/U0/eFPGA_AXI_LM393_driver_slave_lite_v1_0_S00_AXI_inst/speedsensor_instance/clk
    SLICE_X51Y96         FDRE                                         r  design_1_i/eFPGA_AXI_LM393_driv_0/U0/eFPGA_AXI_LM393_driver_slave_lite_v1_0_S00_AXI_inst/speedsensor_instance/result_reg[1]/C
  -------------------------------------------------------------------    -------------------
    SLICE_X51Y96         FDRE (Prop_fdre_C_Q)         0.456    -0.621 r  design_1_i/eFPGA_AXI_LM393_driv_0/U0/eFPGA_AXI_LM393_driver_slave_lite_v1_0_S00_AXI_inst/speedsensor_instance/result_reg[1]/Q
                         net (fo=1, routed)           1.454     0.833    design_1_i/eFPGA_AXI_LM393_driv_0/U0/eFPGA_AXI_LM393_driver_slave_lite_v1_0_S00_AXI_inst/result[1]
    SLICE_X50Y95         LUT6 (Prop_lut6_I1_O)        0.124     0.957 r  design_1_i/eFPGA_AXI_LM393_driv_0/U0/eFPGA_AXI_LM393_driver_slave_lite_v1_0_S00_AXI_inst/s00_axi_rdata[1]_INST_0/O
                         net (fo=1, routed)           1.342     2.299    design_1_i/ps7_0_axi_periph/xbar/inst/gen_sasd.crossbar_sasd_0/reg_slice_r/m_axi_rdata[65]
    SLICE_X45Y92         LUT5 (Prop_lut5_I0_O)        0.124     2.423 r  design_1_i/ps7_0_axi_periph/xbar/inst/gen_sasd.crossbar_sasd_0/reg_slice_r/skid_buffer[4]_i_3/O
                         net (fo=1, routed)           1.229     3.652    design_1_i/ps7_0_axi_periph/xbar/inst/gen_sasd.crossbar_sasd_0/reg_slice_r/skid_buffer[4]_i_3_n_0
    SLICE_X43Y92         LUT6 (Prop_lut6_I5_O)        0.124     3.776 r  design_1_i/ps7_0_axi_periph/xbar/inst/gen_sasd.crossbar_sasd_0/reg_slice_r/skid_buffer[4]_i_2/O
                         net (fo=1, routed)           1.471     5.247    design_1_i/ps7_0_axi_periph/xbar/inst/gen_sasd.crossbar_sasd_0/reg_slice_r/skid_buffer[4]_i_2_n_0
    SLICE_X39Y91         LUT6 (Prop_lut6_I5_O)        0.124     5.371 r  design_1_i/ps7_0_axi_periph/xbar/inst/gen_sasd.crossbar_sasd_0/reg_slice_r/skid_buffer[4]_i_1/O
                         net (fo=2, routed)           2.421     7.793    design_1_i/ps7_0_axi_periph/xbar/inst/gen_sasd.crossbar_sasd_0/reg_slice_r/skid_buffer[4]_i_1_n_0
    SLICE_X34Y89         FDRE                                         r  design_1_i/ps7_0_axi_periph/xbar/inst/gen_sasd.crossbar_sasd_0/reg_slice_r/skid_buffer_reg[4]/D
  -------------------------------------------------------------------    -------------------

                         (clock clk_fpga_0 rise edge)
                                                     10.000    10.000 r  
    PS7_X0Y0             PS7                          0.000    10.000 r  design_1_i/processing_system7_0/inst/PS7_i/FCLKCLK[0]
                         net (fo=1, routed)           1.088    11.088    design_1_i/processing_system7_0/inst/FCLK_CLK_unbuffered[0]
    BUFGCTRL_X0Y16       BUFG (Prop_bufg_I_O)         0.091    11.179 r  design_1_i/processing_system7_0/inst/buffer_fclk_clk_0.FCLK_CLK_0_BUFG/O
                         net (fo=1540, routed)        1.478    12.657    design_1_i/ps7_0_axi_periph/xbar/inst/gen_sasd.crossbar_sasd_0/reg_slice_r/aclk
    SLICE_X34Y89         FDRE                                         r  design_1_i/ps7_0_axi_periph/xbar/inst/gen_sasd.crossbar_sasd_0/reg_slice_r/skid_buffer_reg[4]/C
                         clock pessimism              0.000    12.657    
                         clock uncertainty           -0.698    11.959    
    SLICE_X34Y89         FDRE (Setup_fdre_C_D)       -0.030    11.929    design_1_i/ps7_0_axi_periph/xbar/inst/gen_sasd.crossbar_sasd_0/reg_slice_r/skid_buffer_reg[4]
  -------------------------------------------------------------------
                         required time                         11.929    
                         arrival time                          -7.793    
  -------------------------------------------------------------------
                         slack                                  4.136    

Slack (MET) :             4.350ns  (required time - arrival time)
  Source:                 design_1_i/eFPGA_AXI_LM393_driv_0/U0/eFPGA_AXI_LM393_driver_slave_lite_v1_0_S00_AXI_inst/speedsensor_instance/result_reg[1]/C
                            (rising edge-triggered cell FDRE clocked by clk_out1_design_1_clk_wiz_0_0  {rise@0.000ns fall@100.000ns period=200.000ns})
  Destination:            design_1_i/ps7_0_axi_periph/xbar/inst/gen_sasd.crossbar_sasd_0/reg_slice_r/m_payload_i_reg[4]/D
                            (rising edge-triggered cell FDRE clocked by clk_fpga_0  {rise@0.000ns fall@5.000ns period=10.000ns})
  Path Group:             clk_fpga_0
  Path Type:              Setup (Max at Slow Process Corner)
  Requirement:            10.000ns  (clk_fpga_0 rise@10.000ns - clk_out1_design_1_clk_wiz_0_0 rise@0.000ns)
  Data Path Delay:        8.761ns  (logic 1.102ns (12.578%)  route 7.659ns (87.422%))
  Logic Levels:           5  (LUT3=1 LUT5=1 LUT6=3)
  Clock Path Skew:        3.734ns (DCD - SCD + CPR)
    Destination Clock Delay (DCD):    2.657ns = ( 12.657 - 10.000 ) 
    Source Clock Delay      (SCD):    -1.077ns
    Clock Pessimism Removal (CPR):    0.000ns
  Clock Uncertainty:      0.698ns  ((TSJ^2 + TIJ^2 + DJ^2)^1/2) / 2 + PE
    Total System Jitter     (TSJ):    0.071ns
    Total Input Jitter      (TIJ):    0.300ns
    Discrete Jitter          (DJ):    0.631ns
    Phase Error              (PE):    0.347ns
  Clock Domain Crossing:  Inter clock paths are considered valid unless explicitly excluded by timing constraints such as set_clock_groups or set_false_path.

    Location             Delay type                Incr(ns)  Path(ns)    Netlist Resource(s)
  -------------------------------------------------------------------    -------------------
                         (clock clk_out1_design_1_clk_wiz_0_0 rise edge)
                                                      0.000     0.000 r  
    H16                                               0.000     0.000 r  clk_in1_0 (IN)
                         net (fo=0)                   0.000     0.000    design_1_i/clk_wiz_0/inst/clk_in1
    H16                  IBUF (Prop_ibuf_I_O)         1.451     1.451 r  design_1_i/clk_wiz_0/inst/clkin1_ibufg/O
                         net (fo=1, routed)           1.285     2.736    design_1_i/clk_wiz_0/inst/clk_in1_design_1_clk_wiz_0_0
    MMCME2_ADV_X1Y2      MMCME2_ADV (Prop_mmcme2_adv_CLKIN1_CLKOUT0)
                                                     -7.759    -5.023 r  design_1_i/clk_wiz_0/inst/mmcm_adv_inst/CLKOUT0
                         net (fo=1, routed)           2.206    -2.817    design_1_i/clk_wiz_0/inst/clk_out1_design_1_clk_wiz_0_0
    BUFGCTRL_X0Y17       BUFG (Prop_bufg_I_O)         0.101    -2.716 r  design_1_i/clk_wiz_0/inst/clkout1_buf/O
                         net (fo=66, routed)          1.639    -1.077    design_1_i/eFPGA_AXI_LM393_driv_0/U0/eFPGA_AXI_LM393_driver_slave_lite_v1_0_S00_AXI_inst/speedsensor_instance/clk
    SLICE_X51Y96         FDRE                                         r  design_1_i/eFPGA_AXI_LM393_driv_0/U0/eFPGA_AXI_LM393_driver_slave_lite_v1_0_S00_AXI_inst/speedsensor_instance/result_reg[1]/C
  -------------------------------------------------------------------    -------------------
    SLICE_X51Y96         FDRE (Prop_fdre_C_Q)         0.456    -0.621 r  design_1_i/eFPGA_AXI_LM393_driv_0/U0/eFPGA_AXI_LM393_driver_slave_lite_v1_0_S00_AXI_inst/speedsensor_instance/result_reg[1]/Q
                         net (fo=1, routed)           1.454     0.833    design_1_i/eFPGA_AXI_LM393_driv_0/U0/eFPGA_AXI_LM393_driver_slave_lite_v1_0_S00_AXI_inst/result[1]
    SLICE_X50Y95         LUT6 (Prop_lut6_I1_O)        0.124     0.957 r  design_1_i/eFPGA_AXI_LM393_driv_0/U0/eFPGA_AXI_LM393_driver_slave_lite_v1_0_S00_AXI_inst/s00_axi_rdata[1]_INST_0/O
                         net (fo=1, routed)           1.342     2.299    design_1_i/ps7_0_axi_periph/xbar/inst/gen_sasd.crossbar_sasd_0/reg_slice_r/m_axi_rdata[65]
    SLICE_X45Y92         LUT5 (Prop_lut5_I0_O)        0.124     2.423 r  design_1_i/ps7_0_axi_periph/xbar/inst/gen_sasd.crossbar_sasd_0/reg_slice_r/skid_buffer[4]_i_3/O
                         net (fo=1, routed)           1.229     3.652    design_1_i/ps7_0_axi_periph/xbar/inst/gen_sasd.crossbar_sasd_0/reg_slice_r/skid_buffer[4]_i_3_n_0
    SLICE_X43Y92         LUT6 (Prop_lut6_I5_O)        0.124     3.776 r  design_1_i/ps7_0_axi_periph/xbar/inst/gen_sasd.crossbar_sasd_0/reg_slice_r/skid_buffer[4]_i_2/O
                         net (fo=1, routed)           1.471     5.247    design_1_i/ps7_0_axi_periph/xbar/inst/gen_sasd.crossbar_sasd_0/reg_slice_r/skid_buffer[4]_i_2_n_0
    SLICE_X39Y91         LUT6 (Prop_lut6_I5_O)        0.124     5.371 r  design_1_i/ps7_0_axi_periph/xbar/inst/gen_sasd.crossbar_sasd_0/reg_slice_r/skid_buffer[4]_i_1/O
                         net (fo=2, routed)           2.163     7.534    design_1_i/ps7_0_axi_periph/xbar/inst/gen_sasd.crossbar_sasd_0/reg_slice_r/skid_buffer[4]_i_1_n_0
    SLICE_X35Y90         LUT3 (Prop_lut3_I0_O)        0.150     7.684 r  design_1_i/ps7_0_axi_periph/xbar/inst/gen_sasd.crossbar_sasd_0/reg_slice_r/m_payload_i[4]_i_1/O
                         net (fo=1, routed)           0.000     7.684    design_1_i/ps7_0_axi_periph/xbar/inst/gen_sasd.crossbar_sasd_0/reg_slice_r/skid_buffer[4]
    SLICE_X35Y90         FDRE                                         r  design_1_i/ps7_0_axi_periph/xbar/inst/gen_sasd.crossbar_sasd_0/reg_slice_r/m_payload_i_reg[4]/D
  -------------------------------------------------------------------    -------------------

                         (clock clk_fpga_0 rise edge)
                                                     10.000    10.000 r  
    PS7_X0Y0             PS7                          0.000    10.000 r  design_1_i/processing_system7_0/inst/PS7_i/FCLKCLK[0]
                         net (fo=1, routed)           1.088    11.088    design_1_i/processing_system7_0/inst/FCLK_CLK_unbuffered[0]
    BUFGCTRL_X0Y16       BUFG (Prop_bufg_I_O)         0.091    11.179 r  design_1_i/processing_system7_0/inst/buffer_fclk_clk_0.FCLK_CLK_0_BUFG/O
                         net (fo=1540, routed)        1.478    12.657    design_1_i/ps7_0_axi_periph/xbar/inst/gen_sasd.crossbar_sasd_0/reg_slice_r/aclk
    SLICE_X35Y90         FDRE                                         r  design_1_i/ps7_0_axi_periph/xbar/inst/gen_sasd.crossbar_sasd_0/reg_slice_r/m_payload_i_reg[4]/C
                         clock pessimism              0.000    12.657    
                         clock uncertainty           -0.698    11.959    
    SLICE_X35Y90         FDRE (Setup_fdre_C_D)        0.075    12.034    design_1_i/ps7_0_axi_periph/xbar/inst/gen_sasd.crossbar_sasd_0/reg_slice_r/m_payload_i_reg[4]
  -------------------------------------------------------------------
                         required time                         12.034    
                         arrival time                          -7.684    
  -------------------------------------------------------------------
                         slack                                  4.350    

Slack (MET) :             4.365ns  (required time - arrival time)
  Source:                 design_1_i/eFPGA_AXI_LM393_driv_0/U0/eFPGA_AXI_LM393_driver_slave_lite_v1_0_S00_AXI_inst/speedsensor_instance/result_reg[29]/C
                            (rising edge-triggered cell FDRE clocked by clk_out1_design_1_clk_wiz_0_0  {rise@0.000ns fall@100.000ns period=200.000ns})
  Destination:            design_1_i/ps7_0_axi_periph/xbar/inst/gen_sasd.crossbar_sasd_0/reg_slice_r/m_payload_i_reg[32]/D
                            (rising edge-triggered cell FDRE clocked by clk_fpga_0  {rise@0.000ns fall@5.000ns period=10.000ns})
  Path Group:             clk_fpga_0
  Path Type:              Setup (Max at Slow Process Corner)
  Requirement:            10.000ns  (clk_fpga_0 rise@10.000ns - clk_out1_design_1_clk_wiz_0_0 rise@0.000ns)
  Data Path Delay:        8.192ns  (logic 1.070ns (13.061%)  route 7.122ns (86.939%))
  Logic Levels:           5  (LUT3=1 LUT5=1 LUT6=3)
  Clock Path Skew:        3.532ns (DCD - SCD + CPR)
    Destination Clock Delay (DCD):    2.658ns = ( 12.658 - 10.000 ) 
    Source Clock Delay      (SCD):    -0.874ns
    Clock Pessimism Removal (CPR):    0.000ns
  Clock Uncertainty:      0.698ns  ((TSJ^2 + TIJ^2 + DJ^2)^1/2) / 2 + PE
    Total System Jitter     (TSJ):    0.071ns
    Total Input Jitter      (TIJ):    0.300ns
    Discrete Jitter          (DJ):    0.631ns
    Phase Error              (PE):    0.347ns
  Clock Domain Crossing:  Inter clock paths are considered valid unless explicitly excluded by timing constraints such as set_clock_groups or set_false_path.

    Location             Delay type                Incr(ns)  Path(ns)    Netlist Resource(s)
  -------------------------------------------------------------------    -------------------
                         (clock clk_out1_design_1_clk_wiz_0_0 rise edge)
                                                      0.000     0.000 r  
    H16                                               0.000     0.000 r  clk_in1_0 (IN)
                         net (fo=0)                   0.000     0.000    design_1_i/clk_wiz_0/inst/clk_in1
    H16                  IBUF (Prop_ibuf_I_O)         1.451     1.451 r  design_1_i/clk_wiz_0/inst/clkin1_ibufg/O
                         net (fo=1, routed)           1.285     2.736    design_1_i/clk_wiz_0/inst/clk_in1_design_1_clk_wiz_0_0
    MMCME2_ADV_X1Y2      MMCME2_ADV (Prop_mmcme2_adv_CLKIN1_CLKOUT0)
                                                     -7.759    -5.023 r  design_1_i/clk_wiz_0/inst/mmcm_adv_inst/CLKOUT0
                         net (fo=1, routed)           2.206    -2.817    design_1_i/clk_wiz_0/inst/clk_out1_design_1_clk_wiz_0_0
    BUFGCTRL_X0Y17       BUFG (Prop_bufg_I_O)         0.101    -2.716 r  design_1_i/clk_wiz_0/inst/clkout1_buf/O
                         net (fo=66, routed)          1.842    -0.874    design_1_i/eFPGA_AXI_LM393_driv_0/U0/eFPGA_AXI_LM393_driver_slave_lite_v1_0_S00_AXI_inst/speedsensor_instance/clk
    SLICE_X48Y104        FDRE                                         r  design_1_i/eFPGA_AXI_LM393_driv_0/U0/eFPGA_AXI_LM393_driver_slave_lite_v1_0_S00_AXI_inst/speedsensor_instance/result_reg[29]/C
  -------------------------------------------------------------------    -------------------
    SLICE_X48Y104        FDRE (Prop_fdre_C_Q)         0.456    -0.418 r  design_1_i/eFPGA_AXI_LM393_driv_0/U0/eFPGA_AXI_LM393_driver_slave_lite_v1_0_S00_AXI_inst/speedsensor_instance/result_reg[29]/Q
                         net (fo=1, routed)           1.014     0.596    design_1_i/eFPGA_AXI_LM393_driv_0/U0/eFPGA_AXI_LM393_driver_slave_lite_v1_0_S00_AXI_inst/result[29]
    SLICE_X45Y107        LUT6 (Prop_lut6_I1_O)        0.124     0.720 r  design_1_i/eFPGA_AXI_LM393_driv_0/U0/eFPGA_AXI_LM393_driver_slave_lite_v1_0_S00_AXI_inst/s00_axi_rdata[29]_INST_0/O
                         net (fo=1, routed)           0.703     1.423    design_1_i/ps7_0_axi_periph/xbar/inst/gen_sasd.crossbar_sasd_0/reg_slice_r/m_axi_rdata[93]
    SLICE_X45Y107        LUT5 (Prop_lut5_I4_O)        0.124     1.547 r  design_1_i/ps7_0_axi_periph/xbar/inst/gen_sasd.crossbar_sasd_0/reg_slice_r/skid_buffer[32]_i_3/O
                         net (fo=1, routed)           0.432     1.979    design_1_i/ps7_0_axi_periph/xbar/inst/gen_sasd.crossbar_sasd_0/reg_slice_r/skid_buffer[32]_i_3_n_0
    SLICE_X40Y107        LUT6 (Prop_lut6_I5_O)        0.124     2.103 r  design_1_i/ps7_0_axi_periph/xbar/inst/gen_sasd.crossbar_sasd_0/reg_slice_r/skid_buffer[32]_i_2/O
                         net (fo=1, routed)           0.594     2.696    design_1_i/ps7_0_axi_periph/xbar/inst/gen_sasd.crossbar_sasd_0/reg_slice_r/skid_buffer[32]_i_2_n_0
    SLICE_X38Y105        LUT6 (Prop_lut6_I5_O)        0.124     2.820 r  design_1_i/ps7_0_axi_periph/xbar/inst/gen_sasd.crossbar_sasd_0/reg_slice_r/skid_buffer[32]_i_1/O
                         net (fo=2, routed)           1.062     3.883    design_1_i/ps7_0_axi_periph/xbar/inst/gen_sasd.crossbar_sasd_0/reg_slice_r/skid_buffer[32]_i_1_n_0
    SLICE_X39Y96         LUT3 (Prop_lut3_I0_O)        0.118     4.001 r  design_1_i/ps7_0_axi_periph/xbar/inst/gen_sasd.crossbar_sasd_0/reg_slice_r/m_payload_i[32]_i_1/O
                         net (fo=1, routed)           3.317     7.318    design_1_i/ps7_0_axi_periph/xbar/inst/gen_sasd.crossbar_sasd_0/reg_slice_r/skid_buffer[32]
    SLICE_X33Y96         FDRE                                         r  design_1_i/ps7_0_axi_periph/xbar/inst/gen_sasd.crossbar_sasd_0/reg_slice_r/m_payload_i_reg[32]/D
  -------------------------------------------------------------------    -------------------

                         (clock clk_fpga_0 rise edge)
                                                     10.000    10.000 r  
    PS7_X0Y0             PS7                          0.000    10.000 r  design_1_i/processing_system7_0/inst/PS7_i/FCLKCLK[0]
                         net (fo=1, routed)           1.088    11.088    design_1_i/processing_system7_0/inst/FCLK_CLK_unbuffered[0]
    BUFGCTRL_X0Y16       BUFG (Prop_bufg_I_O)         0.091    11.179 r  design_1_i/processing_system7_0/inst/buffer_fclk_clk_0.FCLK_CLK_0_BUFG/O
                         net (fo=1540, routed)        1.479    12.658    design_1_i/ps7_0_axi_periph/xbar/inst/gen_sasd.crossbar_sasd_0/reg_slice_r/aclk
    SLICE_X33Y96         FDRE                                         r  design_1_i/ps7_0_axi_periph/xbar/inst/gen_sasd.crossbar_sasd_0/reg_slice_r/m_payload_i_reg[32]/C
                         clock pessimism              0.000    12.658    
                         clock uncertainty           -0.698    11.960    
    SLICE_X33Y96         FDRE (Setup_fdre_C_D)       -0.277    11.683    design_1_i/ps7_0_axi_periph/xbar/inst/gen_sasd.crossbar_sasd_0/reg_slice_r/m_payload_i_reg[32]
  -------------------------------------------------------------------
                         required time                         11.683    
                         arrival time                          -7.318    
  -------------------------------------------------------------------
                         slack                                  4.365    

Slack (MET) :             4.395ns  (required time - arrival time)
  Source:                 design_1_i/eFPGA_AXI_LM393_driv_0/U0/eFPGA_AXI_LM393_driver_slave_lite_v1_0_S00_AXI_inst/speedsensor_instance/result_reg[24]/C
                            (rising edge-triggered cell FDRE clocked by clk_out1_design_1_clk_wiz_0_0  {rise@0.000ns fall@100.000ns period=200.000ns})
  Destination:            design_1_i/ps7_0_axi_periph/xbar/inst/gen_sasd.crossbar_sasd_0/reg_slice_r/skid_buffer_reg[27]/D
                            (rising edge-triggered cell FDRE clocked by clk_fpga_0  {rise@0.000ns fall@5.000ns period=10.000ns})
  Path Group:             clk_fpga_0
  Path Type:              Setup (Max at Slow Process Corner)
  Requirement:            10.000ns  (clk_fpga_0 rise@10.000ns - clk_out1_design_1_clk_wiz_0_0 rise@0.000ns)
  Data Path Delay:        8.513ns  (logic 0.952ns (11.183%)  route 7.561ns (88.817%))
  Logic Levels:           4  (LUT5=1 LUT6=3)
  Clock Path Skew:        3.708ns (DCD - SCD + CPR)
    Destination Clock Delay (DCD):    2.833ns = ( 12.833 - 10.000 ) 
    Source Clock Delay      (SCD):    -0.874ns
    Clock Pessimism Removal (CPR):    0.000ns
  Clock Uncertainty:      0.698ns  ((TSJ^2 + TIJ^2 + DJ^2)^1/2) / 2 + PE
    Total System Jitter     (TSJ):    0.071ns
    Total Input Jitter      (TIJ):    0.300ns
    Discrete Jitter          (DJ):    0.631ns
    Phase Error              (PE):    0.347ns
  Clock Domain Crossing:  Inter clock paths are considered valid unless explicitly excluded by timing constraints such as set_clock_groups or set_false_path.

    Location             Delay type                Incr(ns)  Path(ns)    Netlist Resource(s)
  -------------------------------------------------------------------    -------------------
                         (clock clk_out1_design_1_clk_wiz_0_0 rise edge)
                                                      0.000     0.000 r  
    H16                                               0.000     0.000 r  clk_in1_0 (IN)
                         net (fo=0)                   0.000     0.000    design_1_i/clk_wiz_0/inst/clk_in1
    H16                  IBUF (Prop_ibuf_I_O)         1.451     1.451 r  design_1_i/clk_wiz_0/inst/clkin1_ibufg/O
                         net (fo=1, routed)           1.285     2.736    design_1_i/clk_wiz_0/inst/clk_in1_design_1_clk_wiz_0_0
    MMCME2_ADV_X1Y2      MMCME2_ADV (Prop_mmcme2_adv_CLKIN1_CLKOUT0)
                                                     -7.759    -5.023 r  design_1_i/clk_wiz_0/inst/mmcm_adv_inst/CLKOUT0
                         net (fo=1, routed)           2.206    -2.817    design_1_i/clk_wiz_0/inst/clk_out1_design_1_clk_wiz_0_0
    BUFGCTRL_X0Y17       BUFG (Prop_bufg_I_O)         0.101    -2.716 r  design_1_i/clk_wiz_0/inst/clkout1_buf/O
                         net (fo=66, routed)          1.842    -0.874    design_1_i/eFPGA_AXI_LM393_driv_0/U0/eFPGA_AXI_LM393_driver_slave_lite_v1_0_S00_AXI_inst/speedsensor_instance/clk
    SLICE_X49Y104        FDRE                                         r  design_1_i/eFPGA_AXI_LM393_driv_0/U0/eFPGA_AXI_LM393_driver_slave_lite_v1_0_S00_AXI_inst/speedsensor_instance/result_reg[24]/C
  -------------------------------------------------------------------    -------------------
    SLICE_X49Y104        FDRE (Prop_fdre_C_Q)         0.456    -0.418 r  design_1_i/eFPGA_AXI_LM393_driv_0/U0/eFPGA_AXI_LM393_driver_slave_lite_v1_0_S00_AXI_inst/speedsensor_instance/result_reg[24]/Q
                         net (fo=1, routed)           1.862     1.443    design_1_i/eFPGA_AXI_LM393_driv_0/U0/eFPGA_AXI_LM393_driver_slave_lite_v1_0_S00_AXI_inst/result[24]
    SLICE_X45Y108        LUT6 (Prop_lut6_I1_O)        0.124     1.567 r  design_1_i/eFPGA_AXI_LM393_driv_0/U0/eFPGA_AXI_LM393_driver_slave_lite_v1_0_S00_AXI_inst/s00_axi_rdata[24]_INST_0/O
                         net (fo=1, routed)           1.226     2.794    design_1_i/ps7_0_axi_periph/xbar/inst/gen_sasd.crossbar_sasd_0/reg_slice_r/m_axi_rdata[88]
    SLICE_X45Y108        LUT5 (Prop_lut5_I4_O)        0.124     2.918 r  design_1_i/ps7_0_axi_periph/xbar/inst/gen_sasd.crossbar_sasd_0/reg_slice_r/skid_buffer[27]_i_3/O
                         net (fo=1, routed)           1.176     4.094    design_1_i/ps7_0_axi_periph/xbar/inst/gen_sasd.crossbar_sasd_0/reg_slice_r/skid_buffer[27]_i_3_n_0
    SLICE_X40Y108        LUT6 (Prop_lut6_I5_O)        0.124     4.218 r  design_1_i/ps7_0_axi_periph/xbar/inst/gen_sasd.crossbar_sasd_0/reg_slice_r/skid_buffer[27]_i_2/O
                         net (fo=1, routed)           1.690     5.908    design_1_i/ps7_0_axi_periph/xbar/inst/gen_sasd.crossbar_sasd_0/reg_slice_r/skid_buffer[27]_i_2_n_0
    SLICE_X35Y102        LUT6 (Prop_lut6_I5_O)        0.124     6.032 r  design_1_i/ps7_0_axi_periph/xbar/inst/gen_sasd.crossbar_sasd_0/reg_slice_r/skid_buffer[27]_i_1/O
                         net (fo=2, routed)           1.607     7.639    design_1_i/ps7_0_axi_periph/xbar/inst/gen_sasd.crossbar_sasd_0/reg_slice_r/skid_buffer[27]_i_1_n_0
    SLICE_X33Y100        FDRE                                         r  design_1_i/ps7_0_axi_periph/xbar/inst/gen_sasd.crossbar_sasd_0/reg_slice_r/skid_buffer_reg[27]/D
  -------------------------------------------------------------------    -------------------

                         (clock clk_fpga_0 rise edge)
                                                     10.000    10.000 r  
    PS7_X0Y0             PS7                          0.000    10.000 r  design_1_i/processing_system7_0/inst/PS7_i/FCLKCLK[0]
                         net (fo=1, routed)           1.088    11.088    design_1_i/processing_system7_0/inst/FCLK_CLK_unbuffered[0]
    BUFGCTRL_X0Y16       BUFG (Prop_bufg_I_O)         0.091    11.179 r  design_1_i/processing_system7_0/inst/buffer_fclk_clk_0.FCLK_CLK_0_BUFG/O
                         net (fo=1540, routed)        1.654    12.833    design_1_i/ps7_0_axi_periph/xbar/inst/gen_sasd.crossbar_sasd_0/reg_slice_r/aclk
    SLICE_X33Y100        FDRE                                         r  design_1_i/ps7_0_axi_periph/xbar/inst/gen_sasd.crossbar_sasd_0/reg_slice_r/skid_buffer_reg[27]/C
                         clock pessimism              0.000    12.833    
                         clock uncertainty           -0.698    12.135    
    SLICE_X33Y100        FDRE (Setup_fdre_C_D)       -0.101    12.034    design_1_i/ps7_0_axi_periph/xbar/inst/gen_sasd.crossbar_sasd_0/reg_slice_r/skid_buffer_reg[27]
  -------------------------------------------------------------------
                         required time                         12.034    
                         arrival time                          -7.639    
  -------------------------------------------------------------------
                         slack                                  4.395    

Slack (MET) :             4.491ns  (required time - arrival time)
  Source:                 design_1_i/eFPGA_AXI_LM393_driv_0/U0/eFPGA_AXI_LM393_driver_slave_lite_v1_0_S00_AXI_inst/speedsensor_instance/result_reg[24]/C
                            (rising edge-triggered cell FDRE clocked by clk_out1_design_1_clk_wiz_0_0  {rise@0.000ns fall@100.000ns period=200.000ns})
  Destination:            design_1_i/ps7_0_axi_periph/xbar/inst/gen_sasd.crossbar_sasd_0/reg_slice_r/m_payload_i_reg[27]/D
                            (rising edge-triggered cell FDRE clocked by clk_fpga_0  {rise@0.000ns fall@5.000ns period=10.000ns})
  Path Group:             clk_fpga_0
  Path Type:              Setup (Max at Slow Process Corner)
  Requirement:            10.000ns  (clk_fpga_0 rise@10.000ns - clk_out1_design_1_clk_wiz_0_0 rise@0.000ns)
  Data Path Delay:        8.639ns  (logic 1.104ns (12.779%)  route 7.535ns (87.221%))
  Logic Levels:           5  (LUT3=1 LUT5=1 LUT6=3)
  Clock Path Skew:        3.754ns (DCD - SCD + CPR)
    Destination Clock Delay (DCD):    2.879ns = ( 12.879 - 10.000 ) 
    Source Clock Delay      (SCD):    -0.874ns
    Clock Pessimism Removal (CPR):    0.000ns
  Clock Uncertainty:      0.698ns  ((TSJ^2 + TIJ^2 + DJ^2)^1/2) / 2 + PE
    Total System Jitter     (TSJ):    0.071ns
    Total Input Jitter      (TIJ):    0.300ns
    Discrete Jitter          (DJ):    0.631ns
    Phase Error              (PE):    0.347ns
  Clock Domain Crossing:  Inter clock paths are considered valid unless explicitly excluded by timing constraints such as set_clock_groups or set_false_path.

    Location             Delay type                Incr(ns)  Path(ns)    Netlist Resource(s)
  -------------------------------------------------------------------    -------------------
                         (clock clk_out1_design_1_clk_wiz_0_0 rise edge)
                                                      0.000     0.000 r  
    H16                                               0.000     0.000 r  clk_in1_0 (IN)
                         net (fo=0)                   0.000     0.000    design_1_i/clk_wiz_0/inst/clk_in1
    H16                  IBUF (Prop_ibuf_I_O)         1.451     1.451 r  design_1_i/clk_wiz_0/inst/clkin1_ibufg/O
                         net (fo=1, routed)           1.285     2.736    design_1_i/clk_wiz_0/inst/clk_in1_design_1_clk_wiz_0_0
    MMCME2_ADV_X1Y2      MMCME2_ADV (Prop_mmcme2_adv_CLKIN1_CLKOUT0)
                                                     -7.759    -5.023 r  design_1_i/clk_wiz_0/inst/mmcm_adv_inst/CLKOUT0
                         net (fo=1, routed)           2.206    -2.817    design_1_i/clk_wiz_0/inst/clk_out1_design_1_clk_wiz_0_0
    BUFGCTRL_X0Y17       BUFG (Prop_bufg_I_O)         0.101    -2.716 r  design_1_i/clk_wiz_0/inst/clkout1_buf/O
                         net (fo=66, routed)          1.842    -0.874    design_1_i/eFPGA_AXI_LM393_driv_0/U0/eFPGA_AXI_LM393_driver_slave_lite_v1_0_S00_AXI_inst/speedsensor_instance/clk
    SLICE_X49Y104        FDRE                                         r  design_1_i/eFPGA_AXI_LM393_driv_0/U0/eFPGA_AXI_LM393_driver_slave_lite_v1_0_S00_AXI_inst/speedsensor_instance/result_reg[24]/C
  -------------------------------------------------------------------    -------------------
    SLICE_X49Y104        FDRE (Prop_fdre_C_Q)         0.456    -0.418 r  design_1_i/eFPGA_AXI_LM393_driv_0/U0/eFPGA_AXI_LM393_driver_slave_lite_v1_0_S00_AXI_inst/speedsensor_instance/result_reg[24]/Q
                         net (fo=1, routed)           1.862     1.443    design_1_i/eFPGA_AXI_LM393_driv_0/U0/eFPGA_AXI_LM393_driver_slave_lite_v1_0_S00_AXI_inst/result[24]
    SLICE_X45Y108        LUT6 (Prop_lut6_I1_O)        0.124     1.567 r  design_1_i/eFPGA_AXI_LM393_driv_0/U0/eFPGA_AXI_LM393_driver_slave_lite_v1_0_S00_AXI_inst/s00_axi_rdata[24]_INST_0/O
                         net (fo=1, routed)           1.226     2.794    design_1_i/ps7_0_axi_periph/xbar/inst/gen_sasd.crossbar_sasd_0/reg_slice_r/m_axi_rdata[88]
    SLICE_X45Y108        LUT5 (Prop_lut5_I4_O)        0.124     2.918 r  design_1_i/ps7_0_axi_periph/xbar/inst/gen_sasd.crossbar_sasd_0/reg_slice_r/skid_buffer[27]_i_3/O
                         net (fo=1, routed)           1.176     4.094    design_1_i/ps7_0_axi_periph/xbar/inst/gen_sasd.crossbar_sasd_0/reg_slice_r/skid_buffer[27]_i_3_n_0
    SLICE_X40Y108        LUT6 (Prop_lut6_I5_O)        0.124     4.218 r  design_1_i/ps7_0_axi_periph/xbar/inst/gen_sasd.crossbar_sasd_0/reg_slice_r/skid_buffer[27]_i_2/O
                         net (fo=1, routed)           1.690     5.908    design_1_i/ps7_0_axi_periph/xbar/inst/gen_sasd.crossbar_sasd_0/reg_slice_r/skid_buffer[27]_i_2_n_0
    SLICE_X35Y102        LUT6 (Prop_lut6_I5_O)        0.124     6.032 r  design_1_i/ps7_0_axi_periph/xbar/inst/gen_sasd.crossbar_sasd_0/reg_slice_r/skid_buffer[27]_i_1/O
                         net (fo=2, routed)           1.582     7.613    design_1_i/ps7_0_axi_periph/xbar/inst/gen_sasd.crossbar_sasd_0/reg_slice_r/skid_buffer[27]_i_1_n_0
    SLICE_X31Y100        LUT3 (Prop_lut3_I0_O)        0.152     7.765 r  design_1_i/ps7_0_axi_periph/xbar/inst/gen_sasd.crossbar_sasd_0/reg_slice_r/m_payload_i[27]_i_1/O
                         net (fo=1, routed)           0.000     7.765    design_1_i/ps7_0_axi_periph/xbar/inst/gen_sasd.crossbar_sasd_0/reg_slice_r/skid_buffer[27]
    SLICE_X31Y100        FDRE                                         r  design_1_i/ps7_0_axi_periph/xbar/inst/gen_sasd.crossbar_sasd_0/reg_slice_r/m_payload_i_reg[27]/D
  -------------------------------------------------------------------    -------------------

                         (clock clk_fpga_0 rise edge)
                                                     10.000    10.000 r  
    PS7_X0Y0             PS7                          0.000    10.000 r  design_1_i/processing_system7_0/inst/PS7_i/FCLKCLK[0]
                         net (fo=1, routed)           1.088    11.088    design_1_i/processing_system7_0/inst/FCLK_CLK_unbuffered[0]
    BUFGCTRL_X0Y16       BUFG (Prop_bufg_I_O)         0.091    11.179 r  design_1_i/processing_system7_0/inst/buffer_fclk_clk_0.FCLK_CLK_0_BUFG/O
                         net (fo=1540, routed)        1.700    12.879    design_1_i/ps7_0_axi_periph/xbar/inst/gen_sasd.crossbar_sasd_0/reg_slice_r/aclk
    SLICE_X31Y100        FDRE                                         r  design_1_i/ps7_0_axi_periph/xbar/inst/gen_sasd.crossbar_sasd_0/reg_slice_r/m_payload_i_reg[27]/C
                         clock pessimism              0.000    12.879    
                         clock uncertainty           -0.698    12.181    
    SLICE_X31Y100        FDRE (Setup_fdre_C_D)        0.075    12.256    design_1_i/ps7_0_axi_periph/xbar/inst/gen_sasd.crossbar_sasd_0/reg_slice_r/m_payload_i_reg[27]
  -------------------------------------------------------------------
                         required time                         12.256    
                         arrival time                          -7.765    
  -------------------------------------------------------------------
                         slack                                  4.491    

Slack (MET) :             4.514ns  (required time - arrival time)
  Source:                 design_1_i/eFPGA_AXI_LM393_driv_0/U0/eFPGA_AXI_LM393_driver_slave_lite_v1_0_S00_AXI_inst/speedsensor_instance/result_reg[5]/C
                            (rising edge-triggered cell FDRE clocked by clk_out1_design_1_clk_wiz_0_0  {rise@0.000ns fall@100.000ns period=200.000ns})
  Destination:            design_1_i/ps7_0_axi_periph/xbar/inst/gen_sasd.crossbar_sasd_0/reg_slice_r/m_payload_i_reg[8]/D
                            (rising edge-triggered cell FDRE clocked by clk_fpga_0  {rise@0.000ns fall@5.000ns period=10.000ns})
  Path Group:             clk_fpga_0
  Path Type:              Setup (Max at Slow Process Corner)
  Requirement:            10.000ns  (clk_fpga_0 rise@10.000ns - clk_out1_design_1_clk_wiz_0_0 rise@0.000ns)
  Data Path Delay:        8.553ns  (logic 1.138ns (13.305%)  route 7.415ns (86.695%))
  Logic Levels:           5  (LUT3=1 LUT5=1 LUT6=3)
  Clock Path Skew:        3.734ns (DCD - SCD + CPR)
    Destination Clock Delay (DCD):    2.657ns = ( 12.657 - 10.000 ) 
    Source Clock Delay      (SCD):    -1.077ns
    Clock Pessimism Removal (CPR):    0.000ns
  Clock Uncertainty:      0.698ns  ((TSJ^2 + TIJ^2 + DJ^2)^1/2) / 2 + PE
    Total System Jitter     (TSJ):    0.071ns
    Total Input Jitter      (TIJ):    0.300ns
    Discrete Jitter          (DJ):    0.631ns
    Phase Error              (PE):    0.347ns
  Clock Domain Crossing:  Inter clock paths are considered valid unless explicitly excluded by timing constraints such as set_clock_groups or set_false_path.

    Location             Delay type                Incr(ns)  Path(ns)    Netlist Resource(s)
  -------------------------------------------------------------------    -------------------
                         (clock clk_out1_design_1_clk_wiz_0_0 rise edge)
                                                      0.000     0.000 r  
    H16                                               0.000     0.000 r  clk_in1_0 (IN)
                         net (fo=0)                   0.000     0.000    design_1_i/clk_wiz_0/inst/clk_in1
    H16                  IBUF (Prop_ibuf_I_O)         1.451     1.451 r  design_1_i/clk_wiz_0/inst/clkin1_ibufg/O
                         net (fo=1, routed)           1.285     2.736    design_1_i/clk_wiz_0/inst/clk_in1_design_1_clk_wiz_0_0
    MMCME2_ADV_X1Y2      MMCME2_ADV (Prop_mmcme2_adv_CLKIN1_CLKOUT0)
                                                     -7.759    -5.023 r  design_1_i/clk_wiz_0/inst/mmcm_adv_inst/CLKOUT0
                         net (fo=1, routed)           2.206    -2.817    design_1_i/clk_wiz_0/inst/clk_out1_design_1_clk_wiz_0_0
    BUFGCTRL_X0Y17       BUFG (Prop_bufg_I_O)         0.101    -2.716 r  design_1_i/clk_wiz_0/inst/clkout1_buf/O
                         net (fo=66, routed)          1.639    -1.077    design_1_i/eFPGA_AXI_LM393_driv_0/U0/eFPGA_AXI_LM393_driver_slave_lite_v1_0_S00_AXI_inst/speedsensor_instance/clk
    SLICE_X50Y96         FDRE                                         r  design_1_i/eFPGA_AXI_LM393_driv_0/U0/eFPGA_AXI_LM393_driver_slave_lite_v1_0_S00_AXI_inst/speedsensor_instance/result_reg[5]/C
  -------------------------------------------------------------------    -------------------
    SLICE_X50Y96         FDRE (Prop_fdre_C_Q)         0.518    -0.559 r  design_1_i/eFPGA_AXI_LM393_driv_0/U0/eFPGA_AXI_LM393_driver_slave_lite_v1_0_S00_AXI_inst/speedsensor_instance/result_reg[5]/Q
                         net (fo=1, routed)           1.918     1.359    design_1_i/eFPGA_AXI_LM393_driv_0/U0/eFPGA_AXI_LM393_driver_slave_lite_v1_0_S00_AXI_inst/result[5]
    SLICE_X49Y93         LUT6 (Prop_lut6_I1_O)        0.124     1.483 r  design_1_i/eFPGA_AXI_LM393_driv_0/U0/eFPGA_AXI_LM393_driver_slave_lite_v1_0_S00_AXI_inst/s00_axi_rdata[5]_INST_0/O
                         net (fo=1, routed)           1.295     2.777    design_1_i/ps7_0_axi_periph/xbar/inst/gen_sasd.crossbar_sasd_0/reg_slice_r/m_axi_rdata[69]
    SLICE_X47Y92         LUT5 (Prop_lut5_I4_O)        0.124     2.901 r  design_1_i/ps7_0_axi_periph/xbar/inst/gen_sasd.crossbar_sasd_0/reg_slice_r/skid_buffer[8]_i_3/O
                         net (fo=1, routed)           1.191     4.092    design_1_i/ps7_0_axi_periph/xbar/inst/gen_sasd.crossbar_sasd_0/reg_slice_r/skid_buffer[8]_i_3_n_0
    SLICE_X43Y92         LUT6 (Prop_lut6_I5_O)        0.124     4.216 r  design_1_i/ps7_0_axi_periph/xbar/inst/gen_sasd.crossbar_sasd_0/reg_slice_r/skid_buffer[8]_i_2/O
                         net (fo=1, routed)           1.660     5.876    design_1_i/ps7_0_axi_periph/xbar/inst/gen_sasd.crossbar_sasd_0/reg_slice_r/skid_buffer[8]_i_2_n_0
    SLICE_X35Y92         LUT6 (Prop_lut6_I5_O)        0.124     6.000 r  design_1_i/ps7_0_axi_periph/xbar/inst/gen_sasd.crossbar_sasd_0/reg_slice_r/skid_buffer[8]_i_1/O
                         net (fo=2, routed)           1.352     7.352    design_1_i/ps7_0_axi_periph/xbar/inst/gen_sasd.crossbar_sasd_0/reg_slice_r/skid_buffer[8]_i_1_n_0
    SLICE_X35Y90         LUT3 (Prop_lut3_I0_O)        0.124     7.476 r  design_1_i/ps7_0_axi_periph/xbar/inst/gen_sasd.crossbar_sasd_0/reg_slice_r/m_payload_i[8]_i_1/O
                         net (fo=1, routed)           0.000     7.476    design_1_i/ps7_0_axi_periph/xbar/inst/gen_sasd.crossbar_sasd_0/reg_slice_r/skid_buffer[8]
    SLICE_X35Y90         FDRE                                         r  design_1_i/ps7_0_axi_periph/xbar/inst/gen_sasd.crossbar_sasd_0/reg_slice_r/m_payload_i_reg[8]/D
  -------------------------------------------------------------------    -------------------

                         (clock clk_fpga_0 rise edge)
                                                     10.000    10.000 r  
    PS7_X0Y0             PS7                          0.000    10.000 r  design_1_i/processing_system7_0/inst/PS7_i/FCLKCLK[0]
                         net (fo=1, routed)           1.088    11.088    design_1_i/processing_system7_0/inst/FCLK_CLK_unbuffered[0]
    BUFGCTRL_X0Y16       BUFG (Prop_bufg_I_O)         0.091    11.179 r  design_1_i/processing_system7_0/inst/buffer_fclk_clk_0.FCLK_CLK_0_BUFG/O
                         net (fo=1540, routed)        1.478    12.657    design_1_i/ps7_0_axi_periph/xbar/inst/gen_sasd.crossbar_sasd_0/reg_slice_r/aclk
    SLICE_X35Y90         FDRE                                         r  design_1_i/ps7_0_axi_periph/xbar/inst/gen_sasd.crossbar_sasd_0/reg_slice_r/m_payload_i_reg[8]/C
                         clock pessimism              0.000    12.657    
                         clock uncertainty           -0.698    11.959    
    SLICE_X35Y90         FDRE (Setup_fdre_C_D)        0.031    11.990    design_1_i/ps7_0_axi_periph/xbar/inst/gen_sasd.crossbar_sasd_0/reg_slice_r/m_payload_i_reg[8]
  -------------------------------------------------------------------
                         required time                         11.990    
                         arrival time                          -7.476    
  -------------------------------------------------------------------
                         slack                                  4.514    

Slack (MET) :             4.521ns  (required time - arrival time)
  Source:                 design_1_i/eFPGA_AXI_LM393_driv_0/U0/eFPGA_AXI_LM393_driver_slave_lite_v1_0_S00_AXI_inst/speedsensor_instance/result_reg[22]/C
                            (rising edge-triggered cell FDRE clocked by clk_out1_design_1_clk_wiz_0_0  {rise@0.000ns fall@100.000ns period=200.000ns})
  Destination:            design_1_i/ps7_0_axi_periph/xbar/inst/gen_sasd.crossbar_sasd_0/reg_slice_r/m_payload_i_reg[25]/D
                            (rising edge-triggered cell FDRE clocked by clk_fpga_0  {rise@0.000ns fall@5.000ns period=10.000ns})
  Path Group:             clk_fpga_0
  Path Type:              Setup (Max at Slow Process Corner)
  Requirement:            10.000ns  (clk_fpga_0 rise@10.000ns - clk_out1_design_1_clk_wiz_0_0 rise@0.000ns)
  Data Path Delay:        8.241ns  (logic 0.966ns (11.722%)  route 7.275ns (88.278%))
  Logic Levels:           3  (LUT5=1 LUT6=2)
  Clock Path Skew:        3.532ns (DCD - SCD + CPR)
    Destination Clock Delay (DCD):    2.659ns = ( 12.659 - 10.000 ) 
    Source Clock Delay      (SCD):    -0.873ns
    Clock Pessimism Removal (CPR):    0.000ns
  Clock Uncertainty:      0.698ns  ((TSJ^2 + TIJ^2 + DJ^2)^1/2) / 2 + PE
    Total System Jitter     (TSJ):    0.071ns
    Total Input Jitter      (TIJ):    0.300ns
    Discrete Jitter          (DJ):    0.631ns
    Phase Error              (PE):    0.347ns
  Clock Domain Crossing:  Inter clock paths are considered valid unless explicitly excluded by timing constraints such as set_clock_groups or set_false_path.

    Location             Delay type                Incr(ns)  Path(ns)    Netlist Resource(s)
  -------------------------------------------------------------------    -------------------
                         (clock clk_out1_design_1_clk_wiz_0_0 rise edge)
                                                      0.000     0.000 r  
    H16                                               0.000     0.000 r  clk_in1_0 (IN)
                         net (fo=0)                   0.000     0.000    design_1_i/clk_wiz_0/inst/clk_in1
    H16                  IBUF (Prop_ibuf_I_O)         1.451     1.451 r  design_1_i/clk_wiz_0/inst/clkin1_ibufg/O
                         net (fo=1, routed)           1.285     2.736    design_1_i/clk_wiz_0/inst/clk_in1_design_1_clk_wiz_0_0
    MMCME2_ADV_X1Y2      MMCME2_ADV (Prop_mmcme2_adv_CLKIN1_CLKOUT0)
                                                     -7.759    -5.023 r  design_1_i/clk_wiz_0/inst/mmcm_adv_inst/CLKOUT0
                         net (fo=1, routed)           2.206    -2.817    design_1_i/clk_wiz_0/inst/clk_out1_design_1_clk_wiz_0_0
    BUFGCTRL_X0Y17       BUFG (Prop_bufg_I_O)         0.101    -2.716 r  design_1_i/clk_wiz_0/inst/clkout1_buf/O
                         net (fo=66, routed)          1.843    -0.873    design_1_i/eFPGA_AXI_LM393_driv_0/U0/eFPGA_AXI_LM393_driver_slave_lite_v1_0_S00_AXI_inst/speedsensor_instance/clk
    SLICE_X49Y102        FDRE                                         r  design_1_i/eFPGA_AXI_LM393_driv_0/U0/eFPGA_AXI_LM393_driver_slave_lite_v1_0_S00_AXI_inst/speedsensor_instance/result_reg[22]/C
  -------------------------------------------------------------------    -------------------
    SLICE_X49Y102        FDRE (Prop_fdre_C_Q)         0.419    -0.454 r  design_1_i/eFPGA_AXI_LM393_driv_0/U0/eFPGA_AXI_LM393_driver_slave_lite_v1_0_S00_AXI_inst/speedsensor_instance/result_reg[22]/Q
                         net (fo=1, routed)           2.320     1.866    design_1_i/eFPGA_AXI_LM393_driv_0/U0/eFPGA_AXI_LM393_driver_slave_lite_v1_0_S00_AXI_inst/result[22]
    SLICE_X45Y104        LUT6 (Prop_lut6_I1_O)        0.299     2.165 r  design_1_i/eFPGA_AXI_LM393_driv_0/U0/eFPGA_AXI_LM393_driver_slave_lite_v1_0_S00_AXI_inst/s00_axi_rdata[22]_INST_0/O
                         net (fo=1, routed)           2.254     4.418    design_1_i/ps7_0_axi_periph/xbar/inst/gen_sasd.crossbar_sasd_0/reg_slice_r/m_axi_rdata[86]
    SLICE_X44Y104        LUT6 (Prop_lut6_I1_O)        0.124     4.542 f  design_1_i/ps7_0_axi_periph/xbar/inst/gen_sasd.crossbar_sasd_0/reg_slice_r/m_payload_i[25]_i_4/O
                         net (fo=1, routed)           1.907     6.449    design_1_i/ps7_0_axi_periph/xbar/inst/gen_sasd.crossbar_sasd_0/reg_slice_r/m_payload_i[25]_i_4_n_0
    SLICE_X37Y106        LUT5 (Prop_lut5_I4_O)        0.124     6.573 r  design_1_i/ps7_0_axi_periph/xbar/inst/gen_sasd.crossbar_sasd_0/reg_slice_r/m_payload_i[25]_i_1/O
                         net (fo=2, routed)           0.795     7.368    design_1_i/ps7_0_axi_periph/xbar/inst/gen_sasd.crossbar_sasd_0/reg_slice_r/skid_buffer[25]
    SLICE_X33Y99         FDRE                                         r  design_1_i/ps7_0_axi_periph/xbar/inst/gen_sasd.crossbar_sasd_0/reg_slice_r/m_payload_i_reg[25]/D
  -------------------------------------------------------------------    -------------------

                         (clock clk_fpga_0 rise edge)
                                                     10.000    10.000 r  
    PS7_X0Y0             PS7                          0.000    10.000 r  design_1_i/processing_system7_0/inst/PS7_i/FCLKCLK[0]
                         net (fo=1, routed)           1.088    11.088    design_1_i/processing_system7_0/inst/FCLK_CLK_unbuffered[0]
    BUFGCTRL_X0Y16       BUFG (Prop_bufg_I_O)         0.091    11.179 r  design_1_i/processing_system7_0/inst/buffer_fclk_clk_0.FCLK_CLK_0_BUFG/O
                         net (fo=1540, routed)        1.480    12.659    design_1_i/ps7_0_axi_periph/xbar/inst/gen_sasd.crossbar_sasd_0/reg_slice_r/aclk
    SLICE_X33Y99         FDRE                                         r  design_1_i/ps7_0_axi_periph/xbar/inst/gen_sasd.crossbar_sasd_0/reg_slice_r/m_payload_i_reg[25]/C
                         clock pessimism              0.000    12.659    
                         clock uncertainty           -0.698    11.961    
    SLICE_X33Y99         FDRE (Setup_fdre_C_D)       -0.072    11.889    design_1_i/ps7_0_axi_periph/xbar/inst/gen_sasd.crossbar_sasd_0/reg_slice_r/m_payload_i_reg[25]
  -------------------------------------------------------------------
                         required time                         11.889    
                         arrival time                          -7.368    
  -------------------------------------------------------------------
                         slack                                  4.521    

Slack (MET) :             4.572ns  (required time - arrival time)
  Source:                 design_1_i/eFPGA_AXI_LM393_driv_0/U0/eFPGA_AXI_LM393_driver_slave_lite_v1_0_S00_AXI_inst/speedsensor_instance/result_reg[19]/C
                            (rising edge-triggered cell FDRE clocked by clk_out1_design_1_clk_wiz_0_0  {rise@0.000ns fall@100.000ns period=200.000ns})
  Destination:            design_1_i/ps7_0_axi_periph/xbar/inst/gen_sasd.crossbar_sasd_0/reg_slice_r/skid_buffer_reg[22]/D
                            (rising edge-triggered cell FDRE clocked by clk_fpga_0  {rise@0.000ns fall@5.000ns period=10.000ns})
  Path Group:             clk_fpga_0
  Path Type:              Setup (Max at Slow Process Corner)
  Requirement:            10.000ns  (clk_fpga_0 rise@10.000ns - clk_out1_design_1_clk_wiz_0_0 rise@0.000ns)
  Data Path Delay:        8.450ns  (logic 0.952ns (11.266%)  route 7.498ns (88.734%))
  Logic Levels:           4  (LUT5=1 LUT6=3)
  Clock Path Skew:        3.752ns (DCD - SCD + CPR)
    Destination Clock Delay (DCD):    2.878ns = ( 12.878 - 10.000 ) 
    Source Clock Delay      (SCD):    -0.873ns
    Clock Pessimism Removal (CPR):    0.000ns
  Clock Uncertainty:      0.698ns  ((TSJ^2 + TIJ^2 + DJ^2)^1/2) / 2 + PE
    Total System Jitter     (TSJ):    0.071ns
    Total Input Jitter      (TIJ):    0.300ns
    Discrete Jitter          (DJ):    0.631ns
    Phase Error              (PE):    0.347ns
  Clock Domain Crossing:  Inter clock paths are considered valid unless explicitly excluded by timing constraints such as set_clock_groups or set_false_path.

    Location             Delay type                Incr(ns)  Path(ns)    Netlist Resource(s)
  -------------------------------------------------------------------    -------------------
                         (clock clk_out1_design_1_clk_wiz_0_0 rise edge)
                                                      0.000     0.000 r  
    H16                                               0.000     0.000 r  clk_in1_0 (IN)
                         net (fo=0)                   0.000     0.000    design_1_i/clk_wiz_0/inst/clk_in1
    H16                  IBUF (Prop_ibuf_I_O)         1.451     1.451 r  design_1_i/clk_wiz_0/inst/clkin1_ibufg/O
                         net (fo=1, routed)           1.285     2.736    design_1_i/clk_wiz_0/inst/clk_in1_design_1_clk_wiz_0_0
    MMCME2_ADV_X1Y2      MMCME2_ADV (Prop_mmcme2_adv_CLKIN1_CLKOUT0)
                                                     -7.759    -5.023 r  design_1_i/clk_wiz_0/inst/mmcm_adv_inst/CLKOUT0
                         net (fo=1, routed)           2.206    -2.817    design_1_i/clk_wiz_0/inst/clk_out1_design_1_clk_wiz_0_0
    BUFGCTRL_X0Y17       BUFG (Prop_bufg_I_O)         0.101    -2.716 r  design_1_i/clk_wiz_0/inst/clkout1_buf/O
                         net (fo=66, routed)          1.843    -0.873    design_1_i/eFPGA_AXI_LM393_driv_0/U0/eFPGA_AXI_LM393_driver_slave_lite_v1_0_S00_AXI_inst/speedsensor_instance/clk
    SLICE_X49Y102        FDRE                                         r  design_1_i/eFPGA_AXI_LM393_driv_0/U0/eFPGA_AXI_LM393_driver_slave_lite_v1_0_S00_AXI_inst/speedsensor_instance/result_reg[19]/C
  -------------------------------------------------------------------    -------------------
    SLICE_X49Y102        FDRE (Prop_fdre_C_Q)         0.456    -0.417 r  design_1_i/eFPGA_AXI_LM393_driv_0/U0/eFPGA_AXI_LM393_driver_slave_lite_v1_0_S00_AXI_inst/speedsensor_instance/result_reg[19]/Q
                         net (fo=1, routed)           1.450     1.033    design_1_i/eFPGA_AXI_LM393_driv_0/U0/eFPGA_AXI_LM393_driver_slave_lite_v1_0_S00_AXI_inst/result[19]
    SLICE_X46Y103        LUT6 (Prop_lut6_I1_O)        0.124     1.157 r  design_1_i/eFPGA_AXI_LM393_driv_0/U0/eFPGA_AXI_LM393_driver_slave_lite_v1_0_S00_AXI_inst/s00_axi_rdata[19]_INST_0/O
                         net (fo=1, routed)           1.394     2.551    design_1_i/ps7_0_axi_periph/xbar/inst/gen_sasd.crossbar_sasd_0/reg_slice_r/m_axi_rdata[83]
    SLICE_X44Y103        LUT5 (Prop_lut5_I4_O)        0.124     2.675 r  design_1_i/ps7_0_axi_periph/xbar/inst/gen_sasd.crossbar_sasd_0/reg_slice_r/skid_buffer[22]_i_3/O
                         net (fo=1, routed)           1.307     3.982    design_1_i/ps7_0_axi_periph/xbar/inst/gen_sasd.crossbar_sasd_0/reg_slice_r/skid_buffer[22]_i_3_n_0
    SLICE_X40Y103        LUT6 (Prop_lut6_I5_O)        0.124     4.106 r  design_1_i/ps7_0_axi_periph/xbar/inst/gen_sasd.crossbar_sasd_0/reg_slice_r/skid_buffer[22]_i_2/O
                         net (fo=1, routed)           1.562     5.667    design_1_i/ps7_0_axi_periph/xbar/inst/gen_sasd.crossbar_sasd_0/reg_slice_r/skid_buffer[22]_i_2_n_0
    SLICE_X33Y103        LUT6 (Prop_lut6_I5_O)        0.124     5.791 r  design_1_i/ps7_0_axi_periph/xbar/inst/gen_sasd.crossbar_sasd_0/reg_slice_r/skid_buffer[22]_i_1/O
                         net (fo=2, routed)           1.786     7.577    design_1_i/ps7_0_axi_periph/xbar/inst/gen_sasd.crossbar_sasd_0/reg_slice_r/skid_buffer[22]_i_1_n_0
    SLICE_X30Y103        FDRE                                         r  design_1_i/ps7_0_axi_periph/xbar/inst/gen_sasd.crossbar_sasd_0/reg_slice_r/skid_buffer_reg[22]/D
  -------------------------------------------------------------------    -------------------

                         (clock clk_fpga_0 rise edge)
                                                     10.000    10.000 r  
    PS7_X0Y0             PS7                          0.000    10.000 r  design_1_i/processing_system7_0/inst/PS7_i/FCLKCLK[0]
                         net (fo=1, routed)           1.088    11.088    design_1_i/processing_system7_0/inst/FCLK_CLK_unbuffered[0]
    BUFGCTRL_X0Y16       BUFG (Prop_bufg_I_O)         0.091    11.179 r  design_1_i/processing_system7_0/inst/buffer_fclk_clk_0.FCLK_CLK_0_BUFG/O
                         net (fo=1540, routed)        1.699    12.878    design_1_i/ps7_0_axi_periph/xbar/inst/gen_sasd.crossbar_sasd_0/reg_slice_r/aclk
    SLICE_X30Y103        FDRE                                         r  design_1_i/ps7_0_axi_periph/xbar/inst/gen_sasd.crossbar_sasd_0/reg_slice_r/skid_buffer_reg[22]/C
                         clock pessimism              0.000    12.878    
                         clock uncertainty           -0.698    12.180    
    SLICE_X30Y103        FDRE (Setup_fdre_C_D)       -0.031    12.149    design_1_i/ps7_0_axi_periph/xbar/inst/gen_sasd.crossbar_sasd_0/reg_slice_r/skid_buffer_reg[22]
  -------------------------------------------------------------------
                         required time                         12.149    
                         arrival time                          -7.577    
  -------------------------------------------------------------------
                         slack                                  4.572    

Slack (MET) :             4.584ns  (required time - arrival time)
  Source:                 design_1_i/eFPGA_AXI_LM393_driv_0/U0/eFPGA_AXI_LM393_driver_slave_lite_v1_0_S00_AXI_inst/speedsensor_instance/result_reg[5]/C
                            (rising edge-triggered cell FDRE clocked by clk_out1_design_1_clk_wiz_0_0  {rise@0.000ns fall@100.000ns period=200.000ns})
  Destination:            design_1_i/ps7_0_axi_periph/xbar/inst/gen_sasd.crossbar_sasd_0/reg_slice_r/skid_buffer_reg[8]/D
                            (rising edge-triggered cell FDRE clocked by clk_fpga_0  {rise@0.000ns fall@5.000ns period=10.000ns})
  Path Group:             clk_fpga_0
  Path Type:              Setup (Max at Slow Process Corner)
  Requirement:            10.000ns  (clk_fpga_0 rise@10.000ns - clk_out1_design_1_clk_wiz_0_0 rise@0.000ns)
  Data Path Delay:        8.439ns  (logic 1.014ns (12.015%)  route 7.425ns (87.985%))
  Logic Levels:           4  (LUT5=1 LUT6=3)
  Clock Path Skew:        3.734ns (DCD - SCD + CPR)
    Destination Clock Delay (DCD):    2.657ns = ( 12.657 - 10.000 ) 
    Source Clock Delay      (SCD):    -1.077ns
    Clock Pessimism Removal (CPR):    0.000ns
  Clock Uncertainty:      0.698ns  ((TSJ^2 + TIJ^2 + DJ^2)^1/2) / 2 + PE
    Total System Jitter     (TSJ):    0.071ns
    Total Input Jitter      (TIJ):    0.300ns
    Discrete Jitter          (DJ):    0.631ns
    Phase Error              (PE):    0.347ns
  Clock Domain Crossing:  Inter clock paths are considered valid unless explicitly excluded by timing constraints such as set_clock_groups or set_false_path.

    Location             Delay type                Incr(ns)  Path(ns)    Netlist Resource(s)
  -------------------------------------------------------------------    -------------------
                         (clock clk_out1_design_1_clk_wiz_0_0 rise edge)
                                                      0.000     0.000 r  
    H16                                               0.000     0.000 r  clk_in1_0 (IN)
                         net (fo=0)                   0.000     0.000    design_1_i/clk_wiz_0/inst/clk_in1
    H16                  IBUF (Prop_ibuf_I_O)         1.451     1.451 r  design_1_i/clk_wiz_0/inst/clkin1_ibufg/O
                         net (fo=1, routed)           1.285     2.736    design_1_i/clk_wiz_0/inst/clk_in1_design_1_clk_wiz_0_0
    MMCME2_ADV_X1Y2      MMCME2_ADV (Prop_mmcme2_adv_CLKIN1_CLKOUT0)
                                                     -7.759    -5.023 r  design_1_i/clk_wiz_0/inst/mmcm_adv_inst/CLKOUT0
                         net (fo=1, routed)           2.206    -2.817    design_1_i/clk_wiz_0/inst/clk_out1_design_1_clk_wiz_0_0
    BUFGCTRL_X0Y17       BUFG (Prop_bufg_I_O)         0.101    -2.716 r  design_1_i/clk_wiz_0/inst/clkout1_buf/O
                         net (fo=66, routed)          1.639    -1.077    design_1_i/eFPGA_AXI_LM393_driv_0/U0/eFPGA_AXI_LM393_driver_slave_lite_v1_0_S00_AXI_inst/speedsensor_instance/clk
    SLICE_X50Y96         FDRE                                         r  design_1_i/eFPGA_AXI_LM393_driv_0/U0/eFPGA_AXI_LM393_driver_slave_lite_v1_0_S00_AXI_inst/speedsensor_instance/result_reg[5]/C
  -------------------------------------------------------------------    -------------------
    SLICE_X50Y96         FDRE (Prop_fdre_C_Q)         0.518    -0.559 r  design_1_i/eFPGA_AXI_LM393_driv_0/U0/eFPGA_AXI_LM393_driver_slave_lite_v1_0_S00_AXI_inst/speedsensor_instance/result_reg[5]/Q
                         net (fo=1, routed)           1.918     1.359    design_1_i/eFPGA_AXI_LM393_driv_0/U0/eFPGA_AXI_LM393_driver_slave_lite_v1_0_S00_AXI_inst/result[5]
    SLICE_X49Y93         LUT6 (Prop_lut6_I1_O)        0.124     1.483 r  design_1_i/eFPGA_AXI_LM393_driv_0/U0/eFPGA_AXI_LM393_driver_slave_lite_v1_0_S00_AXI_inst/s00_axi_rdata[5]_INST_0/O
                         net (fo=1, routed)           1.295     2.777    design_1_i/ps7_0_axi_periph/xbar/inst/gen_sasd.crossbar_sasd_0/reg_slice_r/m_axi_rdata[69]
    SLICE_X47Y92         LUT5 (Prop_lut5_I4_O)        0.124     2.901 r  design_1_i/ps7_0_axi_periph/xbar/inst/gen_sasd.crossbar_sasd_0/reg_slice_r/skid_buffer[8]_i_3/O
                         net (fo=1, routed)           1.191     4.092    design_1_i/ps7_0_axi_periph/xbar/inst/gen_sasd.crossbar_sasd_0/reg_slice_r/skid_buffer[8]_i_3_n_0
    SLICE_X43Y92         LUT6 (Prop_lut6_I5_O)        0.124     4.216 r  design_1_i/ps7_0_axi_periph/xbar/inst/gen_sasd.crossbar_sasd_0/reg_slice_r/skid_buffer[8]_i_2/O
                         net (fo=1, routed)           1.660     5.876    design_1_i/ps7_0_axi_periph/xbar/inst/gen_sasd.crossbar_sasd_0/reg_slice_r/skid_buffer[8]_i_2_n_0
    SLICE_X35Y92         LUT6 (Prop_lut6_I5_O)        0.124     6.000 r  design_1_i/ps7_0_axi_periph/xbar/inst/gen_sasd.crossbar_sasd_0/reg_slice_r/skid_buffer[8]_i_1/O
                         net (fo=2, routed)           1.362     7.362    design_1_i/ps7_0_axi_periph/xbar/inst/gen_sasd.crossbar_sasd_0/reg_slice_r/skid_buffer[8]_i_1_n_0
    SLICE_X34Y89         FDRE                                         r  design_1_i/ps7_0_axi_periph/xbar/inst/gen_sasd.crossbar_sasd_0/reg_slice_r/skid_buffer_reg[8]/D
  -------------------------------------------------------------------    -------------------

                         (clock clk_fpga_0 rise edge)
                                                     10.000    10.000 r  
    PS7_X0Y0             PS7                          0.000    10.000 r  design_1_i/processing_system7_0/inst/PS7_i/FCLKCLK[0]
                         net (fo=1, routed)           1.088    11.088    design_1_i/processing_system7_0/inst/FCLK_CLK_unbuffered[0]
    BUFGCTRL_X0Y16       BUFG (Prop_bufg_I_O)         0.091    11.179 r  design_1_i/processing_system7_0/inst/buffer_fclk_clk_0.FCLK_CLK_0_BUFG/O
                         net (fo=1540, routed)        1.478    12.657    design_1_i/ps7_0_axi_periph/xbar/inst/gen_sasd.crossbar_sasd_0/reg_slice_r/aclk
    SLICE_X34Y89         FDRE                                         r  design_1_i/ps7_0_axi_periph/xbar/inst/gen_sasd.crossbar_sasd_0/reg_slice_r/skid_buffer_reg[8]/C
                         clock pessimism              0.000    12.657    
                         clock uncertainty           -0.698    11.959    
    SLICE_X34Y89         FDRE (Setup_fdre_C_D)       -0.013    11.946    design_1_i/ps7_0_axi_periph/xbar/inst/gen_sasd.crossbar_sasd_0/reg_slice_r/skid_buffer_reg[8]
  -------------------------------------------------------------------
                         required time                         11.946    
                         arrival time                          -7.362    
  -------------------------------------------------------------------
                         slack                                  4.584    





Min Delay Paths
--------------------------------------------------------------------------------------
Slack (MET) :             0.163ns  (arrival time - required time)
  Source:                 design_1_i/eFPGA_AXI_LM393_driv_0/U0/eFPGA_AXI_LM393_driver_slave_lite_v1_0_S00_AXI_inst/speedsensor_instance/result_reg[26]/C
                            (rising edge-triggered cell FDRE clocked by clk_out1_design_1_clk_wiz_0_0  {rise@0.000ns fall@100.000ns period=200.000ns})
  Destination:            design_1_i/ps7_0_axi_periph/xbar/inst/gen_sasd.crossbar_sasd_0/reg_slice_r/skid_buffer_reg[29]/D
                            (rising edge-triggered cell FDRE clocked by clk_fpga_0  {rise@0.000ns fall@5.000ns period=10.000ns})
  Path Group:             clk_fpga_0
  Path Type:              Hold (Min at Fast Process Corner)
  Requirement:            0.000ns  (clk_fpga_0 rise@0.000ns - clk_out1_design_1_clk_wiz_0_0 rise@0.000ns)
  Data Path Delay:        2.823ns  (logic 0.276ns (9.776%)  route 2.547ns (90.224%))
  Logic Levels:           3  (LUT5=1 LUT6=2)
  Clock Path Skew:        1.871ns (DCD - SCD - CPR)
    Destination Clock Delay (DCD):    1.277ns
    Source Clock Delay      (SCD):    -0.594ns
    Clock Pessimism Removal (CPR):    -0.000ns
  Clock Uncertainty:      0.698ns  ((TSJ^2 + TIJ^2 + DJ^2)^1/2) / 2 + PE
    Total System Jitter     (TSJ):    0.071ns
    Total Input Jitter      (TIJ):    0.300ns
    Discrete Jitter          (DJ):    0.631ns
    Phase Error              (PE):    0.347ns
  Clock Domain Crossing:  Inter clock paths are considered valid unless explicitly excluded by timing constraints such as set_clock_groups or set_false_path.

    Location             Delay type                Incr(ns)  Path(ns)    Netlist Resource(s)
  -------------------------------------------------------------------    -------------------
                         (clock clk_out1_design_1_clk_wiz_0_0 rise edge)
                                                      0.000     0.000 r  
    H16                                               0.000     0.000 r  clk_in1_0 (IN)
                         net (fo=0)                   0.000     0.000    design_1_i/clk_wiz_0/inst/clk_in1
    H16                  IBUF (Prop_ibuf_I_O)         0.219     0.219 r  design_1_i/clk_wiz_0/inst/clkin1_ibufg/O
                         net (fo=1, routed)           0.440     0.659    design_1_i/clk_wiz_0/inst/clk_in1_design_1_clk_wiz_0_0
    MMCME2_ADV_X1Y2      MMCME2_ADV (Prop_mmcme2_adv_CLKIN1_CLKOUT0)
                                                     -2.613    -1.954 r  design_1_i/clk_wiz_0/inst/mmcm_adv_inst/CLKOUT0
                         net (fo=1, routed)           0.696    -1.257    design_1_i/clk_wiz_0/inst/clk_out1_design_1_clk_wiz_0_0
    BUFGCTRL_X0Y17       BUFG (Prop_bufg_I_O)         0.026    -1.231 r  design_1_i/clk_wiz_0/inst/clkout1_buf/O
                         net (fo=66, routed)          0.637    -0.594    design_1_i/eFPGA_AXI_LM393_driv_0/U0/eFPGA_AXI_LM393_driver_slave_lite_v1_0_S00_AXI_inst/speedsensor_instance/clk
    SLICE_X48Y104        FDRE                                         r  design_1_i/eFPGA_AXI_LM393_driv_0/U0/eFPGA_AXI_LM393_driver_slave_lite_v1_0_S00_AXI_inst/speedsensor_instance/result_reg[26]/C
  -------------------------------------------------------------------    -------------------
    SLICE_X48Y104        FDRE (Prop_fdre_C_Q)         0.141    -0.453 r  design_1_i/eFPGA_AXI_LM393_driv_0/U0/eFPGA_AXI_LM393_driver_slave_lite_v1_0_S00_AXI_inst/speedsensor_instance/result_reg[26]/Q
                         net (fo=1, routed)           0.909     0.456    design_1_i/eFPGA_AXI_LM393_driv_0/U0/eFPGA_AXI_LM393_driver_slave_lite_v1_0_S00_AXI_inst/result[26]
    SLICE_X44Y106        LUT6 (Prop_lut6_I1_O)        0.045     0.501 r  design_1_i/eFPGA_AXI_LM393_driv_0/U0/eFPGA_AXI_LM393_driver_slave_lite_v1_0_S00_AXI_inst/s00_axi_rdata[26]_INST_0/O
                         net (fo=1, routed)           0.790     1.291    design_1_i/ps7_0_axi_periph/xbar/inst/gen_sasd.crossbar_sasd_0/reg_slice_r/m_axi_rdata[90]
    SLICE_X44Y106        LUT6 (Prop_lut6_I1_O)        0.045     1.336 f  design_1_i/ps7_0_axi_periph/xbar/inst/gen_sasd.crossbar_sasd_0/reg_slice_r/m_payload_i[29]_i_4/O
                         net (fo=1, routed)           0.848     2.184    design_1_i/ps7_0_axi_periph/xbar/inst/gen_sasd.crossbar_sasd_0/reg_slice_r/m_payload_i[29]_i_4_n_0
    SLICE_X35Y106        LUT5 (Prop_lut5_I4_O)        0.045     2.229 r  design_1_i/ps7_0_axi_periph/xbar/inst/gen_sasd.crossbar_sasd_0/reg_slice_r/m_payload_i[29]_i_1/O
                         net (fo=2, routed)           0.000     2.229    design_1_i/ps7_0_axi_periph/xbar/inst/gen_sasd.crossbar_sasd_0/reg_slice_r/skid_buffer[29]
    SLICE_X35Y106        FDRE                                         r  design_1_i/ps7_0_axi_periph/xbar/inst/gen_sasd.crossbar_sasd_0/reg_slice_r/skid_buffer_reg[29]/D
  -------------------------------------------------------------------    -------------------

                         (clock clk_fpga_0 rise edge)
                                                      0.000     0.000 r  
    PS7_X0Y0             PS7                          0.000     0.000 r  design_1_i/processing_system7_0/inst/PS7_i/FCLKCLK[0]
                         net (fo=1, routed)           0.337     0.337    design_1_i/processing_system7_0/inst/FCLK_CLK_unbuffered[0]
    BUFGCTRL_X0Y16       BUFG (Prop_bufg_I_O)         0.029     0.366 r  design_1_i/processing_system7_0/inst/buffer_fclk_clk_0.FCLK_CLK_0_BUFG/O
                         net (fo=1540, routed)        0.911     1.277    design_1_i/ps7_0_axi_periph/xbar/inst/gen_sasd.crossbar_sasd_0/reg_slice_r/aclk
    SLICE_X35Y106        FDRE                                         r  design_1_i/ps7_0_axi_periph/xbar/inst/gen_sasd.crossbar_sasd_0/reg_slice_r/skid_buffer_reg[29]/C
                         clock pessimism              0.000     1.277    
                         clock uncertainty            0.698     1.975    
    SLICE_X35Y106        FDRE (Hold_fdre_C_D)         0.091     2.066    design_1_i/ps7_0_axi_periph/xbar/inst/gen_sasd.crossbar_sasd_0/reg_slice_r/skid_buffer_reg[29]
  -------------------------------------------------------------------
                         required time                         -2.066    
                         arrival time                           2.229    
  -------------------------------------------------------------------
                         slack                                  0.163    

Slack (MET) :             0.256ns  (arrival time - required time)
  Source:                 design_1_i/eFPGA_AXI_LM393_driv_0/U0/eFPGA_AXI_LM393_driver_slave_lite_v1_0_S00_AXI_inst/speedsensor_instance/result_reg[3]/C
                            (rising edge-triggered cell FDRE clocked by clk_out1_design_1_clk_wiz_0_0  {rise@0.000ns fall@100.000ns period=200.000ns})
  Destination:            design_1_i/ps7_0_axi_periph/xbar/inst/gen_sasd.crossbar_sasd_0/reg_slice_r/skid_buffer_reg[6]/D
                            (rising edge-triggered cell FDRE clocked by clk_fpga_0  {rise@0.000ns fall@5.000ns period=10.000ns})
  Path Group:             clk_fpga_0
  Path Type:              Hold (Min at Fast Process Corner)
  Requirement:            0.000ns  (clk_fpga_0 rise@0.000ns - clk_out1_design_1_clk_wiz_0_0 rise@0.000ns)
  Data Path Delay:        2.915ns  (logic 0.276ns (9.470%)  route 2.639ns (90.530%))
  Logic Levels:           3  (LUT5=1 LUT6=2)
  Clock Path Skew:        1.868ns (DCD - SCD - CPR)
    Destination Clock Delay (DCD):    1.189ns
    Source Clock Delay      (SCD):    -0.679ns
    Clock Pessimism Removal (CPR):    -0.000ns
  Clock Uncertainty:      0.698ns  ((TSJ^2 + TIJ^2 + DJ^2)^1/2) / 2 + PE
    Total System Jitter     (TSJ):    0.071ns
    Total Input Jitter      (TIJ):    0.300ns
    Discrete Jitter          (DJ):    0.631ns
    Phase Error              (PE):    0.347ns
  Clock Domain Crossing:  Inter clock paths are considered valid unless explicitly excluded by timing constraints such as set_clock_groups or set_false_path.

    Location             Delay type                Incr(ns)  Path(ns)    Netlist Resource(s)
  -------------------------------------------------------------------    -------------------
                         (clock clk_out1_design_1_clk_wiz_0_0 rise edge)
                                                      0.000     0.000 r  
    H16                                               0.000     0.000 r  clk_in1_0 (IN)
                         net (fo=0)                   0.000     0.000    design_1_i/clk_wiz_0/inst/clk_in1
    H16                  IBUF (Prop_ibuf_I_O)         0.219     0.219 r  design_1_i/clk_wiz_0/inst/clkin1_ibufg/O
                         net (fo=1, routed)           0.440     0.659    design_1_i/clk_wiz_0/inst/clk_in1_design_1_clk_wiz_0_0
    MMCME2_ADV_X1Y2      MMCME2_ADV (Prop_mmcme2_adv_CLKIN1_CLKOUT0)
                                                     -2.613    -1.954 r  design_1_i/clk_wiz_0/inst/mmcm_adv_inst/CLKOUT0
                         net (fo=1, routed)           0.696    -1.257    design_1_i/clk_wiz_0/inst/clk_out1_design_1_clk_wiz_0_0
    BUFGCTRL_X0Y17       BUFG (Prop_bufg_I_O)         0.026    -1.231 r  design_1_i/clk_wiz_0/inst/clkout1_buf/O
                         net (fo=66, routed)          0.552    -0.679    design_1_i/eFPGA_AXI_LM393_driv_0/U0/eFPGA_AXI_LM393_driver_slave_lite_v1_0_S00_AXI_inst/speedsensor_instance/clk
    SLICE_X51Y96         FDRE                                         r  design_1_i/eFPGA_AXI_LM393_driv_0/U0/eFPGA_AXI_LM393_driver_slave_lite_v1_0_S00_AXI_inst/speedsensor_instance/result_reg[3]/C
  -------------------------------------------------------------------    -------------------
    SLICE_X51Y96         FDRE (Prop_fdre_C_Q)         0.141    -0.538 r  design_1_i/eFPGA_AXI_LM393_driv_0/U0/eFPGA_AXI_LM393_driver_slave_lite_v1_0_S00_AXI_inst/speedsensor_instance/result_reg[3]/Q
                         net (fo=1, routed)           0.978     0.440    design_1_i/eFPGA_AXI_LM393_driv_0/U0/eFPGA_AXI_LM393_driver_slave_lite_v1_0_S00_AXI_inst/result[3]
    SLICE_X50Y95         LUT6 (Prop_lut6_I1_O)        0.045     0.485 r  design_1_i/eFPGA_AXI_LM393_driv_0/U0/eFPGA_AXI_LM393_driver_slave_lite_v1_0_S00_AXI_inst/s00_axi_rdata[3]_INST_0/O
                         net (fo=1, routed)           0.879     1.364    design_1_i/ps7_0_axi_periph/xbar/inst/gen_sasd.crossbar_sasd_0/reg_slice_r/m_axi_rdata[67]
    SLICE_X43Y91         LUT6 (Prop_lut6_I1_O)        0.045     1.409 f  design_1_i/ps7_0_axi_periph/xbar/inst/gen_sasd.crossbar_sasd_0/reg_slice_r/m_payload_i[6]_i_4/O
                         net (fo=1, routed)           0.781     2.190    design_1_i/ps7_0_axi_periph/xbar/inst/gen_sasd.crossbar_sasd_0/reg_slice_r/m_payload_i[6]_i_4_n_0
    SLICE_X43Y90         LUT5 (Prop_lut5_I4_O)        0.045     2.235 r  design_1_i/ps7_0_axi_periph/xbar/inst/gen_sasd.crossbar_sasd_0/reg_slice_r/m_payload_i[6]_i_1/O
                         net (fo=2, routed)           0.000     2.235    design_1_i/ps7_0_axi_periph/xbar/inst/gen_sasd.crossbar_sasd_0/reg_slice_r/skid_buffer[6]
    SLICE_X43Y90         FDRE                                         r  design_1_i/ps7_0_axi_periph/xbar/inst/gen_sasd.crossbar_sasd_0/reg_slice_r/skid_buffer_reg[6]/D
  -------------------------------------------------------------------    -------------------

                         (clock clk_fpga_0 rise edge)
                                                      0.000     0.000 r  
    PS7_X0Y0             PS7                          0.000     0.000 r  design_1_i/processing_system7_0/inst/PS7_i/FCLKCLK[0]
                         net (fo=1, routed)           0.337     0.337    design_1_i/processing_system7_0/inst/FCLK_CLK_unbuffered[0]
    BUFGCTRL_X0Y16       BUFG (Prop_bufg_I_O)         0.029     0.366 r  design_1_i/processing_system7_0/inst/buffer_fclk_clk_0.FCLK_CLK_0_BUFG/O
                         net (fo=1540, routed)        0.823     1.189    design_1_i/ps7_0_axi_periph/xbar/inst/gen_sasd.crossbar_sasd_0/reg_slice_r/aclk
    SLICE_X43Y90         FDRE                                         r  design_1_i/ps7_0_axi_periph/xbar/inst/gen_sasd.crossbar_sasd_0/reg_slice_r/skid_buffer_reg[6]/C
                         clock pessimism              0.000     1.189    
                         clock uncertainty            0.698     1.887    
    SLICE_X43Y90         FDRE (Hold_fdre_C_D)         0.092     1.979    design_1_i/ps7_0_axi_periph/xbar/inst/gen_sasd.crossbar_sasd_0/reg_slice_r/skid_buffer_reg[6]
  -------------------------------------------------------------------
                         required time                         -1.979    
                         arrival time                           2.235    
  -------------------------------------------------------------------
                         slack                                  0.256    

Slack (MET) :             0.280ns  (arrival time - required time)
  Source:                 design_1_i/eFPGA_AXI_LM393_driv_0/U0/eFPGA_AXI_LM393_driver_slave_lite_v1_0_S00_AXI_inst/speedsensor_instance/result_reg[2]/C
                            (rising edge-triggered cell FDRE clocked by clk_out1_design_1_clk_wiz_0_0  {rise@0.000ns fall@100.000ns period=200.000ns})
  Destination:            design_1_i/ps7_0_axi_periph/xbar/inst/gen_sasd.crossbar_sasd_0/reg_slice_r/skid_buffer_reg[5]/D
                            (rising edge-triggered cell FDRE clocked by clk_fpga_0  {rise@0.000ns fall@5.000ns period=10.000ns})
  Path Group:             clk_fpga_0
  Path Type:              Hold (Min at Fast Process Corner)
  Requirement:            0.000ns  (clk_fpga_0 rise@0.000ns - clk_out1_design_1_clk_wiz_0_0 rise@0.000ns)
  Data Path Delay:        2.936ns  (logic 0.299ns (10.183%)  route 2.637ns (89.817%))
  Logic Levels:           3  (LUT5=1 LUT6=2)
  Clock Path Skew:        1.867ns (DCD - SCD - CPR)
    Destination Clock Delay (DCD):    1.189ns
    Source Clock Delay      (SCD):    -0.678ns
    Clock Pessimism Removal (CPR):    -0.000ns
  Clock Uncertainty:      0.698ns  ((TSJ^2 + TIJ^2 + DJ^2)^1/2) / 2 + PE
    Total System Jitter     (TSJ):    0.071ns
    Total Input Jitter      (TIJ):    0.300ns
    Discrete Jitter          (DJ):    0.631ns
    Phase Error              (PE):    0.347ns
  Clock Domain Crossing:  Inter clock paths are considered valid unless explicitly excluded by timing constraints such as set_clock_groups or set_false_path.

    Location             Delay type                Incr(ns)  Path(ns)    Netlist Resource(s)
  -------------------------------------------------------------------    -------------------
                         (clock clk_out1_design_1_clk_wiz_0_0 rise edge)
                                                      0.000     0.000 r  
    H16                                               0.000     0.000 r  clk_in1_0 (IN)
                         net (fo=0)                   0.000     0.000    design_1_i/clk_wiz_0/inst/clk_in1
    H16                  IBUF (Prop_ibuf_I_O)         0.219     0.219 r  design_1_i/clk_wiz_0/inst/clkin1_ibufg/O
                         net (fo=1, routed)           0.440     0.659    design_1_i/clk_wiz_0/inst/clk_in1_design_1_clk_wiz_0_0
    MMCME2_ADV_X1Y2      MMCME2_ADV (Prop_mmcme2_adv_CLKIN1_CLKOUT0)
                                                     -2.613    -1.954 r  design_1_i/clk_wiz_0/inst/mmcm_adv_inst/CLKOUT0
                         net (fo=1, routed)           0.696    -1.257    design_1_i/clk_wiz_0/inst/clk_out1_design_1_clk_wiz_0_0
    BUFGCTRL_X0Y17       BUFG (Prop_bufg_I_O)         0.026    -1.231 r  design_1_i/clk_wiz_0/inst/clkout1_buf/O
                         net (fo=66, routed)          0.553    -0.678    design_1_i/eFPGA_AXI_LM393_driv_0/U0/eFPGA_AXI_LM393_driver_slave_lite_v1_0_S00_AXI_inst/speedsensor_instance/clk
    SLICE_X50Y97         FDRE                                         r  design_1_i/eFPGA_AXI_LM393_driv_0/U0/eFPGA_AXI_LM393_driver_slave_lite_v1_0_S00_AXI_inst/speedsensor_instance/result_reg[2]/C
  -------------------------------------------------------------------    -------------------
    SLICE_X50Y97         FDRE (Prop_fdre_C_Q)         0.164    -0.514 r  design_1_i/eFPGA_AXI_LM393_driv_0/U0/eFPGA_AXI_LM393_driver_slave_lite_v1_0_S00_AXI_inst/speedsensor_instance/result_reg[2]/Q
                         net (fo=1, routed)           0.923     0.409    design_1_i/eFPGA_AXI_LM393_driv_0/U0/eFPGA_AXI_LM393_driver_slave_lite_v1_0_S00_AXI_inst/result[2]
    SLICE_X49Y94         LUT6 (Prop_lut6_I1_O)        0.045     0.454 r  design_1_i/eFPGA_AXI_LM393_driv_0/U0/eFPGA_AXI_LM393_driver_slave_lite_v1_0_S00_AXI_inst/s00_axi_rdata[2]_INST_0/O
                         net (fo=1, routed)           0.946     1.400    design_1_i/ps7_0_axi_periph/xbar/inst/gen_sasd.crossbar_sasd_0/reg_slice_r/m_axi_rdata[66]
    SLICE_X46Y90         LUT6 (Prop_lut6_I1_O)        0.045     1.445 f  design_1_i/ps7_0_axi_periph/xbar/inst/gen_sasd.crossbar_sasd_0/reg_slice_r/m_payload_i[5]_i_4/O
                         net (fo=1, routed)           0.768     2.213    design_1_i/ps7_0_axi_periph/xbar/inst/gen_sasd.crossbar_sasd_0/reg_slice_r/m_payload_i[5]_i_4_n_0
    SLICE_X43Y90         LUT5 (Prop_lut5_I4_O)        0.045     2.258 r  design_1_i/ps7_0_axi_periph/xbar/inst/gen_sasd.crossbar_sasd_0/reg_slice_r/m_payload_i[5]_i_1/O
                         net (fo=2, routed)           0.000     2.258    design_1_i/ps7_0_axi_periph/xbar/inst/gen_sasd.crossbar_sasd_0/reg_slice_r/skid_buffer[5]
    SLICE_X43Y90         FDRE                                         r  design_1_i/ps7_0_axi_periph/xbar/inst/gen_sasd.crossbar_sasd_0/reg_slice_r/skid_buffer_reg[5]/D
  -------------------------------------------------------------------    -------------------

                         (clock clk_fpga_0 rise edge)
                                                      0.000     0.000 r  
    PS7_X0Y0             PS7                          0.000     0.000 r  design_1_i/processing_system7_0/inst/PS7_i/FCLKCLK[0]
                         net (fo=1, routed)           0.337     0.337    design_1_i/processing_system7_0/inst/FCLK_CLK_unbuffered[0]
    BUFGCTRL_X0Y16       BUFG (Prop_bufg_I_O)         0.029     0.366 r  design_1_i/processing_system7_0/inst/buffer_fclk_clk_0.FCLK_CLK_0_BUFG/O
                         net (fo=1540, routed)        0.823     1.189    design_1_i/ps7_0_axi_periph/xbar/inst/gen_sasd.crossbar_sasd_0/reg_slice_r/aclk
    SLICE_X43Y90         FDRE                                         r  design_1_i/ps7_0_axi_periph/xbar/inst/gen_sasd.crossbar_sasd_0/reg_slice_r/skid_buffer_reg[5]/C
                         clock pessimism              0.000     1.189    
                         clock uncertainty            0.698     1.887    
    SLICE_X43Y90         FDRE (Hold_fdre_C_D)         0.091     1.978    design_1_i/ps7_0_axi_periph/xbar/inst/gen_sasd.crossbar_sasd_0/reg_slice_r/skid_buffer_reg[5]
  -------------------------------------------------------------------
                         required time                         -1.978    
                         arrival time                           2.258    
  -------------------------------------------------------------------
                         slack                                  0.280    

Slack (MET) :             0.321ns  (arrival time - required time)
  Source:                 design_1_i/eFPGA_AXI_LM393_driv_0/U0/eFPGA_AXI_LM393_driver_slave_lite_v1_0_S00_AXI_inst/speedsensor_instance/result_reg[22]/C
                            (rising edge-triggered cell FDRE clocked by clk_out1_design_1_clk_wiz_0_0  {rise@0.000ns fall@100.000ns period=200.000ns})
  Destination:            design_1_i/ps7_0_axi_periph/xbar/inst/gen_sasd.crossbar_sasd_0/reg_slice_r/skid_buffer_reg[25]/D
                            (rising edge-triggered cell FDRE clocked by clk_fpga_0  {rise@0.000ns fall@5.000ns period=10.000ns})
  Path Group:             clk_fpga_0
  Path Type:              Hold (Min at Fast Process Corner)
  Requirement:            0.000ns  (clk_fpga_0 rise@0.000ns - clk_out1_design_1_clk_wiz_0_0 rise@0.000ns)
  Data Path Delay:        2.979ns  (logic 0.317ns (10.640%)  route 2.662ns (89.360%))
  Logic Levels:           3  (LUT5=1 LUT6=2)
  Clock Path Skew:        1.869ns (DCD - SCD - CPR)
    Destination Clock Delay (DCD):    1.276ns
    Source Clock Delay      (SCD):    -0.593ns
    Clock Pessimism Removal (CPR):    -0.000ns
  Clock Uncertainty:      0.698ns  ((TSJ^2 + TIJ^2 + DJ^2)^1/2) / 2 + PE
    Total System Jitter     (TSJ):    0.071ns
    Total Input Jitter      (TIJ):    0.300ns
    Discrete Jitter          (DJ):    0.631ns
    Phase Error              (PE):    0.347ns
  Clock Domain Crossing:  Inter clock paths are considered valid unless explicitly excluded by timing constraints such as set_clock_groups or set_false_path.

    Location             Delay type                Incr(ns)  Path(ns)    Netlist Resource(s)
  -------------------------------------------------------------------    -------------------
                         (clock clk_out1_design_1_clk_wiz_0_0 rise edge)
                                                      0.000     0.000 r  
    H16                                               0.000     0.000 r  clk_in1_0 (IN)
                         net (fo=0)                   0.000     0.000    design_1_i/clk_wiz_0/inst/clk_in1
    H16                  IBUF (Prop_ibuf_I_O)         0.219     0.219 r  design_1_i/clk_wiz_0/inst/clkin1_ibufg/O
                         net (fo=1, routed)           0.440     0.659    design_1_i/clk_wiz_0/inst/clk_in1_design_1_clk_wiz_0_0
    MMCME2_ADV_X1Y2      MMCME2_ADV (Prop_mmcme2_adv_CLKIN1_CLKOUT0)
                                                     -2.613    -1.954 r  design_1_i/clk_wiz_0/inst/mmcm_adv_inst/CLKOUT0
                         net (fo=1, routed)           0.696    -1.257    design_1_i/clk_wiz_0/inst/clk_out1_design_1_clk_wiz_0_0
    BUFGCTRL_X0Y17       BUFG (Prop_bufg_I_O)         0.026    -1.231 r  design_1_i/clk_wiz_0/inst/clkout1_buf/O
                         net (fo=66, routed)          0.638    -0.593    design_1_i/eFPGA_AXI_LM393_driv_0/U0/eFPGA_AXI_LM393_driver_slave_lite_v1_0_S00_AXI_inst/speedsensor_instance/clk
    SLICE_X49Y102        FDRE                                         r  design_1_i/eFPGA_AXI_LM393_driv_0/U0/eFPGA_AXI_LM393_driver_slave_lite_v1_0_S00_AXI_inst/speedsensor_instance/result_reg[22]/C
  -------------------------------------------------------------------    -------------------
    SLICE_X49Y102        FDRE (Prop_fdre_C_Q)         0.128    -0.465 r  design_1_i/eFPGA_AXI_LM393_driv_0/U0/eFPGA_AXI_LM393_driver_slave_lite_v1_0_S00_AXI_inst/speedsensor_instance/result_reg[22]/Q
                         net (fo=1, routed)           1.005     0.540    design_1_i/eFPGA_AXI_LM393_driv_0/U0/eFPGA_AXI_LM393_driver_slave_lite_v1_0_S00_AXI_inst/result[22]
    SLICE_X45Y104        LUT6 (Prop_lut6_I1_O)        0.099     0.639 r  design_1_i/eFPGA_AXI_LM393_driv_0/U0/eFPGA_AXI_LM393_driver_slave_lite_v1_0_S00_AXI_inst/s00_axi_rdata[22]_INST_0/O
                         net (fo=1, routed)           0.834     1.473    design_1_i/ps7_0_axi_periph/xbar/inst/gen_sasd.crossbar_sasd_0/reg_slice_r/m_axi_rdata[86]
    SLICE_X44Y104        LUT6 (Prop_lut6_I1_O)        0.045     1.518 f  design_1_i/ps7_0_axi_periph/xbar/inst/gen_sasd.crossbar_sasd_0/reg_slice_r/m_payload_i[25]_i_4/O
                         net (fo=1, routed)           0.824     2.341    design_1_i/ps7_0_axi_periph/xbar/inst/gen_sasd.crossbar_sasd_0/reg_slice_r/m_payload_i[25]_i_4_n_0
    SLICE_X37Y106        LUT5 (Prop_lut5_I4_O)        0.045     2.386 r  design_1_i/ps7_0_axi_periph/xbar/inst/gen_sasd.crossbar_sasd_0/reg_slice_r/m_payload_i[25]_i_1/O
                         net (fo=2, routed)           0.000     2.386    design_1_i/ps7_0_axi_periph/xbar/inst/gen_sasd.crossbar_sasd_0/reg_slice_r/skid_buffer[25]
    SLICE_X37Y106        FDRE                                         r  design_1_i/ps7_0_axi_periph/xbar/inst/gen_sasd.crossbar_sasd_0/reg_slice_r/skid_buffer_reg[25]/D
  -------------------------------------------------------------------    -------------------

                         (clock clk_fpga_0 rise edge)
                                                      0.000     0.000 r  
    PS7_X0Y0             PS7                          0.000     0.000 r  design_1_i/processing_system7_0/inst/PS7_i/FCLKCLK[0]
                         net (fo=1, routed)           0.337     0.337    design_1_i/processing_system7_0/inst/FCLK_CLK_unbuffered[0]
    BUFGCTRL_X0Y16       BUFG (Prop_bufg_I_O)         0.029     0.366 r  design_1_i/processing_system7_0/inst/buffer_fclk_clk_0.FCLK_CLK_0_BUFG/O
                         net (fo=1540, routed)        0.910     1.276    design_1_i/ps7_0_axi_periph/xbar/inst/gen_sasd.crossbar_sasd_0/reg_slice_r/aclk
    SLICE_X37Y106        FDRE                                         r  design_1_i/ps7_0_axi_periph/xbar/inst/gen_sasd.crossbar_sasd_0/reg_slice_r/skid_buffer_reg[25]/C
                         clock pessimism              0.000     1.276    
                         clock uncertainty            0.698     1.974    
    SLICE_X37Y106        FDRE (Hold_fdre_C_D)         0.091     2.065    design_1_i/ps7_0_axi_periph/xbar/inst/gen_sasd.crossbar_sasd_0/reg_slice_r/skid_buffer_reg[25]
  -------------------------------------------------------------------
                         required time                         -2.065    
                         arrival time                           2.386    
  -------------------------------------------------------------------
                         slack                                  0.321    

Slack (MET) :             0.324ns  (arrival time - required time)
  Source:                 design_1_i/eFPGA_AXI_LM393_driv_0/U0/eFPGA_AXI_LM393_driver_slave_lite_v1_0_S00_AXI_inst/speedsensor_instance/result_reg[10]/C
                            (rising edge-triggered cell FDRE clocked by clk_out1_design_1_clk_wiz_0_0  {rise@0.000ns fall@100.000ns period=200.000ns})
  Destination:            design_1_i/ps7_0_axi_periph/xbar/inst/gen_sasd.crossbar_sasd_0/reg_slice_r/skid_buffer_reg[13]/D
                            (rising edge-triggered cell FDRE clocked by clk_fpga_0  {rise@0.000ns fall@5.000ns period=10.000ns})
  Path Group:             clk_fpga_0
  Path Type:              Hold (Min at Fast Process Corner)
  Requirement:            0.000ns  (clk_fpga_0 rise@0.000ns - clk_out1_design_1_clk_wiz_0_0 rise@0.000ns)
  Data Path Delay:        2.982ns  (logic 0.299ns (10.028%)  route 2.683ns (89.972%))
  Logic Levels:           3  (LUT5=1 LUT6=2)
  Clock Path Skew:        1.868ns (DCD - SCD - CPR)
    Destination Clock Delay (DCD):    1.190ns
    Source Clock Delay      (SCD):    -0.678ns
    Clock Pessimism Removal (CPR):    -0.000ns
  Clock Uncertainty:      0.698ns  ((TSJ^2 + TIJ^2 + DJ^2)^1/2) / 2 + PE
    Total System Jitter     (TSJ):    0.071ns
    Total Input Jitter      (TIJ):    0.300ns
    Discrete Jitter          (DJ):    0.631ns
    Phase Error              (PE):    0.347ns
  Clock Domain Crossing:  Inter clock paths are considered valid unless explicitly excluded by timing constraints such as set_clock_groups or set_false_path.

    Location             Delay type                Incr(ns)  Path(ns)    Netlist Resource(s)
  -------------------------------------------------------------------    -------------------
                         (clock clk_out1_design_1_clk_wiz_0_0 rise edge)
                                                      0.000     0.000 r  
    H16                                               0.000     0.000 r  clk_in1_0 (IN)
                         net (fo=0)                   0.000     0.000    design_1_i/clk_wiz_0/inst/clk_in1
    H16                  IBUF (Prop_ibuf_I_O)         0.219     0.219 r  design_1_i/clk_wiz_0/inst/clkin1_ibufg/O
                         net (fo=1, routed)           0.440     0.659    design_1_i/clk_wiz_0/inst/clk_in1_design_1_clk_wiz_0_0
    MMCME2_ADV_X1Y2      MMCME2_ADV (Prop_mmcme2_adv_CLKIN1_CLKOUT0)
                                                     -2.613    -1.954 r  design_1_i/clk_wiz_0/inst/mmcm_adv_inst/CLKOUT0
                         net (fo=1, routed)           0.696    -1.257    design_1_i/clk_wiz_0/inst/clk_out1_design_1_clk_wiz_0_0
    BUFGCTRL_X0Y17       BUFG (Prop_bufg_I_O)         0.026    -1.231 r  design_1_i/clk_wiz_0/inst/clkout1_buf/O
                         net (fo=66, routed)          0.553    -0.678    design_1_i/eFPGA_AXI_LM393_driv_0/U0/eFPGA_AXI_LM393_driver_slave_lite_v1_0_S00_AXI_inst/speedsensor_instance/clk
    SLICE_X50Y98         FDRE                                         r  design_1_i/eFPGA_AXI_LM393_driv_0/U0/eFPGA_AXI_LM393_driver_slave_lite_v1_0_S00_AXI_inst/speedsensor_instance/result_reg[10]/C
  -------------------------------------------------------------------    -------------------
    SLICE_X50Y98         FDRE (Prop_fdre_C_Q)         0.164    -0.514 r  design_1_i/eFPGA_AXI_LM393_driv_0/U0/eFPGA_AXI_LM393_driver_slave_lite_v1_0_S00_AXI_inst/speedsensor_instance/result_reg[10]/Q
                         net (fo=1, routed)           0.949     0.435    design_1_i/eFPGA_AXI_LM393_driv_0/U0/eFPGA_AXI_LM393_driver_slave_lite_v1_0_S00_AXI_inst/result[10]
    SLICE_X49Y98         LUT6 (Prop_lut6_I1_O)        0.045     0.480 r  design_1_i/eFPGA_AXI_LM393_driv_0/U0/eFPGA_AXI_LM393_driver_slave_lite_v1_0_S00_AXI_inst/s00_axi_rdata[10]_INST_0/O
                         net (fo=1, routed)           0.880     1.359    design_1_i/ps7_0_axi_periph/xbar/inst/gen_sasd.crossbar_sasd_0/reg_slice_r/m_axi_rdata[74]
    SLICE_X43Y94         LUT6 (Prop_lut6_I1_O)        0.045     1.404 f  design_1_i/ps7_0_axi_periph/xbar/inst/gen_sasd.crossbar_sasd_0/reg_slice_r/m_payload_i[13]_i_4/O
                         net (fo=1, routed)           0.854     2.258    design_1_i/ps7_0_axi_periph/xbar/inst/gen_sasd.crossbar_sasd_0/reg_slice_r/m_payload_i[13]_i_4_n_0
    SLICE_X40Y95         LUT5 (Prop_lut5_I4_O)        0.045     2.303 r  design_1_i/ps7_0_axi_periph/xbar/inst/gen_sasd.crossbar_sasd_0/reg_slice_r/m_payload_i[13]_i_1/O
                         net (fo=2, routed)           0.000     2.303    design_1_i/ps7_0_axi_periph/xbar/inst/gen_sasd.crossbar_sasd_0/reg_slice_r/skid_buffer[13]
    SLICE_X40Y95         FDRE                                         r  design_1_i/ps7_0_axi_periph/xbar/inst/gen_sasd.crossbar_sasd_0/reg_slice_r/skid_buffer_reg[13]/D
  -------------------------------------------------------------------    -------------------

                         (clock clk_fpga_0 rise edge)
                                                      0.000     0.000 r  
    PS7_X0Y0             PS7                          0.000     0.000 r  design_1_i/processing_system7_0/inst/PS7_i/FCLKCLK[0]
                         net (fo=1, routed)           0.337     0.337    design_1_i/processing_system7_0/inst/FCLK_CLK_unbuffered[0]
    BUFGCTRL_X0Y16       BUFG (Prop_bufg_I_O)         0.029     0.366 r  design_1_i/processing_system7_0/inst/buffer_fclk_clk_0.FCLK_CLK_0_BUFG/O
                         net (fo=1540, routed)        0.824     1.190    design_1_i/ps7_0_axi_periph/xbar/inst/gen_sasd.crossbar_sasd_0/reg_slice_r/aclk
    SLICE_X40Y95         FDRE                                         r  design_1_i/ps7_0_axi_periph/xbar/inst/gen_sasd.crossbar_sasd_0/reg_slice_r/skid_buffer_reg[13]/C
                         clock pessimism              0.000     1.190    
                         clock uncertainty            0.698     1.888    
    SLICE_X40Y95         FDRE (Hold_fdre_C_D)         0.091     1.979    design_1_i/ps7_0_axi_periph/xbar/inst/gen_sasd.crossbar_sasd_0/reg_slice_r/skid_buffer_reg[13]
  -------------------------------------------------------------------
                         required time                         -1.979    
                         arrival time                           2.303    
  -------------------------------------------------------------------
                         slack                                  0.324    

Slack (MET) :             0.395ns  (arrival time - required time)
  Source:                 design_1_i/eFPGA_AXI_LM393_driv_0/U0/eFPGA_AXI_LM393_driver_slave_lite_v1_0_S00_AXI_inst/speedsensor_instance/result_reg[9]/C
                            (rising edge-triggered cell FDRE clocked by clk_out1_design_1_clk_wiz_0_0  {rise@0.000ns fall@100.000ns period=200.000ns})
  Destination:            design_1_i/ps7_0_axi_periph/xbar/inst/gen_sasd.crossbar_sasd_0/reg_slice_r/m_payload_i_reg[12]/D
                            (rising edge-triggered cell FDRE clocked by clk_fpga_0  {rise@0.000ns fall@5.000ns period=10.000ns})
  Path Group:             clk_fpga_0
  Path Type:              Hold (Min at Fast Process Corner)
  Requirement:            0.000ns  (clk_fpga_0 rise@0.000ns - clk_out1_design_1_clk_wiz_0_0 rise@0.000ns)
  Data Path Delay:        3.008ns  (logic 0.299ns (9.940%)  route 2.709ns (90.060%))
  Logic Levels:           3  (LUT5=1 LUT6=2)
  Clock Path Skew:        1.868ns (DCD - SCD - CPR)
    Destination Clock Delay (DCD):    1.189ns
    Source Clock Delay      (SCD):    -0.679ns
    Clock Pessimism Removal (CPR):    -0.000ns
  Clock Uncertainty:      0.698ns  ((TSJ^2 + TIJ^2 + DJ^2)^1/2) / 2 + PE
    Total System Jitter     (TSJ):    0.071ns
    Total Input Jitter      (TIJ):    0.300ns
    Discrete Jitter          (DJ):    0.631ns
    Phase Error              (PE):    0.347ns
  Clock Domain Crossing:  Inter clock paths are considered valid unless explicitly excluded by timing constraints such as set_clock_groups or set_false_path.

    Location             Delay type                Incr(ns)  Path(ns)    Netlist Resource(s)
  -------------------------------------------------------------------    -------------------
                         (clock clk_out1_design_1_clk_wiz_0_0 rise edge)
                                                      0.000     0.000 r  
    H16                                               0.000     0.000 r  clk_in1_0 (IN)
                         net (fo=0)                   0.000     0.000    design_1_i/clk_wiz_0/inst/clk_in1
    H16                  IBUF (Prop_ibuf_I_O)         0.219     0.219 r  design_1_i/clk_wiz_0/inst/clkin1_ibufg/O
                         net (fo=1, routed)           0.440     0.659    design_1_i/clk_wiz_0/inst/clk_in1_design_1_clk_wiz_0_0
    MMCME2_ADV_X1Y2      MMCME2_ADV (Prop_mmcme2_adv_CLKIN1_CLKOUT0)
                                                     -2.613    -1.954 r  design_1_i/clk_wiz_0/inst/mmcm_adv_inst/CLKOUT0
                         net (fo=1, routed)           0.696    -1.257    design_1_i/clk_wiz_0/inst/clk_out1_design_1_clk_wiz_0_0
    BUFGCTRL_X0Y17       BUFG (Prop_bufg_I_O)         0.026    -1.231 r  design_1_i/clk_wiz_0/inst/clkout1_buf/O
                         net (fo=66, routed)          0.552    -0.679    design_1_i/eFPGA_AXI_LM393_driv_0/U0/eFPGA_AXI_LM393_driver_slave_lite_v1_0_S00_AXI_inst/speedsensor_instance/clk
    SLICE_X50Y96         FDRE                                         r  design_1_i/eFPGA_AXI_LM393_driv_0/U0/eFPGA_AXI_LM393_driver_slave_lite_v1_0_S00_AXI_inst/speedsensor_instance/result_reg[9]/C
  -------------------------------------------------------------------    -------------------
    SLICE_X50Y96         FDRE (Prop_fdre_C_Q)         0.164    -0.515 r  design_1_i/eFPGA_AXI_LM393_driv_0/U0/eFPGA_AXI_LM393_driver_slave_lite_v1_0_S00_AXI_inst/speedsensor_instance/result_reg[9]/Q
                         net (fo=1, routed)           0.352    -0.163    design_1_i/eFPGA_AXI_LM393_driv_0/U0/eFPGA_AXI_LM393_driver_slave_lite_v1_0_S00_AXI_inst/result[9]
    SLICE_X44Y95         LUT6 (Prop_lut6_I1_O)        0.045    -0.118 r  design_1_i/eFPGA_AXI_LM393_driv_0/U0/eFPGA_AXI_LM393_driver_slave_lite_v1_0_S00_AXI_inst/s00_axi_rdata[9]_INST_0/O
                         net (fo=1, routed)           0.332     0.214    design_1_i/ps7_0_axi_periph/xbar/inst/gen_sasd.crossbar_sasd_0/reg_slice_r/m_axi_rdata[73]
    SLICE_X40Y92         LUT6 (Prop_lut6_I1_O)        0.045     0.259 f  design_1_i/ps7_0_axi_periph/xbar/inst/gen_sasd.crossbar_sasd_0/reg_slice_r/m_payload_i[12]_i_4/O
                         net (fo=1, routed)           0.097     0.356    design_1_i/ps7_0_axi_periph/xbar/inst/gen_sasd.crossbar_sasd_0/reg_slice_r/m_payload_i[12]_i_4_n_0
    SLICE_X40Y92         LUT5 (Prop_lut5_I4_O)        0.045     0.401 r  design_1_i/ps7_0_axi_periph/xbar/inst/gen_sasd.crossbar_sasd_0/reg_slice_r/m_payload_i[12]_i_1/O
                         net (fo=2, routed)           1.928     2.329    design_1_i/ps7_0_axi_periph/xbar/inst/gen_sasd.crossbar_sasd_0/reg_slice_r/skid_buffer[12]
    SLICE_X33Y89         FDRE                                         r  design_1_i/ps7_0_axi_periph/xbar/inst/gen_sasd.crossbar_sasd_0/reg_slice_r/m_payload_i_reg[12]/D
  -------------------------------------------------------------------    -------------------

                         (clock clk_fpga_0 rise edge)
                                                      0.000     0.000 r  
    PS7_X0Y0             PS7                          0.000     0.000 r  design_1_i/processing_system7_0/inst/PS7_i/FCLKCLK[0]
                         net (fo=1, routed)           0.337     0.337    design_1_i/processing_system7_0/inst/FCLK_CLK_unbuffered[0]
    BUFGCTRL_X0Y16       BUFG (Prop_bufg_I_O)         0.029     0.366 r  design_1_i/processing_system7_0/inst/buffer_fclk_clk_0.FCLK_CLK_0_BUFG/O
                         net (fo=1540, routed)        0.823     1.189    design_1_i/ps7_0_axi_periph/xbar/inst/gen_sasd.crossbar_sasd_0/reg_slice_r/aclk
    SLICE_X33Y89         FDRE                                         r  design_1_i/ps7_0_axi_periph/xbar/inst/gen_sasd.crossbar_sasd_0/reg_slice_r/m_payload_i_reg[12]/C
                         clock pessimism              0.000     1.189    
                         clock uncertainty            0.698     1.887    
    SLICE_X33Y89         FDRE (Hold_fdre_C_D)         0.047     1.934    design_1_i/ps7_0_axi_periph/xbar/inst/gen_sasd.crossbar_sasd_0/reg_slice_r/m_payload_i_reg[12]
  -------------------------------------------------------------------
                         required time                         -1.934    
                         arrival time                           2.329    
  -------------------------------------------------------------------
                         slack                                  0.395    

Slack (MET) :             0.413ns  (arrival time - required time)
  Source:                 design_1_i/eFPGA_AXI_LM393_driv_0/U0/eFPGA_AXI_LM393_driver_slave_lite_v1_0_S00_AXI_inst/speedsensor_instance/result_reg[12]/C
                            (rising edge-triggered cell FDRE clocked by clk_out1_design_1_clk_wiz_0_0  {rise@0.000ns fall@100.000ns period=200.000ns})
  Destination:            design_1_i/ps7_0_axi_periph/xbar/inst/gen_sasd.crossbar_sasd_0/reg_slice_r/skid_buffer_reg[15]/D
                            (rising edge-triggered cell FDRE clocked by clk_fpga_0  {rise@0.000ns fall@5.000ns period=10.000ns})
  Path Group:             clk_fpga_0
  Path Type:              Hold (Min at Fast Process Corner)
  Requirement:            0.000ns  (clk_fpga_0 rise@0.000ns - clk_out1_design_1_clk_wiz_0_0 rise@0.000ns)
  Data Path Delay:        3.048ns  (logic 0.276ns (9.056%)  route 2.772ns (90.944%))
  Logic Levels:           3  (LUT5=1 LUT6=2)
  Clock Path Skew:        1.866ns (DCD - SCD - CPR)
    Destination Clock Delay (DCD):    1.190ns
    Source Clock Delay      (SCD):    -0.676ns
    Clock Pessimism Removal (CPR):    -0.000ns
  Clock Uncertainty:      0.698ns  ((TSJ^2 + TIJ^2 + DJ^2)^1/2) / 2 + PE
    Total System Jitter     (TSJ):    0.071ns
    Total Input Jitter      (TIJ):    0.300ns
    Discrete Jitter          (DJ):    0.631ns
    Phase Error              (PE):    0.347ns
  Clock Domain Crossing:  Inter clock paths are considered valid unless explicitly excluded by timing constraints such as set_clock_groups or set_false_path.

    Location             Delay type                Incr(ns)  Path(ns)    Netlist Resource(s)
  -------------------------------------------------------------------    -------------------
                         (clock clk_out1_design_1_clk_wiz_0_0 rise edge)
                                                      0.000     0.000 r  
    H16                                               0.000     0.000 r  clk_in1_0 (IN)
                         net (fo=0)                   0.000     0.000    design_1_i/clk_wiz_0/inst/clk_in1
    H16                  IBUF (Prop_ibuf_I_O)         0.219     0.219 r  design_1_i/clk_wiz_0/inst/clkin1_ibufg/O
                         net (fo=1, routed)           0.440     0.659    design_1_i/clk_wiz_0/inst/clk_in1_design_1_clk_wiz_0_0
    MMCME2_ADV_X1Y2      MMCME2_ADV (Prop_mmcme2_adv_CLKIN1_CLKOUT0)
                                                     -2.613    -1.954 r  design_1_i/clk_wiz_0/inst/mmcm_adv_inst/CLKOUT0
                         net (fo=1, routed)           0.696    -1.257    design_1_i/clk_wiz_0/inst/clk_out1_design_1_clk_wiz_0_0
    BUFGCTRL_X0Y17       BUFG (Prop_bufg_I_O)         0.026    -1.231 r  design_1_i/clk_wiz_0/inst/clkout1_buf/O
                         net (fo=66, routed)          0.555    -0.676    design_1_i/eFPGA_AXI_LM393_driv_0/U0/eFPGA_AXI_LM393_driver_slave_lite_v1_0_S00_AXI_inst/speedsensor_instance/clk
    SLICE_X49Y96         FDRE                                         r  design_1_i/eFPGA_AXI_LM393_driv_0/U0/eFPGA_AXI_LM393_driver_slave_lite_v1_0_S00_AXI_inst/speedsensor_instance/result_reg[12]/C
  -------------------------------------------------------------------    -------------------
    SLICE_X49Y96         FDRE (Prop_fdre_C_Q)         0.141    -0.535 r  design_1_i/eFPGA_AXI_LM393_driv_0/U0/eFPGA_AXI_LM393_driver_slave_lite_v1_0_S00_AXI_inst/speedsensor_instance/result_reg[12]/Q
                         net (fo=1, routed)           0.274    -0.261    design_1_i/eFPGA_AXI_LM393_driv_0/U0/eFPGA_AXI_LM393_driver_slave_lite_v1_0_S00_AXI_inst/result[12]
    SLICE_X48Y96         LUT6 (Prop_lut6_I1_O)        0.045    -0.216 r  design_1_i/eFPGA_AXI_LM393_driv_0/U0/eFPGA_AXI_LM393_driver_slave_lite_v1_0_S00_AXI_inst/s00_axi_rdata[12]_INST_0/O
                         net (fo=1, routed)           0.228     0.012    design_1_i/ps7_0_axi_periph/xbar/inst/gen_sasd.crossbar_sasd_0/reg_slice_r/m_axi_rdata[76]
    SLICE_X43Y95         LUT6 (Prop_lut6_I1_O)        0.045     0.057 f  design_1_i/ps7_0_axi_periph/xbar/inst/gen_sasd.crossbar_sasd_0/reg_slice_r/m_payload_i[15]_i_4/O
                         net (fo=1, routed)           0.219     0.276    design_1_i/ps7_0_axi_periph/xbar/inst/gen_sasd.crossbar_sasd_0/reg_slice_r/m_payload_i[15]_i_4_n_0
    SLICE_X42Y95         LUT5 (Prop_lut5_I4_O)        0.045     0.321 r  design_1_i/ps7_0_axi_periph/xbar/inst/gen_sasd.crossbar_sasd_0/reg_slice_r/m_payload_i[15]_i_1/O
                         net (fo=2, routed)           2.051     2.371    design_1_i/ps7_0_axi_periph/xbar/inst/gen_sasd.crossbar_sasd_0/reg_slice_r/skid_buffer[15]
    SLICE_X40Y95         FDRE                                         r  design_1_i/ps7_0_axi_periph/xbar/inst/gen_sasd.crossbar_sasd_0/reg_slice_r/skid_buffer_reg[15]/D
  -------------------------------------------------------------------    -------------------

                         (clock clk_fpga_0 rise edge)
                                                      0.000     0.000 r  
    PS7_X0Y0             PS7                          0.000     0.000 r  design_1_i/processing_system7_0/inst/PS7_i/FCLKCLK[0]
                         net (fo=1, routed)           0.337     0.337    design_1_i/processing_system7_0/inst/FCLK_CLK_unbuffered[0]
    BUFGCTRL_X0Y16       BUFG (Prop_bufg_I_O)         0.029     0.366 r  design_1_i/processing_system7_0/inst/buffer_fclk_clk_0.FCLK_CLK_0_BUFG/O
                         net (fo=1540, routed)        0.824     1.190    design_1_i/ps7_0_axi_periph/xbar/inst/gen_sasd.crossbar_sasd_0/reg_slice_r/aclk
    SLICE_X40Y95         FDRE                                         r  design_1_i/ps7_0_axi_periph/xbar/inst/gen_sasd.crossbar_sasd_0/reg_slice_r/skid_buffer_reg[15]/C
                         clock pessimism              0.000     1.190    
                         clock uncertainty            0.698     1.888    
    SLICE_X40Y95         FDRE (Hold_fdre_C_D)         0.070     1.958    design_1_i/ps7_0_axi_periph/xbar/inst/gen_sasd.crossbar_sasd_0/reg_slice_r/skid_buffer_reg[15]
  -------------------------------------------------------------------
                         required time                         -1.958    
                         arrival time                           2.371    
  -------------------------------------------------------------------
                         slack                                  0.413    

Slack (MET) :             0.454ns  (arrival time - required time)
  Source:                 design_1_i/eFPGA_AXI_LM393_driv_0/U0/eFPGA_AXI_LM393_driver_slave_lite_v1_0_S00_AXI_inst/speedsensor_instance/result_reg[23]/C
                            (rising edge-triggered cell FDRE clocked by clk_out1_design_1_clk_wiz_0_0  {rise@0.000ns fall@100.000ns period=200.000ns})
  Destination:            design_1_i/ps7_0_axi_periph/xbar/inst/gen_sasd.crossbar_sasd_0/reg_slice_r/skid_buffer_reg[26]/D
                            (rising edge-triggered cell FDRE clocked by clk_fpga_0  {rise@0.000ns fall@5.000ns period=10.000ns})
  Path Group:             clk_fpga_0
  Path Type:              Hold (Min at Fast Process Corner)
  Requirement:            0.000ns  (clk_fpga_0 rise@0.000ns - clk_out1_design_1_clk_wiz_0_0 rise@0.000ns)
  Data Path Delay:        3.094ns  (logic 0.299ns (9.664%)  route 2.795ns (90.336%))
  Logic Levels:           3  (LUT5=1 LUT6=2)
  Clock Path Skew:        1.872ns (DCD - SCD - CPR)
    Destination Clock Delay (DCD):    1.276ns
    Source Clock Delay      (SCD):    -0.596ns
    Clock Pessimism Removal (CPR):    -0.000ns
  Clock Uncertainty:      0.698ns  ((TSJ^2 + TIJ^2 + DJ^2)^1/2) / 2 + PE
    Total System Jitter     (TSJ):    0.071ns
    Total Input Jitter      (TIJ):    0.300ns
    Discrete Jitter          (DJ):    0.631ns
    Phase Error              (PE):    0.347ns
  Clock Domain Crossing:  Inter clock paths are considered valid unless explicitly excluded by timing constraints such as set_clock_groups or set_false_path.

    Location             Delay type                Incr(ns)  Path(ns)    Netlist Resource(s)
  -------------------------------------------------------------------    -------------------
                         (clock clk_out1_design_1_clk_wiz_0_0 rise edge)
                                                      0.000     0.000 r  
    H16                                               0.000     0.000 r  clk_in1_0 (IN)
                         net (fo=0)                   0.000     0.000    design_1_i/clk_wiz_0/inst/clk_in1
    H16                  IBUF (Prop_ibuf_I_O)         0.219     0.219 r  design_1_i/clk_wiz_0/inst/clkin1_ibufg/O
                         net (fo=1, routed)           0.440     0.659    design_1_i/clk_wiz_0/inst/clk_in1_design_1_clk_wiz_0_0
    MMCME2_ADV_X1Y2      MMCME2_ADV (Prop_mmcme2_adv_CLKIN1_CLKOUT0)
                                                     -2.613    -1.954 r  design_1_i/clk_wiz_0/inst/mmcm_adv_inst/CLKOUT0
                         net (fo=1, routed)           0.696    -1.257    design_1_i/clk_wiz_0/inst/clk_out1_design_1_clk_wiz_0_0
    BUFGCTRL_X0Y17       BUFG (Prop_bufg_I_O)         0.026    -1.231 r  design_1_i/clk_wiz_0/inst/clkout1_buf/O
                         net (fo=66, routed)          0.635    -0.596    design_1_i/eFPGA_AXI_LM393_driv_0/U0/eFPGA_AXI_LM393_driver_slave_lite_v1_0_S00_AXI_inst/speedsensor_instance/clk
    SLICE_X50Y102        FDRE                                         r  design_1_i/eFPGA_AXI_LM393_driv_0/U0/eFPGA_AXI_LM393_driver_slave_lite_v1_0_S00_AXI_inst/speedsensor_instance/result_reg[23]/C
  -------------------------------------------------------------------    -------------------
    SLICE_X50Y102        FDRE (Prop_fdre_C_Q)         0.164    -0.432 r  design_1_i/eFPGA_AXI_LM393_driv_0/U0/eFPGA_AXI_LM393_driver_slave_lite_v1_0_S00_AXI_inst/speedsensor_instance/result_reg[23]/Q
                         net (fo=1, routed)           0.405    -0.027    design_1_i/eFPGA_AXI_LM393_driv_0/U0/eFPGA_AXI_LM393_driver_slave_lite_v1_0_S00_AXI_inst/result[23]
    SLICE_X44Y104        LUT6 (Prop_lut6_I1_O)        0.045     0.018 r  design_1_i/eFPGA_AXI_LM393_driv_0/U0/eFPGA_AXI_LM393_driver_slave_lite_v1_0_S00_AXI_inst/s00_axi_rdata[23]_INST_0/O
                         net (fo=1, routed)           0.204     0.223    design_1_i/ps7_0_axi_periph/xbar/inst/gen_sasd.crossbar_sasd_0/reg_slice_r/m_axi_rdata[87]
    SLICE_X39Y104        LUT6 (Prop_lut6_I1_O)        0.045     0.268 f  design_1_i/ps7_0_axi_periph/xbar/inst/gen_sasd.crossbar_sasd_0/reg_slice_r/m_payload_i[26]_i_4/O
                         net (fo=1, routed)           0.219     0.486    design_1_i/ps7_0_axi_periph/xbar/inst/gen_sasd.crossbar_sasd_0/reg_slice_r/m_payload_i[26]_i_4_n_0
    SLICE_X39Y104        LUT5 (Prop_lut5_I4_O)        0.045     0.531 r  design_1_i/ps7_0_axi_periph/xbar/inst/gen_sasd.crossbar_sasd_0/reg_slice_r/m_payload_i[26]_i_1/O
                         net (fo=2, routed)           1.967     2.498    design_1_i/ps7_0_axi_periph/xbar/inst/gen_sasd.crossbar_sasd_0/reg_slice_r/skid_buffer[26]
    SLICE_X39Y104        FDRE                                         r  design_1_i/ps7_0_axi_periph/xbar/inst/gen_sasd.crossbar_sasd_0/reg_slice_r/skid_buffer_reg[26]/D
  -------------------------------------------------------------------    -------------------

                         (clock clk_fpga_0 rise edge)
                                                      0.000     0.000 r  
    PS7_X0Y0             PS7                          0.000     0.000 r  design_1_i/processing_system7_0/inst/PS7_i/FCLKCLK[0]
                         net (fo=1, routed)           0.337     0.337    design_1_i/processing_system7_0/inst/FCLK_CLK_unbuffered[0]
    BUFGCTRL_X0Y16       BUFG (Prop_bufg_I_O)         0.029     0.366 r  design_1_i/processing_system7_0/inst/buffer_fclk_clk_0.FCLK_CLK_0_BUFG/O
                         net (fo=1540, routed)        0.910     1.276    design_1_i/ps7_0_axi_periph/xbar/inst/gen_sasd.crossbar_sasd_0/reg_slice_r/aclk
    SLICE_X39Y104        FDRE                                         r  design_1_i/ps7_0_axi_periph/xbar/inst/gen_sasd.crossbar_sasd_0/reg_slice_r/skid_buffer_reg[26]/C
                         clock pessimism              0.000     1.276    
                         clock uncertainty            0.698     1.974    
    SLICE_X39Y104        FDRE (Hold_fdre_C_D)         0.070     2.044    design_1_i/ps7_0_axi_periph/xbar/inst/gen_sasd.crossbar_sasd_0/reg_slice_r/skid_buffer_reg[26]
  -------------------------------------------------------------------
                         required time                         -2.044    
                         arrival time                           2.498    
  -------------------------------------------------------------------
                         slack                                  0.454    

Slack (MET) :             0.456ns  (arrival time - required time)
  Source:                 design_1_i/eFPGA_AXI_LM393_driv_0/U0/eFPGA_AXI_LM393_driver_slave_lite_v1_0_S00_AXI_inst/speedsensor_instance/result_reg[14]/C
                            (rising edge-triggered cell FDRE clocked by clk_out1_design_1_clk_wiz_0_0  {rise@0.000ns fall@100.000ns period=200.000ns})
  Destination:            design_1_i/ps7_0_axi_periph/xbar/inst/gen_sasd.crossbar_sasd_0/reg_slice_r/skid_buffer_reg[17]/D
                            (rising edge-triggered cell FDRE clocked by clk_fpga_0  {rise@0.000ns fall@5.000ns period=10.000ns})
  Path Group:             clk_fpga_0
  Path Type:              Hold (Min at Fast Process Corner)
  Requirement:            0.000ns  (clk_fpga_0 rise@0.000ns - clk_out1_design_1_clk_wiz_0_0 rise@0.000ns)
  Data Path Delay:        3.084ns  (logic 0.299ns (9.694%)  route 2.785ns (90.306%))
  Logic Levels:           3  (LUT5=1 LUT6=2)
  Clock Path Skew:        1.869ns (DCD - SCD - CPR)
    Destination Clock Delay (DCD):    1.191ns
    Source Clock Delay      (SCD):    -0.678ns
    Clock Pessimism Removal (CPR):    -0.000ns
  Clock Uncertainty:      0.698ns  ((TSJ^2 + TIJ^2 + DJ^2)^1/2) / 2 + PE
    Total System Jitter     (TSJ):    0.071ns
    Total Input Jitter      (TIJ):    0.300ns
    Discrete Jitter          (DJ):    0.631ns
    Phase Error              (PE):    0.347ns
  Clock Domain Crossing:  Inter clock paths are considered valid unless explicitly excluded by timing constraints such as set_clock_groups or set_false_path.

    Location             Delay type                Incr(ns)  Path(ns)    Netlist Resource(s)
  -------------------------------------------------------------------    -------------------
                         (clock clk_out1_design_1_clk_wiz_0_0 rise edge)
                                                      0.000     0.000 r  
    H16                                               0.000     0.000 r  clk_in1_0 (IN)
                         net (fo=0)                   0.000     0.000    design_1_i/clk_wiz_0/inst/clk_in1
    H16                  IBUF (Prop_ibuf_I_O)         0.219     0.219 r  design_1_i/clk_wiz_0/inst/clkin1_ibufg/O
                         net (fo=1, routed)           0.440     0.659    design_1_i/clk_wiz_0/inst/clk_in1_design_1_clk_wiz_0_0
    MMCME2_ADV_X1Y2      MMCME2_ADV (Prop_mmcme2_adv_CLKIN1_CLKOUT0)
                                                     -2.613    -1.954 r  design_1_i/clk_wiz_0/inst/mmcm_adv_inst/CLKOUT0
                         net (fo=1, routed)           0.696    -1.257    design_1_i/clk_wiz_0/inst/clk_out1_design_1_clk_wiz_0_0
    BUFGCTRL_X0Y17       BUFG (Prop_bufg_I_O)         0.026    -1.231 r  design_1_i/clk_wiz_0/inst/clkout1_buf/O
                         net (fo=66, routed)          0.553    -0.678    design_1_i/eFPGA_AXI_LM393_driv_0/U0/eFPGA_AXI_LM393_driver_slave_lite_v1_0_S00_AXI_inst/speedsensor_instance/clk
    SLICE_X50Y99         FDRE                                         r  design_1_i/eFPGA_AXI_LM393_driv_0/U0/eFPGA_AXI_LM393_driver_slave_lite_v1_0_S00_AXI_inst/speedsensor_instance/result_reg[14]/C
  -------------------------------------------------------------------    -------------------
    SLICE_X50Y99         FDRE (Prop_fdre_C_Q)         0.164    -0.514 r  design_1_i/eFPGA_AXI_LM393_driv_0/U0/eFPGA_AXI_LM393_driver_slave_lite_v1_0_S00_AXI_inst/speedsensor_instance/result_reg[14]/Q
                         net (fo=1, routed)           0.284    -0.231    design_1_i/eFPGA_AXI_LM393_driv_0/U0/eFPGA_AXI_LM393_driver_slave_lite_v1_0_S00_AXI_inst/result[14]
    SLICE_X49Y98         LUT6 (Prop_lut6_I1_O)        0.045    -0.186 r  design_1_i/eFPGA_AXI_LM393_driv_0/U0/eFPGA_AXI_LM393_driver_slave_lite_v1_0_S00_AXI_inst/s00_axi_rdata[14]_INST_0/O
                         net (fo=1, routed)           0.215     0.030    design_1_i/ps7_0_axi_periph/xbar/inst/gen_sasd.crossbar_sasd_0/reg_slice_r/m_axi_rdata[78]
    SLICE_X43Y98         LUT6 (Prop_lut6_I1_O)        0.045     0.075 f  design_1_i/ps7_0_axi_periph/xbar/inst/gen_sasd.crossbar_sasd_0/reg_slice_r/m_payload_i[17]_i_4/O
                         net (fo=1, routed)           0.211     0.285    design_1_i/ps7_0_axi_periph/xbar/inst/gen_sasd.crossbar_sasd_0/reg_slice_r/m_payload_i[17]_i_4_n_0
    SLICE_X42Y97         LUT5 (Prop_lut5_I4_O)        0.045     0.330 r  design_1_i/ps7_0_axi_periph/xbar/inst/gen_sasd.crossbar_sasd_0/reg_slice_r/m_payload_i[17]_i_1/O
                         net (fo=2, routed)           2.075     2.406    design_1_i/ps7_0_axi_periph/xbar/inst/gen_sasd.crossbar_sasd_0/reg_slice_r/skid_buffer[17]
    SLICE_X45Y97         FDRE                                         r  design_1_i/ps7_0_axi_periph/xbar/inst/gen_sasd.crossbar_sasd_0/reg_slice_r/skid_buffer_reg[17]/D
  -------------------------------------------------------------------    -------------------

                         (clock clk_fpga_0 rise edge)
                                                      0.000     0.000 r  
    PS7_X0Y0             PS7                          0.000     0.000 r  design_1_i/processing_system7_0/inst/PS7_i/FCLKCLK[0]
                         net (fo=1, routed)           0.337     0.337    design_1_i/processing_system7_0/inst/FCLK_CLK_unbuffered[0]
    BUFGCTRL_X0Y16       BUFG (Prop_bufg_I_O)         0.029     0.366 r  design_1_i/processing_system7_0/inst/buffer_fclk_clk_0.FCLK_CLK_0_BUFG/O
                         net (fo=1540, routed)        0.825     1.191    design_1_i/ps7_0_axi_periph/xbar/inst/gen_sasd.crossbar_sasd_0/reg_slice_r/aclk
    SLICE_X45Y97         FDRE                                         r  design_1_i/ps7_0_axi_periph/xbar/inst/gen_sasd.crossbar_sasd_0/reg_slice_r/skid_buffer_reg[17]/C
                         clock pessimism              0.000     1.191    
                         clock uncertainty            0.698     1.889    
    SLICE_X45Y97         FDRE (Hold_fdre_C_D)         0.061     1.950    design_1_i/ps7_0_axi_periph/xbar/inst/gen_sasd.crossbar_sasd_0/reg_slice_r/skid_buffer_reg[17]
  -------------------------------------------------------------------
                         required time                         -1.950    
                         arrival time                           2.406    
  -------------------------------------------------------------------
                         slack                                  0.456    

Slack (MET) :             0.465ns  (arrival time - required time)
  Source:                 design_1_i/eFPGA_AXI_LM393_driv_0/U0/eFPGA_AXI_LM393_driver_slave_lite_v1_0_S00_AXI_inst/speedsensor_instance/result_reg[26]/C
                            (rising edge-triggered cell FDRE clocked by clk_out1_design_1_clk_wiz_0_0  {rise@0.000ns fall@100.000ns period=200.000ns})
  Destination:            design_1_i/ps7_0_axi_periph/xbar/inst/gen_sasd.crossbar_sasd_0/reg_slice_r/m_payload_i_reg[29]/D
                            (rising edge-triggered cell FDRE clocked by clk_fpga_0  {rise@0.000ns fall@5.000ns period=10.000ns})
  Path Group:             clk_fpga_0
  Path Type:              Hold (Min at Fast Process Corner)
  Requirement:            0.000ns  (clk_fpga_0 rise@0.000ns - clk_out1_design_1_clk_wiz_0_0 rise@0.000ns)
  Data Path Delay:        3.100ns  (logic 0.276ns (8.902%)  route 2.824ns (91.098%))
  Logic Levels:           3  (LUT5=1 LUT6=2)
  Clock Path Skew:        1.871ns (DCD - SCD - CPR)
    Destination Clock Delay (DCD):    1.277ns
    Source Clock Delay      (SCD):    -0.594ns
    Clock Pessimism Removal (CPR):    -0.000ns
  Clock Uncertainty:      0.698ns  ((TSJ^2 + TIJ^2 + DJ^2)^1/2) / 2 + PE
    Total System Jitter     (TSJ):    0.071ns
    Total Input Jitter      (TIJ):    0.300ns
    Discrete Jitter          (DJ):    0.631ns
    Phase Error              (PE):    0.347ns
  Clock Domain Crossing:  Inter clock paths are considered valid unless explicitly excluded by timing constraints such as set_clock_groups or set_false_path.

    Location             Delay type                Incr(ns)  Path(ns)    Netlist Resource(s)
  -------------------------------------------------------------------    -------------------
                         (clock clk_out1_design_1_clk_wiz_0_0 rise edge)
                                                      0.000     0.000 r  
    H16                                               0.000     0.000 r  clk_in1_0 (IN)
                         net (fo=0)                   0.000     0.000    design_1_i/clk_wiz_0/inst/clk_in1
    H16                  IBUF (Prop_ibuf_I_O)         0.219     0.219 r  design_1_i/clk_wiz_0/inst/clkin1_ibufg/O
                         net (fo=1, routed)           0.440     0.659    design_1_i/clk_wiz_0/inst/clk_in1_design_1_clk_wiz_0_0
    MMCME2_ADV_X1Y2      MMCME2_ADV (Prop_mmcme2_adv_CLKIN1_CLKOUT0)
                                                     -2.613    -1.954 r  design_1_i/clk_wiz_0/inst/mmcm_adv_inst/CLKOUT0
                         net (fo=1, routed)           0.696    -1.257    design_1_i/clk_wiz_0/inst/clk_out1_design_1_clk_wiz_0_0
    BUFGCTRL_X0Y17       BUFG (Prop_bufg_I_O)         0.026    -1.231 r  design_1_i/clk_wiz_0/inst/clkout1_buf/O
                         net (fo=66, routed)          0.637    -0.594    design_1_i/eFPGA_AXI_LM393_driv_0/U0/eFPGA_AXI_LM393_driver_slave_lite_v1_0_S00_AXI_inst/speedsensor_instance/clk
    SLICE_X48Y104        FDRE                                         r  design_1_i/eFPGA_AXI_LM393_driv_0/U0/eFPGA_AXI_LM393_driver_slave_lite_v1_0_S00_AXI_inst/speedsensor_instance/result_reg[26]/C
  -------------------------------------------------------------------    -------------------
    SLICE_X48Y104        FDRE (Prop_fdre_C_Q)         0.141    -0.453 r  design_1_i/eFPGA_AXI_LM393_driv_0/U0/eFPGA_AXI_LM393_driver_slave_lite_v1_0_S00_AXI_inst/speedsensor_instance/result_reg[26]/Q
                         net (fo=1, routed)           0.909     0.456    design_1_i/eFPGA_AXI_LM393_driv_0/U0/eFPGA_AXI_LM393_driver_slave_lite_v1_0_S00_AXI_inst/result[26]
    SLICE_X44Y106        LUT6 (Prop_lut6_I1_O)        0.045     0.501 r  design_1_i/eFPGA_AXI_LM393_driv_0/U0/eFPGA_AXI_LM393_driver_slave_lite_v1_0_S00_AXI_inst/s00_axi_rdata[26]_INST_0/O
                         net (fo=1, routed)           0.790     1.291    design_1_i/ps7_0_axi_periph/xbar/inst/gen_sasd.crossbar_sasd_0/reg_slice_r/m_axi_rdata[90]
    SLICE_X44Y106        LUT6 (Prop_lut6_I1_O)        0.045     1.336 f  design_1_i/ps7_0_axi_periph/xbar/inst/gen_sasd.crossbar_sasd_0/reg_slice_r/m_payload_i[29]_i_4/O
                         net (fo=1, routed)           0.848     2.184    design_1_i/ps7_0_axi_periph/xbar/inst/gen_sasd.crossbar_sasd_0/reg_slice_r/m_payload_i[29]_i_4_n_0
    SLICE_X35Y106        LUT5 (Prop_lut5_I4_O)        0.045     2.229 r  design_1_i/ps7_0_axi_periph/xbar/inst/gen_sasd.crossbar_sasd_0/reg_slice_r/m_payload_i[29]_i_1/O
                         net (fo=2, routed)           0.277     2.506    design_1_i/ps7_0_axi_periph/xbar/inst/gen_sasd.crossbar_sasd_0/reg_slice_r/skid_buffer[29]
    SLICE_X33Y103        FDRE                                         r  design_1_i/ps7_0_axi_periph/xbar/inst/gen_sasd.crossbar_sasd_0/reg_slice_r/m_payload_i_reg[29]/D
  -------------------------------------------------------------------    -------------------

                         (clock clk_fpga_0 rise edge)
                                                      0.000     0.000 r  
    PS7_X0Y0             PS7                          0.000     0.000 r  design_1_i/processing_system7_0/inst/PS7_i/FCLKCLK[0]
                         net (fo=1, routed)           0.337     0.337    design_1_i/processing_system7_0/inst/FCLK_CLK_unbuffered[0]
    BUFGCTRL_X0Y16       BUFG (Prop_bufg_I_O)         0.029     0.366 r  design_1_i/processing_system7_0/inst/buffer_fclk_clk_0.FCLK_CLK_0_BUFG/O
                         net (fo=1540, routed)        0.911     1.277    design_1_i/ps7_0_axi_periph/xbar/inst/gen_sasd.crossbar_sasd_0/reg_slice_r/aclk
    SLICE_X33Y103        FDRE                                         r  design_1_i/ps7_0_axi_periph/xbar/inst/gen_sasd.crossbar_sasd_0/reg_slice_r/m_payload_i_reg[29]/C
                         clock pessimism              0.000     1.277    
                         clock uncertainty            0.698     1.975    
    SLICE_X33Y103        FDRE (Hold_fdre_C_D)         0.066     2.041    design_1_i/ps7_0_axi_periph/xbar/inst/gen_sasd.crossbar_sasd_0/reg_slice_r/m_payload_i_reg[29]
  -------------------------------------------------------------------
                         required time                         -2.041    
                         arrival time                           2.506    
  -------------------------------------------------------------------
                         slack                                  0.465    





---------------------------------------------------------------------------------------------------
From Clock:  clk_out2_design_1_clk_wiz_0_0
  To Clock:  clk_fpga_0

Setup :            0  Failing Endpoints,  Worst Slack        4.185ns,  Total Violation        0.000ns
Hold  :            0  Failing Endpoints,  Worst Slack        0.177ns,  Total Violation        0.000ns
---------------------------------------------------------------------------------------------------


Max Delay Paths
--------------------------------------------------------------------------------------
Slack (MET) :             4.185ns  (required time - arrival time)
  Source:                 design_1_i/eFPGA_AXI_LM393_driv_1/U0/eFPGA_AXI_LM393_driver_slave_lite_v1_0_S00_AXI_inst/speedsensor_instance/result_reg[3]/C
                            (rising edge-triggered cell FDRE clocked by clk_out2_design_1_clk_wiz_0_0  {rise@0.000ns fall@100.000ns period=200.000ns})
  Destination:            design_1_i/ps7_0_axi_periph/xbar/inst/gen_sasd.crossbar_sasd_0/reg_slice_r/m_payload_i_reg[6]/D
                            (rising edge-triggered cell FDRE clocked by clk_fpga_0  {rise@0.000ns fall@5.000ns period=10.000ns})
  Path Group:             clk_fpga_0
  Path Type:              Setup (Max at Slow Process Corner)
  Requirement:            10.000ns  (clk_fpga_0 rise@10.000ns - clk_out2_design_1_clk_wiz_0_0 rise@0.000ns)
  Data Path Delay:        8.606ns  (logic 0.828ns (9.621%)  route 7.778ns (90.379%))
  Logic Levels:           3  (LUT5=2 LUT6=1)
  Clock Path Skew:        3.529ns (DCD - SCD + CPR)
    Destination Clock Delay (DCD):    2.657ns = ( 12.657 - 10.000 ) 
    Source Clock Delay      (SCD):    -0.872ns
    Clock Pessimism Removal (CPR):    0.000ns
  Clock Uncertainty:      0.698ns  ((TSJ^2 + TIJ^2 + DJ^2)^1/2) / 2 + PE
    Total System Jitter     (TSJ):    0.071ns
    Total Input Jitter      (TIJ):    0.300ns
    Discrete Jitter          (DJ):    0.631ns
    Phase Error              (PE):    0.347ns
  Clock Domain Crossing:  Inter clock paths are considered valid unless explicitly excluded by timing constraints such as set_clock_groups or set_false_path.

    Location             Delay type                Incr(ns)  Path(ns)    Netlist Resource(s)
  -------------------------------------------------------------------    -------------------
                         (clock clk_out2_design_1_clk_wiz_0_0 rise edge)
                                                      0.000     0.000 r  
    H16                                               0.000     0.000 r  clk_in1_0 (IN)
                         net (fo=0)                   0.000     0.000    design_1_i/clk_wiz_0/inst/clk_in1
    H16                  IBUF (Prop_ibuf_I_O)         1.451     1.451 r  design_1_i/clk_wiz_0/inst/clkin1_ibufg/O
                         net (fo=1, routed)           1.285     2.736    design_1_i/clk_wiz_0/inst/clk_in1_design_1_clk_wiz_0_0
    MMCME2_ADV_X1Y2      MMCME2_ADV (Prop_mmcme2_adv_CLKIN1_CLKOUT1)
                                                     -7.759    -5.023 r  design_1_i/clk_wiz_0/inst/mmcm_adv_inst/CLKOUT1
                         net (fo=1, routed)           2.206    -2.817    design_1_i/clk_wiz_0/inst/clk_out2_design_1_clk_wiz_0_0
    BUFGCTRL_X0Y18       BUFG (Prop_bufg_I_O)         0.101    -2.716 r  design_1_i/clk_wiz_0/inst/clkout2_buf/O
                         net (fo=66, routed)          1.844    -0.872    design_1_i/eFPGA_AXI_LM393_driv_1/U0/eFPGA_AXI_LM393_driver_slave_lite_v1_0_S00_AXI_inst/speedsensor_instance/clk
    SLICE_X41Y100        FDRE                                         r  design_1_i/eFPGA_AXI_LM393_driv_1/U0/eFPGA_AXI_LM393_driver_slave_lite_v1_0_S00_AXI_inst/speedsensor_instance/result_reg[3]/C
  -------------------------------------------------------------------    -------------------
    SLICE_X41Y100        FDRE (Prop_fdre_C_Q)         0.456    -0.416 r  design_1_i/eFPGA_AXI_LM393_driv_1/U0/eFPGA_AXI_LM393_driver_slave_lite_v1_0_S00_AXI_inst/speedsensor_instance/result_reg[3]/Q
                         net (fo=1, routed)           2.522     2.106    design_1_i/eFPGA_AXI_LM393_driv_1/U0/eFPGA_AXI_LM393_driver_slave_lite_v1_0_S00_AXI_inst/result[3]
    SLICE_X42Y93         LUT6 (Prop_lut6_I1_O)        0.124     2.230 r  design_1_i/eFPGA_AXI_LM393_driv_1/U0/eFPGA_AXI_LM393_driver_slave_lite_v1_0_S00_AXI_inst/s00_axi_rdata[3]_INST_0/O
                         net (fo=1, routed)           2.095     4.324    design_1_i/ps7_0_axi_periph/xbar/inst/gen_sasd.crossbar_sasd_0/reg_slice_r/m_axi_rdata[99]
    SLICE_X42Y93         LUT5 (Prop_lut5_I0_O)        0.124     4.448 r  design_1_i/ps7_0_axi_periph/xbar/inst/gen_sasd.crossbar_sasd_0/reg_slice_r/m_payload_i[6]_i_2/O
                         net (fo=1, routed)           1.980     6.428    design_1_i/ps7_0_axi_periph/xbar/inst/gen_sasd.crossbar_sasd_0/reg_slice_r/m_payload_i[6]_i_2_n_0
    SLICE_X43Y90         LUT5 (Prop_lut5_I2_O)        0.124     6.552 r  design_1_i/ps7_0_axi_periph/xbar/inst/gen_sasd.crossbar_sasd_0/reg_slice_r/m_payload_i[6]_i_1/O
                         net (fo=2, routed)           1.182     7.734    design_1_i/ps7_0_axi_periph/xbar/inst/gen_sasd.crossbar_sasd_0/reg_slice_r/skid_buffer[6]
    SLICE_X35Y90         FDRE                                         r  design_1_i/ps7_0_axi_periph/xbar/inst/gen_sasd.crossbar_sasd_0/reg_slice_r/m_payload_i_reg[6]/D
  -------------------------------------------------------------------    -------------------

                         (clock clk_fpga_0 rise edge)
                                                     10.000    10.000 r  
    PS7_X0Y0             PS7                          0.000    10.000 r  design_1_i/processing_system7_0/inst/PS7_i/FCLKCLK[0]
                         net (fo=1, routed)           1.088    11.088    design_1_i/processing_system7_0/inst/FCLK_CLK_unbuffered[0]
    BUFGCTRL_X0Y16       BUFG (Prop_bufg_I_O)         0.091    11.179 r  design_1_i/processing_system7_0/inst/buffer_fclk_clk_0.FCLK_CLK_0_BUFG/O
                         net (fo=1540, routed)        1.478    12.657    design_1_i/ps7_0_axi_periph/xbar/inst/gen_sasd.crossbar_sasd_0/reg_slice_r/aclk
    SLICE_X35Y90         FDRE                                         r  design_1_i/ps7_0_axi_periph/xbar/inst/gen_sasd.crossbar_sasd_0/reg_slice_r/m_payload_i_reg[6]/C
                         clock pessimism              0.000    12.657    
                         clock uncertainty           -0.698    11.959    
    SLICE_X35Y90         FDRE (Setup_fdre_C_D)       -0.040    11.919    design_1_i/ps7_0_axi_periph/xbar/inst/gen_sasd.crossbar_sasd_0/reg_slice_r/m_payload_i_reg[6]
  -------------------------------------------------------------------
                         required time                         11.919    
                         arrival time                          -7.734    
  -------------------------------------------------------------------
                         slack                                  4.185    

Slack (MET) :             4.384ns  (required time - arrival time)
  Source:                 design_1_i/eFPGA_AXI_LM393_driv_1/U0/eFPGA_AXI_LM393_driver_slave_lite_v1_0_S00_AXI_inst/speedsensor_instance/result_reg[9]/C
                            (rising edge-triggered cell FDRE clocked by clk_out2_design_1_clk_wiz_0_0  {rise@0.000ns fall@100.000ns period=200.000ns})
  Destination:            design_1_i/ps7_0_axi_periph/xbar/inst/gen_sasd.crossbar_sasd_0/reg_slice_r/m_payload_i_reg[12]/D
                            (rising edge-triggered cell FDRE clocked by clk_fpga_0  {rise@0.000ns fall@5.000ns period=10.000ns})
  Path Group:             clk_fpga_0
  Path Type:              Setup (Max at Slow Process Corner)
  Requirement:            10.000ns  (clk_fpga_0 rise@10.000ns - clk_out2_design_1_clk_wiz_0_0 rise@0.000ns)
  Data Path Delay:        8.353ns  (logic 0.828ns (9.913%)  route 7.525ns (90.087%))
  Logic Levels:           3  (LUT5=2 LUT6=1)
  Clock Path Skew:        3.528ns (DCD - SCD + CPR)
    Destination Clock Delay (DCD):    2.656ns = ( 12.656 - 10.000 ) 
    Source Clock Delay      (SCD):    -0.872ns
    Clock Pessimism Removal (CPR):    0.000ns
  Clock Uncertainty:      0.698ns  ((TSJ^2 + TIJ^2 + DJ^2)^1/2) / 2 + PE
    Total System Jitter     (TSJ):    0.071ns
    Total Input Jitter      (TIJ):    0.300ns
    Discrete Jitter          (DJ):    0.631ns
    Phase Error              (PE):    0.347ns
  Clock Domain Crossing:  Inter clock paths are considered valid unless explicitly excluded by timing constraints such as set_clock_groups or set_false_path.

    Location             Delay type                Incr(ns)  Path(ns)    Netlist Resource(s)
  -------------------------------------------------------------------    -------------------
                         (clock clk_out2_design_1_clk_wiz_0_0 rise edge)
                                                      0.000     0.000 r  
    H16                                               0.000     0.000 r  clk_in1_0 (IN)
                         net (fo=0)                   0.000     0.000    design_1_i/clk_wiz_0/inst/clk_in1
    H16                  IBUF (Prop_ibuf_I_O)         1.451     1.451 r  design_1_i/clk_wiz_0/inst/clkin1_ibufg/O
                         net (fo=1, routed)           1.285     2.736    design_1_i/clk_wiz_0/inst/clk_in1_design_1_clk_wiz_0_0
    MMCME2_ADV_X1Y2      MMCME2_ADV (Prop_mmcme2_adv_CLKIN1_CLKOUT1)
                                                     -7.759    -5.023 r  design_1_i/clk_wiz_0/inst/mmcm_adv_inst/CLKOUT1
                         net (fo=1, routed)           2.206    -2.817    design_1_i/clk_wiz_0/inst/clk_out2_design_1_clk_wiz_0_0
    BUFGCTRL_X0Y18       BUFG (Prop_bufg_I_O)         0.101    -2.716 r  design_1_i/clk_wiz_0/inst/clkout2_buf/O
                         net (fo=66, routed)          1.844    -0.872    design_1_i/eFPGA_AXI_LM393_driv_1/U0/eFPGA_AXI_LM393_driver_slave_lite_v1_0_S00_AXI_inst/speedsensor_instance/clk
    SLICE_X45Y101        FDRE                                         r  design_1_i/eFPGA_AXI_LM393_driv_1/U0/eFPGA_AXI_LM393_driver_slave_lite_v1_0_S00_AXI_inst/speedsensor_instance/result_reg[9]/C
  -------------------------------------------------------------------    -------------------
    SLICE_X45Y101        FDRE (Prop_fdre_C_Q)         0.456    -0.416 r  design_1_i/eFPGA_AXI_LM393_driv_1/U0/eFPGA_AXI_LM393_driver_slave_lite_v1_0_S00_AXI_inst/speedsensor_instance/result_reg[9]/Q
                         net (fo=1, routed)           0.814     0.398    design_1_i/eFPGA_AXI_LM393_driv_1/U0/eFPGA_AXI_LM393_driver_slave_lite_v1_0_S00_AXI_inst/result[9]
    SLICE_X43Y100        LUT6 (Prop_lut6_I1_O)        0.124     0.522 r  design_1_i/eFPGA_AXI_LM393_driv_1/U0/eFPGA_AXI_LM393_driver_slave_lite_v1_0_S00_AXI_inst/s00_axi_rdata[9]_INST_0/O
                         net (fo=1, routed)           0.969     1.491    design_1_i/ps7_0_axi_periph/xbar/inst/gen_sasd.crossbar_sasd_0/reg_slice_r/m_axi_rdata[105]
    SLICE_X43Y92         LUT5 (Prop_lut5_I4_O)        0.124     1.615 r  design_1_i/ps7_0_axi_periph/xbar/inst/gen_sasd.crossbar_sasd_0/reg_slice_r/m_payload_i[12]_i_3/O
                         net (fo=1, routed)           0.756     2.371    design_1_i/ps7_0_axi_periph/xbar/inst/gen_sasd.crossbar_sasd_0/reg_slice_r/m_payload_i[12]_i_3_n_0
    SLICE_X40Y92         LUT5 (Prop_lut5_I3_O)        0.124     2.495 r  design_1_i/ps7_0_axi_periph/xbar/inst/gen_sasd.crossbar_sasd_0/reg_slice_r/m_payload_i[12]_i_1/O
                         net (fo=2, routed)           4.985     7.480    design_1_i/ps7_0_axi_periph/xbar/inst/gen_sasd.crossbar_sasd_0/reg_slice_r/skid_buffer[12]
    SLICE_X33Y89         FDRE                                         r  design_1_i/ps7_0_axi_periph/xbar/inst/gen_sasd.crossbar_sasd_0/reg_slice_r/m_payload_i_reg[12]/D
  -------------------------------------------------------------------    -------------------

                         (clock clk_fpga_0 rise edge)
                                                     10.000    10.000 r  
    PS7_X0Y0             PS7                          0.000    10.000 r  design_1_i/processing_system7_0/inst/PS7_i/FCLKCLK[0]
                         net (fo=1, routed)           1.088    11.088    design_1_i/processing_system7_0/inst/FCLK_CLK_unbuffered[0]
    BUFGCTRL_X0Y16       BUFG (Prop_bufg_I_O)         0.091    11.179 r  design_1_i/processing_system7_0/inst/buffer_fclk_clk_0.FCLK_CLK_0_BUFG/O
                         net (fo=1540, routed)        1.477    12.656    design_1_i/ps7_0_axi_periph/xbar/inst/gen_sasd.crossbar_sasd_0/reg_slice_r/aclk
    SLICE_X33Y89         FDRE                                         r  design_1_i/ps7_0_axi_periph/xbar/inst/gen_sasd.crossbar_sasd_0/reg_slice_r/m_payload_i_reg[12]/C
                         clock pessimism              0.000    12.656    
                         clock uncertainty           -0.698    11.958    
    SLICE_X33Y89         FDRE (Setup_fdre_C_D)       -0.093    11.865    design_1_i/ps7_0_axi_periph/xbar/inst/gen_sasd.crossbar_sasd_0/reg_slice_r/m_payload_i_reg[12]
  -------------------------------------------------------------------
                         required time                         11.865    
                         arrival time                          -7.480    
  -------------------------------------------------------------------
                         slack                                  4.384    

Slack (MET) :             4.469ns  (required time - arrival time)
  Source:                 design_1_i/eFPGA_AXI_LM393_driv_1/U0/eFPGA_AXI_LM393_driver_slave_lite_v1_0_S00_AXI_inst/speedsensor_instance/result_reg[22]/C
                            (rising edge-triggered cell FDRE clocked by clk_out2_design_1_clk_wiz_0_0  {rise@0.000ns fall@100.000ns period=200.000ns})
  Destination:            design_1_i/ps7_0_axi_periph/xbar/inst/gen_sasd.crossbar_sasd_0/reg_slice_r/m_payload_i_reg[25]/D
                            (rising edge-triggered cell FDRE clocked by clk_fpga_0  {rise@0.000ns fall@5.000ns period=10.000ns})
  Path Group:             clk_fpga_0
  Path Type:              Setup (Max at Slow Process Corner)
  Requirement:            10.000ns  (clk_fpga_0 rise@10.000ns - clk_out2_design_1_clk_wiz_0_0 rise@0.000ns)
  Data Path Delay:        8.293ns  (logic 0.890ns (10.731%)  route 7.403ns (89.269%))
  Logic Levels:           3  (LUT5=2 LUT6=1)
  Clock Path Skew:        3.532ns (DCD - SCD + CPR)
    Destination Clock Delay (DCD):    2.659ns = ( 12.659 - 10.000 ) 
    Source Clock Delay      (SCD):    -0.873ns
    Clock Pessimism Removal (CPR):    0.000ns
  Clock Uncertainty:      0.698ns  ((TSJ^2 + TIJ^2 + DJ^2)^1/2) / 2 + PE
    Total System Jitter     (TSJ):    0.071ns
    Total Input Jitter      (TIJ):    0.300ns
    Discrete Jitter          (DJ):    0.631ns
    Phase Error              (PE):    0.347ns
  Clock Domain Crossing:  Inter clock paths are considered valid unless explicitly excluded by timing constraints such as set_clock_groups or set_false_path.

    Location             Delay type                Incr(ns)  Path(ns)    Netlist Resource(s)
  -------------------------------------------------------------------    -------------------
                         (clock clk_out2_design_1_clk_wiz_0_0 rise edge)
                                                      0.000     0.000 r  
    H16                                               0.000     0.000 r  clk_in1_0 (IN)
                         net (fo=0)                   0.000     0.000    design_1_i/clk_wiz_0/inst/clk_in1
    H16                  IBUF (Prop_ibuf_I_O)         1.451     1.451 r  design_1_i/clk_wiz_0/inst/clkin1_ibufg/O
                         net (fo=1, routed)           1.285     2.736    design_1_i/clk_wiz_0/inst/clk_in1_design_1_clk_wiz_0_0
    MMCME2_ADV_X1Y2      MMCME2_ADV (Prop_mmcme2_adv_CLKIN1_CLKOUT1)
                                                     -7.759    -5.023 r  design_1_i/clk_wiz_0/inst/mmcm_adv_inst/CLKOUT1
                         net (fo=1, routed)           2.206    -2.817    design_1_i/clk_wiz_0/inst/clk_out2_design_1_clk_wiz_0_0
    BUFGCTRL_X0Y18       BUFG (Prop_bufg_I_O)         0.101    -2.716 r  design_1_i/clk_wiz_0/inst/clkout2_buf/O
                         net (fo=66, routed)          1.843    -0.873    design_1_i/eFPGA_AXI_LM393_driv_1/U0/eFPGA_AXI_LM393_driver_slave_lite_v1_0_S00_AXI_inst/speedsensor_instance/clk
    SLICE_X42Y105        FDRE                                         r  design_1_i/eFPGA_AXI_LM393_driv_1/U0/eFPGA_AXI_LM393_driver_slave_lite_v1_0_S00_AXI_inst/speedsensor_instance/result_reg[22]/C
  -------------------------------------------------------------------    -------------------
    SLICE_X42Y105        FDRE (Prop_fdre_C_Q)         0.518    -0.355 r  design_1_i/eFPGA_AXI_LM393_driv_1/U0/eFPGA_AXI_LM393_driver_slave_lite_v1_0_S00_AXI_inst/speedsensor_instance/result_reg[22]/Q
                         net (fo=1, routed)           2.325     1.969    design_1_i/eFPGA_AXI_LM393_driv_1/U0/eFPGA_AXI_LM393_driver_slave_lite_v1_0_S00_AXI_inst/result[22]
    SLICE_X38Y105        LUT6 (Prop_lut6_I1_O)        0.124     2.093 r  design_1_i/eFPGA_AXI_LM393_driv_1/U0/eFPGA_AXI_LM393_driver_slave_lite_v1_0_S00_AXI_inst/s00_axi_rdata[22]_INST_0/O
                         net (fo=1, routed)           2.226     4.319    design_1_i/ps7_0_axi_periph/xbar/inst/gen_sasd.crossbar_sasd_0/reg_slice_r/m_axi_rdata[118]
    SLICE_X37Y106        LUT5 (Prop_lut5_I0_O)        0.124     4.443 r  design_1_i/ps7_0_axi_periph/xbar/inst/gen_sasd.crossbar_sasd_0/reg_slice_r/m_payload_i[25]_i_3/O
                         net (fo=1, routed)           2.058     6.501    design_1_i/ps7_0_axi_periph/xbar/inst/gen_sasd.crossbar_sasd_0/reg_slice_r/m_payload_i[25]_i_3_n_0
    SLICE_X37Y106        LUT5 (Prop_lut5_I3_O)        0.124     6.625 r  design_1_i/ps7_0_axi_periph/xbar/inst/gen_sasd.crossbar_sasd_0/reg_slice_r/m_payload_i[25]_i_1/O
                         net (fo=2, routed)           0.795     7.420    design_1_i/ps7_0_axi_periph/xbar/inst/gen_sasd.crossbar_sasd_0/reg_slice_r/skid_buffer[25]
    SLICE_X33Y99         FDRE                                         r  design_1_i/ps7_0_axi_periph/xbar/inst/gen_sasd.crossbar_sasd_0/reg_slice_r/m_payload_i_reg[25]/D
  -------------------------------------------------------------------    -------------------

                         (clock clk_fpga_0 rise edge)
                                                     10.000    10.000 r  
    PS7_X0Y0             PS7                          0.000    10.000 r  design_1_i/processing_system7_0/inst/PS7_i/FCLKCLK[0]
                         net (fo=1, routed)           1.088    11.088    design_1_i/processing_system7_0/inst/FCLK_CLK_unbuffered[0]
    BUFGCTRL_X0Y16       BUFG (Prop_bufg_I_O)         0.091    11.179 r  design_1_i/processing_system7_0/inst/buffer_fclk_clk_0.FCLK_CLK_0_BUFG/O
                         net (fo=1540, routed)        1.480    12.659    design_1_i/ps7_0_axi_periph/xbar/inst/gen_sasd.crossbar_sasd_0/reg_slice_r/aclk
    SLICE_X33Y99         FDRE                                         r  design_1_i/ps7_0_axi_periph/xbar/inst/gen_sasd.crossbar_sasd_0/reg_slice_r/m_payload_i_reg[25]/C
                         clock pessimism              0.000    12.659    
                         clock uncertainty           -0.698    11.961    
    SLICE_X33Y99         FDRE (Setup_fdre_C_D)       -0.072    11.889    design_1_i/ps7_0_axi_periph/xbar/inst/gen_sasd.crossbar_sasd_0/reg_slice_r/m_payload_i_reg[25]
  -------------------------------------------------------------------
                         required time                         11.889    
                         arrival time                          -7.420    
  -------------------------------------------------------------------
                         slack                                  4.469    

Slack (MET) :             4.663ns  (required time - arrival time)
  Source:                 design_1_i/eFPGA_AXI_LM393_driv_1/U0/eFPGA_AXI_LM393_driver_slave_lite_v1_0_S00_AXI_inst/speedsensor_instance/result_reg[28]/C
                            (rising edge-triggered cell FDRE clocked by clk_out2_design_1_clk_wiz_0_0  {rise@0.000ns fall@100.000ns period=200.000ns})
  Destination:            design_1_i/ps7_0_axi_periph/xbar/inst/gen_sasd.crossbar_sasd_0/reg_slice_r/m_payload_i_reg[31]/D
                            (rising edge-triggered cell FDRE clocked by clk_fpga_0  {rise@0.000ns fall@5.000ns period=10.000ns})
  Path Group:             clk_fpga_0
  Path Type:              Setup (Max at Slow Process Corner)
  Requirement:            10.000ns  (clk_fpga_0 rise@10.000ns - clk_out2_design_1_clk_wiz_0_0 rise@0.000ns)
  Data Path Delay:        8.284ns  (logic 0.828ns (9.995%)  route 7.456ns (90.005%))
  Logic Levels:           3  (LUT5=2 LUT6=1)
  Clock Path Skew:        3.707ns (DCD - SCD + CPR)
    Destination Clock Delay (DCD):    2.832ns = ( 12.832 - 10.000 ) 
    Source Clock Delay      (SCD):    -0.874ns
    Clock Pessimism Removal (CPR):    0.000ns
  Clock Uncertainty:      0.698ns  ((TSJ^2 + TIJ^2 + DJ^2)^1/2) / 2 + PE
    Total System Jitter     (TSJ):    0.071ns
    Total Input Jitter      (TIJ):    0.300ns
    Discrete Jitter          (DJ):    0.631ns
    Phase Error              (PE):    0.347ns
  Clock Domain Crossing:  Inter clock paths are considered valid unless explicitly excluded by timing constraints such as set_clock_groups or set_false_path.

    Location             Delay type                Incr(ns)  Path(ns)    Netlist Resource(s)
  -------------------------------------------------------------------    -------------------
                         (clock clk_out2_design_1_clk_wiz_0_0 rise edge)
                                                      0.000     0.000 r  
    H16                                               0.000     0.000 r  clk_in1_0 (IN)
                         net (fo=0)                   0.000     0.000    design_1_i/clk_wiz_0/inst/clk_in1
    H16                  IBUF (Prop_ibuf_I_O)         1.451     1.451 r  design_1_i/clk_wiz_0/inst/clkin1_ibufg/O
                         net (fo=1, routed)           1.285     2.736    design_1_i/clk_wiz_0/inst/clk_in1_design_1_clk_wiz_0_0
    MMCME2_ADV_X1Y2      MMCME2_ADV (Prop_mmcme2_adv_CLKIN1_CLKOUT1)
                                                     -7.759    -5.023 r  design_1_i/clk_wiz_0/inst/mmcm_adv_inst/CLKOUT1
                         net (fo=1, routed)           2.206    -2.817    design_1_i/clk_wiz_0/inst/clk_out2_design_1_clk_wiz_0_0
    BUFGCTRL_X0Y18       BUFG (Prop_bufg_I_O)         0.101    -2.716 r  design_1_i/clk_wiz_0/inst/clkout2_buf/O
                         net (fo=66, routed)          1.842    -0.874    design_1_i/eFPGA_AXI_LM393_driv_1/U0/eFPGA_AXI_LM393_driver_slave_lite_v1_0_S00_AXI_inst/speedsensor_instance/clk
    SLICE_X41Y107        FDRE                                         r  design_1_i/eFPGA_AXI_LM393_driv_1/U0/eFPGA_AXI_LM393_driver_slave_lite_v1_0_S00_AXI_inst/speedsensor_instance/result_reg[28]/C
  -------------------------------------------------------------------    -------------------
    SLICE_X41Y107        FDRE (Prop_fdre_C_Q)         0.456    -0.418 r  design_1_i/eFPGA_AXI_LM393_driv_1/U0/eFPGA_AXI_LM393_driver_slave_lite_v1_0_S00_AXI_inst/speedsensor_instance/result_reg[28]/Q
                         net (fo=1, routed)           2.559     2.141    design_1_i/eFPGA_AXI_LM393_driv_1/U0/eFPGA_AXI_LM393_driver_slave_lite_v1_0_S00_AXI_inst/result[28]
    SLICE_X39Y107        LUT6 (Prop_lut6_I1_O)        0.124     2.265 r  design_1_i/eFPGA_AXI_LM393_driv_1/U0/eFPGA_AXI_LM393_driver_slave_lite_v1_0_S00_AXI_inst/s00_axi_rdata[28]_INST_0/O
                         net (fo=1, routed)           1.835     4.100    design_1_i/ps7_0_axi_periph/xbar/inst/gen_sasd.crossbar_sasd_0/reg_slice_r/m_axi_rdata[124]
    SLICE_X39Y107        LUT5 (Prop_lut5_I0_O)        0.124     4.224 r  design_1_i/ps7_0_axi_periph/xbar/inst/gen_sasd.crossbar_sasd_0/reg_slice_r/m_payload_i[31]_i_2/O
                         net (fo=1, routed)           2.007     6.231    design_1_i/ps7_0_axi_periph/xbar/inst/gen_sasd.crossbar_sasd_0/reg_slice_r/m_payload_i[31]_i_2_n_0
    SLICE_X37Y107        LUT5 (Prop_lut5_I2_O)        0.124     6.355 r  design_1_i/ps7_0_axi_periph/xbar/inst/gen_sasd.crossbar_sasd_0/reg_slice_r/m_payload_i[31]_i_1/O
                         net (fo=2, routed)           1.055     7.410    design_1_i/ps7_0_axi_periph/xbar/inst/gen_sasd.crossbar_sasd_0/reg_slice_r/skid_buffer[31]
    SLICE_X33Y103        FDRE                                         r  design_1_i/ps7_0_axi_periph/xbar/inst/gen_sasd.crossbar_sasd_0/reg_slice_r/m_payload_i_reg[31]/D
  -------------------------------------------------------------------    -------------------

                         (clock clk_fpga_0 rise edge)
                                                     10.000    10.000 r  
    PS7_X0Y0             PS7                          0.000    10.000 r  design_1_i/processing_system7_0/inst/PS7_i/FCLKCLK[0]
                         net (fo=1, routed)           1.088    11.088    design_1_i/processing_system7_0/inst/FCLK_CLK_unbuffered[0]
    BUFGCTRL_X0Y16       BUFG (Prop_bufg_I_O)         0.091    11.179 r  design_1_i/processing_system7_0/inst/buffer_fclk_clk_0.FCLK_CLK_0_BUFG/O
                         net (fo=1540, routed)        1.653    12.832    design_1_i/ps7_0_axi_periph/xbar/inst/gen_sasd.crossbar_sasd_0/reg_slice_r/aclk
    SLICE_X33Y103        FDRE                                         r  design_1_i/ps7_0_axi_periph/xbar/inst/gen_sasd.crossbar_sasd_0/reg_slice_r/m_payload_i_reg[31]/C
                         clock pessimism              0.000    12.832    
                         clock uncertainty           -0.698    12.134    
    SLICE_X33Y103        FDRE (Setup_fdre_C_D)       -0.061    12.073    design_1_i/ps7_0_axi_periph/xbar/inst/gen_sasd.crossbar_sasd_0/reg_slice_r/m_payload_i_reg[31]
  -------------------------------------------------------------------
                         required time                         12.073    
                         arrival time                          -7.410    
  -------------------------------------------------------------------
                         slack                                  4.663    

Slack (MET) :             4.679ns  (required time - arrival time)
  Source:                 design_1_i/eFPGA_AXI_LM393_driv_1/U0/eFPGA_AXI_LM393_driver_slave_lite_v1_0_S00_AXI_inst/speedsensor_instance/result_reg[9]/C
                            (rising edge-triggered cell FDRE clocked by clk_out2_design_1_clk_wiz_0_0  {rise@0.000ns fall@100.000ns period=200.000ns})
  Destination:            design_1_i/ps7_0_axi_periph/xbar/inst/gen_sasd.crossbar_sasd_0/reg_slice_r/skid_buffer_reg[12]/D
                            (rising edge-triggered cell FDRE clocked by clk_fpga_0  {rise@0.000ns fall@5.000ns period=10.000ns})
  Path Group:             clk_fpga_0
  Path Type:              Setup (Max at Slow Process Corner)
  Requirement:            10.000ns  (clk_fpga_0 rise@10.000ns - clk_out2_design_1_clk_wiz_0_0 rise@0.000ns)
  Data Path Delay:        8.085ns  (logic 0.828ns (10.241%)  route 7.257ns (89.759%))
  Logic Levels:           3  (LUT5=2 LUT6=1)
  Clock Path Skew:        3.529ns (DCD - SCD + CPR)
    Destination Clock Delay (DCD):    2.657ns = ( 12.657 - 10.000 ) 
    Source Clock Delay      (SCD):    -0.872ns
    Clock Pessimism Removal (CPR):    0.000ns
  Clock Uncertainty:      0.698ns  ((TSJ^2 + TIJ^2 + DJ^2)^1/2) / 2 + PE
    Total System Jitter     (TSJ):    0.071ns
    Total Input Jitter      (TIJ):    0.300ns
    Discrete Jitter          (DJ):    0.631ns
    Phase Error              (PE):    0.347ns
  Clock Domain Crossing:  Inter clock paths are considered valid unless explicitly excluded by timing constraints such as set_clock_groups or set_false_path.

    Location             Delay type                Incr(ns)  Path(ns)    Netlist Resource(s)
  -------------------------------------------------------------------    -------------------
                         (clock clk_out2_design_1_clk_wiz_0_0 rise edge)
                                                      0.000     0.000 r  
    H16                                               0.000     0.000 r  clk_in1_0 (IN)
                         net (fo=0)                   0.000     0.000    design_1_i/clk_wiz_0/inst/clk_in1
    H16                  IBUF (Prop_ibuf_I_O)         1.451     1.451 r  design_1_i/clk_wiz_0/inst/clkin1_ibufg/O
                         net (fo=1, routed)           1.285     2.736    design_1_i/clk_wiz_0/inst/clk_in1_design_1_clk_wiz_0_0
    MMCME2_ADV_X1Y2      MMCME2_ADV (Prop_mmcme2_adv_CLKIN1_CLKOUT1)
                                                     -7.759    -5.023 r  design_1_i/clk_wiz_0/inst/mmcm_adv_inst/CLKOUT1
                         net (fo=1, routed)           2.206    -2.817    design_1_i/clk_wiz_0/inst/clk_out2_design_1_clk_wiz_0_0
    BUFGCTRL_X0Y18       BUFG (Prop_bufg_I_O)         0.101    -2.716 r  design_1_i/clk_wiz_0/inst/clkout2_buf/O
                         net (fo=66, routed)          1.844    -0.872    design_1_i/eFPGA_AXI_LM393_driv_1/U0/eFPGA_AXI_LM393_driver_slave_lite_v1_0_S00_AXI_inst/speedsensor_instance/clk
    SLICE_X45Y101        FDRE                                         r  design_1_i/eFPGA_AXI_LM393_driv_1/U0/eFPGA_AXI_LM393_driver_slave_lite_v1_0_S00_AXI_inst/speedsensor_instance/result_reg[9]/C
  -------------------------------------------------------------------    -------------------
    SLICE_X45Y101        FDRE (Prop_fdre_C_Q)         0.456    -0.416 r  design_1_i/eFPGA_AXI_LM393_driv_1/U0/eFPGA_AXI_LM393_driver_slave_lite_v1_0_S00_AXI_inst/speedsensor_instance/result_reg[9]/Q
                         net (fo=1, routed)           0.814     0.398    design_1_i/eFPGA_AXI_LM393_driv_1/U0/eFPGA_AXI_LM393_driver_slave_lite_v1_0_S00_AXI_inst/result[9]
    SLICE_X43Y100        LUT6 (Prop_lut6_I1_O)        0.124     0.522 r  design_1_i/eFPGA_AXI_LM393_driv_1/U0/eFPGA_AXI_LM393_driver_slave_lite_v1_0_S00_AXI_inst/s00_axi_rdata[9]_INST_0/O
                         net (fo=1, routed)           0.969     1.491    design_1_i/ps7_0_axi_periph/xbar/inst/gen_sasd.crossbar_sasd_0/reg_slice_r/m_axi_rdata[105]
    SLICE_X43Y92         LUT5 (Prop_lut5_I4_O)        0.124     1.615 r  design_1_i/ps7_0_axi_periph/xbar/inst/gen_sasd.crossbar_sasd_0/reg_slice_r/m_payload_i[12]_i_3/O
                         net (fo=1, routed)           0.756     2.371    design_1_i/ps7_0_axi_periph/xbar/inst/gen_sasd.crossbar_sasd_0/reg_slice_r/m_payload_i[12]_i_3_n_0
    SLICE_X40Y92         LUT5 (Prop_lut5_I3_O)        0.124     2.495 r  design_1_i/ps7_0_axi_periph/xbar/inst/gen_sasd.crossbar_sasd_0/reg_slice_r/m_payload_i[12]_i_1/O
                         net (fo=2, routed)           4.718     7.213    design_1_i/ps7_0_axi_periph/xbar/inst/gen_sasd.crossbar_sasd_0/reg_slice_r/skid_buffer[12]
    SLICE_X40Y92         FDRE                                         r  design_1_i/ps7_0_axi_periph/xbar/inst/gen_sasd.crossbar_sasd_0/reg_slice_r/skid_buffer_reg[12]/D
  -------------------------------------------------------------------    -------------------

                         (clock clk_fpga_0 rise edge)
                                                     10.000    10.000 r  
    PS7_X0Y0             PS7                          0.000    10.000 r  design_1_i/processing_system7_0/inst/PS7_i/FCLKCLK[0]
                         net (fo=1, routed)           1.088    11.088    design_1_i/processing_system7_0/inst/FCLK_CLK_unbuffered[0]
    BUFGCTRL_X0Y16       BUFG (Prop_bufg_I_O)         0.091    11.179 r  design_1_i/processing_system7_0/inst/buffer_fclk_clk_0.FCLK_CLK_0_BUFG/O
                         net (fo=1540, routed)        1.478    12.657    design_1_i/ps7_0_axi_periph/xbar/inst/gen_sasd.crossbar_sasd_0/reg_slice_r/aclk
    SLICE_X40Y92         FDRE                                         r  design_1_i/ps7_0_axi_periph/xbar/inst/gen_sasd.crossbar_sasd_0/reg_slice_r/skid_buffer_reg[12]/C
                         clock pessimism              0.000    12.657    
                         clock uncertainty           -0.698    11.959    
    SLICE_X40Y92         FDRE (Setup_fdre_C_D)       -0.067    11.892    design_1_i/ps7_0_axi_periph/xbar/inst/gen_sasd.crossbar_sasd_0/reg_slice_r/skid_buffer_reg[12]
  -------------------------------------------------------------------
                         required time                         11.892    
                         arrival time                          -7.213    
  -------------------------------------------------------------------
                         slack                                  4.679    

Slack (MET) :             4.731ns  (required time - arrival time)
  Source:                 design_1_i/eFPGA_AXI_LM393_driv_1/U0/eFPGA_AXI_LM393_driver_slave_lite_v1_0_S00_AXI_inst/speedsensor_instance/result_reg[12]/C
                            (rising edge-triggered cell FDRE clocked by clk_out2_design_1_clk_wiz_0_0  {rise@0.000ns fall@100.000ns period=200.000ns})
  Destination:            design_1_i/ps7_0_axi_periph/xbar/inst/gen_sasd.crossbar_sasd_0/reg_slice_r/m_payload_i_reg[15]/D
                            (rising edge-triggered cell FDRE clocked by clk_fpga_0  {rise@0.000ns fall@5.000ns period=10.000ns})
  Path Group:             clk_fpga_0
  Path Type:              Setup (Max at Slow Process Corner)
  Requirement:            10.000ns  (clk_fpga_0 rise@10.000ns - clk_out2_design_1_clk_wiz_0_0 rise@0.000ns)
  Data Path Delay:        8.008ns  (logic 0.890ns (11.114%)  route 7.118ns (88.886%))
  Logic Levels:           3  (LUT5=2 LUT6=1)
  Clock Path Skew:        3.529ns (DCD - SCD + CPR)
    Destination Clock Delay (DCD):    2.657ns = ( 12.657 - 10.000 ) 
    Source Clock Delay      (SCD):    -0.872ns
    Clock Pessimism Removal (CPR):    0.000ns
  Clock Uncertainty:      0.698ns  ((TSJ^2 + TIJ^2 + DJ^2)^1/2) / 2 + PE
    Total System Jitter     (TSJ):    0.071ns
    Total Input Jitter      (TIJ):    0.300ns
    Discrete Jitter          (DJ):    0.631ns
    Phase Error              (PE):    0.347ns
  Clock Domain Crossing:  Inter clock paths are considered valid unless explicitly excluded by timing constraints such as set_clock_groups or set_false_path.

    Location             Delay type                Incr(ns)  Path(ns)    Netlist Resource(s)
  -------------------------------------------------------------------    -------------------
                         (clock clk_out2_design_1_clk_wiz_0_0 rise edge)
                                                      0.000     0.000 r  
    H16                                               0.000     0.000 r  clk_in1_0 (IN)
                         net (fo=0)                   0.000     0.000    design_1_i/clk_wiz_0/inst/clk_in1
    H16                  IBUF (Prop_ibuf_I_O)         1.451     1.451 r  design_1_i/clk_wiz_0/inst/clkin1_ibufg/O
                         net (fo=1, routed)           1.285     2.736    design_1_i/clk_wiz_0/inst/clk_in1_design_1_clk_wiz_0_0
    MMCME2_ADV_X1Y2      MMCME2_ADV (Prop_mmcme2_adv_CLKIN1_CLKOUT1)
                                                     -7.759    -5.023 r  design_1_i/clk_wiz_0/inst/mmcm_adv_inst/CLKOUT1
                         net (fo=1, routed)           2.206    -2.817    design_1_i/clk_wiz_0/inst/clk_out2_design_1_clk_wiz_0_0
    BUFGCTRL_X0Y18       BUFG (Prop_bufg_I_O)         0.101    -2.716 r  design_1_i/clk_wiz_0/inst/clkout2_buf/O
                         net (fo=66, routed)          1.844    -0.872    design_1_i/eFPGA_AXI_LM393_driv_1/U0/eFPGA_AXI_LM393_driver_slave_lite_v1_0_S00_AXI_inst/speedsensor_instance/clk
    SLICE_X42Y102        FDRE                                         r  design_1_i/eFPGA_AXI_LM393_driv_1/U0/eFPGA_AXI_LM393_driver_slave_lite_v1_0_S00_AXI_inst/speedsensor_instance/result_reg[12]/C
  -------------------------------------------------------------------    -------------------
    SLICE_X42Y102        FDRE (Prop_fdre_C_Q)         0.518    -0.354 r  design_1_i/eFPGA_AXI_LM393_driv_1/U0/eFPGA_AXI_LM393_driver_slave_lite_v1_0_S00_AXI_inst/speedsensor_instance/result_reg[12]/Q
                         net (fo=1, routed)           0.951     0.597    design_1_i/eFPGA_AXI_LM393_driv_1/U0/eFPGA_AXI_LM393_driver_slave_lite_v1_0_S00_AXI_inst/result[12]
    SLICE_X40Y99         LUT6 (Prop_lut6_I1_O)        0.124     0.721 r  design_1_i/eFPGA_AXI_LM393_driv_1/U0/eFPGA_AXI_LM393_driver_slave_lite_v1_0_S00_AXI_inst/s00_axi_rdata[12]_INST_0/O
                         net (fo=1, routed)           0.722     1.443    design_1_i/ps7_0_axi_periph/xbar/inst/gen_sasd.crossbar_sasd_0/reg_slice_r/m_axi_rdata[108]
    SLICE_X40Y96         LUT5 (Prop_lut5_I0_O)        0.124     1.567 r  design_1_i/ps7_0_axi_periph/xbar/inst/gen_sasd.crossbar_sasd_0/reg_slice_r/m_payload_i[15]_i_3/O
                         net (fo=1, routed)           0.859     2.426    design_1_i/ps7_0_axi_periph/xbar/inst/gen_sasd.crossbar_sasd_0/reg_slice_r/m_payload_i[15]_i_3_n_0
    SLICE_X42Y95         LUT5 (Prop_lut5_I3_O)        0.124     2.550 r  design_1_i/ps7_0_axi_periph/xbar/inst/gen_sasd.crossbar_sasd_0/reg_slice_r/m_payload_i[15]_i_1/O
                         net (fo=2, routed)           4.586     7.135    design_1_i/ps7_0_axi_periph/xbar/inst/gen_sasd.crossbar_sasd_0/reg_slice_r/skid_buffer[15]
    SLICE_X35Y90         FDRE                                         r  design_1_i/ps7_0_axi_periph/xbar/inst/gen_sasd.crossbar_sasd_0/reg_slice_r/m_payload_i_reg[15]/D
  -------------------------------------------------------------------    -------------------

                         (clock clk_fpga_0 rise edge)
                                                     10.000    10.000 r  
    PS7_X0Y0             PS7                          0.000    10.000 r  design_1_i/processing_system7_0/inst/PS7_i/FCLKCLK[0]
                         net (fo=1, routed)           1.088    11.088    design_1_i/processing_system7_0/inst/FCLK_CLK_unbuffered[0]
    BUFGCTRL_X0Y16       BUFG (Prop_bufg_I_O)         0.091    11.179 r  design_1_i/processing_system7_0/inst/buffer_fclk_clk_0.FCLK_CLK_0_BUFG/O
                         net (fo=1540, routed)        1.478    12.657    design_1_i/ps7_0_axi_periph/xbar/inst/gen_sasd.crossbar_sasd_0/reg_slice_r/aclk
    SLICE_X35Y90         FDRE                                         r  design_1_i/ps7_0_axi_periph/xbar/inst/gen_sasd.crossbar_sasd_0/reg_slice_r/m_payload_i_reg[15]/C
                         clock pessimism              0.000    12.657    
                         clock uncertainty           -0.698    11.959    
    SLICE_X35Y90         FDRE (Setup_fdre_C_D)       -0.092    11.867    design_1_i/ps7_0_axi_periph/xbar/inst/gen_sasd.crossbar_sasd_0/reg_slice_r/m_payload_i_reg[15]
  -------------------------------------------------------------------
                         required time                         11.867    
                         arrival time                          -7.135    
  -------------------------------------------------------------------
                         slack                                  4.731    

Slack (MET) :             4.748ns  (required time - arrival time)
  Source:                 design_1_i/eFPGA_AXI_LM393_driv_1/U0/eFPGA_AXI_LM393_driver_slave_lite_v1_0_S00_AXI_inst/speedsensor_instance/result_reg[26]/C
                            (rising edge-triggered cell FDRE clocked by clk_out2_design_1_clk_wiz_0_0  {rise@0.000ns fall@100.000ns period=200.000ns})
  Destination:            design_1_i/ps7_0_axi_periph/xbar/inst/gen_sasd.crossbar_sasd_0/reg_slice_r/m_payload_i_reg[29]/D
                            (rising edge-triggered cell FDRE clocked by clk_fpga_0  {rise@0.000ns fall@5.000ns period=10.000ns})
  Path Group:             clk_fpga_0
  Path Type:              Setup (Max at Slow Process Corner)
  Requirement:            10.000ns  (clk_fpga_0 rise@10.000ns - clk_out2_design_1_clk_wiz_0_0 rise@0.000ns)
  Data Path Delay:        8.179ns  (logic 0.828ns (10.124%)  route 7.351ns (89.876%))
  Logic Levels:           3  (LUT5=2 LUT6=1)
  Clock Path Skew:        3.707ns (DCD - SCD + CPR)
    Destination Clock Delay (DCD):    2.832ns = ( 12.832 - 10.000 ) 
    Source Clock Delay      (SCD):    -0.874ns
    Clock Pessimism Removal (CPR):    0.000ns
  Clock Uncertainty:      0.698ns  ((TSJ^2 + TIJ^2 + DJ^2)^1/2) / 2 + PE
    Total System Jitter     (TSJ):    0.071ns
    Total Input Jitter      (TIJ):    0.300ns
    Discrete Jitter          (DJ):    0.631ns
    Phase Error              (PE):    0.347ns
  Clock Domain Crossing:  Inter clock paths are considered valid unless explicitly excluded by timing constraints such as set_clock_groups or set_false_path.

    Location             Delay type                Incr(ns)  Path(ns)    Netlist Resource(s)
  -------------------------------------------------------------------    -------------------
                         (clock clk_out2_design_1_clk_wiz_0_0 rise edge)
                                                      0.000     0.000 r  
    H16                                               0.000     0.000 r  clk_in1_0 (IN)
                         net (fo=0)                   0.000     0.000    design_1_i/clk_wiz_0/inst/clk_in1
    H16                  IBUF (Prop_ibuf_I_O)         1.451     1.451 r  design_1_i/clk_wiz_0/inst/clkin1_ibufg/O
                         net (fo=1, routed)           1.285     2.736    design_1_i/clk_wiz_0/inst/clk_in1_design_1_clk_wiz_0_0
    MMCME2_ADV_X1Y2      MMCME2_ADV (Prop_mmcme2_adv_CLKIN1_CLKOUT1)
                                                     -7.759    -5.023 r  design_1_i/clk_wiz_0/inst/mmcm_adv_inst/CLKOUT1
                         net (fo=1, routed)           2.206    -2.817    design_1_i/clk_wiz_0/inst/clk_out2_design_1_clk_wiz_0_0
    BUFGCTRL_X0Y18       BUFG (Prop_bufg_I_O)         0.101    -2.716 r  design_1_i/clk_wiz_0/inst/clkout2_buf/O
                         net (fo=66, routed)          1.842    -0.874    design_1_i/eFPGA_AXI_LM393_driv_1/U0/eFPGA_AXI_LM393_driver_slave_lite_v1_0_S00_AXI_inst/speedsensor_instance/clk
    SLICE_X41Y107        FDRE                                         r  design_1_i/eFPGA_AXI_LM393_driv_1/U0/eFPGA_AXI_LM393_driver_slave_lite_v1_0_S00_AXI_inst/speedsensor_instance/result_reg[26]/C
  -------------------------------------------------------------------    -------------------
    SLICE_X41Y107        FDRE (Prop_fdre_C_Q)         0.456    -0.418 r  design_1_i/eFPGA_AXI_LM393_driv_1/U0/eFPGA_AXI_LM393_driver_slave_lite_v1_0_S00_AXI_inst/speedsensor_instance/result_reg[26]/Q
                         net (fo=1, routed)           2.305     1.887    design_1_i/eFPGA_AXI_LM393_driv_1/U0/eFPGA_AXI_LM393_driver_slave_lite_v1_0_S00_AXI_inst/result[26]
    SLICE_X39Y107        LUT6 (Prop_lut6_I1_O)        0.124     2.011 r  design_1_i/eFPGA_AXI_LM393_driv_1/U0/eFPGA_AXI_LM393_driver_slave_lite_v1_0_S00_AXI_inst/s00_axi_rdata[26]_INST_0/O
                         net (fo=1, routed)           2.258     4.269    design_1_i/ps7_0_axi_periph/xbar/inst/gen_sasd.crossbar_sasd_0/reg_slice_r/m_axi_rdata[122]
    SLICE_X35Y106        LUT5 (Prop_lut5_I0_O)        0.124     4.393 r  design_1_i/ps7_0_axi_periph/xbar/inst/gen_sasd.crossbar_sasd_0/reg_slice_r/m_payload_i[29]_i_2/O
                         net (fo=1, routed)           2.026     6.419    design_1_i/ps7_0_axi_periph/xbar/inst/gen_sasd.crossbar_sasd_0/reg_slice_r/m_payload_i[29]_i_2_n_0
    SLICE_X35Y106        LUT5 (Prop_lut5_I2_O)        0.124     6.543 r  design_1_i/ps7_0_axi_periph/xbar/inst/gen_sasd.crossbar_sasd_0/reg_slice_r/m_payload_i[29]_i_1/O
                         net (fo=2, routed)           0.761     7.305    design_1_i/ps7_0_axi_periph/xbar/inst/gen_sasd.crossbar_sasd_0/reg_slice_r/skid_buffer[29]
    SLICE_X33Y103        FDRE                                         r  design_1_i/ps7_0_axi_periph/xbar/inst/gen_sasd.crossbar_sasd_0/reg_slice_r/m_payload_i_reg[29]/D
  -------------------------------------------------------------------    -------------------

                         (clock clk_fpga_0 rise edge)
                                                     10.000    10.000 r  
    PS7_X0Y0             PS7                          0.000    10.000 r  design_1_i/processing_system7_0/inst/PS7_i/FCLKCLK[0]
                         net (fo=1, routed)           1.088    11.088    design_1_i/processing_system7_0/inst/FCLK_CLK_unbuffered[0]
    BUFGCTRL_X0Y16       BUFG (Prop_bufg_I_O)         0.091    11.179 r  design_1_i/processing_system7_0/inst/buffer_fclk_clk_0.FCLK_CLK_0_BUFG/O
                         net (fo=1540, routed)        1.653    12.832    design_1_i/ps7_0_axi_periph/xbar/inst/gen_sasd.crossbar_sasd_0/reg_slice_r/aclk
    SLICE_X33Y103        FDRE                                         r  design_1_i/ps7_0_axi_periph/xbar/inst/gen_sasd.crossbar_sasd_0/reg_slice_r/m_payload_i_reg[29]/C
                         clock pessimism              0.000    12.832    
                         clock uncertainty           -0.698    12.134    
    SLICE_X33Y103        FDRE (Setup_fdre_C_D)       -0.081    12.053    design_1_i/ps7_0_axi_periph/xbar/inst/gen_sasd.crossbar_sasd_0/reg_slice_r/m_payload_i_reg[29]
  -------------------------------------------------------------------
                         required time                         12.053    
                         arrival time                          -7.305    
  -------------------------------------------------------------------
                         slack                                  4.748    

Slack (MET) :             4.774ns  (required time - arrival time)
  Source:                 design_1_i/eFPGA_AXI_LM393_driv_1/U0/eFPGA_AXI_LM393_driver_slave_lite_v1_0_S00_AXI_inst/speedsensor_instance/result_reg[11]/C
                            (rising edge-triggered cell FDRE clocked by clk_out2_design_1_clk_wiz_0_0  {rise@0.000ns fall@100.000ns period=200.000ns})
  Destination:            design_1_i/ps7_0_axi_periph/xbar/inst/gen_sasd.crossbar_sasd_0/reg_slice_r/m_payload_i_reg[14]/D
                            (rising edge-triggered cell FDRE clocked by clk_fpga_0  {rise@0.000ns fall@5.000ns period=10.000ns})
  Path Group:             clk_fpga_0
  Path Type:              Setup (Max at Slow Process Corner)
  Requirement:            10.000ns  (clk_fpga_0 rise@10.000ns - clk_out2_design_1_clk_wiz_0_0 rise@0.000ns)
  Data Path Delay:        7.964ns  (logic 0.828ns (10.397%)  route 7.136ns (89.603%))
  Logic Levels:           3  (LUT5=2 LUT6=1)
  Clock Path Skew:        3.529ns (DCD - SCD + CPR)
    Destination Clock Delay (DCD):    2.657ns = ( 12.657 - 10.000 ) 
    Source Clock Delay      (SCD):    -0.872ns
    Clock Pessimism Removal (CPR):    0.000ns
  Clock Uncertainty:      0.698ns  ((TSJ^2 + TIJ^2 + DJ^2)^1/2) / 2 + PE
    Total System Jitter     (TSJ):    0.071ns
    Total Input Jitter      (TIJ):    0.300ns
    Discrete Jitter          (DJ):    0.631ns
    Phase Error              (PE):    0.347ns
  Clock Domain Crossing:  Inter clock paths are considered valid unless explicitly excluded by timing constraints such as set_clock_groups or set_false_path.

    Location             Delay type                Incr(ns)  Path(ns)    Netlist Resource(s)
  -------------------------------------------------------------------    -------------------
                         (clock clk_out2_design_1_clk_wiz_0_0 rise edge)
                                                      0.000     0.000 r  
    H16                                               0.000     0.000 r  clk_in1_0 (IN)
                         net (fo=0)                   0.000     0.000    design_1_i/clk_wiz_0/inst/clk_in1
    H16                  IBUF (Prop_ibuf_I_O)         1.451     1.451 r  design_1_i/clk_wiz_0/inst/clkin1_ibufg/O
                         net (fo=1, routed)           1.285     2.736    design_1_i/clk_wiz_0/inst/clk_in1_design_1_clk_wiz_0_0
    MMCME2_ADV_X1Y2      MMCME2_ADV (Prop_mmcme2_adv_CLKIN1_CLKOUT1)
                                                     -7.759    -5.023 r  design_1_i/clk_wiz_0/inst/mmcm_adv_inst/CLKOUT1
                         net (fo=1, routed)           2.206    -2.817    design_1_i/clk_wiz_0/inst/clk_out2_design_1_clk_wiz_0_0
    BUFGCTRL_X0Y18       BUFG (Prop_bufg_I_O)         0.101    -2.716 r  design_1_i/clk_wiz_0/inst/clkout2_buf/O
                         net (fo=66, routed)          1.844    -0.872    design_1_i/eFPGA_AXI_LM393_driv_1/U0/eFPGA_AXI_LM393_driver_slave_lite_v1_0_S00_AXI_inst/speedsensor_instance/clk
    SLICE_X45Y101        FDRE                                         r  design_1_i/eFPGA_AXI_LM393_driv_1/U0/eFPGA_AXI_LM393_driver_slave_lite_v1_0_S00_AXI_inst/speedsensor_instance/result_reg[11]/C
  -------------------------------------------------------------------    -------------------
    SLICE_X45Y101        FDRE (Prop_fdre_C_Q)         0.456    -0.416 r  design_1_i/eFPGA_AXI_LM393_driv_1/U0/eFPGA_AXI_LM393_driver_slave_lite_v1_0_S00_AXI_inst/speedsensor_instance/result_reg[11]/Q
                         net (fo=1, routed)           1.091     0.675    design_1_i/eFPGA_AXI_LM393_driv_1/U0/eFPGA_AXI_LM393_driver_slave_lite_v1_0_S00_AXI_inst/result[11]
    SLICE_X42Y99         LUT6 (Prop_lut6_I1_O)        0.124     0.799 r  design_1_i/eFPGA_AXI_LM393_driv_1/U0/eFPGA_AXI_LM393_driver_slave_lite_v1_0_S00_AXI_inst/s00_axi_rdata[11]_INST_0/O
                         net (fo=1, routed)           0.446     1.245    design_1_i/ps7_0_axi_periph/xbar/inst/gen_sasd.crossbar_sasd_0/reg_slice_r/m_axi_rdata[107]
    SLICE_X40Y99         LUT5 (Prop_lut5_I4_O)        0.124     1.369 r  design_1_i/ps7_0_axi_periph/xbar/inst/gen_sasd.crossbar_sasd_0/reg_slice_r/m_payload_i[14]_i_3/O
                         net (fo=1, routed)           0.634     2.003    design_1_i/ps7_0_axi_periph/xbar/inst/gen_sasd.crossbar_sasd_0/reg_slice_r/m_payload_i[14]_i_3_n_0
    SLICE_X40Y95         LUT5 (Prop_lut5_I3_O)        0.124     2.127 r  design_1_i/ps7_0_axi_periph/xbar/inst/gen_sasd.crossbar_sasd_0/reg_slice_r/m_payload_i[14]_i_1/O
                         net (fo=2, routed)           4.964     7.091    design_1_i/ps7_0_axi_periph/xbar/inst/gen_sasd.crossbar_sasd_0/reg_slice_r/skid_buffer[14]
    SLICE_X35Y90         FDRE                                         r  design_1_i/ps7_0_axi_periph/xbar/inst/gen_sasd.crossbar_sasd_0/reg_slice_r/m_payload_i_reg[14]/D
  -------------------------------------------------------------------    -------------------

                         (clock clk_fpga_0 rise edge)
                                                     10.000    10.000 r  
    PS7_X0Y0             PS7                          0.000    10.000 r  design_1_i/processing_system7_0/inst/PS7_i/FCLKCLK[0]
                         net (fo=1, routed)           1.088    11.088    design_1_i/processing_system7_0/inst/FCLK_CLK_unbuffered[0]
    BUFGCTRL_X0Y16       BUFG (Prop_bufg_I_O)         0.091    11.179 r  design_1_i/processing_system7_0/inst/buffer_fclk_clk_0.FCLK_CLK_0_BUFG/O
                         net (fo=1540, routed)        1.478    12.657    design_1_i/ps7_0_axi_periph/xbar/inst/gen_sasd.crossbar_sasd_0/reg_slice_r/aclk
    SLICE_X35Y90         FDRE                                         r  design_1_i/ps7_0_axi_periph/xbar/inst/gen_sasd.crossbar_sasd_0/reg_slice_r/m_payload_i_reg[14]/C
                         clock pessimism              0.000    12.657    
                         clock uncertainty           -0.698    11.959    
    SLICE_X35Y90         FDRE (Setup_fdre_C_D)       -0.093    11.866    design_1_i/ps7_0_axi_periph/xbar/inst/gen_sasd.crossbar_sasd_0/reg_slice_r/m_payload_i_reg[14]
  -------------------------------------------------------------------
                         required time                         11.866    
                         arrival time                          -7.091    
  -------------------------------------------------------------------
                         slack                                  4.774    

Slack (MET) :             4.875ns  (required time - arrival time)
  Source:                 design_1_i/eFPGA_AXI_LM393_driv_1/U0/eFPGA_AXI_LM393_driver_slave_lite_v1_0_S00_AXI_inst/speedsensor_instance/result_reg[18]/C
                            (rising edge-triggered cell FDRE clocked by clk_out2_design_1_clk_wiz_0_0  {rise@0.000ns fall@100.000ns period=200.000ns})
  Destination:            design_1_i/ps7_0_axi_periph/xbar/inst/gen_sasd.crossbar_sasd_0/reg_slice_r/m_payload_i_reg[21]/D
                            (rising edge-triggered cell FDRE clocked by clk_fpga_0  {rise@0.000ns fall@5.000ns period=10.000ns})
  Path Group:             clk_fpga_0
  Path Type:              Setup (Max at Slow Process Corner)
  Requirement:            10.000ns  (clk_fpga_0 rise@10.000ns - clk_out2_design_1_clk_wiz_0_0 rise@0.000ns)
  Data Path Delay:        8.254ns  (logic 1.102ns (13.350%)  route 7.152ns (86.650%))
  Logic Levels:           5  (LUT3=1 LUT5=1 LUT6=3)
  Clock Path Skew:        3.753ns (DCD - SCD + CPR)
    Destination Clock Delay (DCD):    2.879ns = ( 12.879 - 10.000 ) 
    Source Clock Delay      (SCD):    -0.873ns
    Clock Pessimism Removal (CPR):    0.000ns
  Clock Uncertainty:      0.698ns  ((TSJ^2 + TIJ^2 + DJ^2)^1/2) / 2 + PE
    Total System Jitter     (TSJ):    0.071ns
    Total Input Jitter      (TIJ):    0.300ns
    Discrete Jitter          (DJ):    0.631ns
    Phase Error              (PE):    0.347ns
  Clock Domain Crossing:  Inter clock paths are considered valid unless explicitly excluded by timing constraints such as set_clock_groups or set_false_path.

    Location             Delay type                Incr(ns)  Path(ns)    Netlist Resource(s)
  -------------------------------------------------------------------    -------------------
                         (clock clk_out2_design_1_clk_wiz_0_0 rise edge)
                                                      0.000     0.000 r  
    H16                                               0.000     0.000 r  clk_in1_0 (IN)
                         net (fo=0)                   0.000     0.000    design_1_i/clk_wiz_0/inst/clk_in1
    H16                  IBUF (Prop_ibuf_I_O)         1.451     1.451 r  design_1_i/clk_wiz_0/inst/clkin1_ibufg/O
                         net (fo=1, routed)           1.285     2.736    design_1_i/clk_wiz_0/inst/clk_in1_design_1_clk_wiz_0_0
    MMCME2_ADV_X1Y2      MMCME2_ADV (Prop_mmcme2_adv_CLKIN1_CLKOUT1)
                                                     -7.759    -5.023 r  design_1_i/clk_wiz_0/inst/mmcm_adv_inst/CLKOUT1
                         net (fo=1, routed)           2.206    -2.817    design_1_i/clk_wiz_0/inst/clk_out2_design_1_clk_wiz_0_0
    BUFGCTRL_X0Y18       BUFG (Prop_bufg_I_O)         0.101    -2.716 r  design_1_i/clk_wiz_0/inst/clkout2_buf/O
                         net (fo=66, routed)          1.843    -0.873    design_1_i/eFPGA_AXI_LM393_driv_1/U0/eFPGA_AXI_LM393_driver_slave_lite_v1_0_S00_AXI_inst/speedsensor_instance/clk
    SLICE_X41Y103        FDRE                                         r  design_1_i/eFPGA_AXI_LM393_driv_1/U0/eFPGA_AXI_LM393_driver_slave_lite_v1_0_S00_AXI_inst/speedsensor_instance/result_reg[18]/C
  -------------------------------------------------------------------    -------------------
    SLICE_X41Y103        FDRE (Prop_fdre_C_Q)         0.456    -0.417 r  design_1_i/eFPGA_AXI_LM393_driv_1/U0/eFPGA_AXI_LM393_driver_slave_lite_v1_0_S00_AXI_inst/speedsensor_instance/result_reg[18]/Q
                         net (fo=1, routed)           1.521     1.104    design_1_i/eFPGA_AXI_LM393_driv_1/U0/eFPGA_AXI_LM393_driver_slave_lite_v1_0_S00_AXI_inst/result[18]
    SLICE_X41Y103        LUT6 (Prop_lut6_I1_O)        0.124     1.228 r  design_1_i/eFPGA_AXI_LM393_driv_1/U0/eFPGA_AXI_LM393_driver_slave_lite_v1_0_S00_AXI_inst/s00_axi_rdata[18]_INST_0/O
                         net (fo=1, routed)           1.102     2.330    design_1_i/ps7_0_axi_periph/xbar/inst/gen_sasd.crossbar_sasd_0/reg_slice_r/m_axi_rdata[114]
    SLICE_X41Y103        LUT5 (Prop_lut5_I0_O)        0.124     2.454 r  design_1_i/ps7_0_axi_periph/xbar/inst/gen_sasd.crossbar_sasd_0/reg_slice_r/skid_buffer[21]_i_3/O
                         net (fo=1, routed)           1.110     3.564    design_1_i/ps7_0_axi_periph/xbar/inst/gen_sasd.crossbar_sasd_0/reg_slice_r/skid_buffer[21]_i_3_n_0
    SLICE_X43Y103        LUT6 (Prop_lut6_I5_O)        0.124     3.688 r  design_1_i/ps7_0_axi_periph/xbar/inst/gen_sasd.crossbar_sasd_0/reg_slice_r/skid_buffer[21]_i_2/O
                         net (fo=1, routed)           1.713     5.401    design_1_i/ps7_0_axi_periph/xbar/inst/gen_sasd.crossbar_sasd_0/reg_slice_r/skid_buffer[21]_i_2_n_0
    SLICE_X34Y100        LUT6 (Prop_lut6_I5_O)        0.124     5.525 r  design_1_i/ps7_0_axi_periph/xbar/inst/gen_sasd.crossbar_sasd_0/reg_slice_r/skid_buffer[21]_i_1/O
                         net (fo=2, routed)           1.706     7.231    design_1_i/ps7_0_axi_periph/xbar/inst/gen_sasd.crossbar_sasd_0/reg_slice_r/skid_buffer[21]_i_1_n_0
    SLICE_X31Y100        LUT3 (Prop_lut3_I0_O)        0.150     7.381 r  design_1_i/ps7_0_axi_periph/xbar/inst/gen_sasd.crossbar_sasd_0/reg_slice_r/m_payload_i[21]_i_1/O
                         net (fo=1, routed)           0.000     7.381    design_1_i/ps7_0_axi_periph/xbar/inst/gen_sasd.crossbar_sasd_0/reg_slice_r/skid_buffer[21]
    SLICE_X31Y100        FDRE                                         r  design_1_i/ps7_0_axi_periph/xbar/inst/gen_sasd.crossbar_sasd_0/reg_slice_r/m_payload_i_reg[21]/D
  -------------------------------------------------------------------    -------------------

                         (clock clk_fpga_0 rise edge)
                                                     10.000    10.000 r  
    PS7_X0Y0             PS7                          0.000    10.000 r  design_1_i/processing_system7_0/inst/PS7_i/FCLKCLK[0]
                         net (fo=1, routed)           1.088    11.088    design_1_i/processing_system7_0/inst/FCLK_CLK_unbuffered[0]
    BUFGCTRL_X0Y16       BUFG (Prop_bufg_I_O)         0.091    11.179 r  design_1_i/processing_system7_0/inst/buffer_fclk_clk_0.FCLK_CLK_0_BUFG/O
                         net (fo=1540, routed)        1.700    12.879    design_1_i/ps7_0_axi_periph/xbar/inst/gen_sasd.crossbar_sasd_0/reg_slice_r/aclk
    SLICE_X31Y100        FDRE                                         r  design_1_i/ps7_0_axi_periph/xbar/inst/gen_sasd.crossbar_sasd_0/reg_slice_r/m_payload_i_reg[21]/C
                         clock pessimism              0.000    12.879    
                         clock uncertainty           -0.698    12.181    
    SLICE_X31Y100        FDRE (Setup_fdre_C_D)        0.075    12.256    design_1_i/ps7_0_axi_periph/xbar/inst/gen_sasd.crossbar_sasd_0/reg_slice_r/m_payload_i_reg[21]
  -------------------------------------------------------------------
                         required time                         12.256    
                         arrival time                          -7.381    
  -------------------------------------------------------------------
                         slack                                  4.875    

Slack (MET) :             4.880ns  (required time - arrival time)
  Source:                 design_1_i/eFPGA_AXI_LM393_driv_1/U0/eFPGA_AXI_LM393_driver_slave_lite_v1_0_S00_AXI_inst/speedsensor_instance/result_reg[11]/C
                            (rising edge-triggered cell FDRE clocked by clk_out2_design_1_clk_wiz_0_0  {rise@0.000ns fall@100.000ns period=200.000ns})
  Destination:            design_1_i/ps7_0_axi_periph/xbar/inst/gen_sasd.crossbar_sasd_0/reg_slice_r/skid_buffer_reg[14]/D
                            (rising edge-triggered cell FDRE clocked by clk_fpga_0  {rise@0.000ns fall@5.000ns period=10.000ns})
  Path Group:             clk_fpga_0
  Path Type:              Setup (Max at Slow Process Corner)
  Requirement:            10.000ns  (clk_fpga_0 rise@10.000ns - clk_out2_design_1_clk_wiz_0_0 rise@0.000ns)
  Data Path Delay:        7.871ns  (logic 0.828ns (10.520%)  route 7.043ns (89.480%))
  Logic Levels:           3  (LUT5=2 LUT6=1)
  Clock Path Skew:        3.530ns (DCD - SCD + CPR)
    Destination Clock Delay (DCD):    2.658ns = ( 12.658 - 10.000 ) 
    Source Clock Delay      (SCD):    -0.872ns
    Clock Pessimism Removal (CPR):    0.000ns
  Clock Uncertainty:      0.698ns  ((TSJ^2 + TIJ^2 + DJ^2)^1/2) / 2 + PE
    Total System Jitter     (TSJ):    0.071ns
    Total Input Jitter      (TIJ):    0.300ns
    Discrete Jitter          (DJ):    0.631ns
    Phase Error              (PE):    0.347ns
  Clock Domain Crossing:  Inter clock paths are considered valid unless explicitly excluded by timing constraints such as set_clock_groups or set_false_path.

    Location             Delay type                Incr(ns)  Path(ns)    Netlist Resource(s)
  -------------------------------------------------------------------    -------------------
                         (clock clk_out2_design_1_clk_wiz_0_0 rise edge)
                                                      0.000     0.000 r  
    H16                                               0.000     0.000 r  clk_in1_0 (IN)
                         net (fo=0)                   0.000     0.000    design_1_i/clk_wiz_0/inst/clk_in1
    H16                  IBUF (Prop_ibuf_I_O)         1.451     1.451 r  design_1_i/clk_wiz_0/inst/clkin1_ibufg/O
                         net (fo=1, routed)           1.285     2.736    design_1_i/clk_wiz_0/inst/clk_in1_design_1_clk_wiz_0_0
    MMCME2_ADV_X1Y2      MMCME2_ADV (Prop_mmcme2_adv_CLKIN1_CLKOUT1)
                                                     -7.759    -5.023 r  design_1_i/clk_wiz_0/inst/mmcm_adv_inst/CLKOUT1
                         net (fo=1, routed)           2.206    -2.817    design_1_i/clk_wiz_0/inst/clk_out2_design_1_clk_wiz_0_0
    BUFGCTRL_X0Y18       BUFG (Prop_bufg_I_O)         0.101    -2.716 r  design_1_i/clk_wiz_0/inst/clkout2_buf/O
                         net (fo=66, routed)          1.844    -0.872    design_1_i/eFPGA_AXI_LM393_driv_1/U0/eFPGA_AXI_LM393_driver_slave_lite_v1_0_S00_AXI_inst/speedsensor_instance/clk
    SLICE_X45Y101        FDRE                                         r  design_1_i/eFPGA_AXI_LM393_driv_1/U0/eFPGA_AXI_LM393_driver_slave_lite_v1_0_S00_AXI_inst/speedsensor_instance/result_reg[11]/C
  -------------------------------------------------------------------    -------------------
    SLICE_X45Y101        FDRE (Prop_fdre_C_Q)         0.456    -0.416 r  design_1_i/eFPGA_AXI_LM393_driv_1/U0/eFPGA_AXI_LM393_driver_slave_lite_v1_0_S00_AXI_inst/speedsensor_instance/result_reg[11]/Q
                         net (fo=1, routed)           1.091     0.675    design_1_i/eFPGA_AXI_LM393_driv_1/U0/eFPGA_AXI_LM393_driver_slave_lite_v1_0_S00_AXI_inst/result[11]
    SLICE_X42Y99         LUT6 (Prop_lut6_I1_O)        0.124     0.799 r  design_1_i/eFPGA_AXI_LM393_driv_1/U0/eFPGA_AXI_LM393_driver_slave_lite_v1_0_S00_AXI_inst/s00_axi_rdata[11]_INST_0/O
                         net (fo=1, routed)           0.446     1.245    design_1_i/ps7_0_axi_periph/xbar/inst/gen_sasd.crossbar_sasd_0/reg_slice_r/m_axi_rdata[107]
    SLICE_X40Y99         LUT5 (Prop_lut5_I4_O)        0.124     1.369 r  design_1_i/ps7_0_axi_periph/xbar/inst/gen_sasd.crossbar_sasd_0/reg_slice_r/m_payload_i[14]_i_3/O
                         net (fo=1, routed)           0.634     2.003    design_1_i/ps7_0_axi_periph/xbar/inst/gen_sasd.crossbar_sasd_0/reg_slice_r/m_payload_i[14]_i_3_n_0
    SLICE_X40Y95         LUT5 (Prop_lut5_I3_O)        0.124     2.127 r  design_1_i/ps7_0_axi_periph/xbar/inst/gen_sasd.crossbar_sasd_0/reg_slice_r/m_payload_i[14]_i_1/O
                         net (fo=2, routed)           4.872     6.999    design_1_i/ps7_0_axi_periph/xbar/inst/gen_sasd.crossbar_sasd_0/reg_slice_r/skid_buffer[14]
    SLICE_X40Y95         FDRE                                         r  design_1_i/ps7_0_axi_periph/xbar/inst/gen_sasd.crossbar_sasd_0/reg_slice_r/skid_buffer_reg[14]/D
  -------------------------------------------------------------------    -------------------

                         (clock clk_fpga_0 rise edge)
                                                     10.000    10.000 r  
    PS7_X0Y0             PS7                          0.000    10.000 r  design_1_i/processing_system7_0/inst/PS7_i/FCLKCLK[0]
                         net (fo=1, routed)           1.088    11.088    design_1_i/processing_system7_0/inst/FCLK_CLK_unbuffered[0]
    BUFGCTRL_X0Y16       BUFG (Prop_bufg_I_O)         0.091    11.179 r  design_1_i/processing_system7_0/inst/buffer_fclk_clk_0.FCLK_CLK_0_BUFG/O
                         net (fo=1540, routed)        1.479    12.658    design_1_i/ps7_0_axi_periph/xbar/inst/gen_sasd.crossbar_sasd_0/reg_slice_r/aclk
    SLICE_X40Y95         FDRE                                         r  design_1_i/ps7_0_axi_periph/xbar/inst/gen_sasd.crossbar_sasd_0/reg_slice_r/skid_buffer_reg[14]/C
                         clock pessimism              0.000    12.658    
                         clock uncertainty           -0.698    11.960    
    SLICE_X40Y95         FDRE (Setup_fdre_C_D)       -0.081    11.879    design_1_i/ps7_0_axi_periph/xbar/inst/gen_sasd.crossbar_sasd_0/reg_slice_r/skid_buffer_reg[14]
  -------------------------------------------------------------------
                         required time                         11.879    
                         arrival time                          -6.999    
  -------------------------------------------------------------------
                         slack                                  4.880    





Min Delay Paths
--------------------------------------------------------------------------------------
Slack (MET) :             0.177ns  (arrival time - required time)
  Source:                 design_1_i/eFPGA_AXI_LM393_driv_1/U0/eFPGA_AXI_LM393_driver_slave_lite_v1_0_S00_AXI_inst/speedsensor_instance/result_reg[2]/C
                            (rising edge-triggered cell FDRE clocked by clk_out2_design_1_clk_wiz_0_0  {rise@0.000ns fall@100.000ns period=200.000ns})
  Destination:            design_1_i/ps7_0_axi_periph/xbar/inst/gen_sasd.crossbar_sasd_0/reg_slice_r/skid_buffer_reg[5]/D
                            (rising edge-triggered cell FDRE clocked by clk_fpga_0  {rise@0.000ns fall@5.000ns period=10.000ns})
  Path Group:             clk_fpga_0
  Path Type:              Hold (Min at Fast Process Corner)
  Requirement:            0.000ns  (clk_fpga_0 rise@0.000ns - clk_out2_design_1_clk_wiz_0_0 rise@0.000ns)
  Data Path Delay:        2.829ns  (logic 0.276ns (9.755%)  route 2.553ns (90.245%))
  Logic Levels:           3  (LUT5=2 LUT6=1)
  Clock Path Skew:        1.863ns (DCD - SCD - CPR)
    Destination Clock Delay (DCD):    1.189ns
    Source Clock Delay      (SCD):    -0.674ns
    Clock Pessimism Removal (CPR):    -0.000ns
  Clock Uncertainty:      0.698ns  ((TSJ^2 + TIJ^2 + DJ^2)^1/2) / 2 + PE
    Total System Jitter     (TSJ):    0.071ns
    Total Input Jitter      (TIJ):    0.300ns
    Discrete Jitter          (DJ):    0.631ns
    Phase Error              (PE):    0.347ns
  Clock Domain Crossing:  Inter clock paths are considered valid unless explicitly excluded by timing constraints such as set_clock_groups or set_false_path.

    Location             Delay type                Incr(ns)  Path(ns)    Netlist Resource(s)
  -------------------------------------------------------------------    -------------------
                         (clock clk_out2_design_1_clk_wiz_0_0 rise edge)
                                                      0.000     0.000 r  
    H16                                               0.000     0.000 r  clk_in1_0 (IN)
                         net (fo=0)                   0.000     0.000    design_1_i/clk_wiz_0/inst/clk_in1
    H16                  IBUF (Prop_ibuf_I_O)         0.219     0.219 r  design_1_i/clk_wiz_0/inst/clkin1_ibufg/O
                         net (fo=1, routed)           0.440     0.659    design_1_i/clk_wiz_0/inst/clk_in1_design_1_clk_wiz_0_0
    MMCME2_ADV_X1Y2      MMCME2_ADV (Prop_mmcme2_adv_CLKIN1_CLKOUT1)
                                                     -2.613    -1.954 r  design_1_i/clk_wiz_0/inst/mmcm_adv_inst/CLKOUT1
                         net (fo=1, routed)           0.696    -1.257    design_1_i/clk_wiz_0/inst/clk_out2_design_1_clk_wiz_0_0
    BUFGCTRL_X0Y18       BUFG (Prop_bufg_I_O)         0.026    -1.231 r  design_1_i/clk_wiz_0/inst/clkout2_buf/O
                         net (fo=66, routed)          0.557    -0.674    design_1_i/eFPGA_AXI_LM393_driv_1/U0/eFPGA_AXI_LM393_driver_slave_lite_v1_0_S00_AXI_inst/speedsensor_instance/clk
    SLICE_X45Y98         FDRE                                         r  design_1_i/eFPGA_AXI_LM393_driv_1/U0/eFPGA_AXI_LM393_driver_slave_lite_v1_0_S00_AXI_inst/speedsensor_instance/result_reg[2]/C
  -------------------------------------------------------------------    -------------------
    SLICE_X45Y98         FDRE (Prop_fdre_C_Q)         0.141    -0.533 r  design_1_i/eFPGA_AXI_LM393_driv_1/U0/eFPGA_AXI_LM393_driver_slave_lite_v1_0_S00_AXI_inst/speedsensor_instance/result_reg[2]/Q
                         net (fo=1, routed)           0.989     0.456    design_1_i/eFPGA_AXI_LM393_driv_1/U0/eFPGA_AXI_LM393_driver_slave_lite_v1_0_S00_AXI_inst/result[2]
    SLICE_X43Y92         LUT6 (Prop_lut6_I1_O)        0.045     0.501 r  design_1_i/eFPGA_AXI_LM393_driv_1/U0/eFPGA_AXI_LM393_driver_slave_lite_v1_0_S00_AXI_inst/s00_axi_rdata[2]_INST_0/O
                         net (fo=1, routed)           0.804     1.305    design_1_i/ps7_0_axi_periph/xbar/inst/gen_sasd.crossbar_sasd_0/reg_slice_r/m_axi_rdata[98]
    SLICE_X43Y91         LUT5 (Prop_lut5_I0_O)        0.045     1.350 r  design_1_i/ps7_0_axi_periph/xbar/inst/gen_sasd.crossbar_sasd_0/reg_slice_r/m_payload_i[5]_i_2/O
                         net (fo=1, routed)           0.760     2.110    design_1_i/ps7_0_axi_periph/xbar/inst/gen_sasd.crossbar_sasd_0/reg_slice_r/m_payload_i[5]_i_2_n_0
    SLICE_X43Y90         LUT5 (Prop_lut5_I2_O)        0.045     2.155 r  design_1_i/ps7_0_axi_periph/xbar/inst/gen_sasd.crossbar_sasd_0/reg_slice_r/m_payload_i[5]_i_1/O
                         net (fo=2, routed)           0.000     2.155    design_1_i/ps7_0_axi_periph/xbar/inst/gen_sasd.crossbar_sasd_0/reg_slice_r/skid_buffer[5]
    SLICE_X43Y90         FDRE                                         r  design_1_i/ps7_0_axi_periph/xbar/inst/gen_sasd.crossbar_sasd_0/reg_slice_r/skid_buffer_reg[5]/D
  -------------------------------------------------------------------    -------------------

                         (clock clk_fpga_0 rise edge)
                                                      0.000     0.000 r  
    PS7_X0Y0             PS7                          0.000     0.000 r  design_1_i/processing_system7_0/inst/PS7_i/FCLKCLK[0]
                         net (fo=1, routed)           0.337     0.337    design_1_i/processing_system7_0/inst/FCLK_CLK_unbuffered[0]
    BUFGCTRL_X0Y16       BUFG (Prop_bufg_I_O)         0.029     0.366 r  design_1_i/processing_system7_0/inst/buffer_fclk_clk_0.FCLK_CLK_0_BUFG/O
                         net (fo=1540, routed)        0.823     1.189    design_1_i/ps7_0_axi_periph/xbar/inst/gen_sasd.crossbar_sasd_0/reg_slice_r/aclk
    SLICE_X43Y90         FDRE                                         r  design_1_i/ps7_0_axi_periph/xbar/inst/gen_sasd.crossbar_sasd_0/reg_slice_r/skid_buffer_reg[5]/C
                         clock pessimism              0.000     1.189    
                         clock uncertainty            0.698     1.887    
    SLICE_X43Y90         FDRE (Hold_fdre_C_D)         0.091     1.978    design_1_i/ps7_0_axi_periph/xbar/inst/gen_sasd.crossbar_sasd_0/reg_slice_r/skid_buffer_reg[5]
  -------------------------------------------------------------------
                         required time                         -1.978    
                         arrival time                           2.155    
  -------------------------------------------------------------------
                         slack                                  0.177    

Slack (MET) :             0.187ns  (arrival time - required time)
  Source:                 design_1_i/eFPGA_AXI_LM393_driv_1/U0/eFPGA_AXI_LM393_driver_slave_lite_v1_0_S00_AXI_inst/speedsensor_instance/result_reg[10]/C
                            (rising edge-triggered cell FDRE clocked by clk_out2_design_1_clk_wiz_0_0  {rise@0.000ns fall@100.000ns period=200.000ns})
  Destination:            design_1_i/ps7_0_axi_periph/xbar/inst/gen_sasd.crossbar_sasd_0/reg_slice_r/skid_buffer_reg[13]/D
                            (rising edge-triggered cell FDRE clocked by clk_fpga_0  {rise@0.000ns fall@5.000ns period=10.000ns})
  Path Group:             clk_fpga_0
  Path Type:              Hold (Min at Fast Process Corner)
  Requirement:            0.000ns  (clk_fpga_0 rise@0.000ns - clk_out2_design_1_clk_wiz_0_0 rise@0.000ns)
  Data Path Delay:        2.758ns  (logic 0.276ns (10.007%)  route 2.482ns (89.993%))
  Logic Levels:           3  (LUT5=2 LUT6=1)
  Clock Path Skew:        1.782ns (DCD - SCD - CPR)
    Destination Clock Delay (DCD):    1.190ns
    Source Clock Delay      (SCD):    -0.592ns
    Clock Pessimism Removal (CPR):    -0.000ns
  Clock Uncertainty:      0.698ns  ((TSJ^2 + TIJ^2 + DJ^2)^1/2) / 2 + PE
    Total System Jitter     (TSJ):    0.071ns
    Total Input Jitter      (TIJ):    0.300ns
    Discrete Jitter          (DJ):    0.631ns
    Phase Error              (PE):    0.347ns
  Clock Domain Crossing:  Inter clock paths are considered valid unless explicitly excluded by timing constraints such as set_clock_groups or set_false_path.

    Location             Delay type                Incr(ns)  Path(ns)    Netlist Resource(s)
  -------------------------------------------------------------------    -------------------
                         (clock clk_out2_design_1_clk_wiz_0_0 rise edge)
                                                      0.000     0.000 r  
    H16                                               0.000     0.000 r  clk_in1_0 (IN)
                         net (fo=0)                   0.000     0.000    design_1_i/clk_wiz_0/inst/clk_in1
    H16                  IBUF (Prop_ibuf_I_O)         0.219     0.219 r  design_1_i/clk_wiz_0/inst/clkin1_ibufg/O
                         net (fo=1, routed)           0.440     0.659    design_1_i/clk_wiz_0/inst/clk_in1_design_1_clk_wiz_0_0
    MMCME2_ADV_X1Y2      MMCME2_ADV (Prop_mmcme2_adv_CLKIN1_CLKOUT1)
                                                     -2.613    -1.954 r  design_1_i/clk_wiz_0/inst/mmcm_adv_inst/CLKOUT1
                         net (fo=1, routed)           0.696    -1.257    design_1_i/clk_wiz_0/inst/clk_out2_design_1_clk_wiz_0_0
    BUFGCTRL_X0Y18       BUFG (Prop_bufg_I_O)         0.026    -1.231 r  design_1_i/clk_wiz_0/inst/clkout2_buf/O
                         net (fo=66, routed)          0.639    -0.592    design_1_i/eFPGA_AXI_LM393_driv_1/U0/eFPGA_AXI_LM393_driver_slave_lite_v1_0_S00_AXI_inst/speedsensor_instance/clk
    SLICE_X41Y100        FDRE                                         r  design_1_i/eFPGA_AXI_LM393_driv_1/U0/eFPGA_AXI_LM393_driver_slave_lite_v1_0_S00_AXI_inst/speedsensor_instance/result_reg[10]/C
  -------------------------------------------------------------------    -------------------
    SLICE_X41Y100        FDRE (Prop_fdre_C_Q)         0.141    -0.451 r  design_1_i/eFPGA_AXI_LM393_driv_1/U0/eFPGA_AXI_LM393_driver_slave_lite_v1_0_S00_AXI_inst/speedsensor_instance/result_reg[10]/Q
                         net (fo=1, routed)           0.879     0.428    design_1_i/eFPGA_AXI_LM393_driv_1/U0/eFPGA_AXI_LM393_driver_slave_lite_v1_0_S00_AXI_inst/result[10]
    SLICE_X40Y99         LUT6 (Prop_lut6_I1_O)        0.045     0.473 r  design_1_i/eFPGA_AXI_LM393_driv_1/U0/eFPGA_AXI_LM393_driver_slave_lite_v1_0_S00_AXI_inst/s00_axi_rdata[10]_INST_0/O
                         net (fo=1, routed)           0.883     1.356    design_1_i/ps7_0_axi_periph/xbar/inst/gen_sasd.crossbar_sasd_0/reg_slice_r/m_axi_rdata[106]
    SLICE_X40Y95         LUT5 (Prop_lut5_I0_O)        0.045     1.401 r  design_1_i/ps7_0_axi_periph/xbar/inst/gen_sasd.crossbar_sasd_0/reg_slice_r/m_payload_i[13]_i_3/O
                         net (fo=1, routed)           0.720     2.121    design_1_i/ps7_0_axi_periph/xbar/inst/gen_sasd.crossbar_sasd_0/reg_slice_r/m_payload_i[13]_i_3_n_0
    SLICE_X40Y95         LUT5 (Prop_lut5_I3_O)        0.045     2.166 r  design_1_i/ps7_0_axi_periph/xbar/inst/gen_sasd.crossbar_sasd_0/reg_slice_r/m_payload_i[13]_i_1/O
                         net (fo=2, routed)           0.000     2.166    design_1_i/ps7_0_axi_periph/xbar/inst/gen_sasd.crossbar_sasd_0/reg_slice_r/skid_buffer[13]
    SLICE_X40Y95         FDRE                                         r  design_1_i/ps7_0_axi_periph/xbar/inst/gen_sasd.crossbar_sasd_0/reg_slice_r/skid_buffer_reg[13]/D
  -------------------------------------------------------------------    -------------------

                         (clock clk_fpga_0 rise edge)
                                                      0.000     0.000 r  
    PS7_X0Y0             PS7                          0.000     0.000 r  design_1_i/processing_system7_0/inst/PS7_i/FCLKCLK[0]
                         net (fo=1, routed)           0.337     0.337    design_1_i/processing_system7_0/inst/FCLK_CLK_unbuffered[0]
    BUFGCTRL_X0Y16       BUFG (Prop_bufg_I_O)         0.029     0.366 r  design_1_i/processing_system7_0/inst/buffer_fclk_clk_0.FCLK_CLK_0_BUFG/O
                         net (fo=1540, routed)        0.824     1.190    design_1_i/ps7_0_axi_periph/xbar/inst/gen_sasd.crossbar_sasd_0/reg_slice_r/aclk
    SLICE_X40Y95         FDRE                                         r  design_1_i/ps7_0_axi_periph/xbar/inst/gen_sasd.crossbar_sasd_0/reg_slice_r/skid_buffer_reg[13]/C
                         clock pessimism              0.000     1.190    
                         clock uncertainty            0.698     1.888    
    SLICE_X40Y95         FDRE (Hold_fdre_C_D)         0.091     1.979    design_1_i/ps7_0_axi_periph/xbar/inst/gen_sasd.crossbar_sasd_0/reg_slice_r/skid_buffer_reg[13]
  -------------------------------------------------------------------
                         required time                         -1.979    
                         arrival time                           2.166    
  -------------------------------------------------------------------
                         slack                                  0.187    

Slack (MET) :             0.218ns  (arrival time - required time)
  Source:                 design_1_i/eFPGA_AXI_LM393_driv_1/U0/eFPGA_AXI_LM393_driver_slave_lite_v1_0_S00_AXI_inst/speedsensor_instance/result_reg[5]/C
                            (rising edge-triggered cell FDRE clocked by clk_out2_design_1_clk_wiz_0_0  {rise@0.000ns fall@100.000ns period=200.000ns})
  Destination:            design_1_i/ps7_0_axi_periph/xbar/inst/gen_sasd.crossbar_sasd_0/reg_slice_r/m_payload_i_reg[8]/D
                            (rising edge-triggered cell FDRE clocked by clk_fpga_0  {rise@0.000ns fall@5.000ns period=10.000ns})
  Path Group:             clk_fpga_0
  Path Type:              Hold (Min at Fast Process Corner)
  Requirement:            0.000ns  (clk_fpga_0 rise@0.000ns - clk_out2_design_1_clk_wiz_0_0 rise@0.000ns)
  Data Path Delay:        2.872ns  (logic 0.321ns (11.176%)  route 2.551ns (88.824%))
  Logic Levels:           4  (LUT3=1 LUT6=3)
  Clock Path Skew:        1.864ns (DCD - SCD - CPR)
    Destination Clock Delay (DCD):    1.190ns
    Source Clock Delay      (SCD):    -0.674ns
    Clock Pessimism Removal (CPR):    -0.000ns
  Clock Uncertainty:      0.698ns  ((TSJ^2 + TIJ^2 + DJ^2)^1/2) / 2 + PE
    Total System Jitter     (TSJ):    0.071ns
    Total Input Jitter      (TIJ):    0.300ns
    Discrete Jitter          (DJ):    0.631ns
    Phase Error              (PE):    0.347ns
  Clock Domain Crossing:  Inter clock paths are considered valid unless explicitly excluded by timing constraints such as set_clock_groups or set_false_path.

    Location             Delay type                Incr(ns)  Path(ns)    Netlist Resource(s)
  -------------------------------------------------------------------    -------------------
                         (clock clk_out2_design_1_clk_wiz_0_0 rise edge)
                                                      0.000     0.000 r  
    H16                                               0.000     0.000 r  clk_in1_0 (IN)
                         net (fo=0)                   0.000     0.000    design_1_i/clk_wiz_0/inst/clk_in1
    H16                  IBUF (Prop_ibuf_I_O)         0.219     0.219 r  design_1_i/clk_wiz_0/inst/clkin1_ibufg/O
                         net (fo=1, routed)           0.440     0.659    design_1_i/clk_wiz_0/inst/clk_in1_design_1_clk_wiz_0_0
    MMCME2_ADV_X1Y2      MMCME2_ADV (Prop_mmcme2_adv_CLKIN1_CLKOUT1)
                                                     -2.613    -1.954 r  design_1_i/clk_wiz_0/inst/mmcm_adv_inst/CLKOUT1
                         net (fo=1, routed)           0.696    -1.257    design_1_i/clk_wiz_0/inst/clk_out2_design_1_clk_wiz_0_0
    BUFGCTRL_X0Y18       BUFG (Prop_bufg_I_O)         0.026    -1.231 r  design_1_i/clk_wiz_0/inst/clkout2_buf/O
                         net (fo=66, routed)          0.557    -0.674    design_1_i/eFPGA_AXI_LM393_driv_1/U0/eFPGA_AXI_LM393_driver_slave_lite_v1_0_S00_AXI_inst/speedsensor_instance/clk
    SLICE_X41Y99         FDRE                                         r  design_1_i/eFPGA_AXI_LM393_driv_1/U0/eFPGA_AXI_LM393_driver_slave_lite_v1_0_S00_AXI_inst/speedsensor_instance/result_reg[5]/C
  -------------------------------------------------------------------    -------------------
    SLICE_X41Y99         FDRE (Prop_fdre_C_Q)         0.141    -0.533 r  design_1_i/eFPGA_AXI_LM393_driv_1/U0/eFPGA_AXI_LM393_driver_slave_lite_v1_0_S00_AXI_inst/speedsensor_instance/result_reg[5]/Q
                         net (fo=1, routed)           0.771     0.238    design_1_i/eFPGA_AXI_LM393_driv_1/U0/eFPGA_AXI_LM393_driver_slave_lite_v1_0_S00_AXI_inst/result[5]
    SLICE_X42Y93         LUT6 (Prop_lut6_I1_O)        0.045     0.283 r  design_1_i/eFPGA_AXI_LM393_driv_1/U0/eFPGA_AXI_LM393_driver_slave_lite_v1_0_S00_AXI_inst/s00_axi_rdata[5]_INST_0/O
                         net (fo=1, routed)           0.544     0.827    design_1_i/ps7_0_axi_periph/xbar/inst/gen_sasd.crossbar_sasd_0/reg_slice_r/m_axi_rdata[101]
    SLICE_X43Y92         LUT6 (Prop_lut6_I0_O)        0.045     0.872 r  design_1_i/ps7_0_axi_periph/xbar/inst/gen_sasd.crossbar_sasd_0/reg_slice_r/skid_buffer[8]_i_2/O
                         net (fo=1, routed)           0.631     1.503    design_1_i/ps7_0_axi_periph/xbar/inst/gen_sasd.crossbar_sasd_0/reg_slice_r/skid_buffer[8]_i_2_n_0
    SLICE_X35Y92         LUT6 (Prop_lut6_I5_O)        0.045     1.548 r  design_1_i/ps7_0_axi_periph/xbar/inst/gen_sasd.crossbar_sasd_0/reg_slice_r/skid_buffer[8]_i_1/O
                         net (fo=2, routed)           0.605     2.153    design_1_i/ps7_0_axi_periph/xbar/inst/gen_sasd.crossbar_sasd_0/reg_slice_r/skid_buffer[8]_i_1_n_0
    SLICE_X35Y90         LUT3 (Prop_lut3_I0_O)        0.045     2.198 r  design_1_i/ps7_0_axi_periph/xbar/inst/gen_sasd.crossbar_sasd_0/reg_slice_r/m_payload_i[8]_i_1/O
                         net (fo=1, routed)           0.000     2.198    design_1_i/ps7_0_axi_periph/xbar/inst/gen_sasd.crossbar_sasd_0/reg_slice_r/skid_buffer[8]
    SLICE_X35Y90         FDRE                                         r  design_1_i/ps7_0_axi_periph/xbar/inst/gen_sasd.crossbar_sasd_0/reg_slice_r/m_payload_i_reg[8]/D
  -------------------------------------------------------------------    -------------------

                         (clock clk_fpga_0 rise edge)
                                                      0.000     0.000 r  
    PS7_X0Y0             PS7                          0.000     0.000 r  design_1_i/processing_system7_0/inst/PS7_i/FCLKCLK[0]
                         net (fo=1, routed)           0.337     0.337    design_1_i/processing_system7_0/inst/FCLK_CLK_unbuffered[0]
    BUFGCTRL_X0Y16       BUFG (Prop_bufg_I_O)         0.029     0.366 r  design_1_i/processing_system7_0/inst/buffer_fclk_clk_0.FCLK_CLK_0_BUFG/O
                         net (fo=1540, routed)        0.824     1.190    design_1_i/ps7_0_axi_periph/xbar/inst/gen_sasd.crossbar_sasd_0/reg_slice_r/aclk
    SLICE_X35Y90         FDRE                                         r  design_1_i/ps7_0_axi_periph/xbar/inst/gen_sasd.crossbar_sasd_0/reg_slice_r/m_payload_i_reg[8]/C
                         clock pessimism              0.000     1.190    
                         clock uncertainty            0.698     1.888    
    SLICE_X35Y90         FDRE (Hold_fdre_C_D)         0.092     1.980    design_1_i/ps7_0_axi_periph/xbar/inst/gen_sasd.crossbar_sasd_0/reg_slice_r/m_payload_i_reg[8]
  -------------------------------------------------------------------
                         required time                         -1.980    
                         arrival time                           2.198    
  -------------------------------------------------------------------
                         slack                                  0.218    

Slack (MET) :             0.231ns  (arrival time - required time)
  Source:                 design_1_i/eFPGA_AXI_LM393_driv_1/U0/eFPGA_AXI_LM393_driver_slave_lite_v1_0_S00_AXI_inst/speedsensor_instance/result_reg[5]/C
                            (rising edge-triggered cell FDRE clocked by clk_out2_design_1_clk_wiz_0_0  {rise@0.000ns fall@100.000ns period=200.000ns})
  Destination:            design_1_i/ps7_0_axi_periph/xbar/inst/gen_sasd.crossbar_sasd_0/reg_slice_r/skid_buffer_reg[8]/D
                            (rising edge-triggered cell FDRE clocked by clk_fpga_0  {rise@0.000ns fall@5.000ns period=10.000ns})
  Path Group:             clk_fpga_0
  Path Type:              Hold (Min at Fast Process Corner)
  Requirement:            0.000ns  (clk_fpga_0 rise@0.000ns - clk_out2_design_1_clk_wiz_0_0 rise@0.000ns)
  Data Path Delay:        2.856ns  (logic 0.276ns (9.662%)  route 2.580ns (90.338%))
  Logic Levels:           3  (LUT6=3)
  Clock Path Skew:        1.863ns (DCD - SCD - CPR)
    Destination Clock Delay (DCD):    1.189ns
    Source Clock Delay      (SCD):    -0.674ns
    Clock Pessimism Removal (CPR):    -0.000ns
  Clock Uncertainty:      0.698ns  ((TSJ^2 + TIJ^2 + DJ^2)^1/2) / 2 + PE
    Total System Jitter     (TSJ):    0.071ns
    Total Input Jitter      (TIJ):    0.300ns
    Discrete Jitter          (DJ):    0.631ns
    Phase Error              (PE):    0.347ns
  Clock Domain Crossing:  Inter clock paths are considered valid unless explicitly excluded by timing constraints such as set_clock_groups or set_false_path.

    Location             Delay type                Incr(ns)  Path(ns)    Netlist Resource(s)
  -------------------------------------------------------------------    -------------------
                         (clock clk_out2_design_1_clk_wiz_0_0 rise edge)
                                                      0.000     0.000 r  
    H16                                               0.000     0.000 r  clk_in1_0 (IN)
                         net (fo=0)                   0.000     0.000    design_1_i/clk_wiz_0/inst/clk_in1
    H16                  IBUF (Prop_ibuf_I_O)         0.219     0.219 r  design_1_i/clk_wiz_0/inst/clkin1_ibufg/O
                         net (fo=1, routed)           0.440     0.659    design_1_i/clk_wiz_0/inst/clk_in1_design_1_clk_wiz_0_0
    MMCME2_ADV_X1Y2      MMCME2_ADV (Prop_mmcme2_adv_CLKIN1_CLKOUT1)
                                                     -2.613    -1.954 r  design_1_i/clk_wiz_0/inst/mmcm_adv_inst/CLKOUT1
                         net (fo=1, routed)           0.696    -1.257    design_1_i/clk_wiz_0/inst/clk_out2_design_1_clk_wiz_0_0
    BUFGCTRL_X0Y18       BUFG (Prop_bufg_I_O)         0.026    -1.231 r  design_1_i/clk_wiz_0/inst/clkout2_buf/O
                         net (fo=66, routed)          0.557    -0.674    design_1_i/eFPGA_AXI_LM393_driv_1/U0/eFPGA_AXI_LM393_driver_slave_lite_v1_0_S00_AXI_inst/speedsensor_instance/clk
    SLICE_X41Y99         FDRE                                         r  design_1_i/eFPGA_AXI_LM393_driv_1/U0/eFPGA_AXI_LM393_driver_slave_lite_v1_0_S00_AXI_inst/speedsensor_instance/result_reg[5]/C
  -------------------------------------------------------------------    -------------------
    SLICE_X41Y99         FDRE (Prop_fdre_C_Q)         0.141    -0.533 r  design_1_i/eFPGA_AXI_LM393_driv_1/U0/eFPGA_AXI_LM393_driver_slave_lite_v1_0_S00_AXI_inst/speedsensor_instance/result_reg[5]/Q
                         net (fo=1, routed)           0.771     0.238    design_1_i/eFPGA_AXI_LM393_driv_1/U0/eFPGA_AXI_LM393_driver_slave_lite_v1_0_S00_AXI_inst/result[5]
    SLICE_X42Y93         LUT6 (Prop_lut6_I1_O)        0.045     0.283 r  design_1_i/eFPGA_AXI_LM393_driv_1/U0/eFPGA_AXI_LM393_driver_slave_lite_v1_0_S00_AXI_inst/s00_axi_rdata[5]_INST_0/O
                         net (fo=1, routed)           0.544     0.827    design_1_i/ps7_0_axi_periph/xbar/inst/gen_sasd.crossbar_sasd_0/reg_slice_r/m_axi_rdata[101]
    SLICE_X43Y92         LUT6 (Prop_lut6_I0_O)        0.045     0.872 r  design_1_i/ps7_0_axi_periph/xbar/inst/gen_sasd.crossbar_sasd_0/reg_slice_r/skid_buffer[8]_i_2/O
                         net (fo=1, routed)           0.631     1.503    design_1_i/ps7_0_axi_periph/xbar/inst/gen_sasd.crossbar_sasd_0/reg_slice_r/skid_buffer[8]_i_2_n_0
    SLICE_X35Y92         LUT6 (Prop_lut6_I5_O)        0.045     1.548 r  design_1_i/ps7_0_axi_periph/xbar/inst/gen_sasd.crossbar_sasd_0/reg_slice_r/skid_buffer[8]_i_1/O
                         net (fo=2, routed)           0.634     2.182    design_1_i/ps7_0_axi_periph/xbar/inst/gen_sasd.crossbar_sasd_0/reg_slice_r/skid_buffer[8]_i_1_n_0
    SLICE_X34Y89         FDRE                                         r  design_1_i/ps7_0_axi_periph/xbar/inst/gen_sasd.crossbar_sasd_0/reg_slice_r/skid_buffer_reg[8]/D
  -------------------------------------------------------------------    -------------------

                         (clock clk_fpga_0 rise edge)
                                                      0.000     0.000 r  
    PS7_X0Y0             PS7                          0.000     0.000 r  design_1_i/processing_system7_0/inst/PS7_i/FCLKCLK[0]
                         net (fo=1, routed)           0.337     0.337    design_1_i/processing_system7_0/inst/FCLK_CLK_unbuffered[0]
    BUFGCTRL_X0Y16       BUFG (Prop_bufg_I_O)         0.029     0.366 r  design_1_i/processing_system7_0/inst/buffer_fclk_clk_0.FCLK_CLK_0_BUFG/O
                         net (fo=1540, routed)        0.823     1.189    design_1_i/ps7_0_axi_periph/xbar/inst/gen_sasd.crossbar_sasd_0/reg_slice_r/aclk
    SLICE_X34Y89         FDRE                                         r  design_1_i/ps7_0_axi_periph/xbar/inst/gen_sasd.crossbar_sasd_0/reg_slice_r/skid_buffer_reg[8]/C
                         clock pessimism              0.000     1.189    
                         clock uncertainty            0.698     1.887    
    SLICE_X34Y89         FDRE (Hold_fdre_C_D)         0.064     1.951    design_1_i/ps7_0_axi_periph/xbar/inst/gen_sasd.crossbar_sasd_0/reg_slice_r/skid_buffer_reg[8]
  -------------------------------------------------------------------
                         required time                         -1.951    
                         arrival time                           2.182    
  -------------------------------------------------------------------
                         slack                                  0.231    

Slack (MET) :             0.237ns  (arrival time - required time)
  Source:                 design_1_i/eFPGA_AXI_LM393_driv_1/U0/eFPGA_AXI_LM393_driver_slave_lite_v1_0_S00_AXI_inst/speedsensor_instance/result_reg[8]/C
                            (rising edge-triggered cell FDRE clocked by clk_out2_design_1_clk_wiz_0_0  {rise@0.000ns fall@100.000ns period=200.000ns})
  Destination:            design_1_i/ps7_0_axi_periph/xbar/inst/gen_sasd.crossbar_sasd_0/reg_slice_r/m_payload_i_reg[11]/D
                            (rising edge-triggered cell FDRE clocked by clk_fpga_0  {rise@0.000ns fall@5.000ns period=10.000ns})
  Path Group:             clk_fpga_0
  Path Type:              Hold (Min at Fast Process Corner)
  Requirement:            0.000ns  (clk_fpga_0 rise@0.000ns - clk_out2_design_1_clk_wiz_0_0 rise@0.000ns)
  Data Path Delay:        2.906ns  (logic 0.322ns (11.081%)  route 2.584ns (88.919%))
  Logic Levels:           4  (LUT3=1 LUT6=3)
  Clock Path Skew:        1.863ns (DCD - SCD - CPR)
    Destination Clock Delay (DCD):    1.189ns
    Source Clock Delay      (SCD):    -0.674ns
    Clock Pessimism Removal (CPR):    -0.000ns
  Clock Uncertainty:      0.698ns  ((TSJ^2 + TIJ^2 + DJ^2)^1/2) / 2 + PE
    Total System Jitter     (TSJ):    0.071ns
    Total Input Jitter      (TIJ):    0.300ns
    Discrete Jitter          (DJ):    0.631ns
    Phase Error              (PE):    0.347ns
  Clock Domain Crossing:  Inter clock paths are considered valid unless explicitly excluded by timing constraints such as set_clock_groups or set_false_path.

    Location             Delay type                Incr(ns)  Path(ns)    Netlist Resource(s)
  -------------------------------------------------------------------    -------------------
                         (clock clk_out2_design_1_clk_wiz_0_0 rise edge)
                                                      0.000     0.000 r  
    H16                                               0.000     0.000 r  clk_in1_0 (IN)
                         net (fo=0)                   0.000     0.000    design_1_i/clk_wiz_0/inst/clk_in1
    H16                  IBUF (Prop_ibuf_I_O)         0.219     0.219 r  design_1_i/clk_wiz_0/inst/clkin1_ibufg/O
                         net (fo=1, routed)           0.440     0.659    design_1_i/clk_wiz_0/inst/clk_in1_design_1_clk_wiz_0_0
    MMCME2_ADV_X1Y2      MMCME2_ADV (Prop_mmcme2_adv_CLKIN1_CLKOUT1)
                                                     -2.613    -1.954 r  design_1_i/clk_wiz_0/inst/mmcm_adv_inst/CLKOUT1
                         net (fo=1, routed)           0.696    -1.257    design_1_i/clk_wiz_0/inst/clk_out2_design_1_clk_wiz_0_0
    BUFGCTRL_X0Y18       BUFG (Prop_bufg_I_O)         0.026    -1.231 r  design_1_i/clk_wiz_0/inst/clkout2_buf/O
                         net (fo=66, routed)          0.557    -0.674    design_1_i/eFPGA_AXI_LM393_driv_1/U0/eFPGA_AXI_LM393_driver_slave_lite_v1_0_S00_AXI_inst/speedsensor_instance/clk
    SLICE_X39Y98         FDRE                                         r  design_1_i/eFPGA_AXI_LM393_driv_1/U0/eFPGA_AXI_LM393_driver_slave_lite_v1_0_S00_AXI_inst/speedsensor_instance/result_reg[8]/C
  -------------------------------------------------------------------    -------------------
    SLICE_X39Y98         FDRE (Prop_fdre_C_Q)         0.141    -0.533 r  design_1_i/eFPGA_AXI_LM393_driv_1/U0/eFPGA_AXI_LM393_driver_slave_lite_v1_0_S00_AXI_inst/speedsensor_instance/result_reg[8]/Q
                         net (fo=1, routed)           0.673     0.139    design_1_i/eFPGA_AXI_LM393_driv_1/U0/eFPGA_AXI_LM393_driver_slave_lite_v1_0_S00_AXI_inst/result[8]
    SLICE_X40Y98         LUT6 (Prop_lut6_I1_O)        0.045     0.184 r  design_1_i/eFPGA_AXI_LM393_driv_1/U0/eFPGA_AXI_LM393_driver_slave_lite_v1_0_S00_AXI_inst/s00_axi_rdata[8]_INST_0/O
                         net (fo=1, routed)           0.594     0.778    design_1_i/ps7_0_axi_periph/xbar/inst/gen_sasd.crossbar_sasd_0/reg_slice_r/m_axi_rdata[104]
    SLICE_X41Y95         LUT6 (Prop_lut6_I4_O)        0.045     0.823 r  design_1_i/ps7_0_axi_periph/xbar/inst/gen_sasd.crossbar_sasd_0/reg_slice_r/skid_buffer[11]_i_2/O
                         net (fo=1, routed)           0.510     1.333    design_1_i/ps7_0_axi_periph/xbar/inst/gen_sasd.crossbar_sasd_0/reg_slice_r/skid_buffer[11]_i_2_n_0
    SLICE_X33Y94         LUT6 (Prop_lut6_I5_O)        0.045     1.378 r  design_1_i/ps7_0_axi_periph/xbar/inst/gen_sasd.crossbar_sasd_0/reg_slice_r/skid_buffer[11]_i_1/O
                         net (fo=2, routed)           0.808     2.185    design_1_i/ps7_0_axi_periph/xbar/inst/gen_sasd.crossbar_sasd_0/reg_slice_r/skid_buffer[11]_i_1_n_0
    SLICE_X33Y89         LUT3 (Prop_lut3_I0_O)        0.046     2.231 r  design_1_i/ps7_0_axi_periph/xbar/inst/gen_sasd.crossbar_sasd_0/reg_slice_r/m_payload_i[11]_i_1/O
                         net (fo=1, routed)           0.000     2.231    design_1_i/ps7_0_axi_periph/xbar/inst/gen_sasd.crossbar_sasd_0/reg_slice_r/skid_buffer[11]
    SLICE_X33Y89         FDRE                                         r  design_1_i/ps7_0_axi_periph/xbar/inst/gen_sasd.crossbar_sasd_0/reg_slice_r/m_payload_i_reg[11]/D
  -------------------------------------------------------------------    -------------------

                         (clock clk_fpga_0 rise edge)
                                                      0.000     0.000 r  
    PS7_X0Y0             PS7                          0.000     0.000 r  design_1_i/processing_system7_0/inst/PS7_i/FCLKCLK[0]
                         net (fo=1, routed)           0.337     0.337    design_1_i/processing_system7_0/inst/FCLK_CLK_unbuffered[0]
    BUFGCTRL_X0Y16       BUFG (Prop_bufg_I_O)         0.029     0.366 r  design_1_i/processing_system7_0/inst/buffer_fclk_clk_0.FCLK_CLK_0_BUFG/O
                         net (fo=1540, routed)        0.823     1.189    design_1_i/ps7_0_axi_periph/xbar/inst/gen_sasd.crossbar_sasd_0/reg_slice_r/aclk
    SLICE_X33Y89         FDRE                                         r  design_1_i/ps7_0_axi_periph/xbar/inst/gen_sasd.crossbar_sasd_0/reg_slice_r/m_payload_i_reg[11]/C
                         clock pessimism              0.000     1.189    
                         clock uncertainty            0.698     1.887    
    SLICE_X33Y89         FDRE (Hold_fdre_C_D)         0.107     1.994    design_1_i/ps7_0_axi_periph/xbar/inst/gen_sasd.crossbar_sasd_0/reg_slice_r/m_payload_i_reg[11]
  -------------------------------------------------------------------
                         required time                         -1.994    
                         arrival time                           2.231    
  -------------------------------------------------------------------
                         slack                                  0.237    

Slack (MET) :             0.258ns  (arrival time - required time)
  Source:                 design_1_i/eFPGA_AXI_LM393_driv_1/U0/eFPGA_AXI_LM393_driver_slave_lite_v1_0_S00_AXI_inst/speedsensor_instance/result_reg[22]/C
                            (rising edge-triggered cell FDRE clocked by clk_out2_design_1_clk_wiz_0_0  {rise@0.000ns fall@100.000ns period=200.000ns})
  Destination:            design_1_i/ps7_0_axi_periph/xbar/inst/gen_sasd.crossbar_sasd_0/reg_slice_r/skid_buffer_reg[25]/D
                            (rising edge-triggered cell FDRE clocked by clk_fpga_0  {rise@0.000ns fall@5.000ns period=10.000ns})
  Path Group:             clk_fpga_0
  Path Type:              Hold (Min at Fast Process Corner)
  Requirement:            0.000ns  (clk_fpga_0 rise@0.000ns - clk_out2_design_1_clk_wiz_0_0 rise@0.000ns)
  Data Path Delay:        2.916ns  (logic 0.299ns (10.252%)  route 2.617ns (89.748%))
  Logic Levels:           3  (LUT5=2 LUT6=1)
  Clock Path Skew:        1.869ns (DCD - SCD - CPR)
    Destination Clock Delay (DCD):    1.276ns
    Source Clock Delay      (SCD):    -0.593ns
    Clock Pessimism Removal (CPR):    -0.000ns
  Clock Uncertainty:      0.698ns  ((TSJ^2 + TIJ^2 + DJ^2)^1/2) / 2 + PE
    Total System Jitter     (TSJ):    0.071ns
    Total Input Jitter      (TIJ):    0.300ns
    Discrete Jitter          (DJ):    0.631ns
    Phase Error              (PE):    0.347ns
  Clock Domain Crossing:  Inter clock paths are considered valid unless explicitly excluded by timing constraints such as set_clock_groups or set_false_path.

    Location             Delay type                Incr(ns)  Path(ns)    Netlist Resource(s)
  -------------------------------------------------------------------    -------------------
                         (clock clk_out2_design_1_clk_wiz_0_0 rise edge)
                                                      0.000     0.000 r  
    H16                                               0.000     0.000 r  clk_in1_0 (IN)
                         net (fo=0)                   0.000     0.000    design_1_i/clk_wiz_0/inst/clk_in1
    H16                  IBUF (Prop_ibuf_I_O)         0.219     0.219 r  design_1_i/clk_wiz_0/inst/clkin1_ibufg/O
                         net (fo=1, routed)           0.440     0.659    design_1_i/clk_wiz_0/inst/clk_in1_design_1_clk_wiz_0_0
    MMCME2_ADV_X1Y2      MMCME2_ADV (Prop_mmcme2_adv_CLKIN1_CLKOUT1)
                                                     -2.613    -1.954 r  design_1_i/clk_wiz_0/inst/mmcm_adv_inst/CLKOUT1
                         net (fo=1, routed)           0.696    -1.257    design_1_i/clk_wiz_0/inst/clk_out2_design_1_clk_wiz_0_0
    BUFGCTRL_X0Y18       BUFG (Prop_bufg_I_O)         0.026    -1.231 r  design_1_i/clk_wiz_0/inst/clkout2_buf/O
                         net (fo=66, routed)          0.638    -0.593    design_1_i/eFPGA_AXI_LM393_driv_1/U0/eFPGA_AXI_LM393_driver_slave_lite_v1_0_S00_AXI_inst/speedsensor_instance/clk
    SLICE_X42Y105        FDRE                                         r  design_1_i/eFPGA_AXI_LM393_driv_1/U0/eFPGA_AXI_LM393_driver_slave_lite_v1_0_S00_AXI_inst/speedsensor_instance/result_reg[22]/C
  -------------------------------------------------------------------    -------------------
    SLICE_X42Y105        FDRE (Prop_fdre_C_Q)         0.164    -0.429 r  design_1_i/eFPGA_AXI_LM393_driv_1/U0/eFPGA_AXI_LM393_driver_slave_lite_v1_0_S00_AXI_inst/speedsensor_instance/result_reg[22]/Q
                         net (fo=1, routed)           0.905     0.476    design_1_i/eFPGA_AXI_LM393_driv_1/U0/eFPGA_AXI_LM393_driver_slave_lite_v1_0_S00_AXI_inst/result[22]
    SLICE_X38Y105        LUT6 (Prop_lut6_I1_O)        0.045     0.521 r  design_1_i/eFPGA_AXI_LM393_driv_1/U0/eFPGA_AXI_LM393_driver_slave_lite_v1_0_S00_AXI_inst/s00_axi_rdata[22]_INST_0/O
                         net (fo=1, routed)           0.878     1.398    design_1_i/ps7_0_axi_periph/xbar/inst/gen_sasd.crossbar_sasd_0/reg_slice_r/m_axi_rdata[118]
    SLICE_X37Y106        LUT5 (Prop_lut5_I0_O)        0.045     1.443 r  design_1_i/ps7_0_axi_periph/xbar/inst/gen_sasd.crossbar_sasd_0/reg_slice_r/m_payload_i[25]_i_3/O
                         net (fo=1, routed)           0.835     2.278    design_1_i/ps7_0_axi_periph/xbar/inst/gen_sasd.crossbar_sasd_0/reg_slice_r/m_payload_i[25]_i_3_n_0
    SLICE_X37Y106        LUT5 (Prop_lut5_I3_O)        0.045     2.323 r  design_1_i/ps7_0_axi_periph/xbar/inst/gen_sasd.crossbar_sasd_0/reg_slice_r/m_payload_i[25]_i_1/O
                         net (fo=2, routed)           0.000     2.323    design_1_i/ps7_0_axi_periph/xbar/inst/gen_sasd.crossbar_sasd_0/reg_slice_r/skid_buffer[25]
    SLICE_X37Y106        FDRE                                         r  design_1_i/ps7_0_axi_periph/xbar/inst/gen_sasd.crossbar_sasd_0/reg_slice_r/skid_buffer_reg[25]/D
  -------------------------------------------------------------------    -------------------

                         (clock clk_fpga_0 rise edge)
                                                      0.000     0.000 r  
    PS7_X0Y0             PS7                          0.000     0.000 r  design_1_i/processing_system7_0/inst/PS7_i/FCLKCLK[0]
                         net (fo=1, routed)           0.337     0.337    design_1_i/processing_system7_0/inst/FCLK_CLK_unbuffered[0]
    BUFGCTRL_X0Y16       BUFG (Prop_bufg_I_O)         0.029     0.366 r  design_1_i/processing_system7_0/inst/buffer_fclk_clk_0.FCLK_CLK_0_BUFG/O
                         net (fo=1540, routed)        0.910     1.276    design_1_i/ps7_0_axi_periph/xbar/inst/gen_sasd.crossbar_sasd_0/reg_slice_r/aclk
    SLICE_X37Y106        FDRE                                         r  design_1_i/ps7_0_axi_periph/xbar/inst/gen_sasd.crossbar_sasd_0/reg_slice_r/skid_buffer_reg[25]/C
                         clock pessimism              0.000     1.276    
                         clock uncertainty            0.698     1.974    
    SLICE_X37Y106        FDRE (Hold_fdre_C_D)         0.091     2.065    design_1_i/ps7_0_axi_periph/xbar/inst/gen_sasd.crossbar_sasd_0/reg_slice_r/skid_buffer_reg[25]
  -------------------------------------------------------------------
                         required time                         -2.065    
                         arrival time                           2.323    
  -------------------------------------------------------------------
                         slack                                  0.258    

Slack (MET) :             0.265ns  (arrival time - required time)
  Source:                 design_1_i/eFPGA_AXI_LM393_driv_1/U0/eFPGA_AXI_LM393_driver_slave_lite_v1_0_S00_AXI_inst/speedsensor_instance/result_reg[26]/C
                            (rising edge-triggered cell FDRE clocked by clk_out2_design_1_clk_wiz_0_0  {rise@0.000ns fall@100.000ns period=200.000ns})
  Destination:            design_1_i/ps7_0_axi_periph/xbar/inst/gen_sasd.crossbar_sasd_0/reg_slice_r/skid_buffer_reg[29]/D
                            (rising edge-triggered cell FDRE clocked by clk_fpga_0  {rise@0.000ns fall@5.000ns period=10.000ns})
  Path Group:             clk_fpga_0
  Path Type:              Hold (Min at Fast Process Corner)
  Requirement:            0.000ns  (clk_fpga_0 rise@0.000ns - clk_out2_design_1_clk_wiz_0_0 rise@0.000ns)
  Data Path Delay:        2.926ns  (logic 0.276ns (9.434%)  route 2.650ns (90.566%))
  Logic Levels:           3  (LUT5=2 LUT6=1)
  Clock Path Skew:        1.871ns (DCD - SCD - CPR)
    Destination Clock Delay (DCD):    1.277ns
    Source Clock Delay      (SCD):    -0.594ns
    Clock Pessimism Removal (CPR):    -0.000ns
  Clock Uncertainty:      0.698ns  ((TSJ^2 + TIJ^2 + DJ^2)^1/2) / 2 + PE
    Total System Jitter     (TSJ):    0.071ns
    Total Input Jitter      (TIJ):    0.300ns
    Discrete Jitter          (DJ):    0.631ns
    Phase Error              (PE):    0.347ns
  Clock Domain Crossing:  Inter clock paths are considered valid unless explicitly excluded by timing constraints such as set_clock_groups or set_false_path.

    Location             Delay type                Incr(ns)  Path(ns)    Netlist Resource(s)
  -------------------------------------------------------------------    -------------------
                         (clock clk_out2_design_1_clk_wiz_0_0 rise edge)
                                                      0.000     0.000 r  
    H16                                               0.000     0.000 r  clk_in1_0 (IN)
                         net (fo=0)                   0.000     0.000    design_1_i/clk_wiz_0/inst/clk_in1
    H16                  IBUF (Prop_ibuf_I_O)         0.219     0.219 r  design_1_i/clk_wiz_0/inst/clkin1_ibufg/O
                         net (fo=1, routed)           0.440     0.659    design_1_i/clk_wiz_0/inst/clk_in1_design_1_clk_wiz_0_0
    MMCME2_ADV_X1Y2      MMCME2_ADV (Prop_mmcme2_adv_CLKIN1_CLKOUT1)
                                                     -2.613    -1.954 r  design_1_i/clk_wiz_0/inst/mmcm_adv_inst/CLKOUT1
                         net (fo=1, routed)           0.696    -1.257    design_1_i/clk_wiz_0/inst/clk_out2_design_1_clk_wiz_0_0
    BUFGCTRL_X0Y18       BUFG (Prop_bufg_I_O)         0.026    -1.231 r  design_1_i/clk_wiz_0/inst/clkout2_buf/O
                         net (fo=66, routed)          0.637    -0.594    design_1_i/eFPGA_AXI_LM393_driv_1/U0/eFPGA_AXI_LM393_driver_slave_lite_v1_0_S00_AXI_inst/speedsensor_instance/clk
    SLICE_X41Y107        FDRE                                         r  design_1_i/eFPGA_AXI_LM393_driv_1/U0/eFPGA_AXI_LM393_driver_slave_lite_v1_0_S00_AXI_inst/speedsensor_instance/result_reg[26]/C
  -------------------------------------------------------------------    -------------------
    SLICE_X41Y107        FDRE (Prop_fdre_C_Q)         0.141    -0.453 r  design_1_i/eFPGA_AXI_LM393_driv_1/U0/eFPGA_AXI_LM393_driver_slave_lite_v1_0_S00_AXI_inst/speedsensor_instance/result_reg[26]/Q
                         net (fo=1, routed)           0.878     0.425    design_1_i/eFPGA_AXI_LM393_driv_1/U0/eFPGA_AXI_LM393_driver_slave_lite_v1_0_S00_AXI_inst/result[26]
    SLICE_X39Y107        LUT6 (Prop_lut6_I1_O)        0.045     0.470 r  design_1_i/eFPGA_AXI_LM393_driv_1/U0/eFPGA_AXI_LM393_driver_slave_lite_v1_0_S00_AXI_inst/s00_axi_rdata[26]_INST_0/O
                         net (fo=1, routed)           0.867     1.338    design_1_i/ps7_0_axi_periph/xbar/inst/gen_sasd.crossbar_sasd_0/reg_slice_r/m_axi_rdata[122]
    SLICE_X35Y106        LUT5 (Prop_lut5_I0_O)        0.045     1.383 r  design_1_i/ps7_0_axi_periph/xbar/inst/gen_sasd.crossbar_sasd_0/reg_slice_r/m_payload_i[29]_i_2/O
                         net (fo=1, routed)           0.904     2.287    design_1_i/ps7_0_axi_periph/xbar/inst/gen_sasd.crossbar_sasd_0/reg_slice_r/m_payload_i[29]_i_2_n_0
    SLICE_X35Y106        LUT5 (Prop_lut5_I2_O)        0.045     2.332 r  design_1_i/ps7_0_axi_periph/xbar/inst/gen_sasd.crossbar_sasd_0/reg_slice_r/m_payload_i[29]_i_1/O
                         net (fo=2, routed)           0.000     2.332    design_1_i/ps7_0_axi_periph/xbar/inst/gen_sasd.crossbar_sasd_0/reg_slice_r/skid_buffer[29]
    SLICE_X35Y106        FDRE                                         r  design_1_i/ps7_0_axi_periph/xbar/inst/gen_sasd.crossbar_sasd_0/reg_slice_r/skid_buffer_reg[29]/D
  -------------------------------------------------------------------    -------------------

                         (clock clk_fpga_0 rise edge)
                                                      0.000     0.000 r  
    PS7_X0Y0             PS7                          0.000     0.000 r  design_1_i/processing_system7_0/inst/PS7_i/FCLKCLK[0]
                         net (fo=1, routed)           0.337     0.337    design_1_i/processing_system7_0/inst/FCLK_CLK_unbuffered[0]
    BUFGCTRL_X0Y16       BUFG (Prop_bufg_I_O)         0.029     0.366 r  design_1_i/processing_system7_0/inst/buffer_fclk_clk_0.FCLK_CLK_0_BUFG/O
                         net (fo=1540, routed)        0.911     1.277    design_1_i/ps7_0_axi_periph/xbar/inst/gen_sasd.crossbar_sasd_0/reg_slice_r/aclk
    SLICE_X35Y106        FDRE                                         r  design_1_i/ps7_0_axi_periph/xbar/inst/gen_sasd.crossbar_sasd_0/reg_slice_r/skid_buffer_reg[29]/C
                         clock pessimism              0.000     1.277    
                         clock uncertainty            0.698     1.975    
    SLICE_X35Y106        FDRE (Hold_fdre_C_D)         0.091     2.066    design_1_i/ps7_0_axi_periph/xbar/inst/gen_sasd.crossbar_sasd_0/reg_slice_r/skid_buffer_reg[29]
  -------------------------------------------------------------------
                         required time                         -2.066    
                         arrival time                           2.332    
  -------------------------------------------------------------------
                         slack                                  0.265    

Slack (MET) :             0.273ns  (arrival time - required time)
  Source:                 design_1_i/eFPGA_AXI_LM393_driv_1/U0/eFPGA_AXI_LM393_driver_slave_lite_v1_0_S00_AXI_inst/speedsensor_instance/result_reg[8]/C
                            (rising edge-triggered cell FDRE clocked by clk_out2_design_1_clk_wiz_0_0  {rise@0.000ns fall@100.000ns period=200.000ns})
  Destination:            design_1_i/ps7_0_axi_periph/xbar/inst/gen_sasd.crossbar_sasd_0/reg_slice_r/skid_buffer_reg[11]/D
                            (rising edge-triggered cell FDRE clocked by clk_fpga_0  {rise@0.000ns fall@5.000ns period=10.000ns})
  Path Group:             clk_fpga_0
  Path Type:              Hold (Min at Fast Process Corner)
  Requirement:            0.000ns  (clk_fpga_0 rise@0.000ns - clk_out2_design_1_clk_wiz_0_0 rise@0.000ns)
  Data Path Delay:        2.911ns  (logic 0.276ns (9.481%)  route 2.635ns (90.519%))
  Logic Levels:           3  (LUT6=3)
  Clock Path Skew:        1.863ns (DCD - SCD - CPR)
    Destination Clock Delay (DCD):    1.189ns
    Source Clock Delay      (SCD):    -0.674ns
    Clock Pessimism Removal (CPR):    -0.000ns
  Clock Uncertainty:      0.698ns  ((TSJ^2 + TIJ^2 + DJ^2)^1/2) / 2 + PE
    Total System Jitter     (TSJ):    0.071ns
    Total Input Jitter      (TIJ):    0.300ns
    Discrete Jitter          (DJ):    0.631ns
    Phase Error              (PE):    0.347ns
  Clock Domain Crossing:  Inter clock paths are considered valid unless explicitly excluded by timing constraints such as set_clock_groups or set_false_path.

    Location             Delay type                Incr(ns)  Path(ns)    Netlist Resource(s)
  -------------------------------------------------------------------    -------------------
                         (clock clk_out2_design_1_clk_wiz_0_0 rise edge)
                                                      0.000     0.000 r  
    H16                                               0.000     0.000 r  clk_in1_0 (IN)
                         net (fo=0)                   0.000     0.000    design_1_i/clk_wiz_0/inst/clk_in1
    H16                  IBUF (Prop_ibuf_I_O)         0.219     0.219 r  design_1_i/clk_wiz_0/inst/clkin1_ibufg/O
                         net (fo=1, routed)           0.440     0.659    design_1_i/clk_wiz_0/inst/clk_in1_design_1_clk_wiz_0_0
    MMCME2_ADV_X1Y2      MMCME2_ADV (Prop_mmcme2_adv_CLKIN1_CLKOUT1)
                                                     -2.613    -1.954 r  design_1_i/clk_wiz_0/inst/mmcm_adv_inst/CLKOUT1
                         net (fo=1, routed)           0.696    -1.257    design_1_i/clk_wiz_0/inst/clk_out2_design_1_clk_wiz_0_0
    BUFGCTRL_X0Y18       BUFG (Prop_bufg_I_O)         0.026    -1.231 r  design_1_i/clk_wiz_0/inst/clkout2_buf/O
                         net (fo=66, routed)          0.557    -0.674    design_1_i/eFPGA_AXI_LM393_driv_1/U0/eFPGA_AXI_LM393_driver_slave_lite_v1_0_S00_AXI_inst/speedsensor_instance/clk
    SLICE_X39Y98         FDRE                                         r  design_1_i/eFPGA_AXI_LM393_driv_1/U0/eFPGA_AXI_LM393_driver_slave_lite_v1_0_S00_AXI_inst/speedsensor_instance/result_reg[8]/C
  -------------------------------------------------------------------    -------------------
    SLICE_X39Y98         FDRE (Prop_fdre_C_Q)         0.141    -0.533 r  design_1_i/eFPGA_AXI_LM393_driv_1/U0/eFPGA_AXI_LM393_driver_slave_lite_v1_0_S00_AXI_inst/speedsensor_instance/result_reg[8]/Q
                         net (fo=1, routed)           0.673     0.139    design_1_i/eFPGA_AXI_LM393_driv_1/U0/eFPGA_AXI_LM393_driver_slave_lite_v1_0_S00_AXI_inst/result[8]
    SLICE_X40Y98         LUT6 (Prop_lut6_I1_O)        0.045     0.184 r  design_1_i/eFPGA_AXI_LM393_driv_1/U0/eFPGA_AXI_LM393_driver_slave_lite_v1_0_S00_AXI_inst/s00_axi_rdata[8]_INST_0/O
                         net (fo=1, routed)           0.594     0.778    design_1_i/ps7_0_axi_periph/xbar/inst/gen_sasd.crossbar_sasd_0/reg_slice_r/m_axi_rdata[104]
    SLICE_X41Y95         LUT6 (Prop_lut6_I4_O)        0.045     0.823 r  design_1_i/ps7_0_axi_periph/xbar/inst/gen_sasd.crossbar_sasd_0/reg_slice_r/skid_buffer[11]_i_2/O
                         net (fo=1, routed)           0.510     1.333    design_1_i/ps7_0_axi_periph/xbar/inst/gen_sasd.crossbar_sasd_0/reg_slice_r/skid_buffer[11]_i_2_n_0
    SLICE_X33Y94         LUT6 (Prop_lut6_I5_O)        0.045     1.378 r  design_1_i/ps7_0_axi_periph/xbar/inst/gen_sasd.crossbar_sasd_0/reg_slice_r/skid_buffer[11]_i_1/O
                         net (fo=2, routed)           0.859     2.237    design_1_i/ps7_0_axi_periph/xbar/inst/gen_sasd.crossbar_sasd_0/reg_slice_r/skid_buffer[11]_i_1_n_0
    SLICE_X34Y89         FDRE                                         r  design_1_i/ps7_0_axi_periph/xbar/inst/gen_sasd.crossbar_sasd_0/reg_slice_r/skid_buffer_reg[11]/D
  -------------------------------------------------------------------    -------------------

                         (clock clk_fpga_0 rise edge)
                                                      0.000     0.000 r  
    PS7_X0Y0             PS7                          0.000     0.000 r  design_1_i/processing_system7_0/inst/PS7_i/FCLKCLK[0]
                         net (fo=1, routed)           0.337     0.337    design_1_i/processing_system7_0/inst/FCLK_CLK_unbuffered[0]
    BUFGCTRL_X0Y16       BUFG (Prop_bufg_I_O)         0.029     0.366 r  design_1_i/processing_system7_0/inst/buffer_fclk_clk_0.FCLK_CLK_0_BUFG/O
                         net (fo=1540, routed)        0.823     1.189    design_1_i/ps7_0_axi_periph/xbar/inst/gen_sasd.crossbar_sasd_0/reg_slice_r/aclk
    SLICE_X34Y89         FDRE                                         r  design_1_i/ps7_0_axi_periph/xbar/inst/gen_sasd.crossbar_sasd_0/reg_slice_r/skid_buffer_reg[11]/C
                         clock pessimism              0.000     1.189    
                         clock uncertainty            0.698     1.887    
    SLICE_X34Y89         FDRE (Hold_fdre_C_D)         0.076     1.963    design_1_i/ps7_0_axi_periph/xbar/inst/gen_sasd.crossbar_sasd_0/reg_slice_r/skid_buffer_reg[11]
  -------------------------------------------------------------------
                         required time                         -1.963    
                         arrival time                           2.237    
  -------------------------------------------------------------------
                         slack                                  0.273    

Slack (MET) :             0.276ns  (arrival time - required time)
  Source:                 design_1_i/eFPGA_AXI_LM393_driv_1/U0/eFPGA_AXI_LM393_driver_slave_lite_v1_0_S00_AXI_inst/speedsensor_instance/result_reg[3]/C
                            (rising edge-triggered cell FDRE clocked by clk_out2_design_1_clk_wiz_0_0  {rise@0.000ns fall@100.000ns period=200.000ns})
  Destination:            design_1_i/ps7_0_axi_periph/xbar/inst/gen_sasd.crossbar_sasd_0/reg_slice_r/skid_buffer_reg[6]/D
                            (rising edge-triggered cell FDRE clocked by clk_fpga_0  {rise@0.000ns fall@5.000ns period=10.000ns})
  Path Group:             clk_fpga_0
  Path Type:              Hold (Min at Fast Process Corner)
  Requirement:            0.000ns  (clk_fpga_0 rise@0.000ns - clk_out2_design_1_clk_wiz_0_0 rise@0.000ns)
  Data Path Delay:        2.847ns  (logic 0.276ns (9.693%)  route 2.571ns (90.307%))
  Logic Levels:           3  (LUT5=2 LUT6=1)
  Clock Path Skew:        1.781ns (DCD - SCD - CPR)
    Destination Clock Delay (DCD):    1.189ns
    Source Clock Delay      (SCD):    -0.592ns
    Clock Pessimism Removal (CPR):    -0.000ns
  Clock Uncertainty:      0.698ns  ((TSJ^2 + TIJ^2 + DJ^2)^1/2) / 2 + PE
    Total System Jitter     (TSJ):    0.071ns
    Total Input Jitter      (TIJ):    0.300ns
    Discrete Jitter          (DJ):    0.631ns
    Phase Error              (PE):    0.347ns
  Clock Domain Crossing:  Inter clock paths are considered valid unless explicitly excluded by timing constraints such as set_clock_groups or set_false_path.

    Location             Delay type                Incr(ns)  Path(ns)    Netlist Resource(s)
  -------------------------------------------------------------------    -------------------
                         (clock clk_out2_design_1_clk_wiz_0_0 rise edge)
                                                      0.000     0.000 r  
    H16                                               0.000     0.000 r  clk_in1_0 (IN)
                         net (fo=0)                   0.000     0.000    design_1_i/clk_wiz_0/inst/clk_in1
    H16                  IBUF (Prop_ibuf_I_O)         0.219     0.219 r  design_1_i/clk_wiz_0/inst/clkin1_ibufg/O
                         net (fo=1, routed)           0.440     0.659    design_1_i/clk_wiz_0/inst/clk_in1_design_1_clk_wiz_0_0
    MMCME2_ADV_X1Y2      MMCME2_ADV (Prop_mmcme2_adv_CLKIN1_CLKOUT1)
                                                     -2.613    -1.954 r  design_1_i/clk_wiz_0/inst/mmcm_adv_inst/CLKOUT1
                         net (fo=1, routed)           0.696    -1.257    design_1_i/clk_wiz_0/inst/clk_out2_design_1_clk_wiz_0_0
    BUFGCTRL_X0Y18       BUFG (Prop_bufg_I_O)         0.026    -1.231 r  design_1_i/clk_wiz_0/inst/clkout2_buf/O
                         net (fo=66, routed)          0.639    -0.592    design_1_i/eFPGA_AXI_LM393_driv_1/U0/eFPGA_AXI_LM393_driver_slave_lite_v1_0_S00_AXI_inst/speedsensor_instance/clk
    SLICE_X41Y100        FDRE                                         r  design_1_i/eFPGA_AXI_LM393_driv_1/U0/eFPGA_AXI_LM393_driver_slave_lite_v1_0_S00_AXI_inst/speedsensor_instance/result_reg[3]/C
  -------------------------------------------------------------------    -------------------
    SLICE_X41Y100        FDRE (Prop_fdre_C_Q)         0.141    -0.451 r  design_1_i/eFPGA_AXI_LM393_driv_1/U0/eFPGA_AXI_LM393_driver_slave_lite_v1_0_S00_AXI_inst/speedsensor_instance/result_reg[3]/Q
                         net (fo=1, routed)           0.956     0.505    design_1_i/eFPGA_AXI_LM393_driv_1/U0/eFPGA_AXI_LM393_driver_slave_lite_v1_0_S00_AXI_inst/result[3]
    SLICE_X42Y93         LUT6 (Prop_lut6_I1_O)        0.045     0.550 r  design_1_i/eFPGA_AXI_LM393_driv_1/U0/eFPGA_AXI_LM393_driver_slave_lite_v1_0_S00_AXI_inst/s00_axi_rdata[3]_INST_0/O
                         net (fo=1, routed)           0.763     1.313    design_1_i/ps7_0_axi_periph/xbar/inst/gen_sasd.crossbar_sasd_0/reg_slice_r/m_axi_rdata[99]
    SLICE_X42Y93         LUT5 (Prop_lut5_I0_O)        0.045     1.358 r  design_1_i/ps7_0_axi_periph/xbar/inst/gen_sasd.crossbar_sasd_0/reg_slice_r/m_payload_i[6]_i_2/O
                         net (fo=1, routed)           0.853     2.210    design_1_i/ps7_0_axi_periph/xbar/inst/gen_sasd.crossbar_sasd_0/reg_slice_r/m_payload_i[6]_i_2_n_0
    SLICE_X43Y90         LUT5 (Prop_lut5_I2_O)        0.045     2.255 r  design_1_i/ps7_0_axi_periph/xbar/inst/gen_sasd.crossbar_sasd_0/reg_slice_r/m_payload_i[6]_i_1/O
                         net (fo=2, routed)           0.000     2.255    design_1_i/ps7_0_axi_periph/xbar/inst/gen_sasd.crossbar_sasd_0/reg_slice_r/skid_buffer[6]
    SLICE_X43Y90         FDRE                                         r  design_1_i/ps7_0_axi_periph/xbar/inst/gen_sasd.crossbar_sasd_0/reg_slice_r/skid_buffer_reg[6]/D
  -------------------------------------------------------------------    -------------------

                         (clock clk_fpga_0 rise edge)
                                                      0.000     0.000 r  
    PS7_X0Y0             PS7                          0.000     0.000 r  design_1_i/processing_system7_0/inst/PS7_i/FCLKCLK[0]
                         net (fo=1, routed)           0.337     0.337    design_1_i/processing_system7_0/inst/FCLK_CLK_unbuffered[0]
    BUFGCTRL_X0Y16       BUFG (Prop_bufg_I_O)         0.029     0.366 r  design_1_i/processing_system7_0/inst/buffer_fclk_clk_0.FCLK_CLK_0_BUFG/O
                         net (fo=1540, routed)        0.823     1.189    design_1_i/ps7_0_axi_periph/xbar/inst/gen_sasd.crossbar_sasd_0/reg_slice_r/aclk
    SLICE_X43Y90         FDRE                                         r  design_1_i/ps7_0_axi_periph/xbar/inst/gen_sasd.crossbar_sasd_0/reg_slice_r/skid_buffer_reg[6]/C
                         clock pessimism              0.000     1.189    
                         clock uncertainty            0.698     1.887    
    SLICE_X43Y90         FDRE (Hold_fdre_C_D)         0.092     1.979    design_1_i/ps7_0_axi_periph/xbar/inst/gen_sasd.crossbar_sasd_0/reg_slice_r/skid_buffer_reg[6]
  -------------------------------------------------------------------
                         required time                         -1.979    
                         arrival time                           2.255    
  -------------------------------------------------------------------
                         slack                                  0.276    

Slack (MET) :             0.294ns  (arrival time - required time)
  Source:                 design_1_i/eFPGA_AXI_LM393_driv_1/U0/eFPGA_AXI_LM393_driver_slave_lite_v1_0_S00_AXI_inst/speedsensor_instance/result_reg[20]/C
                            (rising edge-triggered cell FDRE clocked by clk_out2_design_1_clk_wiz_0_0  {rise@0.000ns fall@100.000ns period=200.000ns})
  Destination:            design_1_i/ps7_0_axi_periph/xbar/inst/gen_sasd.crossbar_sasd_0/reg_slice_r/skid_buffer_reg[23]/D
                            (rising edge-triggered cell FDRE clocked by clk_fpga_0  {rise@0.000ns fall@5.000ns period=10.000ns})
  Path Group:             clk_fpga_0
  Path Type:              Hold (Min at Fast Process Corner)
  Requirement:            0.000ns  (clk_fpga_0 rise@0.000ns - clk_out2_design_1_clk_wiz_0_0 rise@0.000ns)
  Data Path Delay:        2.933ns  (logic 0.276ns (9.409%)  route 2.657ns (90.591%))
  Logic Levels:           3  (LUT6=3)
  Clock Path Skew:        1.889ns (DCD - SCD - CPR)
    Destination Clock Delay (DCD):    1.296ns
    Source Clock Delay      (SCD):    -0.593ns
    Clock Pessimism Removal (CPR):    -0.000ns
  Clock Uncertainty:      0.698ns  ((TSJ^2 + TIJ^2 + DJ^2)^1/2) / 2 + PE
    Total System Jitter     (TSJ):    0.071ns
    Total Input Jitter      (TIJ):    0.300ns
    Discrete Jitter          (DJ):    0.631ns
    Phase Error              (PE):    0.347ns
  Clock Domain Crossing:  Inter clock paths are considered valid unless explicitly excluded by timing constraints such as set_clock_groups or set_false_path.

    Location             Delay type                Incr(ns)  Path(ns)    Netlist Resource(s)
  -------------------------------------------------------------------    -------------------
                         (clock clk_out2_design_1_clk_wiz_0_0 rise edge)
                                                      0.000     0.000 r  
    H16                                               0.000     0.000 r  clk_in1_0 (IN)
                         net (fo=0)                   0.000     0.000    design_1_i/clk_wiz_0/inst/clk_in1
    H16                  IBUF (Prop_ibuf_I_O)         0.219     0.219 r  design_1_i/clk_wiz_0/inst/clkin1_ibufg/O
                         net (fo=1, routed)           0.440     0.659    design_1_i/clk_wiz_0/inst/clk_in1_design_1_clk_wiz_0_0
    MMCME2_ADV_X1Y2      MMCME2_ADV (Prop_mmcme2_adv_CLKIN1_CLKOUT1)
                                                     -2.613    -1.954 r  design_1_i/clk_wiz_0/inst/mmcm_adv_inst/CLKOUT1
                         net (fo=1, routed)           0.696    -1.257    design_1_i/clk_wiz_0/inst/clk_out2_design_1_clk_wiz_0_0
    BUFGCTRL_X0Y18       BUFG (Prop_bufg_I_O)         0.026    -1.231 r  design_1_i/clk_wiz_0/inst/clkout2_buf/O
                         net (fo=66, routed)          0.638    -0.593    design_1_i/eFPGA_AXI_LM393_driv_1/U0/eFPGA_AXI_LM393_driver_slave_lite_v1_0_S00_AXI_inst/speedsensor_instance/clk
    SLICE_X41Y103        FDRE                                         r  design_1_i/eFPGA_AXI_LM393_driv_1/U0/eFPGA_AXI_LM393_driver_slave_lite_v1_0_S00_AXI_inst/speedsensor_instance/result_reg[20]/C
  -------------------------------------------------------------------    -------------------
    SLICE_X41Y103        FDRE (Prop_fdre_C_Q)         0.141    -0.452 r  design_1_i/eFPGA_AXI_LM393_driv_1/U0/eFPGA_AXI_LM393_driver_slave_lite_v1_0_S00_AXI_inst/speedsensor_instance/result_reg[20]/Q
                         net (fo=1, routed)           0.689     0.237    design_1_i/eFPGA_AXI_LM393_driv_1/U0/eFPGA_AXI_LM393_driver_slave_lite_v1_0_S00_AXI_inst/result[20]
    SLICE_X39Y103        LUT6 (Prop_lut6_I1_O)        0.045     0.282 r  design_1_i/eFPGA_AXI_LM393_driv_1/U0/eFPGA_AXI_LM393_driver_slave_lite_v1_0_S00_AXI_inst/s00_axi_rdata[20]_INST_0/O
                         net (fo=1, routed)           0.590     0.871    design_1_i/ps7_0_axi_periph/xbar/inst/gen_sasd.crossbar_sasd_0/reg_slice_r/m_axi_rdata[116]
    SLICE_X37Y103        LUT6 (Prop_lut6_I4_O)        0.045     0.916 r  design_1_i/ps7_0_axi_periph/xbar/inst/gen_sasd.crossbar_sasd_0/reg_slice_r/skid_buffer[23]_i_2/O
                         net (fo=1, routed)           0.460     1.376    design_1_i/ps7_0_axi_periph/xbar/inst/gen_sasd.crossbar_sasd_0/reg_slice_r/skid_buffer[23]_i_2_n_0
    SLICE_X35Y103        LUT6 (Prop_lut6_I5_O)        0.045     1.421 r  design_1_i/ps7_0_axi_periph/xbar/inst/gen_sasd.crossbar_sasd_0/reg_slice_r/skid_buffer[23]_i_1/O
                         net (fo=2, routed)           0.919     2.340    design_1_i/ps7_0_axi_periph/xbar/inst/gen_sasd.crossbar_sasd_0/reg_slice_r/skid_buffer[23]_i_1_n_0
    SLICE_X30Y103        FDRE                                         r  design_1_i/ps7_0_axi_periph/xbar/inst/gen_sasd.crossbar_sasd_0/reg_slice_r/skid_buffer_reg[23]/D
  -------------------------------------------------------------------    -------------------

                         (clock clk_fpga_0 rise edge)
                                                      0.000     0.000 r  
    PS7_X0Y0             PS7                          0.000     0.000 r  design_1_i/processing_system7_0/inst/PS7_i/FCLKCLK[0]
                         net (fo=1, routed)           0.337     0.337    design_1_i/processing_system7_0/inst/FCLK_CLK_unbuffered[0]
    BUFGCTRL_X0Y16       BUFG (Prop_bufg_I_O)         0.029     0.366 r  design_1_i/processing_system7_0/inst/buffer_fclk_clk_0.FCLK_CLK_0_BUFG/O
                         net (fo=1540, routed)        0.930     1.296    design_1_i/ps7_0_axi_periph/xbar/inst/gen_sasd.crossbar_sasd_0/reg_slice_r/aclk
    SLICE_X30Y103        FDRE                                         r  design_1_i/ps7_0_axi_periph/xbar/inst/gen_sasd.crossbar_sasd_0/reg_slice_r/skid_buffer_reg[23]/C
                         clock pessimism              0.000     1.296    
                         clock uncertainty            0.698     1.994    
    SLICE_X30Y103        FDRE (Hold_fdre_C_D)         0.052     2.046    design_1_i/ps7_0_axi_periph/xbar/inst/gen_sasd.crossbar_sasd_0/reg_slice_r/skid_buffer_reg[23]
  -------------------------------------------------------------------
                         required time                         -2.046    
                         arrival time                           2.340    
  -------------------------------------------------------------------
                         slack                                  0.294    





--------------------------------------------------------------------------------------
Path Group:  (none)
From Clock:  
  To Clock:  clk_fpga_0

Max Delay             1 Endpoint
Min Delay             1 Endpoint
--------------------------------------------------------------------------------------


Max Delay Paths
--------------------------------------------------------------------------------------
Slack:                    inf
  Source:                 design_1_i/processing_system7_0/inst/PS7_i/FCLKRESETN[0]
                            (internal pin)
  Destination:            design_1_i/rst_ps7_0_100M/U0/EXT_LPF/ACTIVE_LOW_EXT.ACT_LO_EXT/GENERATE_LEVEL_P_S_CDC.SINGLE_BIT.CROSS_PLEVEL_IN2SCNDRY_IN_cdc_to/D
                            (rising edge-triggered cell FDRE clocked by clk_fpga_0  {rise@0.000ns fall@5.000ns period=10.000ns})
  Path Group:             (none)
  Path Type:              Setup (Max at Slow Process Corner)
  Data Path Delay:        1.838ns  (logic 0.124ns (6.745%)  route 1.714ns (93.255%))
  Logic Levels:           1  (LUT1=1)
  Clock Uncertainty:      0.152ns  ((TSJ^2 + TIJ^2)^1/2 + DJ) / 2 + PE
    Total System Jitter     (TSJ):    0.050ns
    Total Input Jitter      (TIJ):    0.300ns
    Discrete Jitter          (DJ):    0.000ns
    Phase Error              (PE):    0.000ns
  Timing Exception:       False Path

    Location             Delay type                Incr(ns)  Path(ns)    Netlist Resource(s)
  -------------------------------------------------------------------    -------------------
    PS7_X0Y0             PS7                          0.000     0.000 f  design_1_i/processing_system7_0/inst/PS7_i/FCLKRESETN[0]
                         net (fo=1, routed)           1.714     1.714    design_1_i/rst_ps7_0_100M/U0/EXT_LPF/ACTIVE_LOW_EXT.ACT_LO_EXT/ext_reset_in
    SLICE_X46Y109        LUT1 (Prop_lut1_I0_O)        0.124     1.838 r  design_1_i/rst_ps7_0_100M/U0/EXT_LPF/ACTIVE_LOW_EXT.ACT_LO_EXT/GENERATE_LEVEL_P_S_CDC.SINGLE_BIT.CROSS_PLEVEL_IN2SCNDRY_IN_cdc_to_i_1/O
                         net (fo=1, routed)           0.000     1.838    design_1_i/rst_ps7_0_100M/U0/EXT_LPF/ACTIVE_LOW_EXT.ACT_LO_EXT/exr_d1
    SLICE_X46Y109        FDRE                                         r  design_1_i/rst_ps7_0_100M/U0/EXT_LPF/ACTIVE_LOW_EXT.ACT_LO_EXT/GENERATE_LEVEL_P_S_CDC.SINGLE_BIT.CROSS_PLEVEL_IN2SCNDRY_IN_cdc_to/D
  -------------------------------------------------------------------    -------------------

                         (clock clk_fpga_0 rise edge)
                                                      0.000     0.000 r  
    PS7_X0Y0             PS7                          0.000     0.000 r  design_1_i/processing_system7_0/inst/PS7_i/FCLKCLK[0]
                         net (fo=1, routed)           1.088     1.088    design_1_i/processing_system7_0/inst/FCLK_CLK_unbuffered[0]
    BUFGCTRL_X0Y16       BUFG (Prop_bufg_I_O)         0.091     1.179 r  design_1_i/processing_system7_0/inst/buffer_fclk_clk_0.FCLK_CLK_0_BUFG/O
                         net (fo=1540, routed)        1.650     2.829    design_1_i/rst_ps7_0_100M/U0/EXT_LPF/ACTIVE_LOW_EXT.ACT_LO_EXT/slowest_sync_clk
    SLICE_X46Y109        FDRE                                         r  design_1_i/rst_ps7_0_100M/U0/EXT_LPF/ACTIVE_LOW_EXT.ACT_LO_EXT/GENERATE_LEVEL_P_S_CDC.SINGLE_BIT.CROSS_PLEVEL_IN2SCNDRY_IN_cdc_to/C





Min Delay Paths
--------------------------------------------------------------------------------------
Slack:                    inf
  Source:                 design_1_i/processing_system7_0/inst/PS7_i/FCLKRESETN[0]
                            (internal pin)
  Destination:            design_1_i/rst_ps7_0_100M/U0/EXT_LPF/ACTIVE_LOW_EXT.ACT_LO_EXT/GENERATE_LEVEL_P_S_CDC.SINGLE_BIT.CROSS_PLEVEL_IN2SCNDRY_IN_cdc_to/D
                            (rising edge-triggered cell FDRE clocked by clk_fpga_0  {rise@0.000ns fall@5.000ns period=10.000ns})
  Path Group:             (none)
  Path Type:              Hold (Min at Fast Process Corner)
  Data Path Delay:        0.784ns  (logic 0.045ns (5.737%)  route 0.739ns (94.263%))
  Logic Levels:           1  (LUT1=1)
  Clock Uncertainty:      0.152ns  ((TSJ^2 + TIJ^2)^1/2 + DJ) / 2 + PE
    Total System Jitter     (TSJ):    0.050ns
    Total Input Jitter      (TIJ):    0.300ns
    Discrete Jitter          (DJ):    0.000ns
    Phase Error              (PE):    0.000ns
  Timing Exception:       False Path

    Location             Delay type                Incr(ns)  Path(ns)    Netlist Resource(s)
  -------------------------------------------------------------------    -------------------
    PS7_X0Y0             PS7                          0.000     0.000 f  design_1_i/processing_system7_0/inst/PS7_i/FCLKRESETN[0]
                         net (fo=1, routed)           0.739     0.739    design_1_i/rst_ps7_0_100M/U0/EXT_LPF/ACTIVE_LOW_EXT.ACT_LO_EXT/ext_reset_in
    SLICE_X46Y109        LUT1 (Prop_lut1_I0_O)        0.045     0.784 r  design_1_i/rst_ps7_0_100M/U0/EXT_LPF/ACTIVE_LOW_EXT.ACT_LO_EXT/GENERATE_LEVEL_P_S_CDC.SINGLE_BIT.CROSS_PLEVEL_IN2SCNDRY_IN_cdc_to_i_1/O
                         net (fo=1, routed)           0.000     0.784    design_1_i/rst_ps7_0_100M/U0/EXT_LPF/ACTIVE_LOW_EXT.ACT_LO_EXT/exr_d1
    SLICE_X46Y109        FDRE                                         r  design_1_i/rst_ps7_0_100M/U0/EXT_LPF/ACTIVE_LOW_EXT.ACT_LO_EXT/GENERATE_LEVEL_P_S_CDC.SINGLE_BIT.CROSS_PLEVEL_IN2SCNDRY_IN_cdc_to/D
  -------------------------------------------------------------------    -------------------

                         (clock clk_fpga_0 rise edge)
                                                      0.000     0.000 r  
    PS7_X0Y0             PS7                          0.000     0.000 r  design_1_i/processing_system7_0/inst/PS7_i/FCLKCLK[0]
                         net (fo=1, routed)           0.337     0.337    design_1_i/processing_system7_0/inst/FCLK_CLK_unbuffered[0]
    BUFGCTRL_X0Y16       BUFG (Prop_bufg_I_O)         0.029     0.366 r  design_1_i/processing_system7_0/inst/buffer_fclk_clk_0.FCLK_CLK_0_BUFG/O
                         net (fo=1540, routed)        0.909     1.275    design_1_i/rst_ps7_0_100M/U0/EXT_LPF/ACTIVE_LOW_EXT.ACT_LO_EXT/slowest_sync_clk
    SLICE_X46Y109        FDRE                                         r  design_1_i/rst_ps7_0_100M/U0/EXT_LPF/ACTIVE_LOW_EXT.ACT_LO_EXT/GENERATE_LEVEL_P_S_CDC.SINGLE_BIT.CROSS_PLEVEL_IN2SCNDRY_IN_cdc_to/C





--------------------------------------------------------------------------------------
Path Group:  (none)
From Clock:  clk_fpga_0
  To Clock:  

Max Delay             6 Endpoints
Min Delay             6 Endpoints
--------------------------------------------------------------------------------------


Max Delay Paths
--------------------------------------------------------------------------------------
Slack:                    inf
  Source:                 design_1_i/axi_gpio_1/U0/gpio_core_1/Not_Dual.gpio_Data_Out_reg[0]/C
                            (rising edge-triggered cell FDRE clocked by clk_fpga_0  {rise@0.000ns fall@5.000ns period=10.000ns})
  Destination:            DIRECTIONS_1_tri_o[1]
                            (output port)
  Path Group:             (none)
  Path Type:              Max at Slow Process Corner
  Data Path Delay:        8.673ns  (logic 4.010ns (46.231%)  route 4.663ns (53.769%))
  Logic Levels:           1  (OBUF=1)
  Clock Uncertainty:      0.152ns  ((TSJ^2 + TIJ^2)^1/2 + DJ) / 2 + PE
    Total System Jitter     (TSJ):    0.050ns
    Total Input Jitter      (TIJ):    0.300ns
    Discrete Jitter          (DJ):    0.000ns
    Phase Error              (PE):    0.000ns

    Location             Delay type                Incr(ns)  Path(ns)    Netlist Resource(s)
  -------------------------------------------------------------------    -------------------
                         (clock clk_fpga_0 rise edge)
                                                      0.000     0.000 r  
    PS7_X0Y0             PS7                          0.000     0.000 r  design_1_i/processing_system7_0/inst/PS7_i/FCLKCLK[0]
                         net (fo=1, routed)           1.193     1.193    design_1_i/processing_system7_0/inst/FCLK_CLK_unbuffered[0]
    BUFGCTRL_X0Y16       BUFG (Prop_bufg_I_O)         0.101     1.294 r  design_1_i/processing_system7_0/inst/buffer_fclk_clk_0.FCLK_CLK_0_BUFG/O
                         net (fo=1540, routed)        1.649     2.943    design_1_i/axi_gpio_1/U0/gpio_core_1/s_axi_aclk
    SLICE_X39Y88         FDRE                                         r  design_1_i/axi_gpio_1/U0/gpio_core_1/Not_Dual.gpio_Data_Out_reg[0]/C
  -------------------------------------------------------------------    -------------------
    SLICE_X39Y88         FDRE (Prop_fdre_C_Q)         0.456     3.399 r  design_1_i/axi_gpio_1/U0/gpio_core_1/Not_Dual.gpio_Data_Out_reg[0]/Q
                         net (fo=3, routed)           4.663     8.062    DIRECTIONS_1_tri_o_OBUF[1]
    W16                  OBUF (Prop_obuf_I_O)         3.554    11.616 r  DIRECTIONS_1_tri_o_OBUF[1]_inst/O
                         net (fo=0)                   0.000    11.616    DIRECTIONS_1_tri_o[1]
    W16                                                               r  DIRECTIONS_1_tri_o[1] (OUT)
  -------------------------------------------------------------------    -------------------

Slack:                    inf
  Source:                 design_1_i/axi_gpio_0/U0/gpio_core_1/Not_Dual.gpio_Data_Out_reg[1]/C
                            (rising edge-triggered cell FDRE clocked by clk_fpga_0  {rise@0.000ns fall@5.000ns period=10.000ns})
  Destination:            DIRECTIONS_0_tri_o[0]
                            (output port)
  Path Group:             (none)
  Path Type:              Max at Slow Process Corner
  Data Path Delay:        8.619ns  (logic 4.063ns (47.142%)  route 4.556ns (52.858%))
  Logic Levels:           1  (OBUF=1)
  Clock Uncertainty:      0.152ns  ((TSJ^2 + TIJ^2)^1/2 + DJ) / 2 + PE
    Total System Jitter     (TSJ):    0.050ns
    Total Input Jitter      (TIJ):    0.300ns
    Discrete Jitter          (DJ):    0.000ns
    Phase Error              (PE):    0.000ns

    Location             Delay type                Incr(ns)  Path(ns)    Netlist Resource(s)
  -------------------------------------------------------------------    -------------------
                         (clock clk_fpga_0 rise edge)
                                                      0.000     0.000 r  
    PS7_X0Y0             PS7                          0.000     0.000 r  design_1_i/processing_system7_0/inst/PS7_i/FCLKCLK[0]
                         net (fo=1, routed)           1.193     1.193    design_1_i/processing_system7_0/inst/FCLK_CLK_unbuffered[0]
    BUFGCTRL_X0Y16       BUFG (Prop_bufg_I_O)         0.101     1.294 r  design_1_i/processing_system7_0/inst/buffer_fclk_clk_0.FCLK_CLK_0_BUFG/O
                         net (fo=1540, routed)        1.648     2.942    design_1_i/axi_gpio_0/U0/gpio_core_1/s_axi_aclk
    SLICE_X42Y88         FDRE                                         r  design_1_i/axi_gpio_0/U0/gpio_core_1/Not_Dual.gpio_Data_Out_reg[1]/C
  -------------------------------------------------------------------    -------------------
    SLICE_X42Y88         FDRE (Prop_fdre_C_Q)         0.518     3.460 r  design_1_i/axi_gpio_0/U0/gpio_core_1/Not_Dual.gpio_Data_Out_reg[1]/Q
                         net (fo=3, routed)           4.556     8.016    DIRECTIONS_0_tri_o_OBUF[0]
    W18                  OBUF (Prop_obuf_I_O)         3.545    11.561 r  DIRECTIONS_0_tri_o_OBUF[0]_inst/O
                         net (fo=0)                   0.000    11.561    DIRECTIONS_0_tri_o[0]
    W18                                                               r  DIRECTIONS_0_tri_o[0] (OUT)
  -------------------------------------------------------------------    -------------------

Slack:                    inf
  Source:                 design_1_i/axi_timer_0/U0/TC_CORE_I/PWM_FF_I/C
                            (rising edge-triggered cell FDRE clocked by clk_fpga_0  {rise@0.000ns fall@5.000ns period=10.000ns})
  Destination:            pwm0_1
                            (output port)
  Path Group:             (none)
  Path Type:              Max at Slow Process Corner
  Data Path Delay:        8.579ns  (logic 4.071ns (47.455%)  route 4.508ns (52.545%))
  Logic Levels:           1  (OBUF=1)
  Clock Uncertainty:      0.152ns  ((TSJ^2 + TIJ^2)^1/2 + DJ) / 2 + PE
    Total System Jitter     (TSJ):    0.050ns
    Total Input Jitter      (TIJ):    0.300ns
    Discrete Jitter          (DJ):    0.000ns
    Phase Error              (PE):    0.000ns

    Location             Delay type                Incr(ns)  Path(ns)    Netlist Resource(s)
  -------------------------------------------------------------------    -------------------
                         (clock clk_fpga_0 rise edge)
                                                      0.000     0.000 r  
    PS7_X0Y0             PS7                          0.000     0.000 r  design_1_i/processing_system7_0/inst/PS7_i/FCLKCLK[0]
                         net (fo=1, routed)           1.193     1.193    design_1_i/processing_system7_0/inst/FCLK_CLK_unbuffered[0]
    BUFGCTRL_X0Y16       BUFG (Prop_bufg_I_O)         0.101     1.294 r  design_1_i/processing_system7_0/inst/buffer_fclk_clk_0.FCLK_CLK_0_BUFG/O
                         net (fo=1540, routed)        1.649     2.943    design_1_i/axi_timer_0/U0/TC_CORE_I/s_axi_aclk
    SLICE_X36Y88         FDRE                                         r  design_1_i/axi_timer_0/U0/TC_CORE_I/PWM_FF_I/C
  -------------------------------------------------------------------    -------------------
    SLICE_X36Y88         FDRE (Prop_fdre_C_Q)         0.518     3.461 r  design_1_i/axi_timer_0/U0/TC_CORE_I/PWM_FF_I/Q
                         net (fo=2, routed)           4.508     7.969    pwm0_1_OBUF
    V16                  OBUF (Prop_obuf_I_O)         3.553    11.522 r  pwm0_1_OBUF_inst/O
                         net (fo=0)                   0.000    11.522    pwm0_1
    V16                                                               r  pwm0_1 (OUT)
  -------------------------------------------------------------------    -------------------

Slack:                    inf
  Source:                 design_1_i/axi_timer_1/U0/TC_CORE_I/PWM_FF_I/C
                            (rising edge-triggered cell FDRE clocked by clk_fpga_0  {rise@0.000ns fall@5.000ns period=10.000ns})
  Destination:            pwm0_0
                            (output port)
  Path Group:             (none)
  Path Type:              Max at Slow Process Corner
  Data Path Delay:        8.029ns  (logic 4.009ns (49.936%)  route 4.019ns (50.064%))
  Logic Levels:           1  (OBUF=1)
  Clock Uncertainty:      0.152ns  ((TSJ^2 + TIJ^2)^1/2 + DJ) / 2 + PE
    Total System Jitter     (TSJ):    0.050ns
    Total Input Jitter      (TIJ):    0.300ns
    Discrete Jitter          (DJ):    0.000ns
    Phase Error              (PE):    0.000ns

    Location             Delay type                Incr(ns)  Path(ns)    Netlist Resource(s)
  -------------------------------------------------------------------    -------------------
                         (clock clk_fpga_0 rise edge)
                                                      0.000     0.000 r  
    PS7_X0Y0             PS7                          0.000     0.000 r  design_1_i/processing_system7_0/inst/PS7_i/FCLKCLK[0]
                         net (fo=1, routed)           1.193     1.193    design_1_i/processing_system7_0/inst/FCLK_CLK_unbuffered[0]
    BUFGCTRL_X0Y16       BUFG (Prop_bufg_I_O)         0.101     1.294 r  design_1_i/processing_system7_0/inst/buffer_fclk_clk_0.FCLK_CLK_0_BUFG/O
                         net (fo=1540, routed)        1.648     2.942    design_1_i/axi_timer_1/U0/TC_CORE_I/s_axi_aclk
    SLICE_X48Y89         FDRE                                         r  design_1_i/axi_timer_1/U0/TC_CORE_I/PWM_FF_I/C
  -------------------------------------------------------------------    -------------------
    SLICE_X48Y89         FDRE (Prop_fdre_C_Q)         0.456     3.398 r  design_1_i/axi_timer_1/U0/TC_CORE_I/PWM_FF_I/Q
                         net (fo=2, routed)           4.019     7.417    pwm0_0_OBUF
    U18                  OBUF (Prop_obuf_I_O)         3.553    10.971 r  pwm0_0_OBUF_inst/O
                         net (fo=0)                   0.000    10.971    pwm0_0
    U18                                                               r  pwm0_0 (OUT)
  -------------------------------------------------------------------    -------------------

Slack:                    inf
  Source:                 design_1_i/axi_gpio_0/U0/gpio_core_1/Not_Dual.gpio_Data_Out_reg[0]/C
                            (rising edge-triggered cell FDRE clocked by clk_fpga_0  {rise@0.000ns fall@5.000ns period=10.000ns})
  Destination:            DIRECTIONS_0_tri_o[1]
                            (output port)
  Path Group:             (none)
  Path Type:              Max at Slow Process Corner
  Data Path Delay:        7.945ns  (logic 4.076ns (51.305%)  route 3.869ns (48.695%))
  Logic Levels:           1  (OBUF=1)
  Clock Uncertainty:      0.152ns  ((TSJ^2 + TIJ^2)^1/2 + DJ) / 2 + PE
    Total System Jitter     (TSJ):    0.050ns
    Total Input Jitter      (TIJ):    0.300ns
    Discrete Jitter          (DJ):    0.000ns
    Phase Error              (PE):    0.000ns

    Location             Delay type                Incr(ns)  Path(ns)    Netlist Resource(s)
  -------------------------------------------------------------------    -------------------
                         (clock clk_fpga_0 rise edge)
                                                      0.000     0.000 r  
    PS7_X0Y0             PS7                          0.000     0.000 r  design_1_i/processing_system7_0/inst/PS7_i/FCLKCLK[0]
                         net (fo=1, routed)           1.193     1.193    design_1_i/processing_system7_0/inst/FCLK_CLK_unbuffered[0]
    BUFGCTRL_X0Y16       BUFG (Prop_bufg_I_O)         0.101     1.294 r  design_1_i/processing_system7_0/inst/buffer_fclk_clk_0.FCLK_CLK_0_BUFG/O
                         net (fo=1540, routed)        1.648     2.942    design_1_i/axi_gpio_0/U0/gpio_core_1/s_axi_aclk
    SLICE_X42Y88         FDRE                                         r  design_1_i/axi_gpio_0/U0/gpio_core_1/Not_Dual.gpio_Data_Out_reg[0]/C
  -------------------------------------------------------------------    -------------------
    SLICE_X42Y88         FDRE (Prop_fdre_C_Q)         0.518     3.460 r  design_1_i/axi_gpio_0/U0/gpio_core_1/Not_Dual.gpio_Data_Out_reg[0]/Q
                         net (fo=3, routed)           3.869     7.329    DIRECTIONS_0_tri_o_OBUF[1]
    U19                  OBUF (Prop_obuf_I_O)         3.558    10.887 r  DIRECTIONS_0_tri_o_OBUF[1]_inst/O
                         net (fo=0)                   0.000    10.887    DIRECTIONS_0_tri_o[1]
    U19                                                               r  DIRECTIONS_0_tri_o[1] (OUT)
  -------------------------------------------------------------------    -------------------

Slack:                    inf
  Source:                 design_1_i/axi_gpio_1/U0/gpio_core_1/Not_Dual.gpio_Data_Out_reg[1]/C
                            (rising edge-triggered cell FDRE clocked by clk_fpga_0  {rise@0.000ns fall@5.000ns period=10.000ns})
  Destination:            DIRECTIONS_1_tri_o[0]
                            (output port)
  Path Group:             (none)
  Path Type:              Max at Slow Process Corner
  Data Path Delay:        7.912ns  (logic 4.057ns (51.277%)  route 3.855ns (48.723%))
  Logic Levels:           1  (OBUF=1)
  Clock Uncertainty:      0.152ns  ((TSJ^2 + TIJ^2)^1/2 + DJ) / 2 + PE
    Total System Jitter     (TSJ):    0.050ns
    Total Input Jitter      (TIJ):    0.300ns
    Discrete Jitter          (DJ):    0.000ns
    Phase Error              (PE):    0.000ns

    Location             Delay type                Incr(ns)  Path(ns)    Netlist Resource(s)
  -------------------------------------------------------------------    -------------------
                         (clock clk_fpga_0 rise edge)
                                                      0.000     0.000 r  
    PS7_X0Y0             PS7                          0.000     0.000 r  design_1_i/processing_system7_0/inst/PS7_i/FCLKCLK[0]
                         net (fo=1, routed)           1.193     1.193    design_1_i/processing_system7_0/inst/FCLK_CLK_unbuffered[0]
    BUFGCTRL_X0Y16       BUFG (Prop_bufg_I_O)         0.101     1.294 r  design_1_i/processing_system7_0/inst/buffer_fclk_clk_0.FCLK_CLK_0_BUFG/O
                         net (fo=1540, routed)        1.649     2.943    design_1_i/axi_gpio_1/U0/gpio_core_1/s_axi_aclk
    SLICE_X39Y88         FDRE                                         r  design_1_i/axi_gpio_1/U0/gpio_core_1/Not_Dual.gpio_Data_Out_reg[1]/C
  -------------------------------------------------------------------    -------------------
    SLICE_X39Y88         FDRE (Prop_fdre_C_Q)         0.456     3.399 r  design_1_i/axi_gpio_1/U0/gpio_core_1/Not_Dual.gpio_Data_Out_reg[1]/Q
                         net (fo=3, routed)           3.855     7.254    DIRECTIONS_1_tri_o_OBUF[0]
    V12                  OBUF (Prop_obuf_I_O)         3.601    10.855 r  DIRECTIONS_1_tri_o_OBUF[0]_inst/O
                         net (fo=0)                   0.000    10.855    DIRECTIONS_1_tri_o[0]
    V12                                                               r  DIRECTIONS_1_tri_o[0] (OUT)
  -------------------------------------------------------------------    -------------------





Min Delay Paths
--------------------------------------------------------------------------------------
Slack:                    inf
  Source:                 design_1_i/axi_gpio_0/U0/gpio_core_1/Not_Dual.gpio_Data_Out_reg[0]/C
                            (rising edge-triggered cell FDRE clocked by clk_fpga_0  {rise@0.000ns fall@5.000ns period=10.000ns})
  Destination:            DIRECTIONS_0_tri_o[1]
                            (output port)
  Path Group:             (none)
  Path Type:              Min at Fast Process Corner
  Data Path Delay:        2.819ns  (logic 1.423ns (50.462%)  route 1.397ns (49.538%))
  Logic Levels:           1  (OBUF=1)
  Clock Uncertainty:      0.152ns  ((TSJ^2 + TIJ^2)^1/2 + DJ) / 2 + PE
    Total System Jitter     (TSJ):    0.050ns
    Total Input Jitter      (TIJ):    0.300ns
    Discrete Jitter          (DJ):    0.000ns
    Phase Error              (PE):    0.000ns

    Location             Delay type                Incr(ns)  Path(ns)    Netlist Resource(s)
  -------------------------------------------------------------------    -------------------
                         (clock clk_fpga_0 rise edge)
                                                      0.000     0.000 r  
    PS7_X0Y0             PS7                          0.000     0.000 r  design_1_i/processing_system7_0/inst/PS7_i/FCLKCLK[0]
                         net (fo=1, routed)           0.310     0.310    design_1_i/processing_system7_0/inst/FCLK_CLK_unbuffered[0]
    BUFGCTRL_X0Y16       BUFG (Prop_bufg_I_O)         0.026     0.336 r  design_1_i/processing_system7_0/inst/buffer_fclk_clk_0.FCLK_CLK_0_BUFG/O
                         net (fo=1540, routed)        0.554     0.890    design_1_i/axi_gpio_0/U0/gpio_core_1/s_axi_aclk
    SLICE_X42Y88         FDRE                                         r  design_1_i/axi_gpio_0/U0/gpio_core_1/Not_Dual.gpio_Data_Out_reg[0]/C
  -------------------------------------------------------------------    -------------------
    SLICE_X42Y88         FDRE (Prop_fdre_C_Q)         0.164     1.054 r  design_1_i/axi_gpio_0/U0/gpio_core_1/Not_Dual.gpio_Data_Out_reg[0]/Q
                         net (fo=3, routed)           1.397     2.450    DIRECTIONS_0_tri_o_OBUF[1]
    U19                  OBUF (Prop_obuf_I_O)         1.259     3.709 r  DIRECTIONS_0_tri_o_OBUF[1]_inst/O
                         net (fo=0)                   0.000     3.709    DIRECTIONS_0_tri_o[1]
    U19                                                               r  DIRECTIONS_0_tri_o[1] (OUT)
  -------------------------------------------------------------------    -------------------

Slack:                    inf
  Source:                 design_1_i/axi_timer_1/U0/TC_CORE_I/PWM_FF_I/C
                            (rising edge-triggered cell FDRE clocked by clk_fpga_0  {rise@0.000ns fall@5.000ns period=10.000ns})
  Destination:            pwm0_0
                            (output port)
  Path Group:             (none)
  Path Type:              Min at Fast Process Corner
  Data Path Delay:        2.897ns  (logic 1.395ns (48.144%)  route 1.502ns (51.856%))
  Logic Levels:           1  (OBUF=1)
  Clock Uncertainty:      0.152ns  ((TSJ^2 + TIJ^2)^1/2 + DJ) / 2 + PE
    Total System Jitter     (TSJ):    0.050ns
    Total Input Jitter      (TIJ):    0.300ns
    Discrete Jitter          (DJ):    0.000ns
    Phase Error              (PE):    0.000ns

    Location             Delay type                Incr(ns)  Path(ns)    Netlist Resource(s)
  -------------------------------------------------------------------    -------------------
                         (clock clk_fpga_0 rise edge)
                                                      0.000     0.000 r  
    PS7_X0Y0             PS7                          0.000     0.000 r  design_1_i/processing_system7_0/inst/PS7_i/FCLKCLK[0]
                         net (fo=1, routed)           0.310     0.310    design_1_i/processing_system7_0/inst/FCLK_CLK_unbuffered[0]
    BUFGCTRL_X0Y16       BUFG (Prop_bufg_I_O)         0.026     0.336 r  design_1_i/processing_system7_0/inst/buffer_fclk_clk_0.FCLK_CLK_0_BUFG/O
                         net (fo=1540, routed)        0.553     0.889    design_1_i/axi_timer_1/U0/TC_CORE_I/s_axi_aclk
    SLICE_X48Y89         FDRE                                         r  design_1_i/axi_timer_1/U0/TC_CORE_I/PWM_FF_I/C
  -------------------------------------------------------------------    -------------------
    SLICE_X48Y89         FDRE (Prop_fdre_C_Q)         0.141     1.030 r  design_1_i/axi_timer_1/U0/TC_CORE_I/PWM_FF_I/Q
                         net (fo=2, routed)           1.502     2.532    pwm0_0_OBUF
    U18                  OBUF (Prop_obuf_I_O)         1.254     3.786 r  pwm0_0_OBUF_inst/O
                         net (fo=0)                   0.000     3.786    pwm0_0
    U18                                                               r  pwm0_0 (OUT)
  -------------------------------------------------------------------    -------------------

Slack:                    inf
  Source:                 design_1_i/axi_gpio_1/U0/gpio_core_1/Not_Dual.gpio_Data_Out_reg[1]/C
                            (rising edge-triggered cell FDRE clocked by clk_fpga_0  {rise@0.000ns fall@5.000ns period=10.000ns})
  Destination:            DIRECTIONS_1_tri_o[0]
                            (output port)
  Path Group:             (none)
  Path Type:              Min at Fast Process Corner
  Data Path Delay:        2.896ns  (logic 1.442ns (49.798%)  route 1.454ns (50.202%))
  Logic Levels:           1  (OBUF=1)
  Clock Uncertainty:      0.152ns  ((TSJ^2 + TIJ^2)^1/2 + DJ) / 2 + PE
    Total System Jitter     (TSJ):    0.050ns
    Total Input Jitter      (TIJ):    0.300ns
    Discrete Jitter          (DJ):    0.000ns
    Phase Error              (PE):    0.000ns

    Location             Delay type                Incr(ns)  Path(ns)    Netlist Resource(s)
  -------------------------------------------------------------------    -------------------
                         (clock clk_fpga_0 rise edge)
                                                      0.000     0.000 r  
    PS7_X0Y0             PS7                          0.000     0.000 r  design_1_i/processing_system7_0/inst/PS7_i/FCLKCLK[0]
                         net (fo=1, routed)           0.310     0.310    design_1_i/processing_system7_0/inst/FCLK_CLK_unbuffered[0]
    BUFGCTRL_X0Y16       BUFG (Prop_bufg_I_O)         0.026     0.336 r  design_1_i/processing_system7_0/inst/buffer_fclk_clk_0.FCLK_CLK_0_BUFG/O
                         net (fo=1540, routed)        0.554     0.890    design_1_i/axi_gpio_1/U0/gpio_core_1/s_axi_aclk
    SLICE_X39Y88         FDRE                                         r  design_1_i/axi_gpio_1/U0/gpio_core_1/Not_Dual.gpio_Data_Out_reg[1]/C
  -------------------------------------------------------------------    -------------------
    SLICE_X39Y88         FDRE (Prop_fdre_C_Q)         0.141     1.031 r  design_1_i/axi_gpio_1/U0/gpio_core_1/Not_Dual.gpio_Data_Out_reg[1]/Q
                         net (fo=3, routed)           1.454     2.485    DIRECTIONS_1_tri_o_OBUF[0]
    V12                  OBUF (Prop_obuf_I_O)         1.301     3.786 r  DIRECTIONS_1_tri_o_OBUF[0]_inst/O
                         net (fo=0)                   0.000     3.786    DIRECTIONS_1_tri_o[0]
    V12                                                               r  DIRECTIONS_1_tri_o[0] (OUT)
  -------------------------------------------------------------------    -------------------

Slack:                    inf
  Source:                 design_1_i/axi_timer_0/U0/TC_CORE_I/PWM_FF_I/C
                            (rising edge-triggered cell FDRE clocked by clk_fpga_0  {rise@0.000ns fall@5.000ns period=10.000ns})
  Destination:            pwm0_1
                            (output port)
  Path Group:             (none)
  Path Type:              Min at Fast Process Corner
  Data Path Delay:        3.171ns  (logic 1.418ns (44.704%)  route 1.754ns (55.296%))
  Logic Levels:           1  (OBUF=1)
  Clock Uncertainty:      0.152ns  ((TSJ^2 + TIJ^2)^1/2 + DJ) / 2 + PE
    Total System Jitter     (TSJ):    0.050ns
    Total Input Jitter      (TIJ):    0.300ns
    Discrete Jitter          (DJ):    0.000ns
    Phase Error              (PE):    0.000ns

    Location             Delay type                Incr(ns)  Path(ns)    Netlist Resource(s)
  -------------------------------------------------------------------    -------------------
                         (clock clk_fpga_0 rise edge)
                                                      0.000     0.000 r  
    PS7_X0Y0             PS7                          0.000     0.000 r  design_1_i/processing_system7_0/inst/PS7_i/FCLKCLK[0]
                         net (fo=1, routed)           0.310     0.310    design_1_i/processing_system7_0/inst/FCLK_CLK_unbuffered[0]
    BUFGCTRL_X0Y16       BUFG (Prop_bufg_I_O)         0.026     0.336 r  design_1_i/processing_system7_0/inst/buffer_fclk_clk_0.FCLK_CLK_0_BUFG/O
                         net (fo=1540, routed)        0.554     0.890    design_1_i/axi_timer_0/U0/TC_CORE_I/s_axi_aclk
    SLICE_X36Y88         FDRE                                         r  design_1_i/axi_timer_0/U0/TC_CORE_I/PWM_FF_I/C
  -------------------------------------------------------------------    -------------------
    SLICE_X36Y88         FDRE (Prop_fdre_C_Q)         0.164     1.054 r  design_1_i/axi_timer_0/U0/TC_CORE_I/PWM_FF_I/Q
                         net (fo=2, routed)           1.754     2.807    pwm0_1_OBUF
    V16                  OBUF (Prop_obuf_I_O)         1.254     4.061 r  pwm0_1_OBUF_inst/O
                         net (fo=0)                   0.000     4.061    pwm0_1
    V16                                                               r  pwm0_1 (OUT)
  -------------------------------------------------------------------    -------------------

Slack:                    inf
  Source:                 design_1_i/axi_gpio_0/U0/gpio_core_1/Not_Dual.gpio_Data_Out_reg[1]/C
                            (rising edge-triggered cell FDRE clocked by clk_fpga_0  {rise@0.000ns fall@5.000ns period=10.000ns})
  Destination:            DIRECTIONS_0_tri_o[0]
                            (output port)
  Path Group:             (none)
  Path Type:              Min at Fast Process Corner
  Data Path Delay:        3.199ns  (logic 1.410ns (44.077%)  route 1.789ns (55.923%))
  Logic Levels:           1  (OBUF=1)
  Clock Uncertainty:      0.152ns  ((TSJ^2 + TIJ^2)^1/2 + DJ) / 2 + PE
    Total System Jitter     (TSJ):    0.050ns
    Total Input Jitter      (TIJ):    0.300ns
    Discrete Jitter          (DJ):    0.000ns
    Phase Error              (PE):    0.000ns

    Location             Delay type                Incr(ns)  Path(ns)    Netlist Resource(s)
  -------------------------------------------------------------------    -------------------
                         (clock clk_fpga_0 rise edge)
                                                      0.000     0.000 r  
    PS7_X0Y0             PS7                          0.000     0.000 r  design_1_i/processing_system7_0/inst/PS7_i/FCLKCLK[0]
                         net (fo=1, routed)           0.310     0.310    design_1_i/processing_system7_0/inst/FCLK_CLK_unbuffered[0]
    BUFGCTRL_X0Y16       BUFG (Prop_bufg_I_O)         0.026     0.336 r  design_1_i/processing_system7_0/inst/buffer_fclk_clk_0.FCLK_CLK_0_BUFG/O
                         net (fo=1540, routed)        0.554     0.890    design_1_i/axi_gpio_0/U0/gpio_core_1/s_axi_aclk
    SLICE_X42Y88         FDRE                                         r  design_1_i/axi_gpio_0/U0/gpio_core_1/Not_Dual.gpio_Data_Out_reg[1]/C
  -------------------------------------------------------------------    -------------------
    SLICE_X42Y88         FDRE (Prop_fdre_C_Q)         0.164     1.054 r  design_1_i/axi_gpio_0/U0/gpio_core_1/Not_Dual.gpio_Data_Out_reg[1]/Q
                         net (fo=3, routed)           1.789     2.842    DIRECTIONS_0_tri_o_OBUF[0]
    W18                  OBUF (Prop_obuf_I_O)         1.246     4.088 r  DIRECTIONS_0_tri_o_OBUF[0]_inst/O
                         net (fo=0)                   0.000     4.088    DIRECTIONS_0_tri_o[0]
    W18                                                               r  DIRECTIONS_0_tri_o[0] (OUT)
  -------------------------------------------------------------------    -------------------

Slack:                    inf
  Source:                 design_1_i/axi_gpio_1/U0/gpio_core_1/Not_Dual.gpio_Data_Out_reg[0]/C
                            (rising edge-triggered cell FDRE clocked by clk_fpga_0  {rise@0.000ns fall@5.000ns period=10.000ns})
  Destination:            DIRECTIONS_1_tri_o[1]
                            (output port)
  Path Group:             (none)
  Path Type:              Min at Fast Process Corner
  Data Path Delay:        3.215ns  (logic 1.395ns (43.389%)  route 1.820ns (56.611%))
  Logic Levels:           1  (OBUF=1)
  Clock Uncertainty:      0.152ns  ((TSJ^2 + TIJ^2)^1/2 + DJ) / 2 + PE
    Total System Jitter     (TSJ):    0.050ns
    Total Input Jitter      (TIJ):    0.300ns
    Discrete Jitter          (DJ):    0.000ns
    Phase Error              (PE):    0.000ns

    Location             Delay type                Incr(ns)  Path(ns)    Netlist Resource(s)
  -------------------------------------------------------------------    -------------------
                         (clock clk_fpga_0 rise edge)
                                                      0.000     0.000 r  
    PS7_X0Y0             PS7                          0.000     0.000 r  design_1_i/processing_system7_0/inst/PS7_i/FCLKCLK[0]
                         net (fo=1, routed)           0.310     0.310    design_1_i/processing_system7_0/inst/FCLK_CLK_unbuffered[0]
    BUFGCTRL_X0Y16       BUFG (Prop_bufg_I_O)         0.026     0.336 r  design_1_i/processing_system7_0/inst/buffer_fclk_clk_0.FCLK_CLK_0_BUFG/O
                         net (fo=1540, routed)        0.554     0.890    design_1_i/axi_gpio_1/U0/gpio_core_1/s_axi_aclk
    SLICE_X39Y88         FDRE                                         r  design_1_i/axi_gpio_1/U0/gpio_core_1/Not_Dual.gpio_Data_Out_reg[0]/C
  -------------------------------------------------------------------    -------------------
    SLICE_X39Y88         FDRE (Prop_fdre_C_Q)         0.141     1.031 r  design_1_i/axi_gpio_1/U0/gpio_core_1/Not_Dual.gpio_Data_Out_reg[0]/Q
                         net (fo=3, routed)           1.820     2.851    DIRECTIONS_1_tri_o_OBUF[1]
    W16                  OBUF (Prop_obuf_I_O)         1.254     4.105 r  DIRECTIONS_1_tri_o_OBUF[1]_inst/O
                         net (fo=0)                   0.000     4.105    DIRECTIONS_1_tri_o[1]
    W16                                                               r  DIRECTIONS_1_tri_o[1] (OUT)
  -------------------------------------------------------------------    -------------------





--------------------------------------------------------------------------------------
Path Group:  (none)
From Clock:  clkfbout_design_1_clk_wiz_0_0
  To Clock:  

Max Delay             1 Endpoint
Min Delay             1 Endpoint
--------------------------------------------------------------------------------------


Max Delay Paths
--------------------------------------------------------------------------------------
Slack:                    inf
  Source:                 design_1_i/clk_wiz_0/inst/mmcm_adv_inst/CLKFBOUT
                            (clock source 'clkfbout_design_1_clk_wiz_0_0'  {rise@0.000ns fall@25.000ns period=50.000ns})
  Destination:            design_1_i/clk_wiz_0/inst/mmcm_adv_inst/CLKFBIN
  Path Group:             (none)
  Path Type:              Max at Slow Process Corner
  Data Path Delay:        4.287ns  (logic 0.101ns (2.356%)  route 4.186ns (97.644%))
  Logic Levels:           1  (BUFG=1)
  Clock Uncertainty:      0.480ns  ((TSJ^2 + DJ^2)^1/2) / 2 + PE
    Total System Jitter     (TSJ):    0.050ns
    Discrete Jitter          (DJ):    0.261ns
    Phase Error              (PE):    0.347ns

    Location             Delay type                Incr(ns)  Path(ns)    Netlist Resource(s)
  -------------------------------------------------------------------    -------------------
                         (clock clkfbout_design_1_clk_wiz_0_0 fall edge)
                                                     25.000    25.000 f  
    H16                                               0.000    25.000 f  clk_in1_0 (IN)
                         net (fo=0)                   0.000    25.000    design_1_i/clk_wiz_0/inst/clk_in1
    H16                  IBUF (Prop_ibuf_I_O)         1.451    26.451 f  design_1_i/clk_wiz_0/inst/clkin1_ibufg/O
                         net (fo=1, routed)           1.285    27.736    design_1_i/clk_wiz_0/inst/clk_in1_design_1_clk_wiz_0_0
  -------------------------------------------------------------------    -------------------
    MMCME2_ADV_X1Y2      MMCME2_ADV (Prop_mmcme2_adv_CLKIN1_CLKFBOUT)
                                                     -7.759    19.977 f  design_1_i/clk_wiz_0/inst/mmcm_adv_inst/CLKFBOUT
                         net (fo=1, routed)           2.206    22.183    design_1_i/clk_wiz_0/inst/clkfbout_design_1_clk_wiz_0_0
    BUFGCTRL_X0Y19       BUFG (Prop_bufg_I_O)         0.101    22.284 f  design_1_i/clk_wiz_0/inst/clkf_buf/O
                         net (fo=1, routed)           1.980    24.264    design_1_i/clk_wiz_0/inst/clkfbout_buf_design_1_clk_wiz_0_0
    MMCME2_ADV_X1Y2      MMCME2_ADV                                   f  design_1_i/clk_wiz_0/inst/mmcm_adv_inst/CLKFBIN
  -------------------------------------------------------------------    -------------------





Min Delay Paths
--------------------------------------------------------------------------------------
Slack:                    inf
  Source:                 design_1_i/clk_wiz_0/inst/mmcm_adv_inst/CLKFBOUT
                            (clock source 'clkfbout_design_1_clk_wiz_0_0'  {rise@0.000ns fall@25.000ns period=50.000ns})
  Destination:            design_1_i/clk_wiz_0/inst/mmcm_adv_inst/CLKFBIN
  Path Group:             (none)
  Path Type:              Min at Slow Process Corner
  Data Path Delay:        3.873ns  (logic 0.091ns (2.349%)  route 3.782ns (97.651%))
  Logic Levels:           1  (BUFG=1)
  Clock Uncertainty:      0.480ns  ((TSJ^2 + DJ^2)^1/2) / 2 + PE
    Total System Jitter     (TSJ):    0.050ns
    Discrete Jitter          (DJ):    0.261ns
    Phase Error              (PE):    0.347ns

    Location             Delay type                Incr(ns)  Path(ns)    Netlist Resource(s)
  -------------------------------------------------------------------    -------------------
                         (clock clkfbout_design_1_clk_wiz_0_0 rise edge)
                                                      0.000     0.000 r  
    H16                                               0.000     0.000 r  clk_in1_0 (IN)
                         net (fo=0)                   0.000     0.000    design_1_i/clk_wiz_0/inst/clk_in1
    H16                  IBUF (Prop_ibuf_I_O)         1.380     1.380 r  design_1_i/clk_wiz_0/inst/clkin1_ibufg/O
                         net (fo=1, routed)           1.162     2.542    design_1_i/clk_wiz_0/inst/clk_in1_design_1_clk_wiz_0_0
  -------------------------------------------------------------------    -------------------
    MMCME2_ADV_X1Y2      MMCME2_ADV (Prop_mmcme2_adv_CLKIN1_CLKFBOUT)
                                                     -7.814    -5.272 r  design_1_i/clk_wiz_0/inst/mmcm_adv_inst/CLKFBOUT
                         net (fo=1, routed)           2.012    -3.260    design_1_i/clk_wiz_0/inst/clkfbout_design_1_clk_wiz_0_0
    BUFGCTRL_X0Y19       BUFG (Prop_bufg_I_O)         0.091    -3.169 r  design_1_i/clk_wiz_0/inst/clkf_buf/O
                         net (fo=1, routed)           1.770    -1.399    design_1_i/clk_wiz_0/inst/clkfbout_buf_design_1_clk_wiz_0_0
    MMCME2_ADV_X1Y2      MMCME2_ADV                                   r  design_1_i/clk_wiz_0/inst/mmcm_adv_inst/CLKFBIN
  -------------------------------------------------------------------    -------------------





--------------------------------------------------------------------------------------
Path Group:  (none)
From Clock:  
  To Clock:  clk_out1_design_1_clk_wiz_0_0

Max Delay            66 Endpoints
Min Delay            66 Endpoints
--------------------------------------------------------------------------------------


Max Delay Paths
--------------------------------------------------------------------------------------
Slack:                    inf
  Source:                 signal_in_0
                            (input port)
  Destination:            design_1_i/eFPGA_AXI_LM393_driv_0/U0/eFPGA_AXI_LM393_driver_slave_lite_v1_0_S00_AXI_inst/speedsensor_instance/result_reg[11]/CE
                            (rising edge-triggered cell FDRE clocked by clk_out1_design_1_clk_wiz_0_0  {rise@0.000ns fall@100.000ns period=200.000ns})
  Path Group:             (none)
  Path Type:              Setup (Max at Slow Process Corner)
  Data Path Delay:        6.762ns  (logic 1.649ns (24.383%)  route 5.113ns (75.617%))
  Logic Levels:           2  (IBUF=1 LUT2=1)
  Clock Path Skew:        -1.703ns (DCD - SCD + CPR)
    Destination Clock Delay (DCD):    -1.703ns
    Source Clock Delay      (SCD):    0.000ns
    Clock Pessimism Removal (CPR):    0.000ns
  Clock Uncertainty:      0.664ns  ((TSJ^2 + DJ^2)^1/2) / 2 + PE
    Total System Jitter     (TSJ):    0.050ns
    Discrete Jitter          (DJ):    0.631ns
    Phase Error              (PE):    0.347ns

    Location             Delay type                Incr(ns)  Path(ns)    Netlist Resource(s)
  -------------------------------------------------------------------    -------------------
    Y18                                               0.000     0.000 r  signal_in_0 (IN)
                         net (fo=0)                   0.000     0.000    signal_in_0
    Y18                  IBUF (Prop_ibuf_I_O)         1.525     1.525 r  signal_in_0_IBUF_inst/O
                         net (fo=2, routed)           3.601     5.126    design_1_i/eFPGA_AXI_LM393_driv_0/U0/eFPGA_AXI_LM393_driver_slave_lite_v1_0_S00_AXI_inst/speedsensor_instance/signal_in
    SLICE_X53Y102        LUT2 (Prop_lut2_I0_O)        0.124     5.250 r  design_1_i/eFPGA_AXI_LM393_driv_0/U0/eFPGA_AXI_LM393_driver_slave_lite_v1_0_S00_AXI_inst/speedsensor_instance/counter[31]_i_1/O
                         net (fo=65, routed)          1.512     6.762    design_1_i/eFPGA_AXI_LM393_driv_0/U0/eFPGA_AXI_LM393_driver_slave_lite_v1_0_S00_AXI_inst/speedsensor_instance/result0
    SLICE_X51Y96         FDRE                                         r  design_1_i/eFPGA_AXI_LM393_driv_0/U0/eFPGA_AXI_LM393_driver_slave_lite_v1_0_S00_AXI_inst/speedsensor_instance/result_reg[11]/CE
  -------------------------------------------------------------------    -------------------

                         (clock clk_out1_design_1_clk_wiz_0_0 rise edge)
                                                      0.000     0.000 r  
    H16                                               0.000     0.000 r  clk_in1_0 (IN)
                         net (fo=0)                   0.000     0.000    design_1_i/clk_wiz_0/inst/clk_in1
    H16                  IBUF (Prop_ibuf_I_O)         1.380     1.380 r  design_1_i/clk_wiz_0/inst/clkin1_ibufg/O
                         net (fo=1, routed)           1.162     2.542    design_1_i/clk_wiz_0/inst/clk_in1_design_1_clk_wiz_0_0
    MMCME2_ADV_X1Y2      MMCME2_ADV (Prop_mmcme2_adv_CLKIN1_CLKOUT0)
                                                     -7.814    -5.272 r  design_1_i/clk_wiz_0/inst/mmcm_adv_inst/CLKOUT0
                         net (fo=1, routed)           2.012    -3.260    design_1_i/clk_wiz_0/inst/clk_out1_design_1_clk_wiz_0_0
    BUFGCTRL_X0Y17       BUFG (Prop_bufg_I_O)         0.091    -3.169 r  design_1_i/clk_wiz_0/inst/clkout1_buf/O
                         net (fo=66, routed)          1.466    -1.703    design_1_i/eFPGA_AXI_LM393_driv_0/U0/eFPGA_AXI_LM393_driver_slave_lite_v1_0_S00_AXI_inst/speedsensor_instance/clk
    SLICE_X51Y96         FDRE                                         r  design_1_i/eFPGA_AXI_LM393_driv_0/U0/eFPGA_AXI_LM393_driver_slave_lite_v1_0_S00_AXI_inst/speedsensor_instance/result_reg[11]/C

Slack:                    inf
  Source:                 signal_in_0
                            (input port)
  Destination:            design_1_i/eFPGA_AXI_LM393_driv_0/U0/eFPGA_AXI_LM393_driver_slave_lite_v1_0_S00_AXI_inst/speedsensor_instance/result_reg[1]/CE
                            (rising edge-triggered cell FDRE clocked by clk_out1_design_1_clk_wiz_0_0  {rise@0.000ns fall@100.000ns period=200.000ns})
  Path Group:             (none)
  Path Type:              Setup (Max at Slow Process Corner)
  Data Path Delay:        6.762ns  (logic 1.649ns (24.383%)  route 5.113ns (75.617%))
  Logic Levels:           2  (IBUF=1 LUT2=1)
  Clock Path Skew:        -1.703ns (DCD - SCD + CPR)
    Destination Clock Delay (DCD):    -1.703ns
    Source Clock Delay      (SCD):    0.000ns
    Clock Pessimism Removal (CPR):    0.000ns
  Clock Uncertainty:      0.664ns  ((TSJ^2 + DJ^2)^1/2) / 2 + PE
    Total System Jitter     (TSJ):    0.050ns
    Discrete Jitter          (DJ):    0.631ns
    Phase Error              (PE):    0.347ns

    Location             Delay type                Incr(ns)  Path(ns)    Netlist Resource(s)
  -------------------------------------------------------------------    -------------------
    Y18                                               0.000     0.000 r  signal_in_0 (IN)
                         net (fo=0)                   0.000     0.000    signal_in_0
    Y18                  IBUF (Prop_ibuf_I_O)         1.525     1.525 r  signal_in_0_IBUF_inst/O
                         net (fo=2, routed)           3.601     5.126    design_1_i/eFPGA_AXI_LM393_driv_0/U0/eFPGA_AXI_LM393_driver_slave_lite_v1_0_S00_AXI_inst/speedsensor_instance/signal_in
    SLICE_X53Y102        LUT2 (Prop_lut2_I0_O)        0.124     5.250 r  design_1_i/eFPGA_AXI_LM393_driv_0/U0/eFPGA_AXI_LM393_driver_slave_lite_v1_0_S00_AXI_inst/speedsensor_instance/counter[31]_i_1/O
                         net (fo=65, routed)          1.512     6.762    design_1_i/eFPGA_AXI_LM393_driv_0/U0/eFPGA_AXI_LM393_driver_slave_lite_v1_0_S00_AXI_inst/speedsensor_instance/result0
    SLICE_X51Y96         FDRE                                         r  design_1_i/eFPGA_AXI_LM393_driv_0/U0/eFPGA_AXI_LM393_driver_slave_lite_v1_0_S00_AXI_inst/speedsensor_instance/result_reg[1]/CE
  -------------------------------------------------------------------    -------------------

                         (clock clk_out1_design_1_clk_wiz_0_0 rise edge)
                                                      0.000     0.000 r  
    H16                                               0.000     0.000 r  clk_in1_0 (IN)
                         net (fo=0)                   0.000     0.000    design_1_i/clk_wiz_0/inst/clk_in1
    H16                  IBUF (Prop_ibuf_I_O)         1.380     1.380 r  design_1_i/clk_wiz_0/inst/clkin1_ibufg/O
                         net (fo=1, routed)           1.162     2.542    design_1_i/clk_wiz_0/inst/clk_in1_design_1_clk_wiz_0_0
    MMCME2_ADV_X1Y2      MMCME2_ADV (Prop_mmcme2_adv_CLKIN1_CLKOUT0)
                                                     -7.814    -5.272 r  design_1_i/clk_wiz_0/inst/mmcm_adv_inst/CLKOUT0
                         net (fo=1, routed)           2.012    -3.260    design_1_i/clk_wiz_0/inst/clk_out1_design_1_clk_wiz_0_0
    BUFGCTRL_X0Y17       BUFG (Prop_bufg_I_O)         0.091    -3.169 r  design_1_i/clk_wiz_0/inst/clkout1_buf/O
                         net (fo=66, routed)          1.466    -1.703    design_1_i/eFPGA_AXI_LM393_driv_0/U0/eFPGA_AXI_LM393_driver_slave_lite_v1_0_S00_AXI_inst/speedsensor_instance/clk
    SLICE_X51Y96         FDRE                                         r  design_1_i/eFPGA_AXI_LM393_driv_0/U0/eFPGA_AXI_LM393_driver_slave_lite_v1_0_S00_AXI_inst/speedsensor_instance/result_reg[1]/C

Slack:                    inf
  Source:                 signal_in_0
                            (input port)
  Destination:            design_1_i/eFPGA_AXI_LM393_driv_0/U0/eFPGA_AXI_LM393_driver_slave_lite_v1_0_S00_AXI_inst/speedsensor_instance/result_reg[3]/CE
                            (rising edge-triggered cell FDRE clocked by clk_out1_design_1_clk_wiz_0_0  {rise@0.000ns fall@100.000ns period=200.000ns})
  Path Group:             (none)
  Path Type:              Setup (Max at Slow Process Corner)
  Data Path Delay:        6.762ns  (logic 1.649ns (24.383%)  route 5.113ns (75.617%))
  Logic Levels:           2  (IBUF=1 LUT2=1)
  Clock Path Skew:        -1.703ns (DCD - SCD + CPR)
    Destination Clock Delay (DCD):    -1.703ns
    Source Clock Delay      (SCD):    0.000ns
    Clock Pessimism Removal (CPR):    0.000ns
  Clock Uncertainty:      0.664ns  ((TSJ^2 + DJ^2)^1/2) / 2 + PE
    Total System Jitter     (TSJ):    0.050ns
    Discrete Jitter          (DJ):    0.631ns
    Phase Error              (PE):    0.347ns

    Location             Delay type                Incr(ns)  Path(ns)    Netlist Resource(s)
  -------------------------------------------------------------------    -------------------
    Y18                                               0.000     0.000 r  signal_in_0 (IN)
                         net (fo=0)                   0.000     0.000    signal_in_0
    Y18                  IBUF (Prop_ibuf_I_O)         1.525     1.525 r  signal_in_0_IBUF_inst/O
                         net (fo=2, routed)           3.601     5.126    design_1_i/eFPGA_AXI_LM393_driv_0/U0/eFPGA_AXI_LM393_driver_slave_lite_v1_0_S00_AXI_inst/speedsensor_instance/signal_in
    SLICE_X53Y102        LUT2 (Prop_lut2_I0_O)        0.124     5.250 r  design_1_i/eFPGA_AXI_LM393_driv_0/U0/eFPGA_AXI_LM393_driver_slave_lite_v1_0_S00_AXI_inst/speedsensor_instance/counter[31]_i_1/O
                         net (fo=65, routed)          1.512     6.762    design_1_i/eFPGA_AXI_LM393_driv_0/U0/eFPGA_AXI_LM393_driver_slave_lite_v1_0_S00_AXI_inst/speedsensor_instance/result0
    SLICE_X51Y96         FDRE                                         r  design_1_i/eFPGA_AXI_LM393_driv_0/U0/eFPGA_AXI_LM393_driver_slave_lite_v1_0_S00_AXI_inst/speedsensor_instance/result_reg[3]/CE
  -------------------------------------------------------------------    -------------------

                         (clock clk_out1_design_1_clk_wiz_0_0 rise edge)
                                                      0.000     0.000 r  
    H16                                               0.000     0.000 r  clk_in1_0 (IN)
                         net (fo=0)                   0.000     0.000    design_1_i/clk_wiz_0/inst/clk_in1
    H16                  IBUF (Prop_ibuf_I_O)         1.380     1.380 r  design_1_i/clk_wiz_0/inst/clkin1_ibufg/O
                         net (fo=1, routed)           1.162     2.542    design_1_i/clk_wiz_0/inst/clk_in1_design_1_clk_wiz_0_0
    MMCME2_ADV_X1Y2      MMCME2_ADV (Prop_mmcme2_adv_CLKIN1_CLKOUT0)
                                                     -7.814    -5.272 r  design_1_i/clk_wiz_0/inst/mmcm_adv_inst/CLKOUT0
                         net (fo=1, routed)           2.012    -3.260    design_1_i/clk_wiz_0/inst/clk_out1_design_1_clk_wiz_0_0
    BUFGCTRL_X0Y17       BUFG (Prop_bufg_I_O)         0.091    -3.169 r  design_1_i/clk_wiz_0/inst/clkout1_buf/O
                         net (fo=66, routed)          1.466    -1.703    design_1_i/eFPGA_AXI_LM393_driv_0/U0/eFPGA_AXI_LM393_driver_slave_lite_v1_0_S00_AXI_inst/speedsensor_instance/clk
    SLICE_X51Y96         FDRE                                         r  design_1_i/eFPGA_AXI_LM393_driv_0/U0/eFPGA_AXI_LM393_driver_slave_lite_v1_0_S00_AXI_inst/speedsensor_instance/result_reg[3]/C

Slack:                    inf
  Source:                 signal_in_0
                            (input port)
  Destination:            design_1_i/eFPGA_AXI_LM393_driv_0/U0/eFPGA_AXI_LM393_driver_slave_lite_v1_0_S00_AXI_inst/speedsensor_instance/counter_reg[0]/R
                            (rising edge-triggered cell FDRE clocked by clk_out1_design_1_clk_wiz_0_0  {rise@0.000ns fall@100.000ns period=200.000ns})
  Path Group:             (none)
  Path Type:              Setup (Max at Slow Process Corner)
  Data Path Delay:        6.723ns  (logic 1.649ns (24.525%)  route 5.074ns (75.475%))
  Logic Levels:           2  (IBUF=1 LUT2=1)
  Clock Path Skew:        -1.702ns (DCD - SCD + CPR)
    Destination Clock Delay (DCD):    -1.702ns
    Source Clock Delay      (SCD):    0.000ns
    Clock Pessimism Removal (CPR):    0.000ns
  Clock Uncertainty:      0.664ns  ((TSJ^2 + DJ^2)^1/2) / 2 + PE
    Total System Jitter     (TSJ):    0.050ns
    Discrete Jitter          (DJ):    0.631ns
    Phase Error              (PE):    0.347ns

    Location             Delay type                Incr(ns)  Path(ns)    Netlist Resource(s)
  -------------------------------------------------------------------    -------------------
    Y18                                               0.000     0.000 r  signal_in_0 (IN)
                         net (fo=0)                   0.000     0.000    signal_in_0
    Y18                  IBUF (Prop_ibuf_I_O)         1.525     1.525 r  signal_in_0_IBUF_inst/O
                         net (fo=2, routed)           3.601     5.126    design_1_i/eFPGA_AXI_LM393_driv_0/U0/eFPGA_AXI_LM393_driver_slave_lite_v1_0_S00_AXI_inst/speedsensor_instance/signal_in
    SLICE_X53Y102        LUT2 (Prop_lut2_I0_O)        0.124     5.250 r  design_1_i/eFPGA_AXI_LM393_driv_0/U0/eFPGA_AXI_LM393_driver_slave_lite_v1_0_S00_AXI_inst/speedsensor_instance/counter[31]_i_1/O
                         net (fo=65, routed)          1.473     6.723    design_1_i/eFPGA_AXI_LM393_driv_0/U0/eFPGA_AXI_LM393_driver_slave_lite_v1_0_S00_AXI_inst/speedsensor_instance/result0
    SLICE_X52Y97         FDRE                                         r  design_1_i/eFPGA_AXI_LM393_driv_0/U0/eFPGA_AXI_LM393_driver_slave_lite_v1_0_S00_AXI_inst/speedsensor_instance/counter_reg[0]/R
  -------------------------------------------------------------------    -------------------

                         (clock clk_out1_design_1_clk_wiz_0_0 rise edge)
                                                      0.000     0.000 r  
    H16                                               0.000     0.000 r  clk_in1_0 (IN)
                         net (fo=0)                   0.000     0.000    design_1_i/clk_wiz_0/inst/clk_in1
    H16                  IBUF (Prop_ibuf_I_O)         1.380     1.380 r  design_1_i/clk_wiz_0/inst/clkin1_ibufg/O
                         net (fo=1, routed)           1.162     2.542    design_1_i/clk_wiz_0/inst/clk_in1_design_1_clk_wiz_0_0
    MMCME2_ADV_X1Y2      MMCME2_ADV (Prop_mmcme2_adv_CLKIN1_CLKOUT0)
                                                     -7.814    -5.272 r  design_1_i/clk_wiz_0/inst/mmcm_adv_inst/CLKOUT0
                         net (fo=1, routed)           2.012    -3.260    design_1_i/clk_wiz_0/inst/clk_out1_design_1_clk_wiz_0_0
    BUFGCTRL_X0Y17       BUFG (Prop_bufg_I_O)         0.091    -3.169 r  design_1_i/clk_wiz_0/inst/clkout1_buf/O
                         net (fo=66, routed)          1.467    -1.702    design_1_i/eFPGA_AXI_LM393_driv_0/U0/eFPGA_AXI_LM393_driver_slave_lite_v1_0_S00_AXI_inst/speedsensor_instance/clk
    SLICE_X52Y97         FDRE                                         r  design_1_i/eFPGA_AXI_LM393_driv_0/U0/eFPGA_AXI_LM393_driver_slave_lite_v1_0_S00_AXI_inst/speedsensor_instance/counter_reg[0]/C

Slack:                    inf
  Source:                 signal_in_0
                            (input port)
  Destination:            design_1_i/eFPGA_AXI_LM393_driv_0/U0/eFPGA_AXI_LM393_driver_slave_lite_v1_0_S00_AXI_inst/speedsensor_instance/counter_reg[2]/R
                            (rising edge-triggered cell FDRE clocked by clk_out1_design_1_clk_wiz_0_0  {rise@0.000ns fall@100.000ns period=200.000ns})
  Path Group:             (none)
  Path Type:              Setup (Max at Slow Process Corner)
  Data Path Delay:        6.723ns  (logic 1.649ns (24.525%)  route 5.074ns (75.475%))
  Logic Levels:           2  (IBUF=1 LUT2=1)
  Clock Path Skew:        -1.702ns (DCD - SCD + CPR)
    Destination Clock Delay (DCD):    -1.702ns
    Source Clock Delay      (SCD):    0.000ns
    Clock Pessimism Removal (CPR):    0.000ns
  Clock Uncertainty:      0.664ns  ((TSJ^2 + DJ^2)^1/2) / 2 + PE
    Total System Jitter     (TSJ):    0.050ns
    Discrete Jitter          (DJ):    0.631ns
    Phase Error              (PE):    0.347ns

    Location             Delay type                Incr(ns)  Path(ns)    Netlist Resource(s)
  -------------------------------------------------------------------    -------------------
    Y18                                               0.000     0.000 r  signal_in_0 (IN)
                         net (fo=0)                   0.000     0.000    signal_in_0
    Y18                  IBUF (Prop_ibuf_I_O)         1.525     1.525 r  signal_in_0_IBUF_inst/O
                         net (fo=2, routed)           3.601     5.126    design_1_i/eFPGA_AXI_LM393_driv_0/U0/eFPGA_AXI_LM393_driver_slave_lite_v1_0_S00_AXI_inst/speedsensor_instance/signal_in
    SLICE_X53Y102        LUT2 (Prop_lut2_I0_O)        0.124     5.250 r  design_1_i/eFPGA_AXI_LM393_driv_0/U0/eFPGA_AXI_LM393_driver_slave_lite_v1_0_S00_AXI_inst/speedsensor_instance/counter[31]_i_1/O
                         net (fo=65, routed)          1.473     6.723    design_1_i/eFPGA_AXI_LM393_driv_0/U0/eFPGA_AXI_LM393_driver_slave_lite_v1_0_S00_AXI_inst/speedsensor_instance/result0
    SLICE_X52Y97         FDRE                                         r  design_1_i/eFPGA_AXI_LM393_driv_0/U0/eFPGA_AXI_LM393_driver_slave_lite_v1_0_S00_AXI_inst/speedsensor_instance/counter_reg[2]/R
  -------------------------------------------------------------------    -------------------

                         (clock clk_out1_design_1_clk_wiz_0_0 rise edge)
                                                      0.000     0.000 r  
    H16                                               0.000     0.000 r  clk_in1_0 (IN)
                         net (fo=0)                   0.000     0.000    design_1_i/clk_wiz_0/inst/clk_in1
    H16                  IBUF (Prop_ibuf_I_O)         1.380     1.380 r  design_1_i/clk_wiz_0/inst/clkin1_ibufg/O
                         net (fo=1, routed)           1.162     2.542    design_1_i/clk_wiz_0/inst/clk_in1_design_1_clk_wiz_0_0
    MMCME2_ADV_X1Y2      MMCME2_ADV (Prop_mmcme2_adv_CLKIN1_CLKOUT0)
                                                     -7.814    -5.272 r  design_1_i/clk_wiz_0/inst/mmcm_adv_inst/CLKOUT0
                         net (fo=1, routed)           2.012    -3.260    design_1_i/clk_wiz_0/inst/clk_out1_design_1_clk_wiz_0_0
    BUFGCTRL_X0Y17       BUFG (Prop_bufg_I_O)         0.091    -3.169 r  design_1_i/clk_wiz_0/inst/clkout1_buf/O
                         net (fo=66, routed)          1.467    -1.702    design_1_i/eFPGA_AXI_LM393_driv_0/U0/eFPGA_AXI_LM393_driver_slave_lite_v1_0_S00_AXI_inst/speedsensor_instance/clk
    SLICE_X52Y97         FDRE                                         r  design_1_i/eFPGA_AXI_LM393_driv_0/U0/eFPGA_AXI_LM393_driver_slave_lite_v1_0_S00_AXI_inst/speedsensor_instance/counter_reg[2]/C

Slack:                    inf
  Source:                 signal_in_0
                            (input port)
  Destination:            design_1_i/eFPGA_AXI_LM393_driv_0/U0/eFPGA_AXI_LM393_driver_slave_lite_v1_0_S00_AXI_inst/speedsensor_instance/counter_reg[3]/R
                            (rising edge-triggered cell FDRE clocked by clk_out1_design_1_clk_wiz_0_0  {rise@0.000ns fall@100.000ns period=200.000ns})
  Path Group:             (none)
  Path Type:              Setup (Max at Slow Process Corner)
  Data Path Delay:        6.723ns  (logic 1.649ns (24.525%)  route 5.074ns (75.475%))
  Logic Levels:           2  (IBUF=1 LUT2=1)
  Clock Path Skew:        -1.702ns (DCD - SCD + CPR)
    Destination Clock Delay (DCD):    -1.702ns
    Source Clock Delay      (SCD):    0.000ns
    Clock Pessimism Removal (CPR):    0.000ns
  Clock Uncertainty:      0.664ns  ((TSJ^2 + DJ^2)^1/2) / 2 + PE
    Total System Jitter     (TSJ):    0.050ns
    Discrete Jitter          (DJ):    0.631ns
    Phase Error              (PE):    0.347ns

    Location             Delay type                Incr(ns)  Path(ns)    Netlist Resource(s)
  -------------------------------------------------------------------    -------------------
    Y18                                               0.000     0.000 r  signal_in_0 (IN)
                         net (fo=0)                   0.000     0.000    signal_in_0
    Y18                  IBUF (Prop_ibuf_I_O)         1.525     1.525 r  signal_in_0_IBUF_inst/O
                         net (fo=2, routed)           3.601     5.126    design_1_i/eFPGA_AXI_LM393_driv_0/U0/eFPGA_AXI_LM393_driver_slave_lite_v1_0_S00_AXI_inst/speedsensor_instance/signal_in
    SLICE_X53Y102        LUT2 (Prop_lut2_I0_O)        0.124     5.250 r  design_1_i/eFPGA_AXI_LM393_driv_0/U0/eFPGA_AXI_LM393_driver_slave_lite_v1_0_S00_AXI_inst/speedsensor_instance/counter[31]_i_1/O
                         net (fo=65, routed)          1.473     6.723    design_1_i/eFPGA_AXI_LM393_driv_0/U0/eFPGA_AXI_LM393_driver_slave_lite_v1_0_S00_AXI_inst/speedsensor_instance/result0
    SLICE_X52Y97         FDRE                                         r  design_1_i/eFPGA_AXI_LM393_driv_0/U0/eFPGA_AXI_LM393_driver_slave_lite_v1_0_S00_AXI_inst/speedsensor_instance/counter_reg[3]/R
  -------------------------------------------------------------------    -------------------

                         (clock clk_out1_design_1_clk_wiz_0_0 rise edge)
                                                      0.000     0.000 r  
    H16                                               0.000     0.000 r  clk_in1_0 (IN)
                         net (fo=0)                   0.000     0.000    design_1_i/clk_wiz_0/inst/clk_in1
    H16                  IBUF (Prop_ibuf_I_O)         1.380     1.380 r  design_1_i/clk_wiz_0/inst/clkin1_ibufg/O
                         net (fo=1, routed)           1.162     2.542    design_1_i/clk_wiz_0/inst/clk_in1_design_1_clk_wiz_0_0
    MMCME2_ADV_X1Y2      MMCME2_ADV (Prop_mmcme2_adv_CLKIN1_CLKOUT0)
                                                     -7.814    -5.272 r  design_1_i/clk_wiz_0/inst/mmcm_adv_inst/CLKOUT0
                         net (fo=1, routed)           2.012    -3.260    design_1_i/clk_wiz_0/inst/clk_out1_design_1_clk_wiz_0_0
    BUFGCTRL_X0Y17       BUFG (Prop_bufg_I_O)         0.091    -3.169 r  design_1_i/clk_wiz_0/inst/clkout1_buf/O
                         net (fo=66, routed)          1.467    -1.702    design_1_i/eFPGA_AXI_LM393_driv_0/U0/eFPGA_AXI_LM393_driver_slave_lite_v1_0_S00_AXI_inst/speedsensor_instance/clk
    SLICE_X52Y97         FDRE                                         r  design_1_i/eFPGA_AXI_LM393_driv_0/U0/eFPGA_AXI_LM393_driver_slave_lite_v1_0_S00_AXI_inst/speedsensor_instance/counter_reg[3]/C

Slack:                    inf
  Source:                 signal_in_0
                            (input port)
  Destination:            design_1_i/eFPGA_AXI_LM393_driv_0/U0/eFPGA_AXI_LM393_driver_slave_lite_v1_0_S00_AXI_inst/speedsensor_instance/result_reg[5]/CE
                            (rising edge-triggered cell FDRE clocked by clk_out1_design_1_clk_wiz_0_0  {rise@0.000ns fall@100.000ns period=200.000ns})
  Path Group:             (none)
  Path Type:              Setup (Max at Slow Process Corner)
  Data Path Delay:        6.572ns  (logic 1.649ns (25.085%)  route 4.924ns (74.915%))
  Logic Levels:           2  (IBUF=1 LUT2=1)
  Clock Path Skew:        -1.703ns (DCD - SCD + CPR)
    Destination Clock Delay (DCD):    -1.703ns
    Source Clock Delay      (SCD):    0.000ns
    Clock Pessimism Removal (CPR):    0.000ns
  Clock Uncertainty:      0.664ns  ((TSJ^2 + DJ^2)^1/2) / 2 + PE
    Total System Jitter     (TSJ):    0.050ns
    Discrete Jitter          (DJ):    0.631ns
    Phase Error              (PE):    0.347ns

    Location             Delay type                Incr(ns)  Path(ns)    Netlist Resource(s)
  -------------------------------------------------------------------    -------------------
    Y18                                               0.000     0.000 r  signal_in_0 (IN)
                         net (fo=0)                   0.000     0.000    signal_in_0
    Y18                  IBUF (Prop_ibuf_I_O)         1.525     1.525 r  signal_in_0_IBUF_inst/O
                         net (fo=2, routed)           3.601     5.126    design_1_i/eFPGA_AXI_LM393_driv_0/U0/eFPGA_AXI_LM393_driver_slave_lite_v1_0_S00_AXI_inst/speedsensor_instance/signal_in
    SLICE_X53Y102        LUT2 (Prop_lut2_I0_O)        0.124     5.250 r  design_1_i/eFPGA_AXI_LM393_driv_0/U0/eFPGA_AXI_LM393_driver_slave_lite_v1_0_S00_AXI_inst/speedsensor_instance/counter[31]_i_1/O
                         net (fo=65, routed)          1.323     6.572    design_1_i/eFPGA_AXI_LM393_driv_0/U0/eFPGA_AXI_LM393_driver_slave_lite_v1_0_S00_AXI_inst/speedsensor_instance/result0
    SLICE_X50Y96         FDRE                                         r  design_1_i/eFPGA_AXI_LM393_driv_0/U0/eFPGA_AXI_LM393_driver_slave_lite_v1_0_S00_AXI_inst/speedsensor_instance/result_reg[5]/CE
  -------------------------------------------------------------------    -------------------

                         (clock clk_out1_design_1_clk_wiz_0_0 rise edge)
                                                      0.000     0.000 r  
    H16                                               0.000     0.000 r  clk_in1_0 (IN)
                         net (fo=0)                   0.000     0.000    design_1_i/clk_wiz_0/inst/clk_in1
    H16                  IBUF (Prop_ibuf_I_O)         1.380     1.380 r  design_1_i/clk_wiz_0/inst/clkin1_ibufg/O
                         net (fo=1, routed)           1.162     2.542    design_1_i/clk_wiz_0/inst/clk_in1_design_1_clk_wiz_0_0
    MMCME2_ADV_X1Y2      MMCME2_ADV (Prop_mmcme2_adv_CLKIN1_CLKOUT0)
                                                     -7.814    -5.272 r  design_1_i/clk_wiz_0/inst/mmcm_adv_inst/CLKOUT0
                         net (fo=1, routed)           2.012    -3.260    design_1_i/clk_wiz_0/inst/clk_out1_design_1_clk_wiz_0_0
    BUFGCTRL_X0Y17       BUFG (Prop_bufg_I_O)         0.091    -3.169 r  design_1_i/clk_wiz_0/inst/clkout1_buf/O
                         net (fo=66, routed)          1.466    -1.703    design_1_i/eFPGA_AXI_LM393_driv_0/U0/eFPGA_AXI_LM393_driver_slave_lite_v1_0_S00_AXI_inst/speedsensor_instance/clk
    SLICE_X50Y96         FDRE                                         r  design_1_i/eFPGA_AXI_LM393_driv_0/U0/eFPGA_AXI_LM393_driver_slave_lite_v1_0_S00_AXI_inst/speedsensor_instance/result_reg[5]/C

Slack:                    inf
  Source:                 signal_in_0
                            (input port)
  Destination:            design_1_i/eFPGA_AXI_LM393_driv_0/U0/eFPGA_AXI_LM393_driver_slave_lite_v1_0_S00_AXI_inst/speedsensor_instance/result_reg[6]/CE
                            (rising edge-triggered cell FDRE clocked by clk_out1_design_1_clk_wiz_0_0  {rise@0.000ns fall@100.000ns period=200.000ns})
  Path Group:             (none)
  Path Type:              Setup (Max at Slow Process Corner)
  Data Path Delay:        6.572ns  (logic 1.649ns (25.085%)  route 4.924ns (74.915%))
  Logic Levels:           2  (IBUF=1 LUT2=1)
  Clock Path Skew:        -1.703ns (DCD - SCD + CPR)
    Destination Clock Delay (DCD):    -1.703ns
    Source Clock Delay      (SCD):    0.000ns
    Clock Pessimism Removal (CPR):    0.000ns
  Clock Uncertainty:      0.664ns  ((TSJ^2 + DJ^2)^1/2) / 2 + PE
    Total System Jitter     (TSJ):    0.050ns
    Discrete Jitter          (DJ):    0.631ns
    Phase Error              (PE):    0.347ns

    Location             Delay type                Incr(ns)  Path(ns)    Netlist Resource(s)
  -------------------------------------------------------------------    -------------------
    Y18                                               0.000     0.000 r  signal_in_0 (IN)
                         net (fo=0)                   0.000     0.000    signal_in_0
    Y18                  IBUF (Prop_ibuf_I_O)         1.525     1.525 r  signal_in_0_IBUF_inst/O
                         net (fo=2, routed)           3.601     5.126    design_1_i/eFPGA_AXI_LM393_driv_0/U0/eFPGA_AXI_LM393_driver_slave_lite_v1_0_S00_AXI_inst/speedsensor_instance/signal_in
    SLICE_X53Y102        LUT2 (Prop_lut2_I0_O)        0.124     5.250 r  design_1_i/eFPGA_AXI_LM393_driv_0/U0/eFPGA_AXI_LM393_driver_slave_lite_v1_0_S00_AXI_inst/speedsensor_instance/counter[31]_i_1/O
                         net (fo=65, routed)          1.323     6.572    design_1_i/eFPGA_AXI_LM393_driv_0/U0/eFPGA_AXI_LM393_driver_slave_lite_v1_0_S00_AXI_inst/speedsensor_instance/result0
    SLICE_X50Y96         FDRE                                         r  design_1_i/eFPGA_AXI_LM393_driv_0/U0/eFPGA_AXI_LM393_driver_slave_lite_v1_0_S00_AXI_inst/speedsensor_instance/result_reg[6]/CE
  -------------------------------------------------------------------    -------------------

                         (clock clk_out1_design_1_clk_wiz_0_0 rise edge)
                                                      0.000     0.000 r  
    H16                                               0.000     0.000 r  clk_in1_0 (IN)
                         net (fo=0)                   0.000     0.000    design_1_i/clk_wiz_0/inst/clk_in1
    H16                  IBUF (Prop_ibuf_I_O)         1.380     1.380 r  design_1_i/clk_wiz_0/inst/clkin1_ibufg/O
                         net (fo=1, routed)           1.162     2.542    design_1_i/clk_wiz_0/inst/clk_in1_design_1_clk_wiz_0_0
    MMCME2_ADV_X1Y2      MMCME2_ADV (Prop_mmcme2_adv_CLKIN1_CLKOUT0)
                                                     -7.814    -5.272 r  design_1_i/clk_wiz_0/inst/mmcm_adv_inst/CLKOUT0
                         net (fo=1, routed)           2.012    -3.260    design_1_i/clk_wiz_0/inst/clk_out1_design_1_clk_wiz_0_0
    BUFGCTRL_X0Y17       BUFG (Prop_bufg_I_O)         0.091    -3.169 r  design_1_i/clk_wiz_0/inst/clkout1_buf/O
                         net (fo=66, routed)          1.466    -1.703    design_1_i/eFPGA_AXI_LM393_driv_0/U0/eFPGA_AXI_LM393_driver_slave_lite_v1_0_S00_AXI_inst/speedsensor_instance/clk
    SLICE_X50Y96         FDRE                                         r  design_1_i/eFPGA_AXI_LM393_driv_0/U0/eFPGA_AXI_LM393_driver_slave_lite_v1_0_S00_AXI_inst/speedsensor_instance/result_reg[6]/C

Slack:                    inf
  Source:                 signal_in_0
                            (input port)
  Destination:            design_1_i/eFPGA_AXI_LM393_driv_0/U0/eFPGA_AXI_LM393_driver_slave_lite_v1_0_S00_AXI_inst/speedsensor_instance/result_reg[7]/CE
                            (rising edge-triggered cell FDRE clocked by clk_out1_design_1_clk_wiz_0_0  {rise@0.000ns fall@100.000ns period=200.000ns})
  Path Group:             (none)
  Path Type:              Setup (Max at Slow Process Corner)
  Data Path Delay:        6.572ns  (logic 1.649ns (25.085%)  route 4.924ns (74.915%))
  Logic Levels:           2  (IBUF=1 LUT2=1)
  Clock Path Skew:        -1.703ns (DCD - SCD + CPR)
    Destination Clock Delay (DCD):    -1.703ns
    Source Clock Delay      (SCD):    0.000ns
    Clock Pessimism Removal (CPR):    0.000ns
  Clock Uncertainty:      0.664ns  ((TSJ^2 + DJ^2)^1/2) / 2 + PE
    Total System Jitter     (TSJ):    0.050ns
    Discrete Jitter          (DJ):    0.631ns
    Phase Error              (PE):    0.347ns

    Location             Delay type                Incr(ns)  Path(ns)    Netlist Resource(s)
  -------------------------------------------------------------------    -------------------
    Y18                                               0.000     0.000 r  signal_in_0 (IN)
                         net (fo=0)                   0.000     0.000    signal_in_0
    Y18                  IBUF (Prop_ibuf_I_O)         1.525     1.525 r  signal_in_0_IBUF_inst/O
                         net (fo=2, routed)           3.601     5.126    design_1_i/eFPGA_AXI_LM393_driv_0/U0/eFPGA_AXI_LM393_driver_slave_lite_v1_0_S00_AXI_inst/speedsensor_instance/signal_in
    SLICE_X53Y102        LUT2 (Prop_lut2_I0_O)        0.124     5.250 r  design_1_i/eFPGA_AXI_LM393_driv_0/U0/eFPGA_AXI_LM393_driver_slave_lite_v1_0_S00_AXI_inst/speedsensor_instance/counter[31]_i_1/O
                         net (fo=65, routed)          1.323     6.572    design_1_i/eFPGA_AXI_LM393_driv_0/U0/eFPGA_AXI_LM393_driver_slave_lite_v1_0_S00_AXI_inst/speedsensor_instance/result0
    SLICE_X50Y96         FDRE                                         r  design_1_i/eFPGA_AXI_LM393_driv_0/U0/eFPGA_AXI_LM393_driver_slave_lite_v1_0_S00_AXI_inst/speedsensor_instance/result_reg[7]/CE
  -------------------------------------------------------------------    -------------------

                         (clock clk_out1_design_1_clk_wiz_0_0 rise edge)
                                                      0.000     0.000 r  
    H16                                               0.000     0.000 r  clk_in1_0 (IN)
                         net (fo=0)                   0.000     0.000    design_1_i/clk_wiz_0/inst/clk_in1
    H16                  IBUF (Prop_ibuf_I_O)         1.380     1.380 r  design_1_i/clk_wiz_0/inst/clkin1_ibufg/O
                         net (fo=1, routed)           1.162     2.542    design_1_i/clk_wiz_0/inst/clk_in1_design_1_clk_wiz_0_0
    MMCME2_ADV_X1Y2      MMCME2_ADV (Prop_mmcme2_adv_CLKIN1_CLKOUT0)
                                                     -7.814    -5.272 r  design_1_i/clk_wiz_0/inst/mmcm_adv_inst/CLKOUT0
                         net (fo=1, routed)           2.012    -3.260    design_1_i/clk_wiz_0/inst/clk_out1_design_1_clk_wiz_0_0
    BUFGCTRL_X0Y17       BUFG (Prop_bufg_I_O)         0.091    -3.169 r  design_1_i/clk_wiz_0/inst/clkout1_buf/O
                         net (fo=66, routed)          1.466    -1.703    design_1_i/eFPGA_AXI_LM393_driv_0/U0/eFPGA_AXI_LM393_driver_slave_lite_v1_0_S00_AXI_inst/speedsensor_instance/clk
    SLICE_X50Y96         FDRE                                         r  design_1_i/eFPGA_AXI_LM393_driv_0/U0/eFPGA_AXI_LM393_driver_slave_lite_v1_0_S00_AXI_inst/speedsensor_instance/result_reg[7]/C

Slack:                    inf
  Source:                 signal_in_0
                            (input port)
  Destination:            design_1_i/eFPGA_AXI_LM393_driv_0/U0/eFPGA_AXI_LM393_driver_slave_lite_v1_0_S00_AXI_inst/speedsensor_instance/result_reg[9]/CE
                            (rising edge-triggered cell FDRE clocked by clk_out1_design_1_clk_wiz_0_0  {rise@0.000ns fall@100.000ns period=200.000ns})
  Path Group:             (none)
  Path Type:              Setup (Max at Slow Process Corner)
  Data Path Delay:        6.572ns  (logic 1.649ns (25.085%)  route 4.924ns (74.915%))
  Logic Levels:           2  (IBUF=1 LUT2=1)
  Clock Path Skew:        -1.703ns (DCD - SCD + CPR)
    Destination Clock Delay (DCD):    -1.703ns
    Source Clock Delay      (SCD):    0.000ns
    Clock Pessimism Removal (CPR):    0.000ns
  Clock Uncertainty:      0.664ns  ((TSJ^2 + DJ^2)^1/2) / 2 + PE
    Total System Jitter     (TSJ):    0.050ns
    Discrete Jitter          (DJ):    0.631ns
    Phase Error              (PE):    0.347ns

    Location             Delay type                Incr(ns)  Path(ns)    Netlist Resource(s)
  -------------------------------------------------------------------    -------------------
    Y18                                               0.000     0.000 r  signal_in_0 (IN)
                         net (fo=0)                   0.000     0.000    signal_in_0
    Y18                  IBUF (Prop_ibuf_I_O)         1.525     1.525 r  signal_in_0_IBUF_inst/O
                         net (fo=2, routed)           3.601     5.126    design_1_i/eFPGA_AXI_LM393_driv_0/U0/eFPGA_AXI_LM393_driver_slave_lite_v1_0_S00_AXI_inst/speedsensor_instance/signal_in
    SLICE_X53Y102        LUT2 (Prop_lut2_I0_O)        0.124     5.250 r  design_1_i/eFPGA_AXI_LM393_driv_0/U0/eFPGA_AXI_LM393_driver_slave_lite_v1_0_S00_AXI_inst/speedsensor_instance/counter[31]_i_1/O
                         net (fo=65, routed)          1.323     6.572    design_1_i/eFPGA_AXI_LM393_driv_0/U0/eFPGA_AXI_LM393_driver_slave_lite_v1_0_S00_AXI_inst/speedsensor_instance/result0
    SLICE_X50Y96         FDRE                                         r  design_1_i/eFPGA_AXI_LM393_driv_0/U0/eFPGA_AXI_LM393_driver_slave_lite_v1_0_S00_AXI_inst/speedsensor_instance/result_reg[9]/CE
  -------------------------------------------------------------------    -------------------

                         (clock clk_out1_design_1_clk_wiz_0_0 rise edge)
                                                      0.000     0.000 r  
    H16                                               0.000     0.000 r  clk_in1_0 (IN)
                         net (fo=0)                   0.000     0.000    design_1_i/clk_wiz_0/inst/clk_in1
    H16                  IBUF (Prop_ibuf_I_O)         1.380     1.380 r  design_1_i/clk_wiz_0/inst/clkin1_ibufg/O
                         net (fo=1, routed)           1.162     2.542    design_1_i/clk_wiz_0/inst/clk_in1_design_1_clk_wiz_0_0
    MMCME2_ADV_X1Y2      MMCME2_ADV (Prop_mmcme2_adv_CLKIN1_CLKOUT0)
                                                     -7.814    -5.272 r  design_1_i/clk_wiz_0/inst/mmcm_adv_inst/CLKOUT0
                         net (fo=1, routed)           2.012    -3.260    design_1_i/clk_wiz_0/inst/clk_out1_design_1_clk_wiz_0_0
    BUFGCTRL_X0Y17       BUFG (Prop_bufg_I_O)         0.091    -3.169 r  design_1_i/clk_wiz_0/inst/clkout1_buf/O
                         net (fo=66, routed)          1.466    -1.703    design_1_i/eFPGA_AXI_LM393_driv_0/U0/eFPGA_AXI_LM393_driver_slave_lite_v1_0_S00_AXI_inst/speedsensor_instance/clk
    SLICE_X50Y96         FDRE                                         r  design_1_i/eFPGA_AXI_LM393_driv_0/U0/eFPGA_AXI_LM393_driver_slave_lite_v1_0_S00_AXI_inst/speedsensor_instance/result_reg[9]/C





Min Delay Paths
--------------------------------------------------------------------------------------
Slack:                    inf
  Source:                 signal_in_0
                            (input port)
  Destination:            design_1_i/eFPGA_AXI_LM393_driv_0/U0/eFPGA_AXI_LM393_driver_slave_lite_v1_0_S00_AXI_inst/speedsensor_instance/signal_reg_reg/D
                            (rising edge-triggered cell FDRE clocked by clk_out1_design_1_clk_wiz_0_0  {rise@0.000ns fall@100.000ns period=200.000ns})
  Path Group:             (none)
  Path Type:              Hold (Min at Fast Process Corner)
  Data Path Delay:        1.928ns  (logic 0.292ns (15.149%)  route 1.636ns (84.851%))
  Logic Levels:           1  (IBUF=1)
  Clock Path Skew:        -0.833ns (DCD - SCD - CPR)
    Destination Clock Delay (DCD):    -0.833ns
    Source Clock Delay      (SCD):    0.000ns
    Clock Pessimism Removal (CPR):    -0.000ns

    Location             Delay type                Incr(ns)  Path(ns)    Netlist Resource(s)
  -------------------------------------------------------------------    -------------------
    Y18                                               0.000     0.000 r  signal_in_0 (IN)
                         net (fo=0)                   0.000     0.000    signal_in_0
    Y18                  IBUF (Prop_ibuf_I_O)         0.292     0.292 r  signal_in_0_IBUF_inst/O
                         net (fo=2, routed)           1.636     1.928    design_1_i/eFPGA_AXI_LM393_driv_0/U0/eFPGA_AXI_LM393_driver_slave_lite_v1_0_S00_AXI_inst/speedsensor_instance/signal_in
    SLICE_X53Y102        FDRE                                         r  design_1_i/eFPGA_AXI_LM393_driv_0/U0/eFPGA_AXI_LM393_driver_slave_lite_v1_0_S00_AXI_inst/speedsensor_instance/signal_reg_reg/D
  -------------------------------------------------------------------    -------------------

                         (clock clk_out1_design_1_clk_wiz_0_0 rise edge)
                                                      0.000     0.000 r  
    H16                                               0.000     0.000 r  clk_in1_0 (IN)
                         net (fo=0)                   0.000     0.000    design_1_i/clk_wiz_0/inst/clk_in1
    H16                  IBUF (Prop_ibuf_I_O)         0.406     0.406 r  design_1_i/clk_wiz_0/inst/clkin1_ibufg/O
                         net (fo=1, routed)           0.480     0.886    design_1_i/clk_wiz_0/inst/clk_in1_design_1_clk_wiz_0_0
    MMCME2_ADV_X1Y2      MMCME2_ADV (Prop_mmcme2_adv_CLKIN1_CLKOUT0)
                                                     -3.407    -2.521 r  design_1_i/clk_wiz_0/inst/mmcm_adv_inst/CLKOUT0
                         net (fo=1, routed)           0.752    -1.769    design_1_i/clk_wiz_0/inst/clk_out1_design_1_clk_wiz_0_0
    BUFGCTRL_X0Y17       BUFG (Prop_bufg_I_O)         0.029    -1.740 r  design_1_i/clk_wiz_0/inst/clkout1_buf/O
                         net (fo=66, routed)          0.907    -0.833    design_1_i/eFPGA_AXI_LM393_driv_0/U0/eFPGA_AXI_LM393_driver_slave_lite_v1_0_S00_AXI_inst/speedsensor_instance/clk
    SLICE_X53Y102        FDRE                                         r  design_1_i/eFPGA_AXI_LM393_driv_0/U0/eFPGA_AXI_LM393_driver_slave_lite_v1_0_S00_AXI_inst/speedsensor_instance/signal_reg_reg/C

Slack:                    inf
  Source:                 signal_in_0
                            (input port)
  Destination:            design_1_i/eFPGA_AXI_LM393_driv_0/U0/eFPGA_AXI_LM393_driver_slave_lite_v1_0_S00_AXI_inst/speedsensor_instance/counter_reg[24]/R
                            (rising edge-triggered cell FDRE clocked by clk_out1_design_1_clk_wiz_0_0  {rise@0.000ns fall@100.000ns period=200.000ns})
  Path Group:             (none)
  Path Type:              Hold (Min at Fast Process Corner)
  Data Path Delay:        2.198ns  (logic 0.337ns (15.332%)  route 1.861ns (84.668%))
  Logic Levels:           2  (IBUF=1 LUT2=1)
  Clock Path Skew:        -0.833ns (DCD - SCD - CPR)
    Destination Clock Delay (DCD):    -0.833ns
    Source Clock Delay      (SCD):    0.000ns
    Clock Pessimism Removal (CPR):    -0.000ns

    Location             Delay type                Incr(ns)  Path(ns)    Netlist Resource(s)
  -------------------------------------------------------------------    -------------------
    Y18                                               0.000     0.000 r  signal_in_0 (IN)
                         net (fo=0)                   0.000     0.000    signal_in_0
    Y18                  IBUF (Prop_ibuf_I_O)         0.292     0.292 r  signal_in_0_IBUF_inst/O
                         net (fo=2, routed)           1.662     1.954    design_1_i/eFPGA_AXI_LM393_driv_0/U0/eFPGA_AXI_LM393_driver_slave_lite_v1_0_S00_AXI_inst/speedsensor_instance/signal_in
    SLICE_X53Y102        LUT2 (Prop_lut2_I0_O)        0.045     1.999 r  design_1_i/eFPGA_AXI_LM393_driv_0/U0/eFPGA_AXI_LM393_driver_slave_lite_v1_0_S00_AXI_inst/speedsensor_instance/counter[31]_i_1/O
                         net (fo=65, routed)          0.200     2.198    design_1_i/eFPGA_AXI_LM393_driv_0/U0/eFPGA_AXI_LM393_driver_slave_lite_v1_0_S00_AXI_inst/speedsensor_instance/result0
    SLICE_X52Y102        FDRE                                         r  design_1_i/eFPGA_AXI_LM393_driv_0/U0/eFPGA_AXI_LM393_driver_slave_lite_v1_0_S00_AXI_inst/speedsensor_instance/counter_reg[24]/R
  -------------------------------------------------------------------    -------------------

                         (clock clk_out1_design_1_clk_wiz_0_0 rise edge)
                                                      0.000     0.000 r  
    H16                                               0.000     0.000 r  clk_in1_0 (IN)
                         net (fo=0)                   0.000     0.000    design_1_i/clk_wiz_0/inst/clk_in1
    H16                  IBUF (Prop_ibuf_I_O)         0.406     0.406 r  design_1_i/clk_wiz_0/inst/clkin1_ibufg/O
                         net (fo=1, routed)           0.480     0.886    design_1_i/clk_wiz_0/inst/clk_in1_design_1_clk_wiz_0_0
    MMCME2_ADV_X1Y2      MMCME2_ADV (Prop_mmcme2_adv_CLKIN1_CLKOUT0)
                                                     -3.407    -2.521 r  design_1_i/clk_wiz_0/inst/mmcm_adv_inst/CLKOUT0
                         net (fo=1, routed)           0.752    -1.769    design_1_i/clk_wiz_0/inst/clk_out1_design_1_clk_wiz_0_0
    BUFGCTRL_X0Y17       BUFG (Prop_bufg_I_O)         0.029    -1.740 r  design_1_i/clk_wiz_0/inst/clkout1_buf/O
                         net (fo=66, routed)          0.907    -0.833    design_1_i/eFPGA_AXI_LM393_driv_0/U0/eFPGA_AXI_LM393_driver_slave_lite_v1_0_S00_AXI_inst/speedsensor_instance/clk
    SLICE_X52Y102        FDRE                                         r  design_1_i/eFPGA_AXI_LM393_driv_0/U0/eFPGA_AXI_LM393_driver_slave_lite_v1_0_S00_AXI_inst/speedsensor_instance/counter_reg[24]/C

Slack:                    inf
  Source:                 signal_in_0
                            (input port)
  Destination:            design_1_i/eFPGA_AXI_LM393_driv_0/U0/eFPGA_AXI_LM393_driver_slave_lite_v1_0_S00_AXI_inst/speedsensor_instance/counter_reg[16]/R
                            (rising edge-triggered cell FDRE clocked by clk_out1_design_1_clk_wiz_0_0  {rise@0.000ns fall@100.000ns period=200.000ns})
  Path Group:             (none)
  Path Type:              Hold (Min at Fast Process Corner)
  Data Path Delay:        2.216ns  (logic 0.337ns (15.208%)  route 1.879ns (84.792%))
  Logic Levels:           2  (IBUF=1 LUT2=1)
  Clock Path Skew:        -0.833ns (DCD - SCD - CPR)
    Destination Clock Delay (DCD):    -0.833ns
    Source Clock Delay      (SCD):    0.000ns
    Clock Pessimism Removal (CPR):    -0.000ns

    Location             Delay type                Incr(ns)  Path(ns)    Netlist Resource(s)
  -------------------------------------------------------------------    -------------------
    Y18                                               0.000     0.000 r  signal_in_0 (IN)
                         net (fo=0)                   0.000     0.000    signal_in_0
    Y18                  IBUF (Prop_ibuf_I_O)         0.292     0.292 r  signal_in_0_IBUF_inst/O
                         net (fo=2, routed)           1.662     1.954    design_1_i/eFPGA_AXI_LM393_driv_0/U0/eFPGA_AXI_LM393_driver_slave_lite_v1_0_S00_AXI_inst/speedsensor_instance/signal_in
    SLICE_X53Y102        LUT2 (Prop_lut2_I0_O)        0.045     1.999 r  design_1_i/eFPGA_AXI_LM393_driv_0/U0/eFPGA_AXI_LM393_driver_slave_lite_v1_0_S00_AXI_inst/speedsensor_instance/counter[31]_i_1/O
                         net (fo=65, routed)          0.217     2.216    design_1_i/eFPGA_AXI_LM393_driv_0/U0/eFPGA_AXI_LM393_driver_slave_lite_v1_0_S00_AXI_inst/speedsensor_instance/result0
    SLICE_X52Y100        FDRE                                         r  design_1_i/eFPGA_AXI_LM393_driv_0/U0/eFPGA_AXI_LM393_driver_slave_lite_v1_0_S00_AXI_inst/speedsensor_instance/counter_reg[16]/R
  -------------------------------------------------------------------    -------------------

                         (clock clk_out1_design_1_clk_wiz_0_0 rise edge)
                                                      0.000     0.000 r  
    H16                                               0.000     0.000 r  clk_in1_0 (IN)
                         net (fo=0)                   0.000     0.000    design_1_i/clk_wiz_0/inst/clk_in1
    H16                  IBUF (Prop_ibuf_I_O)         0.406     0.406 r  design_1_i/clk_wiz_0/inst/clkin1_ibufg/O
                         net (fo=1, routed)           0.480     0.886    design_1_i/clk_wiz_0/inst/clk_in1_design_1_clk_wiz_0_0
    MMCME2_ADV_X1Y2      MMCME2_ADV (Prop_mmcme2_adv_CLKIN1_CLKOUT0)
                                                     -3.407    -2.521 r  design_1_i/clk_wiz_0/inst/mmcm_adv_inst/CLKOUT0
                         net (fo=1, routed)           0.752    -1.769    design_1_i/clk_wiz_0/inst/clk_out1_design_1_clk_wiz_0_0
    BUFGCTRL_X0Y17       BUFG (Prop_bufg_I_O)         0.029    -1.740 r  design_1_i/clk_wiz_0/inst/clkout1_buf/O
                         net (fo=66, routed)          0.907    -0.833    design_1_i/eFPGA_AXI_LM393_driv_0/U0/eFPGA_AXI_LM393_driver_slave_lite_v1_0_S00_AXI_inst/speedsensor_instance/clk
    SLICE_X52Y100        FDRE                                         r  design_1_i/eFPGA_AXI_LM393_driv_0/U0/eFPGA_AXI_LM393_driver_slave_lite_v1_0_S00_AXI_inst/speedsensor_instance/counter_reg[16]/C

Slack:                    inf
  Source:                 signal_in_0
                            (input port)
  Destination:            design_1_i/eFPGA_AXI_LM393_driv_0/U0/eFPGA_AXI_LM393_driver_slave_lite_v1_0_S00_AXI_inst/speedsensor_instance/result_reg[20]/CE
                            (rising edge-triggered cell FDRE clocked by clk_out1_design_1_clk_wiz_0_0  {rise@0.000ns fall@100.000ns period=200.000ns})
  Path Group:             (none)
  Path Type:              Hold (Min at Fast Process Corner)
  Data Path Delay:        2.238ns  (logic 0.337ns (15.063%)  route 1.901ns (84.937%))
  Logic Levels:           2  (IBUF=1 LUT2=1)
  Clock Path Skew:        -0.833ns (DCD - SCD - CPR)
    Destination Clock Delay (DCD):    -0.833ns
    Source Clock Delay      (SCD):    0.000ns
    Clock Pessimism Removal (CPR):    -0.000ns

    Location             Delay type                Incr(ns)  Path(ns)    Netlist Resource(s)
  -------------------------------------------------------------------    -------------------
    Y18                                               0.000     0.000 r  signal_in_0 (IN)
                         net (fo=0)                   0.000     0.000    signal_in_0
    Y18                  IBUF (Prop_ibuf_I_O)         0.292     0.292 r  signal_in_0_IBUF_inst/O
                         net (fo=2, routed)           1.662     1.954    design_1_i/eFPGA_AXI_LM393_driv_0/U0/eFPGA_AXI_LM393_driver_slave_lite_v1_0_S00_AXI_inst/speedsensor_instance/signal_in
    SLICE_X53Y102        LUT2 (Prop_lut2_I0_O)        0.045     1.999 r  design_1_i/eFPGA_AXI_LM393_driv_0/U0/eFPGA_AXI_LM393_driver_slave_lite_v1_0_S00_AXI_inst/speedsensor_instance/counter[31]_i_1/O
                         net (fo=65, routed)          0.239     2.238    design_1_i/eFPGA_AXI_LM393_driv_0/U0/eFPGA_AXI_LM393_driver_slave_lite_v1_0_S00_AXI_inst/speedsensor_instance/result0
    SLICE_X50Y102        FDRE                                         r  design_1_i/eFPGA_AXI_LM393_driv_0/U0/eFPGA_AXI_LM393_driver_slave_lite_v1_0_S00_AXI_inst/speedsensor_instance/result_reg[20]/CE
  -------------------------------------------------------------------    -------------------

                         (clock clk_out1_design_1_clk_wiz_0_0 rise edge)
                                                      0.000     0.000 r  
    H16                                               0.000     0.000 r  clk_in1_0 (IN)
                         net (fo=0)                   0.000     0.000    design_1_i/clk_wiz_0/inst/clk_in1
    H16                  IBUF (Prop_ibuf_I_O)         0.406     0.406 r  design_1_i/clk_wiz_0/inst/clkin1_ibufg/O
                         net (fo=1, routed)           0.480     0.886    design_1_i/clk_wiz_0/inst/clk_in1_design_1_clk_wiz_0_0
    MMCME2_ADV_X1Y2      MMCME2_ADV (Prop_mmcme2_adv_CLKIN1_CLKOUT0)
                                                     -3.407    -2.521 r  design_1_i/clk_wiz_0/inst/mmcm_adv_inst/CLKOUT0
                         net (fo=1, routed)           0.752    -1.769    design_1_i/clk_wiz_0/inst/clk_out1_design_1_clk_wiz_0_0
    BUFGCTRL_X0Y17       BUFG (Prop_bufg_I_O)         0.029    -1.740 r  design_1_i/clk_wiz_0/inst/clkout1_buf/O
                         net (fo=66, routed)          0.907    -0.833    design_1_i/eFPGA_AXI_LM393_driv_0/U0/eFPGA_AXI_LM393_driver_slave_lite_v1_0_S00_AXI_inst/speedsensor_instance/clk
    SLICE_X50Y102        FDRE                                         r  design_1_i/eFPGA_AXI_LM393_driv_0/U0/eFPGA_AXI_LM393_driver_slave_lite_v1_0_S00_AXI_inst/speedsensor_instance/result_reg[20]/C

Slack:                    inf
  Source:                 signal_in_0
                            (input port)
  Destination:            design_1_i/eFPGA_AXI_LM393_driv_0/U0/eFPGA_AXI_LM393_driver_slave_lite_v1_0_S00_AXI_inst/speedsensor_instance/result_reg[23]/CE
                            (rising edge-triggered cell FDRE clocked by clk_out1_design_1_clk_wiz_0_0  {rise@0.000ns fall@100.000ns period=200.000ns})
  Path Group:             (none)
  Path Type:              Hold (Min at Fast Process Corner)
  Data Path Delay:        2.238ns  (logic 0.337ns (15.063%)  route 1.901ns (84.937%))
  Logic Levels:           2  (IBUF=1 LUT2=1)
  Clock Path Skew:        -0.833ns (DCD - SCD - CPR)
    Destination Clock Delay (DCD):    -0.833ns
    Source Clock Delay      (SCD):    0.000ns
    Clock Pessimism Removal (CPR):    -0.000ns

    Location             Delay type                Incr(ns)  Path(ns)    Netlist Resource(s)
  -------------------------------------------------------------------    -------------------
    Y18                                               0.000     0.000 r  signal_in_0 (IN)
                         net (fo=0)                   0.000     0.000    signal_in_0
    Y18                  IBUF (Prop_ibuf_I_O)         0.292     0.292 r  signal_in_0_IBUF_inst/O
                         net (fo=2, routed)           1.662     1.954    design_1_i/eFPGA_AXI_LM393_driv_0/U0/eFPGA_AXI_LM393_driver_slave_lite_v1_0_S00_AXI_inst/speedsensor_instance/signal_in
    SLICE_X53Y102        LUT2 (Prop_lut2_I0_O)        0.045     1.999 r  design_1_i/eFPGA_AXI_LM393_driv_0/U0/eFPGA_AXI_LM393_driver_slave_lite_v1_0_S00_AXI_inst/speedsensor_instance/counter[31]_i_1/O
                         net (fo=65, routed)          0.239     2.238    design_1_i/eFPGA_AXI_LM393_driv_0/U0/eFPGA_AXI_LM393_driver_slave_lite_v1_0_S00_AXI_inst/speedsensor_instance/result0
    SLICE_X50Y102        FDRE                                         r  design_1_i/eFPGA_AXI_LM393_driv_0/U0/eFPGA_AXI_LM393_driver_slave_lite_v1_0_S00_AXI_inst/speedsensor_instance/result_reg[23]/CE
  -------------------------------------------------------------------    -------------------

                         (clock clk_out1_design_1_clk_wiz_0_0 rise edge)
                                                      0.000     0.000 r  
    H16                                               0.000     0.000 r  clk_in1_0 (IN)
                         net (fo=0)                   0.000     0.000    design_1_i/clk_wiz_0/inst/clk_in1
    H16                  IBUF (Prop_ibuf_I_O)         0.406     0.406 r  design_1_i/clk_wiz_0/inst/clkin1_ibufg/O
                         net (fo=1, routed)           0.480     0.886    design_1_i/clk_wiz_0/inst/clk_in1_design_1_clk_wiz_0_0
    MMCME2_ADV_X1Y2      MMCME2_ADV (Prop_mmcme2_adv_CLKIN1_CLKOUT0)
                                                     -3.407    -2.521 r  design_1_i/clk_wiz_0/inst/mmcm_adv_inst/CLKOUT0
                         net (fo=1, routed)           0.752    -1.769    design_1_i/clk_wiz_0/inst/clk_out1_design_1_clk_wiz_0_0
    BUFGCTRL_X0Y17       BUFG (Prop_bufg_I_O)         0.029    -1.740 r  design_1_i/clk_wiz_0/inst/clkout1_buf/O
                         net (fo=66, routed)          0.907    -0.833    design_1_i/eFPGA_AXI_LM393_driv_0/U0/eFPGA_AXI_LM393_driver_slave_lite_v1_0_S00_AXI_inst/speedsensor_instance/clk
    SLICE_X50Y102        FDRE                                         r  design_1_i/eFPGA_AXI_LM393_driv_0/U0/eFPGA_AXI_LM393_driver_slave_lite_v1_0_S00_AXI_inst/speedsensor_instance/result_reg[23]/C

Slack:                    inf
  Source:                 signal_in_0
                            (input port)
  Destination:            design_1_i/eFPGA_AXI_LM393_driv_0/U0/eFPGA_AXI_LM393_driver_slave_lite_v1_0_S00_AXI_inst/speedsensor_instance/result_reg[16]/CE
                            (rising edge-triggered cell FDRE clocked by clk_out1_design_1_clk_wiz_0_0  {rise@0.000ns fall@100.000ns period=200.000ns})
  Path Group:             (none)
  Path Type:              Hold (Min at Fast Process Corner)
  Data Path Delay:        2.271ns  (logic 0.337ns (14.843%)  route 1.934ns (85.157%))
  Logic Levels:           2  (IBUF=1 LUT2=1)
  Clock Path Skew:        -0.829ns (DCD - SCD - CPR)
    Destination Clock Delay (DCD):    -0.829ns
    Source Clock Delay      (SCD):    0.000ns
    Clock Pessimism Removal (CPR):    -0.000ns

    Location             Delay type                Incr(ns)  Path(ns)    Netlist Resource(s)
  -------------------------------------------------------------------    -------------------
    Y18                                               0.000     0.000 r  signal_in_0 (IN)
                         net (fo=0)                   0.000     0.000    signal_in_0
    Y18                  IBUF (Prop_ibuf_I_O)         0.292     0.292 r  signal_in_0_IBUF_inst/O
                         net (fo=2, routed)           1.662     1.954    design_1_i/eFPGA_AXI_LM393_driv_0/U0/eFPGA_AXI_LM393_driver_slave_lite_v1_0_S00_AXI_inst/speedsensor_instance/signal_in
    SLICE_X53Y102        LUT2 (Prop_lut2_I0_O)        0.045     1.999 r  design_1_i/eFPGA_AXI_LM393_driv_0/U0/eFPGA_AXI_LM393_driver_slave_lite_v1_0_S00_AXI_inst/speedsensor_instance/counter[31]_i_1/O
                         net (fo=65, routed)          0.272     2.271    design_1_i/eFPGA_AXI_LM393_driv_0/U0/eFPGA_AXI_LM393_driver_slave_lite_v1_0_S00_AXI_inst/speedsensor_instance/result0
    SLICE_X49Y102        FDRE                                         r  design_1_i/eFPGA_AXI_LM393_driv_0/U0/eFPGA_AXI_LM393_driver_slave_lite_v1_0_S00_AXI_inst/speedsensor_instance/result_reg[16]/CE
  -------------------------------------------------------------------    -------------------

                         (clock clk_out1_design_1_clk_wiz_0_0 rise edge)
                                                      0.000     0.000 r  
    H16                                               0.000     0.000 r  clk_in1_0 (IN)
                         net (fo=0)                   0.000     0.000    design_1_i/clk_wiz_0/inst/clk_in1
    H16                  IBUF (Prop_ibuf_I_O)         0.406     0.406 r  design_1_i/clk_wiz_0/inst/clkin1_ibufg/O
                         net (fo=1, routed)           0.480     0.886    design_1_i/clk_wiz_0/inst/clk_in1_design_1_clk_wiz_0_0
    MMCME2_ADV_X1Y2      MMCME2_ADV (Prop_mmcme2_adv_CLKIN1_CLKOUT0)
                                                     -3.407    -2.521 r  design_1_i/clk_wiz_0/inst/mmcm_adv_inst/CLKOUT0
                         net (fo=1, routed)           0.752    -1.769    design_1_i/clk_wiz_0/inst/clk_out1_design_1_clk_wiz_0_0
    BUFGCTRL_X0Y17       BUFG (Prop_bufg_I_O)         0.029    -1.740 r  design_1_i/clk_wiz_0/inst/clkout1_buf/O
                         net (fo=66, routed)          0.911    -0.829    design_1_i/eFPGA_AXI_LM393_driv_0/U0/eFPGA_AXI_LM393_driver_slave_lite_v1_0_S00_AXI_inst/speedsensor_instance/clk
    SLICE_X49Y102        FDRE                                         r  design_1_i/eFPGA_AXI_LM393_driv_0/U0/eFPGA_AXI_LM393_driver_slave_lite_v1_0_S00_AXI_inst/speedsensor_instance/result_reg[16]/C

Slack:                    inf
  Source:                 signal_in_0
                            (input port)
  Destination:            design_1_i/eFPGA_AXI_LM393_driv_0/U0/eFPGA_AXI_LM393_driver_slave_lite_v1_0_S00_AXI_inst/speedsensor_instance/result_reg[17]/CE
                            (rising edge-triggered cell FDRE clocked by clk_out1_design_1_clk_wiz_0_0  {rise@0.000ns fall@100.000ns period=200.000ns})
  Path Group:             (none)
  Path Type:              Hold (Min at Fast Process Corner)
  Data Path Delay:        2.271ns  (logic 0.337ns (14.843%)  route 1.934ns (85.157%))
  Logic Levels:           2  (IBUF=1 LUT2=1)
  Clock Path Skew:        -0.829ns (DCD - SCD - CPR)
    Destination Clock Delay (DCD):    -0.829ns
    Source Clock Delay      (SCD):    0.000ns
    Clock Pessimism Removal (CPR):    -0.000ns

    Location             Delay type                Incr(ns)  Path(ns)    Netlist Resource(s)
  -------------------------------------------------------------------    -------------------
    Y18                                               0.000     0.000 r  signal_in_0 (IN)
                         net (fo=0)                   0.000     0.000    signal_in_0
    Y18                  IBUF (Prop_ibuf_I_O)         0.292     0.292 r  signal_in_0_IBUF_inst/O
                         net (fo=2, routed)           1.662     1.954    design_1_i/eFPGA_AXI_LM393_driv_0/U0/eFPGA_AXI_LM393_driver_slave_lite_v1_0_S00_AXI_inst/speedsensor_instance/signal_in
    SLICE_X53Y102        LUT2 (Prop_lut2_I0_O)        0.045     1.999 r  design_1_i/eFPGA_AXI_LM393_driv_0/U0/eFPGA_AXI_LM393_driver_slave_lite_v1_0_S00_AXI_inst/speedsensor_instance/counter[31]_i_1/O
                         net (fo=65, routed)          0.272     2.271    design_1_i/eFPGA_AXI_LM393_driv_0/U0/eFPGA_AXI_LM393_driver_slave_lite_v1_0_S00_AXI_inst/speedsensor_instance/result0
    SLICE_X49Y102        FDRE                                         r  design_1_i/eFPGA_AXI_LM393_driv_0/U0/eFPGA_AXI_LM393_driver_slave_lite_v1_0_S00_AXI_inst/speedsensor_instance/result_reg[17]/CE
  -------------------------------------------------------------------    -------------------

                         (clock clk_out1_design_1_clk_wiz_0_0 rise edge)
                                                      0.000     0.000 r  
    H16                                               0.000     0.000 r  clk_in1_0 (IN)
                         net (fo=0)                   0.000     0.000    design_1_i/clk_wiz_0/inst/clk_in1
    H16                  IBUF (Prop_ibuf_I_O)         0.406     0.406 r  design_1_i/clk_wiz_0/inst/clkin1_ibufg/O
                         net (fo=1, routed)           0.480     0.886    design_1_i/clk_wiz_0/inst/clk_in1_design_1_clk_wiz_0_0
    MMCME2_ADV_X1Y2      MMCME2_ADV (Prop_mmcme2_adv_CLKIN1_CLKOUT0)
                                                     -3.407    -2.521 r  design_1_i/clk_wiz_0/inst/mmcm_adv_inst/CLKOUT0
                         net (fo=1, routed)           0.752    -1.769    design_1_i/clk_wiz_0/inst/clk_out1_design_1_clk_wiz_0_0
    BUFGCTRL_X0Y17       BUFG (Prop_bufg_I_O)         0.029    -1.740 r  design_1_i/clk_wiz_0/inst/clkout1_buf/O
                         net (fo=66, routed)          0.911    -0.829    design_1_i/eFPGA_AXI_LM393_driv_0/U0/eFPGA_AXI_LM393_driver_slave_lite_v1_0_S00_AXI_inst/speedsensor_instance/clk
    SLICE_X49Y102        FDRE                                         r  design_1_i/eFPGA_AXI_LM393_driv_0/U0/eFPGA_AXI_LM393_driver_slave_lite_v1_0_S00_AXI_inst/speedsensor_instance/result_reg[17]/C

Slack:                    inf
  Source:                 signal_in_0
                            (input port)
  Destination:            design_1_i/eFPGA_AXI_LM393_driv_0/U0/eFPGA_AXI_LM393_driver_slave_lite_v1_0_S00_AXI_inst/speedsensor_instance/result_reg[19]/CE
                            (rising edge-triggered cell FDRE clocked by clk_out1_design_1_clk_wiz_0_0  {rise@0.000ns fall@100.000ns period=200.000ns})
  Path Group:             (none)
  Path Type:              Hold (Min at Fast Process Corner)
  Data Path Delay:        2.271ns  (logic 0.337ns (14.843%)  route 1.934ns (85.157%))
  Logic Levels:           2  (IBUF=1 LUT2=1)
  Clock Path Skew:        -0.829ns (DCD - SCD - CPR)
    Destination Clock Delay (DCD):    -0.829ns
    Source Clock Delay      (SCD):    0.000ns
    Clock Pessimism Removal (CPR):    -0.000ns

    Location             Delay type                Incr(ns)  Path(ns)    Netlist Resource(s)
  -------------------------------------------------------------------    -------------------
    Y18                                               0.000     0.000 r  signal_in_0 (IN)
                         net (fo=0)                   0.000     0.000    signal_in_0
    Y18                  IBUF (Prop_ibuf_I_O)         0.292     0.292 r  signal_in_0_IBUF_inst/O
                         net (fo=2, routed)           1.662     1.954    design_1_i/eFPGA_AXI_LM393_driv_0/U0/eFPGA_AXI_LM393_driver_slave_lite_v1_0_S00_AXI_inst/speedsensor_instance/signal_in
    SLICE_X53Y102        LUT2 (Prop_lut2_I0_O)        0.045     1.999 r  design_1_i/eFPGA_AXI_LM393_driv_0/U0/eFPGA_AXI_LM393_driver_slave_lite_v1_0_S00_AXI_inst/speedsensor_instance/counter[31]_i_1/O
                         net (fo=65, routed)          0.272     2.271    design_1_i/eFPGA_AXI_LM393_driv_0/U0/eFPGA_AXI_LM393_driver_slave_lite_v1_0_S00_AXI_inst/speedsensor_instance/result0
    SLICE_X49Y102        FDRE                                         r  design_1_i/eFPGA_AXI_LM393_driv_0/U0/eFPGA_AXI_LM393_driver_slave_lite_v1_0_S00_AXI_inst/speedsensor_instance/result_reg[19]/CE
  -------------------------------------------------------------------    -------------------

                         (clock clk_out1_design_1_clk_wiz_0_0 rise edge)
                                                      0.000     0.000 r  
    H16                                               0.000     0.000 r  clk_in1_0 (IN)
                         net (fo=0)                   0.000     0.000    design_1_i/clk_wiz_0/inst/clk_in1
    H16                  IBUF (Prop_ibuf_I_O)         0.406     0.406 r  design_1_i/clk_wiz_0/inst/clkin1_ibufg/O
                         net (fo=1, routed)           0.480     0.886    design_1_i/clk_wiz_0/inst/clk_in1_design_1_clk_wiz_0_0
    MMCME2_ADV_X1Y2      MMCME2_ADV (Prop_mmcme2_adv_CLKIN1_CLKOUT0)
                                                     -3.407    -2.521 r  design_1_i/clk_wiz_0/inst/mmcm_adv_inst/CLKOUT0
                         net (fo=1, routed)           0.752    -1.769    design_1_i/clk_wiz_0/inst/clk_out1_design_1_clk_wiz_0_0
    BUFGCTRL_X0Y17       BUFG (Prop_bufg_I_O)         0.029    -1.740 r  design_1_i/clk_wiz_0/inst/clkout1_buf/O
                         net (fo=66, routed)          0.911    -0.829    design_1_i/eFPGA_AXI_LM393_driv_0/U0/eFPGA_AXI_LM393_driver_slave_lite_v1_0_S00_AXI_inst/speedsensor_instance/clk
    SLICE_X49Y102        FDRE                                         r  design_1_i/eFPGA_AXI_LM393_driv_0/U0/eFPGA_AXI_LM393_driver_slave_lite_v1_0_S00_AXI_inst/speedsensor_instance/result_reg[19]/C

Slack:                    inf
  Source:                 signal_in_0
                            (input port)
  Destination:            design_1_i/eFPGA_AXI_LM393_driv_0/U0/eFPGA_AXI_LM393_driver_slave_lite_v1_0_S00_AXI_inst/speedsensor_instance/result_reg[21]/CE
                            (rising edge-triggered cell FDRE clocked by clk_out1_design_1_clk_wiz_0_0  {rise@0.000ns fall@100.000ns period=200.000ns})
  Path Group:             (none)
  Path Type:              Hold (Min at Fast Process Corner)
  Data Path Delay:        2.271ns  (logic 0.337ns (14.843%)  route 1.934ns (85.157%))
  Logic Levels:           2  (IBUF=1 LUT2=1)
  Clock Path Skew:        -0.829ns (DCD - SCD - CPR)
    Destination Clock Delay (DCD):    -0.829ns
    Source Clock Delay      (SCD):    0.000ns
    Clock Pessimism Removal (CPR):    -0.000ns

    Location             Delay type                Incr(ns)  Path(ns)    Netlist Resource(s)
  -------------------------------------------------------------------    -------------------
    Y18                                               0.000     0.000 r  signal_in_0 (IN)
                         net (fo=0)                   0.000     0.000    signal_in_0
    Y18                  IBUF (Prop_ibuf_I_O)         0.292     0.292 r  signal_in_0_IBUF_inst/O
                         net (fo=2, routed)           1.662     1.954    design_1_i/eFPGA_AXI_LM393_driv_0/U0/eFPGA_AXI_LM393_driver_slave_lite_v1_0_S00_AXI_inst/speedsensor_instance/signal_in
    SLICE_X53Y102        LUT2 (Prop_lut2_I0_O)        0.045     1.999 r  design_1_i/eFPGA_AXI_LM393_driv_0/U0/eFPGA_AXI_LM393_driver_slave_lite_v1_0_S00_AXI_inst/speedsensor_instance/counter[31]_i_1/O
                         net (fo=65, routed)          0.272     2.271    design_1_i/eFPGA_AXI_LM393_driv_0/U0/eFPGA_AXI_LM393_driver_slave_lite_v1_0_S00_AXI_inst/speedsensor_instance/result0
    SLICE_X49Y102        FDRE                                         r  design_1_i/eFPGA_AXI_LM393_driv_0/U0/eFPGA_AXI_LM393_driver_slave_lite_v1_0_S00_AXI_inst/speedsensor_instance/result_reg[21]/CE
  -------------------------------------------------------------------    -------------------

                         (clock clk_out1_design_1_clk_wiz_0_0 rise edge)
                                                      0.000     0.000 r  
    H16                                               0.000     0.000 r  clk_in1_0 (IN)
                         net (fo=0)                   0.000     0.000    design_1_i/clk_wiz_0/inst/clk_in1
    H16                  IBUF (Prop_ibuf_I_O)         0.406     0.406 r  design_1_i/clk_wiz_0/inst/clkin1_ibufg/O
                         net (fo=1, routed)           0.480     0.886    design_1_i/clk_wiz_0/inst/clk_in1_design_1_clk_wiz_0_0
    MMCME2_ADV_X1Y2      MMCME2_ADV (Prop_mmcme2_adv_CLKIN1_CLKOUT0)
                                                     -3.407    -2.521 r  design_1_i/clk_wiz_0/inst/mmcm_adv_inst/CLKOUT0
                         net (fo=1, routed)           0.752    -1.769    design_1_i/clk_wiz_0/inst/clk_out1_design_1_clk_wiz_0_0
    BUFGCTRL_X0Y17       BUFG (Prop_bufg_I_O)         0.029    -1.740 r  design_1_i/clk_wiz_0/inst/clkout1_buf/O
                         net (fo=66, routed)          0.911    -0.829    design_1_i/eFPGA_AXI_LM393_driv_0/U0/eFPGA_AXI_LM393_driver_slave_lite_v1_0_S00_AXI_inst/speedsensor_instance/clk
    SLICE_X49Y102        FDRE                                         r  design_1_i/eFPGA_AXI_LM393_driv_0/U0/eFPGA_AXI_LM393_driver_slave_lite_v1_0_S00_AXI_inst/speedsensor_instance/result_reg[21]/C

Slack:                    inf
  Source:                 signal_in_0
                            (input port)
  Destination:            design_1_i/eFPGA_AXI_LM393_driv_0/U0/eFPGA_AXI_LM393_driver_slave_lite_v1_0_S00_AXI_inst/speedsensor_instance/result_reg[22]/CE
                            (rising edge-triggered cell FDRE clocked by clk_out1_design_1_clk_wiz_0_0  {rise@0.000ns fall@100.000ns period=200.000ns})
  Path Group:             (none)
  Path Type:              Hold (Min at Fast Process Corner)
  Data Path Delay:        2.271ns  (logic 0.337ns (14.843%)  route 1.934ns (85.157%))
  Logic Levels:           2  (IBUF=1 LUT2=1)
  Clock Path Skew:        -0.829ns (DCD - SCD - CPR)
    Destination Clock Delay (DCD):    -0.829ns
    Source Clock Delay      (SCD):    0.000ns
    Clock Pessimism Removal (CPR):    -0.000ns

    Location             Delay type                Incr(ns)  Path(ns)    Netlist Resource(s)
  -------------------------------------------------------------------    -------------------
    Y18                                               0.000     0.000 r  signal_in_0 (IN)
                         net (fo=0)                   0.000     0.000    signal_in_0
    Y18                  IBUF (Prop_ibuf_I_O)         0.292     0.292 r  signal_in_0_IBUF_inst/O
                         net (fo=2, routed)           1.662     1.954    design_1_i/eFPGA_AXI_LM393_driv_0/U0/eFPGA_AXI_LM393_driver_slave_lite_v1_0_S00_AXI_inst/speedsensor_instance/signal_in
    SLICE_X53Y102        LUT2 (Prop_lut2_I0_O)        0.045     1.999 r  design_1_i/eFPGA_AXI_LM393_driv_0/U0/eFPGA_AXI_LM393_driver_slave_lite_v1_0_S00_AXI_inst/speedsensor_instance/counter[31]_i_1/O
                         net (fo=65, routed)          0.272     2.271    design_1_i/eFPGA_AXI_LM393_driv_0/U0/eFPGA_AXI_LM393_driver_slave_lite_v1_0_S00_AXI_inst/speedsensor_instance/result0
    SLICE_X49Y102        FDRE                                         r  design_1_i/eFPGA_AXI_LM393_driv_0/U0/eFPGA_AXI_LM393_driver_slave_lite_v1_0_S00_AXI_inst/speedsensor_instance/result_reg[22]/CE
  -------------------------------------------------------------------    -------------------

                         (clock clk_out1_design_1_clk_wiz_0_0 rise edge)
                                                      0.000     0.000 r  
    H16                                               0.000     0.000 r  clk_in1_0 (IN)
                         net (fo=0)                   0.000     0.000    design_1_i/clk_wiz_0/inst/clk_in1
    H16                  IBUF (Prop_ibuf_I_O)         0.406     0.406 r  design_1_i/clk_wiz_0/inst/clkin1_ibufg/O
                         net (fo=1, routed)           0.480     0.886    design_1_i/clk_wiz_0/inst/clk_in1_design_1_clk_wiz_0_0
    MMCME2_ADV_X1Y2      MMCME2_ADV (Prop_mmcme2_adv_CLKIN1_CLKOUT0)
                                                     -3.407    -2.521 r  design_1_i/clk_wiz_0/inst/mmcm_adv_inst/CLKOUT0
                         net (fo=1, routed)           0.752    -1.769    design_1_i/clk_wiz_0/inst/clk_out1_design_1_clk_wiz_0_0
    BUFGCTRL_X0Y17       BUFG (Prop_bufg_I_O)         0.029    -1.740 r  design_1_i/clk_wiz_0/inst/clkout1_buf/O
                         net (fo=66, routed)          0.911    -0.829    design_1_i/eFPGA_AXI_LM393_driv_0/U0/eFPGA_AXI_LM393_driver_slave_lite_v1_0_S00_AXI_inst/speedsensor_instance/clk
    SLICE_X49Y102        FDRE                                         r  design_1_i/eFPGA_AXI_LM393_driv_0/U0/eFPGA_AXI_LM393_driver_slave_lite_v1_0_S00_AXI_inst/speedsensor_instance/result_reg[22]/C





--------------------------------------------------------------------------------------
Path Group:  (none)
From Clock:  
  To Clock:  clk_out2_design_1_clk_wiz_0_0

Max Delay            66 Endpoints
Min Delay            66 Endpoints
--------------------------------------------------------------------------------------


Max Delay Paths
--------------------------------------------------------------------------------------
Slack:                    inf
  Source:                 signal_in_1
                            (input port)
  Destination:            design_1_i/eFPGA_AXI_LM393_driv_1/U0/eFPGA_AXI_LM393_driver_slave_lite_v1_0_S00_AXI_inst/speedsensor_instance/result_reg[4]/CE
                            (rising edge-triggered cell FDRE clocked by clk_out2_design_1_clk_wiz_0_0  {rise@0.000ns fall@100.000ns period=200.000ns})
  Path Group:             (none)
  Path Type:              Setup (Max at Slow Process Corner)
  Data Path Delay:        7.223ns  (logic 1.724ns (23.870%)  route 5.499ns (76.130%))
  Logic Levels:           2  (IBUF=1 LUT2=1)
  Clock Path Skew:        -1.689ns (DCD - SCD + CPR)
    Destination Clock Delay (DCD):    -1.689ns
    Source Clock Delay      (SCD):    0.000ns
    Clock Pessimism Removal (CPR):    0.000ns
  Clock Uncertainty:      0.664ns  ((TSJ^2 + DJ^2)^1/2) / 2 + PE
    Total System Jitter     (TSJ):    0.050ns
    Discrete Jitter          (DJ):    0.631ns
    Phase Error              (PE):    0.347ns

    Location             Delay type                Incr(ns)  Path(ns)    Netlist Resource(s)
  -------------------------------------------------------------------    -------------------
    W14                                               0.000     0.000 r  signal_in_1 (IN)
                         net (fo=0)                   0.000     0.000    signal_in_1
    W14                  IBUF (Prop_ibuf_I_O)         1.600     1.600 r  signal_in_1_IBUF_inst/O
                         net (fo=2, routed)           3.699     5.299    design_1_i/eFPGA_AXI_LM393_driv_1/U0/eFPGA_AXI_LM393_driver_slave_lite_v1_0_S00_AXI_inst/speedsensor_instance/signal_in
    SLICE_X42Y108        LUT2 (Prop_lut2_I0_O)        0.124     5.423 r  design_1_i/eFPGA_AXI_LM393_driv_1/U0/eFPGA_AXI_LM393_driver_slave_lite_v1_0_S00_AXI_inst/speedsensor_instance/counter[31]_i_1/O
                         net (fo=65, routed)          1.800     7.223    design_1_i/eFPGA_AXI_LM393_driv_1/U0/eFPGA_AXI_LM393_driver_slave_lite_v1_0_S00_AXI_inst/speedsensor_instance/result0
    SLICE_X39Y98         FDRE                                         r  design_1_i/eFPGA_AXI_LM393_driv_1/U0/eFPGA_AXI_LM393_driver_slave_lite_v1_0_S00_AXI_inst/speedsensor_instance/result_reg[4]/CE
  -------------------------------------------------------------------    -------------------

                         (clock clk_out2_design_1_clk_wiz_0_0 rise edge)
                                                      0.000     0.000 r  
    H16                                               0.000     0.000 r  clk_in1_0 (IN)
                         net (fo=0)                   0.000     0.000    design_1_i/clk_wiz_0/inst/clk_in1
    H16                  IBUF (Prop_ibuf_I_O)         1.380     1.380 r  design_1_i/clk_wiz_0/inst/clkin1_ibufg/O
                         net (fo=1, routed)           1.162     2.542    design_1_i/clk_wiz_0/inst/clk_in1_design_1_clk_wiz_0_0
    MMCME2_ADV_X1Y2      MMCME2_ADV (Prop_mmcme2_adv_CLKIN1_CLKOUT1)
                                                     -7.814    -5.272 r  design_1_i/clk_wiz_0/inst/mmcm_adv_inst/CLKOUT1
                         net (fo=1, routed)           2.012    -3.260    design_1_i/clk_wiz_0/inst/clk_out2_design_1_clk_wiz_0_0
    BUFGCTRL_X0Y18       BUFG (Prop_bufg_I_O)         0.091    -3.169 r  design_1_i/clk_wiz_0/inst/clkout2_buf/O
                         net (fo=66, routed)          1.480    -1.689    design_1_i/eFPGA_AXI_LM393_driv_1/U0/eFPGA_AXI_LM393_driver_slave_lite_v1_0_S00_AXI_inst/speedsensor_instance/clk
    SLICE_X39Y98         FDRE                                         r  design_1_i/eFPGA_AXI_LM393_driv_1/U0/eFPGA_AXI_LM393_driver_slave_lite_v1_0_S00_AXI_inst/speedsensor_instance/result_reg[4]/C

Slack:                    inf
  Source:                 signal_in_1
                            (input port)
  Destination:            design_1_i/eFPGA_AXI_LM393_driv_1/U0/eFPGA_AXI_LM393_driver_slave_lite_v1_0_S00_AXI_inst/speedsensor_instance/result_reg[8]/CE
                            (rising edge-triggered cell FDRE clocked by clk_out2_design_1_clk_wiz_0_0  {rise@0.000ns fall@100.000ns period=200.000ns})
  Path Group:             (none)
  Path Type:              Setup (Max at Slow Process Corner)
  Data Path Delay:        7.223ns  (logic 1.724ns (23.870%)  route 5.499ns (76.130%))
  Logic Levels:           2  (IBUF=1 LUT2=1)
  Clock Path Skew:        -1.689ns (DCD - SCD + CPR)
    Destination Clock Delay (DCD):    -1.689ns
    Source Clock Delay      (SCD):    0.000ns
    Clock Pessimism Removal (CPR):    0.000ns
  Clock Uncertainty:      0.664ns  ((TSJ^2 + DJ^2)^1/2) / 2 + PE
    Total System Jitter     (TSJ):    0.050ns
    Discrete Jitter          (DJ):    0.631ns
    Phase Error              (PE):    0.347ns

    Location             Delay type                Incr(ns)  Path(ns)    Netlist Resource(s)
  -------------------------------------------------------------------    -------------------
    W14                                               0.000     0.000 r  signal_in_1 (IN)
                         net (fo=0)                   0.000     0.000    signal_in_1
    W14                  IBUF (Prop_ibuf_I_O)         1.600     1.600 r  signal_in_1_IBUF_inst/O
                         net (fo=2, routed)           3.699     5.299    design_1_i/eFPGA_AXI_LM393_driv_1/U0/eFPGA_AXI_LM393_driver_slave_lite_v1_0_S00_AXI_inst/speedsensor_instance/signal_in
    SLICE_X42Y108        LUT2 (Prop_lut2_I0_O)        0.124     5.423 r  design_1_i/eFPGA_AXI_LM393_driv_1/U0/eFPGA_AXI_LM393_driver_slave_lite_v1_0_S00_AXI_inst/speedsensor_instance/counter[31]_i_1/O
                         net (fo=65, routed)          1.800     7.223    design_1_i/eFPGA_AXI_LM393_driv_1/U0/eFPGA_AXI_LM393_driver_slave_lite_v1_0_S00_AXI_inst/speedsensor_instance/result0
    SLICE_X39Y98         FDRE                                         r  design_1_i/eFPGA_AXI_LM393_driv_1/U0/eFPGA_AXI_LM393_driver_slave_lite_v1_0_S00_AXI_inst/speedsensor_instance/result_reg[8]/CE
  -------------------------------------------------------------------    -------------------

                         (clock clk_out2_design_1_clk_wiz_0_0 rise edge)
                                                      0.000     0.000 r  
    H16                                               0.000     0.000 r  clk_in1_0 (IN)
                         net (fo=0)                   0.000     0.000    design_1_i/clk_wiz_0/inst/clk_in1
    H16                  IBUF (Prop_ibuf_I_O)         1.380     1.380 r  design_1_i/clk_wiz_0/inst/clkin1_ibufg/O
                         net (fo=1, routed)           1.162     2.542    design_1_i/clk_wiz_0/inst/clk_in1_design_1_clk_wiz_0_0
    MMCME2_ADV_X1Y2      MMCME2_ADV (Prop_mmcme2_adv_CLKIN1_CLKOUT1)
                                                     -7.814    -5.272 r  design_1_i/clk_wiz_0/inst/mmcm_adv_inst/CLKOUT1
                         net (fo=1, routed)           2.012    -3.260    design_1_i/clk_wiz_0/inst/clk_out2_design_1_clk_wiz_0_0
    BUFGCTRL_X0Y18       BUFG (Prop_bufg_I_O)         0.091    -3.169 r  design_1_i/clk_wiz_0/inst/clkout2_buf/O
                         net (fo=66, routed)          1.480    -1.689    design_1_i/eFPGA_AXI_LM393_driv_1/U0/eFPGA_AXI_LM393_driver_slave_lite_v1_0_S00_AXI_inst/speedsensor_instance/clk
    SLICE_X39Y98         FDRE                                         r  design_1_i/eFPGA_AXI_LM393_driv_1/U0/eFPGA_AXI_LM393_driver_slave_lite_v1_0_S00_AXI_inst/speedsensor_instance/result_reg[8]/C

Slack:                    inf
  Source:                 signal_in_1
                            (input port)
  Destination:            design_1_i/eFPGA_AXI_LM393_driv_1/U0/eFPGA_AXI_LM393_driver_slave_lite_v1_0_S00_AXI_inst/speedsensor_instance/result_reg[0]/CE
                            (rising edge-triggered cell FDRE clocked by clk_out2_design_1_clk_wiz_0_0  {rise@0.000ns fall@100.000ns period=200.000ns})
  Path Group:             (none)
  Path Type:              Setup (Max at Slow Process Corner)
  Data Path Delay:        7.066ns  (logic 1.724ns (24.400%)  route 5.342ns (75.600%))
  Logic Levels:           2  (IBUF=1 LUT2=1)
  Clock Path Skew:        -1.689ns (DCD - SCD + CPR)
    Destination Clock Delay (DCD):    -1.689ns
    Source Clock Delay      (SCD):    0.000ns
    Clock Pessimism Removal (CPR):    0.000ns
  Clock Uncertainty:      0.664ns  ((TSJ^2 + DJ^2)^1/2) / 2 + PE
    Total System Jitter     (TSJ):    0.050ns
    Discrete Jitter          (DJ):    0.631ns
    Phase Error              (PE):    0.347ns

    Location             Delay type                Incr(ns)  Path(ns)    Netlist Resource(s)
  -------------------------------------------------------------------    -------------------
    W14                                               0.000     0.000 r  signal_in_1 (IN)
                         net (fo=0)                   0.000     0.000    signal_in_1
    W14                  IBUF (Prop_ibuf_I_O)         1.600     1.600 r  signal_in_1_IBUF_inst/O
                         net (fo=2, routed)           3.699     5.299    design_1_i/eFPGA_AXI_LM393_driv_1/U0/eFPGA_AXI_LM393_driver_slave_lite_v1_0_S00_AXI_inst/speedsensor_instance/signal_in
    SLICE_X42Y108        LUT2 (Prop_lut2_I0_O)        0.124     5.423 r  design_1_i/eFPGA_AXI_LM393_driv_1/U0/eFPGA_AXI_LM393_driver_slave_lite_v1_0_S00_AXI_inst/speedsensor_instance/counter[31]_i_1/O
                         net (fo=65, routed)          1.643     7.066    design_1_i/eFPGA_AXI_LM393_driv_1/U0/eFPGA_AXI_LM393_driver_slave_lite_v1_0_S00_AXI_inst/speedsensor_instance/result0
    SLICE_X41Y99         FDRE                                         r  design_1_i/eFPGA_AXI_LM393_driv_1/U0/eFPGA_AXI_LM393_driver_slave_lite_v1_0_S00_AXI_inst/speedsensor_instance/result_reg[0]/CE
  -------------------------------------------------------------------    -------------------

                         (clock clk_out2_design_1_clk_wiz_0_0 rise edge)
                                                      0.000     0.000 r  
    H16                                               0.000     0.000 r  clk_in1_0 (IN)
                         net (fo=0)                   0.000     0.000    design_1_i/clk_wiz_0/inst/clk_in1
    H16                  IBUF (Prop_ibuf_I_O)         1.380     1.380 r  design_1_i/clk_wiz_0/inst/clkin1_ibufg/O
                         net (fo=1, routed)           1.162     2.542    design_1_i/clk_wiz_0/inst/clk_in1_design_1_clk_wiz_0_0
    MMCME2_ADV_X1Y2      MMCME2_ADV (Prop_mmcme2_adv_CLKIN1_CLKOUT1)
                                                     -7.814    -5.272 r  design_1_i/clk_wiz_0/inst/mmcm_adv_inst/CLKOUT1
                         net (fo=1, routed)           2.012    -3.260    design_1_i/clk_wiz_0/inst/clk_out2_design_1_clk_wiz_0_0
    BUFGCTRL_X0Y18       BUFG (Prop_bufg_I_O)         0.091    -3.169 r  design_1_i/clk_wiz_0/inst/clkout2_buf/O
                         net (fo=66, routed)          1.480    -1.689    design_1_i/eFPGA_AXI_LM393_driv_1/U0/eFPGA_AXI_LM393_driver_slave_lite_v1_0_S00_AXI_inst/speedsensor_instance/clk
    SLICE_X41Y99         FDRE                                         r  design_1_i/eFPGA_AXI_LM393_driv_1/U0/eFPGA_AXI_LM393_driver_slave_lite_v1_0_S00_AXI_inst/speedsensor_instance/result_reg[0]/C

Slack:                    inf
  Source:                 signal_in_1
                            (input port)
  Destination:            design_1_i/eFPGA_AXI_LM393_driv_1/U0/eFPGA_AXI_LM393_driver_slave_lite_v1_0_S00_AXI_inst/speedsensor_instance/result_reg[5]/CE
                            (rising edge-triggered cell FDRE clocked by clk_out2_design_1_clk_wiz_0_0  {rise@0.000ns fall@100.000ns period=200.000ns})
  Path Group:             (none)
  Path Type:              Setup (Max at Slow Process Corner)
  Data Path Delay:        7.066ns  (logic 1.724ns (24.400%)  route 5.342ns (75.600%))
  Logic Levels:           2  (IBUF=1 LUT2=1)
  Clock Path Skew:        -1.689ns (DCD - SCD + CPR)
    Destination Clock Delay (DCD):    -1.689ns
    Source Clock Delay      (SCD):    0.000ns
    Clock Pessimism Removal (CPR):    0.000ns
  Clock Uncertainty:      0.664ns  ((TSJ^2 + DJ^2)^1/2) / 2 + PE
    Total System Jitter     (TSJ):    0.050ns
    Discrete Jitter          (DJ):    0.631ns
    Phase Error              (PE):    0.347ns

    Location             Delay type                Incr(ns)  Path(ns)    Netlist Resource(s)
  -------------------------------------------------------------------    -------------------
    W14                                               0.000     0.000 r  signal_in_1 (IN)
                         net (fo=0)                   0.000     0.000    signal_in_1
    W14                  IBUF (Prop_ibuf_I_O)         1.600     1.600 r  signal_in_1_IBUF_inst/O
                         net (fo=2, routed)           3.699     5.299    design_1_i/eFPGA_AXI_LM393_driv_1/U0/eFPGA_AXI_LM393_driver_slave_lite_v1_0_S00_AXI_inst/speedsensor_instance/signal_in
    SLICE_X42Y108        LUT2 (Prop_lut2_I0_O)        0.124     5.423 r  design_1_i/eFPGA_AXI_LM393_driv_1/U0/eFPGA_AXI_LM393_driver_slave_lite_v1_0_S00_AXI_inst/speedsensor_instance/counter[31]_i_1/O
                         net (fo=65, routed)          1.643     7.066    design_1_i/eFPGA_AXI_LM393_driv_1/U0/eFPGA_AXI_LM393_driver_slave_lite_v1_0_S00_AXI_inst/speedsensor_instance/result0
    SLICE_X41Y99         FDRE                                         r  design_1_i/eFPGA_AXI_LM393_driv_1/U0/eFPGA_AXI_LM393_driver_slave_lite_v1_0_S00_AXI_inst/speedsensor_instance/result_reg[5]/CE
  -------------------------------------------------------------------    -------------------

                         (clock clk_out2_design_1_clk_wiz_0_0 rise edge)
                                                      0.000     0.000 r  
    H16                                               0.000     0.000 r  clk_in1_0 (IN)
                         net (fo=0)                   0.000     0.000    design_1_i/clk_wiz_0/inst/clk_in1
    H16                  IBUF (Prop_ibuf_I_O)         1.380     1.380 r  design_1_i/clk_wiz_0/inst/clkin1_ibufg/O
                         net (fo=1, routed)           1.162     2.542    design_1_i/clk_wiz_0/inst/clk_in1_design_1_clk_wiz_0_0
    MMCME2_ADV_X1Y2      MMCME2_ADV (Prop_mmcme2_adv_CLKIN1_CLKOUT1)
                                                     -7.814    -5.272 r  design_1_i/clk_wiz_0/inst/mmcm_adv_inst/CLKOUT1
                         net (fo=1, routed)           2.012    -3.260    design_1_i/clk_wiz_0/inst/clk_out2_design_1_clk_wiz_0_0
    BUFGCTRL_X0Y18       BUFG (Prop_bufg_I_O)         0.091    -3.169 r  design_1_i/clk_wiz_0/inst/clkout2_buf/O
                         net (fo=66, routed)          1.480    -1.689    design_1_i/eFPGA_AXI_LM393_driv_1/U0/eFPGA_AXI_LM393_driver_slave_lite_v1_0_S00_AXI_inst/speedsensor_instance/clk
    SLICE_X41Y99         FDRE                                         r  design_1_i/eFPGA_AXI_LM393_driv_1/U0/eFPGA_AXI_LM393_driver_slave_lite_v1_0_S00_AXI_inst/speedsensor_instance/result_reg[5]/C

Slack:                    inf
  Source:                 signal_in_1
                            (input port)
  Destination:            design_1_i/eFPGA_AXI_LM393_driv_1/U0/eFPGA_AXI_LM393_driver_slave_lite_v1_0_S00_AXI_inst/speedsensor_instance/result_reg[6]/CE
                            (rising edge-triggered cell FDRE clocked by clk_out2_design_1_clk_wiz_0_0  {rise@0.000ns fall@100.000ns period=200.000ns})
  Path Group:             (none)
  Path Type:              Setup (Max at Slow Process Corner)
  Data Path Delay:        7.066ns  (logic 1.724ns (24.400%)  route 5.342ns (75.600%))
  Logic Levels:           2  (IBUF=1 LUT2=1)
  Clock Path Skew:        -1.689ns (DCD - SCD + CPR)
    Destination Clock Delay (DCD):    -1.689ns
    Source Clock Delay      (SCD):    0.000ns
    Clock Pessimism Removal (CPR):    0.000ns
  Clock Uncertainty:      0.664ns  ((TSJ^2 + DJ^2)^1/2) / 2 + PE
    Total System Jitter     (TSJ):    0.050ns
    Discrete Jitter          (DJ):    0.631ns
    Phase Error              (PE):    0.347ns

    Location             Delay type                Incr(ns)  Path(ns)    Netlist Resource(s)
  -------------------------------------------------------------------    -------------------
    W14                                               0.000     0.000 r  signal_in_1 (IN)
                         net (fo=0)                   0.000     0.000    signal_in_1
    W14                  IBUF (Prop_ibuf_I_O)         1.600     1.600 r  signal_in_1_IBUF_inst/O
                         net (fo=2, routed)           3.699     5.299    design_1_i/eFPGA_AXI_LM393_driv_1/U0/eFPGA_AXI_LM393_driver_slave_lite_v1_0_S00_AXI_inst/speedsensor_instance/signal_in
    SLICE_X42Y108        LUT2 (Prop_lut2_I0_O)        0.124     5.423 r  design_1_i/eFPGA_AXI_LM393_driv_1/U0/eFPGA_AXI_LM393_driver_slave_lite_v1_0_S00_AXI_inst/speedsensor_instance/counter[31]_i_1/O
                         net (fo=65, routed)          1.643     7.066    design_1_i/eFPGA_AXI_LM393_driv_1/U0/eFPGA_AXI_LM393_driver_slave_lite_v1_0_S00_AXI_inst/speedsensor_instance/result0
    SLICE_X41Y99         FDRE                                         r  design_1_i/eFPGA_AXI_LM393_driv_1/U0/eFPGA_AXI_LM393_driver_slave_lite_v1_0_S00_AXI_inst/speedsensor_instance/result_reg[6]/CE
  -------------------------------------------------------------------    -------------------

                         (clock clk_out2_design_1_clk_wiz_0_0 rise edge)
                                                      0.000     0.000 r  
    H16                                               0.000     0.000 r  clk_in1_0 (IN)
                         net (fo=0)                   0.000     0.000    design_1_i/clk_wiz_0/inst/clk_in1
    H16                  IBUF (Prop_ibuf_I_O)         1.380     1.380 r  design_1_i/clk_wiz_0/inst/clkin1_ibufg/O
                         net (fo=1, routed)           1.162     2.542    design_1_i/clk_wiz_0/inst/clk_in1_design_1_clk_wiz_0_0
    MMCME2_ADV_X1Y2      MMCME2_ADV (Prop_mmcme2_adv_CLKIN1_CLKOUT1)
                                                     -7.814    -5.272 r  design_1_i/clk_wiz_0/inst/mmcm_adv_inst/CLKOUT1
                         net (fo=1, routed)           2.012    -3.260    design_1_i/clk_wiz_0/inst/clk_out2_design_1_clk_wiz_0_0
    BUFGCTRL_X0Y18       BUFG (Prop_bufg_I_O)         0.091    -3.169 r  design_1_i/clk_wiz_0/inst/clkout2_buf/O
                         net (fo=66, routed)          1.480    -1.689    design_1_i/eFPGA_AXI_LM393_driv_1/U0/eFPGA_AXI_LM393_driver_slave_lite_v1_0_S00_AXI_inst/speedsensor_instance/clk
    SLICE_X41Y99         FDRE                                         r  design_1_i/eFPGA_AXI_LM393_driv_1/U0/eFPGA_AXI_LM393_driver_slave_lite_v1_0_S00_AXI_inst/speedsensor_instance/result_reg[6]/C

Slack:                    inf
  Source:                 signal_in_1
                            (input port)
  Destination:            design_1_i/eFPGA_AXI_LM393_driv_1/U0/eFPGA_AXI_LM393_driver_slave_lite_v1_0_S00_AXI_inst/speedsensor_instance/result_reg[2]/CE
                            (rising edge-triggered cell FDRE clocked by clk_out2_design_1_clk_wiz_0_0  {rise@0.000ns fall@100.000ns period=200.000ns})
  Path Group:             (none)
  Path Type:              Setup (Max at Slow Process Corner)
  Data Path Delay:        7.044ns  (logic 1.724ns (24.477%)  route 5.320ns (75.523%))
  Logic Levels:           2  (IBUF=1 LUT2=1)
  Clock Path Skew:        -1.690ns (DCD - SCD + CPR)
    Destination Clock Delay (DCD):    -1.690ns
    Source Clock Delay      (SCD):    0.000ns
    Clock Pessimism Removal (CPR):    0.000ns
  Clock Uncertainty:      0.664ns  ((TSJ^2 + DJ^2)^1/2) / 2 + PE
    Total System Jitter     (TSJ):    0.050ns
    Discrete Jitter          (DJ):    0.631ns
    Phase Error              (PE):    0.347ns

    Location             Delay type                Incr(ns)  Path(ns)    Netlist Resource(s)
  -------------------------------------------------------------------    -------------------
    W14                                               0.000     0.000 r  signal_in_1 (IN)
                         net (fo=0)                   0.000     0.000    signal_in_1
    W14                  IBUF (Prop_ibuf_I_O)         1.600     1.600 r  signal_in_1_IBUF_inst/O
                         net (fo=2, routed)           3.699     5.299    design_1_i/eFPGA_AXI_LM393_driv_1/U0/eFPGA_AXI_LM393_driver_slave_lite_v1_0_S00_AXI_inst/speedsensor_instance/signal_in
    SLICE_X42Y108        LUT2 (Prop_lut2_I0_O)        0.124     5.423 r  design_1_i/eFPGA_AXI_LM393_driv_1/U0/eFPGA_AXI_LM393_driver_slave_lite_v1_0_S00_AXI_inst/speedsensor_instance/counter[31]_i_1/O
                         net (fo=65, routed)          1.621     7.044    design_1_i/eFPGA_AXI_LM393_driv_1/U0/eFPGA_AXI_LM393_driver_slave_lite_v1_0_S00_AXI_inst/speedsensor_instance/result0
    SLICE_X45Y98         FDRE                                         r  design_1_i/eFPGA_AXI_LM393_driv_1/U0/eFPGA_AXI_LM393_driver_slave_lite_v1_0_S00_AXI_inst/speedsensor_instance/result_reg[2]/CE
  -------------------------------------------------------------------    -------------------

                         (clock clk_out2_design_1_clk_wiz_0_0 rise edge)
                                                      0.000     0.000 r  
    H16                                               0.000     0.000 r  clk_in1_0 (IN)
                         net (fo=0)                   0.000     0.000    design_1_i/clk_wiz_0/inst/clk_in1
    H16                  IBUF (Prop_ibuf_I_O)         1.380     1.380 r  design_1_i/clk_wiz_0/inst/clkin1_ibufg/O
                         net (fo=1, routed)           1.162     2.542    design_1_i/clk_wiz_0/inst/clk_in1_design_1_clk_wiz_0_0
    MMCME2_ADV_X1Y2      MMCME2_ADV (Prop_mmcme2_adv_CLKIN1_CLKOUT1)
                                                     -7.814    -5.272 r  design_1_i/clk_wiz_0/inst/mmcm_adv_inst/CLKOUT1
                         net (fo=1, routed)           2.012    -3.260    design_1_i/clk_wiz_0/inst/clk_out2_design_1_clk_wiz_0_0
    BUFGCTRL_X0Y18       BUFG (Prop_bufg_I_O)         0.091    -3.169 r  design_1_i/clk_wiz_0/inst/clkout2_buf/O
                         net (fo=66, routed)          1.479    -1.690    design_1_i/eFPGA_AXI_LM393_driv_1/U0/eFPGA_AXI_LM393_driver_slave_lite_v1_0_S00_AXI_inst/speedsensor_instance/clk
    SLICE_X45Y98         FDRE                                         r  design_1_i/eFPGA_AXI_LM393_driv_1/U0/eFPGA_AXI_LM393_driver_slave_lite_v1_0_S00_AXI_inst/speedsensor_instance/result_reg[2]/C

Slack:                    inf
  Source:                 signal_in_1
                            (input port)
  Destination:            design_1_i/eFPGA_AXI_LM393_driv_1/U0/eFPGA_AXI_LM393_driver_slave_lite_v1_0_S00_AXI_inst/speedsensor_instance/result_reg[7]/CE
                            (rising edge-triggered cell FDRE clocked by clk_out2_design_1_clk_wiz_0_0  {rise@0.000ns fall@100.000ns period=200.000ns})
  Path Group:             (none)
  Path Type:              Setup (Max at Slow Process Corner)
  Data Path Delay:        7.044ns  (logic 1.724ns (24.477%)  route 5.320ns (75.523%))
  Logic Levels:           2  (IBUF=1 LUT2=1)
  Clock Path Skew:        -1.690ns (DCD - SCD + CPR)
    Destination Clock Delay (DCD):    -1.690ns
    Source Clock Delay      (SCD):    0.000ns
    Clock Pessimism Removal (CPR):    0.000ns
  Clock Uncertainty:      0.664ns  ((TSJ^2 + DJ^2)^1/2) / 2 + PE
    Total System Jitter     (TSJ):    0.050ns
    Discrete Jitter          (DJ):    0.631ns
    Phase Error              (PE):    0.347ns

    Location             Delay type                Incr(ns)  Path(ns)    Netlist Resource(s)
  -------------------------------------------------------------------    -------------------
    W14                                               0.000     0.000 r  signal_in_1 (IN)
                         net (fo=0)                   0.000     0.000    signal_in_1
    W14                  IBUF (Prop_ibuf_I_O)         1.600     1.600 r  signal_in_1_IBUF_inst/O
                         net (fo=2, routed)           3.699     5.299    design_1_i/eFPGA_AXI_LM393_driv_1/U0/eFPGA_AXI_LM393_driver_slave_lite_v1_0_S00_AXI_inst/speedsensor_instance/signal_in
    SLICE_X42Y108        LUT2 (Prop_lut2_I0_O)        0.124     5.423 r  design_1_i/eFPGA_AXI_LM393_driv_1/U0/eFPGA_AXI_LM393_driver_slave_lite_v1_0_S00_AXI_inst/speedsensor_instance/counter[31]_i_1/O
                         net (fo=65, routed)          1.621     7.044    design_1_i/eFPGA_AXI_LM393_driv_1/U0/eFPGA_AXI_LM393_driver_slave_lite_v1_0_S00_AXI_inst/speedsensor_instance/result0
    SLICE_X45Y98         FDRE                                         r  design_1_i/eFPGA_AXI_LM393_driv_1/U0/eFPGA_AXI_LM393_driver_slave_lite_v1_0_S00_AXI_inst/speedsensor_instance/result_reg[7]/CE
  -------------------------------------------------------------------    -------------------

                         (clock clk_out2_design_1_clk_wiz_0_0 rise edge)
                                                      0.000     0.000 r  
    H16                                               0.000     0.000 r  clk_in1_0 (IN)
                         net (fo=0)                   0.000     0.000    design_1_i/clk_wiz_0/inst/clk_in1
    H16                  IBUF (Prop_ibuf_I_O)         1.380     1.380 r  design_1_i/clk_wiz_0/inst/clkin1_ibufg/O
                         net (fo=1, routed)           1.162     2.542    design_1_i/clk_wiz_0/inst/clk_in1_design_1_clk_wiz_0_0
    MMCME2_ADV_X1Y2      MMCME2_ADV (Prop_mmcme2_adv_CLKIN1_CLKOUT1)
                                                     -7.814    -5.272 r  design_1_i/clk_wiz_0/inst/mmcm_adv_inst/CLKOUT1
                         net (fo=1, routed)           2.012    -3.260    design_1_i/clk_wiz_0/inst/clk_out2_design_1_clk_wiz_0_0
    BUFGCTRL_X0Y18       BUFG (Prop_bufg_I_O)         0.091    -3.169 r  design_1_i/clk_wiz_0/inst/clkout2_buf/O
                         net (fo=66, routed)          1.479    -1.690    design_1_i/eFPGA_AXI_LM393_driv_1/U0/eFPGA_AXI_LM393_driver_slave_lite_v1_0_S00_AXI_inst/speedsensor_instance/clk
    SLICE_X45Y98         FDRE                                         r  design_1_i/eFPGA_AXI_LM393_driv_1/U0/eFPGA_AXI_LM393_driver_slave_lite_v1_0_S00_AXI_inst/speedsensor_instance/result_reg[7]/C

Slack:                    inf
  Source:                 signal_in_1
                            (input port)
  Destination:            design_1_i/eFPGA_AXI_LM393_driv_1/U0/eFPGA_AXI_LM393_driver_slave_lite_v1_0_S00_AXI_inst/speedsensor_instance/counter_reg[1]/R
                            (rising edge-triggered cell FDRE clocked by clk_out2_design_1_clk_wiz_0_0  {rise@0.000ns fall@100.000ns period=200.000ns})
  Path Group:             (none)
  Path Type:              Setup (Max at Slow Process Corner)
  Data Path Delay:        6.913ns  (logic 1.724ns (24.942%)  route 5.188ns (75.058%))
  Logic Levels:           2  (IBUF=1 LUT2=1)
  Clock Path Skew:        -1.515ns (DCD - SCD + CPR)
    Destination Clock Delay (DCD):    -1.515ns
    Source Clock Delay      (SCD):    0.000ns
    Clock Pessimism Removal (CPR):    0.000ns
  Clock Uncertainty:      0.664ns  ((TSJ^2 + DJ^2)^1/2) / 2 + PE
    Total System Jitter     (TSJ):    0.050ns
    Discrete Jitter          (DJ):    0.631ns
    Phase Error              (PE):    0.347ns

    Location             Delay type                Incr(ns)  Path(ns)    Netlist Resource(s)
  -------------------------------------------------------------------    -------------------
    W14                                               0.000     0.000 r  signal_in_1 (IN)
                         net (fo=0)                   0.000     0.000    signal_in_1
    W14                  IBUF (Prop_ibuf_I_O)         1.600     1.600 r  signal_in_1_IBUF_inst/O
                         net (fo=2, routed)           3.699     5.299    design_1_i/eFPGA_AXI_LM393_driv_1/U0/eFPGA_AXI_LM393_driver_slave_lite_v1_0_S00_AXI_inst/speedsensor_instance/signal_in
    SLICE_X42Y108        LUT2 (Prop_lut2_I0_O)        0.124     5.423 r  design_1_i/eFPGA_AXI_LM393_driv_1/U0/eFPGA_AXI_LM393_driver_slave_lite_v1_0_S00_AXI_inst/speedsensor_instance/counter[31]_i_1/O
                         net (fo=65, routed)          1.489     6.913    design_1_i/eFPGA_AXI_LM393_driv_1/U0/eFPGA_AXI_LM393_driver_slave_lite_v1_0_S00_AXI_inst/speedsensor_instance/result0
    SLICE_X40Y101        FDRE                                         r  design_1_i/eFPGA_AXI_LM393_driv_1/U0/eFPGA_AXI_LM393_driver_slave_lite_v1_0_S00_AXI_inst/speedsensor_instance/counter_reg[1]/R
  -------------------------------------------------------------------    -------------------

                         (clock clk_out2_design_1_clk_wiz_0_0 rise edge)
                                                      0.000     0.000 r  
    H16                                               0.000     0.000 r  clk_in1_0 (IN)
                         net (fo=0)                   0.000     0.000    design_1_i/clk_wiz_0/inst/clk_in1
    H16                  IBUF (Prop_ibuf_I_O)         1.380     1.380 r  design_1_i/clk_wiz_0/inst/clkin1_ibufg/O
                         net (fo=1, routed)           1.162     2.542    design_1_i/clk_wiz_0/inst/clk_in1_design_1_clk_wiz_0_0
    MMCME2_ADV_X1Y2      MMCME2_ADV (Prop_mmcme2_adv_CLKIN1_CLKOUT1)
                                                     -7.814    -5.272 r  design_1_i/clk_wiz_0/inst/mmcm_adv_inst/CLKOUT1
                         net (fo=1, routed)           2.012    -3.260    design_1_i/clk_wiz_0/inst/clk_out2_design_1_clk_wiz_0_0
    BUFGCTRL_X0Y18       BUFG (Prop_bufg_I_O)         0.091    -3.169 r  design_1_i/clk_wiz_0/inst/clkout2_buf/O
                         net (fo=66, routed)          1.654    -1.515    design_1_i/eFPGA_AXI_LM393_driv_1/U0/eFPGA_AXI_LM393_driver_slave_lite_v1_0_S00_AXI_inst/speedsensor_instance/clk
    SLICE_X40Y101        FDRE                                         r  design_1_i/eFPGA_AXI_LM393_driv_1/U0/eFPGA_AXI_LM393_driver_slave_lite_v1_0_S00_AXI_inst/speedsensor_instance/counter_reg[1]/C

Slack:                    inf
  Source:                 signal_in_1
                            (input port)
  Destination:            design_1_i/eFPGA_AXI_LM393_driv_1/U0/eFPGA_AXI_LM393_driver_slave_lite_v1_0_S00_AXI_inst/speedsensor_instance/counter_reg[5]/R
                            (rising edge-triggered cell FDRE clocked by clk_out2_design_1_clk_wiz_0_0  {rise@0.000ns fall@100.000ns period=200.000ns})
  Path Group:             (none)
  Path Type:              Setup (Max at Slow Process Corner)
  Data Path Delay:        6.913ns  (logic 1.724ns (24.942%)  route 5.188ns (75.058%))
  Logic Levels:           2  (IBUF=1 LUT2=1)
  Clock Path Skew:        -1.515ns (DCD - SCD + CPR)
    Destination Clock Delay (DCD):    -1.515ns
    Source Clock Delay      (SCD):    0.000ns
    Clock Pessimism Removal (CPR):    0.000ns
  Clock Uncertainty:      0.664ns  ((TSJ^2 + DJ^2)^1/2) / 2 + PE
    Total System Jitter     (TSJ):    0.050ns
    Discrete Jitter          (DJ):    0.631ns
    Phase Error              (PE):    0.347ns

    Location             Delay type                Incr(ns)  Path(ns)    Netlist Resource(s)
  -------------------------------------------------------------------    -------------------
    W14                                               0.000     0.000 r  signal_in_1 (IN)
                         net (fo=0)                   0.000     0.000    signal_in_1
    W14                  IBUF (Prop_ibuf_I_O)         1.600     1.600 r  signal_in_1_IBUF_inst/O
                         net (fo=2, routed)           3.699     5.299    design_1_i/eFPGA_AXI_LM393_driv_1/U0/eFPGA_AXI_LM393_driver_slave_lite_v1_0_S00_AXI_inst/speedsensor_instance/signal_in
    SLICE_X42Y108        LUT2 (Prop_lut2_I0_O)        0.124     5.423 r  design_1_i/eFPGA_AXI_LM393_driv_1/U0/eFPGA_AXI_LM393_driver_slave_lite_v1_0_S00_AXI_inst/speedsensor_instance/counter[31]_i_1/O
                         net (fo=65, routed)          1.489     6.913    design_1_i/eFPGA_AXI_LM393_driv_1/U0/eFPGA_AXI_LM393_driver_slave_lite_v1_0_S00_AXI_inst/speedsensor_instance/result0
    SLICE_X40Y101        FDRE                                         r  design_1_i/eFPGA_AXI_LM393_driv_1/U0/eFPGA_AXI_LM393_driver_slave_lite_v1_0_S00_AXI_inst/speedsensor_instance/counter_reg[5]/R
  -------------------------------------------------------------------    -------------------

                         (clock clk_out2_design_1_clk_wiz_0_0 rise edge)
                                                      0.000     0.000 r  
    H16                                               0.000     0.000 r  clk_in1_0 (IN)
                         net (fo=0)                   0.000     0.000    design_1_i/clk_wiz_0/inst/clk_in1
    H16                  IBUF (Prop_ibuf_I_O)         1.380     1.380 r  design_1_i/clk_wiz_0/inst/clkin1_ibufg/O
                         net (fo=1, routed)           1.162     2.542    design_1_i/clk_wiz_0/inst/clk_in1_design_1_clk_wiz_0_0
    MMCME2_ADV_X1Y2      MMCME2_ADV (Prop_mmcme2_adv_CLKIN1_CLKOUT1)
                                                     -7.814    -5.272 r  design_1_i/clk_wiz_0/inst/mmcm_adv_inst/CLKOUT1
                         net (fo=1, routed)           2.012    -3.260    design_1_i/clk_wiz_0/inst/clk_out2_design_1_clk_wiz_0_0
    BUFGCTRL_X0Y18       BUFG (Prop_bufg_I_O)         0.091    -3.169 r  design_1_i/clk_wiz_0/inst/clkout2_buf/O
                         net (fo=66, routed)          1.654    -1.515    design_1_i/eFPGA_AXI_LM393_driv_1/U0/eFPGA_AXI_LM393_driver_slave_lite_v1_0_S00_AXI_inst/speedsensor_instance/clk
    SLICE_X40Y101        FDRE                                         r  design_1_i/eFPGA_AXI_LM393_driv_1/U0/eFPGA_AXI_LM393_driver_slave_lite_v1_0_S00_AXI_inst/speedsensor_instance/counter_reg[5]/C

Slack:                    inf
  Source:                 signal_in_1
                            (input port)
  Destination:            design_1_i/eFPGA_AXI_LM393_driv_1/U0/eFPGA_AXI_LM393_driver_slave_lite_v1_0_S00_AXI_inst/speedsensor_instance/counter_reg[6]/R
                            (rising edge-triggered cell FDRE clocked by clk_out2_design_1_clk_wiz_0_0  {rise@0.000ns fall@100.000ns period=200.000ns})
  Path Group:             (none)
  Path Type:              Setup (Max at Slow Process Corner)
  Data Path Delay:        6.913ns  (logic 1.724ns (24.942%)  route 5.188ns (75.058%))
  Logic Levels:           2  (IBUF=1 LUT2=1)
  Clock Path Skew:        -1.515ns (DCD - SCD + CPR)
    Destination Clock Delay (DCD):    -1.515ns
    Source Clock Delay      (SCD):    0.000ns
    Clock Pessimism Removal (CPR):    0.000ns
  Clock Uncertainty:      0.664ns  ((TSJ^2 + DJ^2)^1/2) / 2 + PE
    Total System Jitter     (TSJ):    0.050ns
    Discrete Jitter          (DJ):    0.631ns
    Phase Error              (PE):    0.347ns

    Location             Delay type                Incr(ns)  Path(ns)    Netlist Resource(s)
  -------------------------------------------------------------------    -------------------
    W14                                               0.000     0.000 r  signal_in_1 (IN)
                         net (fo=0)                   0.000     0.000    signal_in_1
    W14                  IBUF (Prop_ibuf_I_O)         1.600     1.600 r  signal_in_1_IBUF_inst/O
                         net (fo=2, routed)           3.699     5.299    design_1_i/eFPGA_AXI_LM393_driv_1/U0/eFPGA_AXI_LM393_driver_slave_lite_v1_0_S00_AXI_inst/speedsensor_instance/signal_in
    SLICE_X42Y108        LUT2 (Prop_lut2_I0_O)        0.124     5.423 r  design_1_i/eFPGA_AXI_LM393_driv_1/U0/eFPGA_AXI_LM393_driver_slave_lite_v1_0_S00_AXI_inst/speedsensor_instance/counter[31]_i_1/O
                         net (fo=65, routed)          1.489     6.913    design_1_i/eFPGA_AXI_LM393_driv_1/U0/eFPGA_AXI_LM393_driver_slave_lite_v1_0_S00_AXI_inst/speedsensor_instance/result0
    SLICE_X40Y101        FDRE                                         r  design_1_i/eFPGA_AXI_LM393_driv_1/U0/eFPGA_AXI_LM393_driver_slave_lite_v1_0_S00_AXI_inst/speedsensor_instance/counter_reg[6]/R
  -------------------------------------------------------------------    -------------------

                         (clock clk_out2_design_1_clk_wiz_0_0 rise edge)
                                                      0.000     0.000 r  
    H16                                               0.000     0.000 r  clk_in1_0 (IN)
                         net (fo=0)                   0.000     0.000    design_1_i/clk_wiz_0/inst/clk_in1
    H16                  IBUF (Prop_ibuf_I_O)         1.380     1.380 r  design_1_i/clk_wiz_0/inst/clkin1_ibufg/O
                         net (fo=1, routed)           1.162     2.542    design_1_i/clk_wiz_0/inst/clk_in1_design_1_clk_wiz_0_0
    MMCME2_ADV_X1Y2      MMCME2_ADV (Prop_mmcme2_adv_CLKIN1_CLKOUT1)
                                                     -7.814    -5.272 r  design_1_i/clk_wiz_0/inst/mmcm_adv_inst/CLKOUT1
                         net (fo=1, routed)           2.012    -3.260    design_1_i/clk_wiz_0/inst/clk_out2_design_1_clk_wiz_0_0
    BUFGCTRL_X0Y18       BUFG (Prop_bufg_I_O)         0.091    -3.169 r  design_1_i/clk_wiz_0/inst/clkout2_buf/O
                         net (fo=66, routed)          1.654    -1.515    design_1_i/eFPGA_AXI_LM393_driv_1/U0/eFPGA_AXI_LM393_driver_slave_lite_v1_0_S00_AXI_inst/speedsensor_instance/clk
    SLICE_X40Y101        FDRE                                         r  design_1_i/eFPGA_AXI_LM393_driv_1/U0/eFPGA_AXI_LM393_driver_slave_lite_v1_0_S00_AXI_inst/speedsensor_instance/counter_reg[6]/C





Min Delay Paths
--------------------------------------------------------------------------------------
Slack:                    inf
  Source:                 signal_in_1
                            (input port)
  Destination:            design_1_i/eFPGA_AXI_LM393_driv_1/U0/eFPGA_AXI_LM393_driver_slave_lite_v1_0_S00_AXI_inst/speedsensor_instance/signal_reg_reg/D
                            (rising edge-triggered cell FDRE clocked by clk_out2_design_1_clk_wiz_0_0  {rise@0.000ns fall@100.000ns period=200.000ns})
  Path Group:             (none)
  Path Type:              Hold (Min at Fast Process Corner)
  Data Path Delay:        1.987ns  (logic 0.367ns (18.459%)  route 1.620ns (81.541%))
  Logic Levels:           1  (IBUF=1)
  Clock Path Skew:        -0.831ns (DCD - SCD - CPR)
    Destination Clock Delay (DCD):    -0.831ns
    Source Clock Delay      (SCD):    0.000ns
    Clock Pessimism Removal (CPR):    -0.000ns

    Location             Delay type                Incr(ns)  Path(ns)    Netlist Resource(s)
  -------------------------------------------------------------------    -------------------
    W14                                               0.000     0.000 r  signal_in_1 (IN)
                         net (fo=0)                   0.000     0.000    signal_in_1
    W14                  IBUF (Prop_ibuf_I_O)         0.367     0.367 r  signal_in_1_IBUF_inst/O
                         net (fo=2, routed)           1.620     1.987    design_1_i/eFPGA_AXI_LM393_driv_1/U0/eFPGA_AXI_LM393_driver_slave_lite_v1_0_S00_AXI_inst/speedsensor_instance/signal_in
    SLICE_X42Y108        FDRE                                         r  design_1_i/eFPGA_AXI_LM393_driv_1/U0/eFPGA_AXI_LM393_driver_slave_lite_v1_0_S00_AXI_inst/speedsensor_instance/signal_reg_reg/D
  -------------------------------------------------------------------    -------------------

                         (clock clk_out2_design_1_clk_wiz_0_0 rise edge)
                                                      0.000     0.000 r  
    H16                                               0.000     0.000 r  clk_in1_0 (IN)
                         net (fo=0)                   0.000     0.000    design_1_i/clk_wiz_0/inst/clk_in1
    H16                  IBUF (Prop_ibuf_I_O)         0.406     0.406 r  design_1_i/clk_wiz_0/inst/clkin1_ibufg/O
                         net (fo=1, routed)           0.480     0.886    design_1_i/clk_wiz_0/inst/clk_in1_design_1_clk_wiz_0_0
    MMCME2_ADV_X1Y2      MMCME2_ADV (Prop_mmcme2_adv_CLKIN1_CLKOUT1)
                                                     -3.407    -2.521 r  design_1_i/clk_wiz_0/inst/mmcm_adv_inst/CLKOUT1
                         net (fo=1, routed)           0.752    -1.769    design_1_i/clk_wiz_0/inst/clk_out2_design_1_clk_wiz_0_0
    BUFGCTRL_X0Y18       BUFG (Prop_bufg_I_O)         0.029    -1.740 r  design_1_i/clk_wiz_0/inst/clkout2_buf/O
                         net (fo=66, routed)          0.909    -0.831    design_1_i/eFPGA_AXI_LM393_driv_1/U0/eFPGA_AXI_LM393_driver_slave_lite_v1_0_S00_AXI_inst/speedsensor_instance/clk
    SLICE_X42Y108        FDRE                                         r  design_1_i/eFPGA_AXI_LM393_driv_1/U0/eFPGA_AXI_LM393_driver_slave_lite_v1_0_S00_AXI_inst/speedsensor_instance/signal_reg_reg/C

Slack:                    inf
  Source:                 signal_in_1
                            (input port)
  Destination:            design_1_i/eFPGA_AXI_LM393_driv_1/U0/eFPGA_AXI_LM393_driver_slave_lite_v1_0_S00_AXI_inst/speedsensor_instance/result_reg[25]/CE
                            (rising edge-triggered cell FDRE clocked by clk_out2_design_1_clk_wiz_0_0  {rise@0.000ns fall@100.000ns period=200.000ns})
  Path Group:             (none)
  Path Type:              Hold (Min at Fast Process Corner)
  Data Path Delay:        2.197ns  (logic 0.412ns (18.743%)  route 1.785ns (81.257%))
  Logic Levels:           2  (IBUF=1 LUT2=1)
  Clock Path Skew:        -0.831ns (DCD - SCD - CPR)
    Destination Clock Delay (DCD):    -0.831ns
    Source Clock Delay      (SCD):    0.000ns
    Clock Pessimism Removal (CPR):    -0.000ns

    Location             Delay type                Incr(ns)  Path(ns)    Netlist Resource(s)
  -------------------------------------------------------------------    -------------------
    W14                                               0.000     0.000 r  signal_in_1 (IN)
                         net (fo=0)                   0.000     0.000    signal_in_1
    W14                  IBUF (Prop_ibuf_I_O)         0.367     0.367 r  signal_in_1_IBUF_inst/O
                         net (fo=2, routed)           1.643     2.010    design_1_i/eFPGA_AXI_LM393_driv_1/U0/eFPGA_AXI_LM393_driver_slave_lite_v1_0_S00_AXI_inst/speedsensor_instance/signal_in
    SLICE_X42Y108        LUT2 (Prop_lut2_I0_O)        0.045     2.055 r  design_1_i/eFPGA_AXI_LM393_driv_1/U0/eFPGA_AXI_LM393_driver_slave_lite_v1_0_S00_AXI_inst/speedsensor_instance/counter[31]_i_1/O
                         net (fo=65, routed)          0.142     2.197    design_1_i/eFPGA_AXI_LM393_driv_1/U0/eFPGA_AXI_LM393_driver_slave_lite_v1_0_S00_AXI_inst/speedsensor_instance/result0
    SLICE_X41Y107        FDRE                                         r  design_1_i/eFPGA_AXI_LM393_driv_1/U0/eFPGA_AXI_LM393_driver_slave_lite_v1_0_S00_AXI_inst/speedsensor_instance/result_reg[25]/CE
  -------------------------------------------------------------------    -------------------

                         (clock clk_out2_design_1_clk_wiz_0_0 rise edge)
                                                      0.000     0.000 r  
    H16                                               0.000     0.000 r  clk_in1_0 (IN)
                         net (fo=0)                   0.000     0.000    design_1_i/clk_wiz_0/inst/clk_in1
    H16                  IBUF (Prop_ibuf_I_O)         0.406     0.406 r  design_1_i/clk_wiz_0/inst/clkin1_ibufg/O
                         net (fo=1, routed)           0.480     0.886    design_1_i/clk_wiz_0/inst/clk_in1_design_1_clk_wiz_0_0
    MMCME2_ADV_X1Y2      MMCME2_ADV (Prop_mmcme2_adv_CLKIN1_CLKOUT1)
                                                     -3.407    -2.521 r  design_1_i/clk_wiz_0/inst/mmcm_adv_inst/CLKOUT1
                         net (fo=1, routed)           0.752    -1.769    design_1_i/clk_wiz_0/inst/clk_out2_design_1_clk_wiz_0_0
    BUFGCTRL_X0Y18       BUFG (Prop_bufg_I_O)         0.029    -1.740 r  design_1_i/clk_wiz_0/inst/clkout2_buf/O
                         net (fo=66, routed)          0.909    -0.831    design_1_i/eFPGA_AXI_LM393_driv_1/U0/eFPGA_AXI_LM393_driver_slave_lite_v1_0_S00_AXI_inst/speedsensor_instance/clk
    SLICE_X41Y107        FDRE                                         r  design_1_i/eFPGA_AXI_LM393_driv_1/U0/eFPGA_AXI_LM393_driver_slave_lite_v1_0_S00_AXI_inst/speedsensor_instance/result_reg[25]/C

Slack:                    inf
  Source:                 signal_in_1
                            (input port)
  Destination:            design_1_i/eFPGA_AXI_LM393_driv_1/U0/eFPGA_AXI_LM393_driver_slave_lite_v1_0_S00_AXI_inst/speedsensor_instance/result_reg[26]/CE
                            (rising edge-triggered cell FDRE clocked by clk_out2_design_1_clk_wiz_0_0  {rise@0.000ns fall@100.000ns period=200.000ns})
  Path Group:             (none)
  Path Type:              Hold (Min at Fast Process Corner)
  Data Path Delay:        2.197ns  (logic 0.412ns (18.743%)  route 1.785ns (81.257%))
  Logic Levels:           2  (IBUF=1 LUT2=1)
  Clock Path Skew:        -0.831ns (DCD - SCD - CPR)
    Destination Clock Delay (DCD):    -0.831ns
    Source Clock Delay      (SCD):    0.000ns
    Clock Pessimism Removal (CPR):    -0.000ns

    Location             Delay type                Incr(ns)  Path(ns)    Netlist Resource(s)
  -------------------------------------------------------------------    -------------------
    W14                                               0.000     0.000 r  signal_in_1 (IN)
                         net (fo=0)                   0.000     0.000    signal_in_1
    W14                  IBUF (Prop_ibuf_I_O)         0.367     0.367 r  signal_in_1_IBUF_inst/O
                         net (fo=2, routed)           1.643     2.010    design_1_i/eFPGA_AXI_LM393_driv_1/U0/eFPGA_AXI_LM393_driver_slave_lite_v1_0_S00_AXI_inst/speedsensor_instance/signal_in
    SLICE_X42Y108        LUT2 (Prop_lut2_I0_O)        0.045     2.055 r  design_1_i/eFPGA_AXI_LM393_driv_1/U0/eFPGA_AXI_LM393_driver_slave_lite_v1_0_S00_AXI_inst/speedsensor_instance/counter[31]_i_1/O
                         net (fo=65, routed)          0.142     2.197    design_1_i/eFPGA_AXI_LM393_driv_1/U0/eFPGA_AXI_LM393_driver_slave_lite_v1_0_S00_AXI_inst/speedsensor_instance/result0
    SLICE_X41Y107        FDRE                                         r  design_1_i/eFPGA_AXI_LM393_driv_1/U0/eFPGA_AXI_LM393_driver_slave_lite_v1_0_S00_AXI_inst/speedsensor_instance/result_reg[26]/CE
  -------------------------------------------------------------------    -------------------

                         (clock clk_out2_design_1_clk_wiz_0_0 rise edge)
                                                      0.000     0.000 r  
    H16                                               0.000     0.000 r  clk_in1_0 (IN)
                         net (fo=0)                   0.000     0.000    design_1_i/clk_wiz_0/inst/clk_in1
    H16                  IBUF (Prop_ibuf_I_O)         0.406     0.406 r  design_1_i/clk_wiz_0/inst/clkin1_ibufg/O
                         net (fo=1, routed)           0.480     0.886    design_1_i/clk_wiz_0/inst/clk_in1_design_1_clk_wiz_0_0
    MMCME2_ADV_X1Y2      MMCME2_ADV (Prop_mmcme2_adv_CLKIN1_CLKOUT1)
                                                     -3.407    -2.521 r  design_1_i/clk_wiz_0/inst/mmcm_adv_inst/CLKOUT1
                         net (fo=1, routed)           0.752    -1.769    design_1_i/clk_wiz_0/inst/clk_out2_design_1_clk_wiz_0_0
    BUFGCTRL_X0Y18       BUFG (Prop_bufg_I_O)         0.029    -1.740 r  design_1_i/clk_wiz_0/inst/clkout2_buf/O
                         net (fo=66, routed)          0.909    -0.831    design_1_i/eFPGA_AXI_LM393_driv_1/U0/eFPGA_AXI_LM393_driver_slave_lite_v1_0_S00_AXI_inst/speedsensor_instance/clk
    SLICE_X41Y107        FDRE                                         r  design_1_i/eFPGA_AXI_LM393_driv_1/U0/eFPGA_AXI_LM393_driver_slave_lite_v1_0_S00_AXI_inst/speedsensor_instance/result_reg[26]/C

Slack:                    inf
  Source:                 signal_in_1
                            (input port)
  Destination:            design_1_i/eFPGA_AXI_LM393_driv_1/U0/eFPGA_AXI_LM393_driver_slave_lite_v1_0_S00_AXI_inst/speedsensor_instance/result_reg[27]/CE
                            (rising edge-triggered cell FDRE clocked by clk_out2_design_1_clk_wiz_0_0  {rise@0.000ns fall@100.000ns period=200.000ns})
  Path Group:             (none)
  Path Type:              Hold (Min at Fast Process Corner)
  Data Path Delay:        2.197ns  (logic 0.412ns (18.743%)  route 1.785ns (81.257%))
  Logic Levels:           2  (IBUF=1 LUT2=1)
  Clock Path Skew:        -0.831ns (DCD - SCD - CPR)
    Destination Clock Delay (DCD):    -0.831ns
    Source Clock Delay      (SCD):    0.000ns
    Clock Pessimism Removal (CPR):    -0.000ns

    Location             Delay type                Incr(ns)  Path(ns)    Netlist Resource(s)
  -------------------------------------------------------------------    -------------------
    W14                                               0.000     0.000 r  signal_in_1 (IN)
                         net (fo=0)                   0.000     0.000    signal_in_1
    W14                  IBUF (Prop_ibuf_I_O)         0.367     0.367 r  signal_in_1_IBUF_inst/O
                         net (fo=2, routed)           1.643     2.010    design_1_i/eFPGA_AXI_LM393_driv_1/U0/eFPGA_AXI_LM393_driver_slave_lite_v1_0_S00_AXI_inst/speedsensor_instance/signal_in
    SLICE_X42Y108        LUT2 (Prop_lut2_I0_O)        0.045     2.055 r  design_1_i/eFPGA_AXI_LM393_driv_1/U0/eFPGA_AXI_LM393_driver_slave_lite_v1_0_S00_AXI_inst/speedsensor_instance/counter[31]_i_1/O
                         net (fo=65, routed)          0.142     2.197    design_1_i/eFPGA_AXI_LM393_driv_1/U0/eFPGA_AXI_LM393_driver_slave_lite_v1_0_S00_AXI_inst/speedsensor_instance/result0
    SLICE_X41Y107        FDRE                                         r  design_1_i/eFPGA_AXI_LM393_driv_1/U0/eFPGA_AXI_LM393_driver_slave_lite_v1_0_S00_AXI_inst/speedsensor_instance/result_reg[27]/CE
  -------------------------------------------------------------------    -------------------

                         (clock clk_out2_design_1_clk_wiz_0_0 rise edge)
                                                      0.000     0.000 r  
    H16                                               0.000     0.000 r  clk_in1_0 (IN)
                         net (fo=0)                   0.000     0.000    design_1_i/clk_wiz_0/inst/clk_in1
    H16                  IBUF (Prop_ibuf_I_O)         0.406     0.406 r  design_1_i/clk_wiz_0/inst/clkin1_ibufg/O
                         net (fo=1, routed)           0.480     0.886    design_1_i/clk_wiz_0/inst/clk_in1_design_1_clk_wiz_0_0
    MMCME2_ADV_X1Y2      MMCME2_ADV (Prop_mmcme2_adv_CLKIN1_CLKOUT1)
                                                     -3.407    -2.521 r  design_1_i/clk_wiz_0/inst/mmcm_adv_inst/CLKOUT1
                         net (fo=1, routed)           0.752    -1.769    design_1_i/clk_wiz_0/inst/clk_out2_design_1_clk_wiz_0_0
    BUFGCTRL_X0Y18       BUFG (Prop_bufg_I_O)         0.029    -1.740 r  design_1_i/clk_wiz_0/inst/clkout2_buf/O
                         net (fo=66, routed)          0.909    -0.831    design_1_i/eFPGA_AXI_LM393_driv_1/U0/eFPGA_AXI_LM393_driver_slave_lite_v1_0_S00_AXI_inst/speedsensor_instance/clk
    SLICE_X41Y107        FDRE                                         r  design_1_i/eFPGA_AXI_LM393_driv_1/U0/eFPGA_AXI_LM393_driver_slave_lite_v1_0_S00_AXI_inst/speedsensor_instance/result_reg[27]/C

Slack:                    inf
  Source:                 signal_in_1
                            (input port)
  Destination:            design_1_i/eFPGA_AXI_LM393_driv_1/U0/eFPGA_AXI_LM393_driver_slave_lite_v1_0_S00_AXI_inst/speedsensor_instance/result_reg[28]/CE
                            (rising edge-triggered cell FDRE clocked by clk_out2_design_1_clk_wiz_0_0  {rise@0.000ns fall@100.000ns period=200.000ns})
  Path Group:             (none)
  Path Type:              Hold (Min at Fast Process Corner)
  Data Path Delay:        2.197ns  (logic 0.412ns (18.743%)  route 1.785ns (81.257%))
  Logic Levels:           2  (IBUF=1 LUT2=1)
  Clock Path Skew:        -0.831ns (DCD - SCD - CPR)
    Destination Clock Delay (DCD):    -0.831ns
    Source Clock Delay      (SCD):    0.000ns
    Clock Pessimism Removal (CPR):    -0.000ns

    Location             Delay type                Incr(ns)  Path(ns)    Netlist Resource(s)
  -------------------------------------------------------------------    -------------------
    W14                                               0.000     0.000 r  signal_in_1 (IN)
                         net (fo=0)                   0.000     0.000    signal_in_1
    W14                  IBUF (Prop_ibuf_I_O)         0.367     0.367 r  signal_in_1_IBUF_inst/O
                         net (fo=2, routed)           1.643     2.010    design_1_i/eFPGA_AXI_LM393_driv_1/U0/eFPGA_AXI_LM393_driver_slave_lite_v1_0_S00_AXI_inst/speedsensor_instance/signal_in
    SLICE_X42Y108        LUT2 (Prop_lut2_I0_O)        0.045     2.055 r  design_1_i/eFPGA_AXI_LM393_driv_1/U0/eFPGA_AXI_LM393_driver_slave_lite_v1_0_S00_AXI_inst/speedsensor_instance/counter[31]_i_1/O
                         net (fo=65, routed)          0.142     2.197    design_1_i/eFPGA_AXI_LM393_driv_1/U0/eFPGA_AXI_LM393_driver_slave_lite_v1_0_S00_AXI_inst/speedsensor_instance/result0
    SLICE_X41Y107        FDRE                                         r  design_1_i/eFPGA_AXI_LM393_driv_1/U0/eFPGA_AXI_LM393_driver_slave_lite_v1_0_S00_AXI_inst/speedsensor_instance/result_reg[28]/CE
  -------------------------------------------------------------------    -------------------

                         (clock clk_out2_design_1_clk_wiz_0_0 rise edge)
                                                      0.000     0.000 r  
    H16                                               0.000     0.000 r  clk_in1_0 (IN)
                         net (fo=0)                   0.000     0.000    design_1_i/clk_wiz_0/inst/clk_in1
    H16                  IBUF (Prop_ibuf_I_O)         0.406     0.406 r  design_1_i/clk_wiz_0/inst/clkin1_ibufg/O
                         net (fo=1, routed)           0.480     0.886    design_1_i/clk_wiz_0/inst/clk_in1_design_1_clk_wiz_0_0
    MMCME2_ADV_X1Y2      MMCME2_ADV (Prop_mmcme2_adv_CLKIN1_CLKOUT1)
                                                     -3.407    -2.521 r  design_1_i/clk_wiz_0/inst/mmcm_adv_inst/CLKOUT1
                         net (fo=1, routed)           0.752    -1.769    design_1_i/clk_wiz_0/inst/clk_out2_design_1_clk_wiz_0_0
    BUFGCTRL_X0Y18       BUFG (Prop_bufg_I_O)         0.029    -1.740 r  design_1_i/clk_wiz_0/inst/clkout2_buf/O
                         net (fo=66, routed)          0.909    -0.831    design_1_i/eFPGA_AXI_LM393_driv_1/U0/eFPGA_AXI_LM393_driver_slave_lite_v1_0_S00_AXI_inst/speedsensor_instance/clk
    SLICE_X41Y107        FDRE                                         r  design_1_i/eFPGA_AXI_LM393_driv_1/U0/eFPGA_AXI_LM393_driver_slave_lite_v1_0_S00_AXI_inst/speedsensor_instance/result_reg[28]/C

Slack:                    inf
  Source:                 signal_in_1
                            (input port)
  Destination:            design_1_i/eFPGA_AXI_LM393_driv_1/U0/eFPGA_AXI_LM393_driver_slave_lite_v1_0_S00_AXI_inst/speedsensor_instance/result_reg[30]/CE
                            (rising edge-triggered cell FDRE clocked by clk_out2_design_1_clk_wiz_0_0  {rise@0.000ns fall@100.000ns period=200.000ns})
  Path Group:             (none)
  Path Type:              Hold (Min at Fast Process Corner)
  Data Path Delay:        2.197ns  (logic 0.412ns (18.743%)  route 1.785ns (81.257%))
  Logic Levels:           2  (IBUF=1 LUT2=1)
  Clock Path Skew:        -0.831ns (DCD - SCD - CPR)
    Destination Clock Delay (DCD):    -0.831ns
    Source Clock Delay      (SCD):    0.000ns
    Clock Pessimism Removal (CPR):    -0.000ns

    Location             Delay type                Incr(ns)  Path(ns)    Netlist Resource(s)
  -------------------------------------------------------------------    -------------------
    W14                                               0.000     0.000 r  signal_in_1 (IN)
                         net (fo=0)                   0.000     0.000    signal_in_1
    W14                  IBUF (Prop_ibuf_I_O)         0.367     0.367 r  signal_in_1_IBUF_inst/O
                         net (fo=2, routed)           1.643     2.010    design_1_i/eFPGA_AXI_LM393_driv_1/U0/eFPGA_AXI_LM393_driver_slave_lite_v1_0_S00_AXI_inst/speedsensor_instance/signal_in
    SLICE_X42Y108        LUT2 (Prop_lut2_I0_O)        0.045     2.055 r  design_1_i/eFPGA_AXI_LM393_driv_1/U0/eFPGA_AXI_LM393_driver_slave_lite_v1_0_S00_AXI_inst/speedsensor_instance/counter[31]_i_1/O
                         net (fo=65, routed)          0.142     2.197    design_1_i/eFPGA_AXI_LM393_driv_1/U0/eFPGA_AXI_LM393_driver_slave_lite_v1_0_S00_AXI_inst/speedsensor_instance/result0
    SLICE_X41Y107        FDRE                                         r  design_1_i/eFPGA_AXI_LM393_driv_1/U0/eFPGA_AXI_LM393_driver_slave_lite_v1_0_S00_AXI_inst/speedsensor_instance/result_reg[30]/CE
  -------------------------------------------------------------------    -------------------

                         (clock clk_out2_design_1_clk_wiz_0_0 rise edge)
                                                      0.000     0.000 r  
    H16                                               0.000     0.000 r  clk_in1_0 (IN)
                         net (fo=0)                   0.000     0.000    design_1_i/clk_wiz_0/inst/clk_in1
    H16                  IBUF (Prop_ibuf_I_O)         0.406     0.406 r  design_1_i/clk_wiz_0/inst/clkin1_ibufg/O
                         net (fo=1, routed)           0.480     0.886    design_1_i/clk_wiz_0/inst/clk_in1_design_1_clk_wiz_0_0
    MMCME2_ADV_X1Y2      MMCME2_ADV (Prop_mmcme2_adv_CLKIN1_CLKOUT1)
                                                     -3.407    -2.521 r  design_1_i/clk_wiz_0/inst/mmcm_adv_inst/CLKOUT1
                         net (fo=1, routed)           0.752    -1.769    design_1_i/clk_wiz_0/inst/clk_out2_design_1_clk_wiz_0_0
    BUFGCTRL_X0Y18       BUFG (Prop_bufg_I_O)         0.029    -1.740 r  design_1_i/clk_wiz_0/inst/clkout2_buf/O
                         net (fo=66, routed)          0.909    -0.831    design_1_i/eFPGA_AXI_LM393_driv_1/U0/eFPGA_AXI_LM393_driver_slave_lite_v1_0_S00_AXI_inst/speedsensor_instance/clk
    SLICE_X41Y107        FDRE                                         r  design_1_i/eFPGA_AXI_LM393_driv_1/U0/eFPGA_AXI_LM393_driver_slave_lite_v1_0_S00_AXI_inst/speedsensor_instance/result_reg[30]/C

Slack:                    inf
  Source:                 signal_in_1
                            (input port)
  Destination:            design_1_i/eFPGA_AXI_LM393_driv_1/U0/eFPGA_AXI_LM393_driver_slave_lite_v1_0_S00_AXI_inst/speedsensor_instance/counter_reg[29]/R
                            (rising edge-triggered cell FDRE clocked by clk_out2_design_1_clk_wiz_0_0  {rise@0.000ns fall@100.000ns period=200.000ns})
  Path Group:             (none)
  Path Type:              Hold (Min at Fast Process Corner)
  Data Path Delay:        2.204ns  (logic 0.412ns (18.683%)  route 1.792ns (81.317%))
  Logic Levels:           2  (IBUF=1 LUT2=1)
  Clock Path Skew:        -0.831ns (DCD - SCD - CPR)
    Destination Clock Delay (DCD):    -0.831ns
    Source Clock Delay      (SCD):    0.000ns
    Clock Pessimism Removal (CPR):    -0.000ns

    Location             Delay type                Incr(ns)  Path(ns)    Netlist Resource(s)
  -------------------------------------------------------------------    -------------------
    W14                                               0.000     0.000 r  signal_in_1 (IN)
                         net (fo=0)                   0.000     0.000    signal_in_1
    W14                  IBUF (Prop_ibuf_I_O)         0.367     0.367 r  signal_in_1_IBUF_inst/O
                         net (fo=2, routed)           1.643     2.010    design_1_i/eFPGA_AXI_LM393_driv_1/U0/eFPGA_AXI_LM393_driver_slave_lite_v1_0_S00_AXI_inst/speedsensor_instance/signal_in
    SLICE_X42Y108        LUT2 (Prop_lut2_I0_O)        0.045     2.055 r  design_1_i/eFPGA_AXI_LM393_driv_1/U0/eFPGA_AXI_LM393_driver_slave_lite_v1_0_S00_AXI_inst/speedsensor_instance/counter[31]_i_1/O
                         net (fo=65, routed)          0.149     2.204    design_1_i/eFPGA_AXI_LM393_driv_1/U0/eFPGA_AXI_LM393_driver_slave_lite_v1_0_S00_AXI_inst/speedsensor_instance/result0
    SLICE_X43Y107        FDRE                                         r  design_1_i/eFPGA_AXI_LM393_driv_1/U0/eFPGA_AXI_LM393_driver_slave_lite_v1_0_S00_AXI_inst/speedsensor_instance/counter_reg[29]/R
  -------------------------------------------------------------------    -------------------

                         (clock clk_out2_design_1_clk_wiz_0_0 rise edge)
                                                      0.000     0.000 r  
    H16                                               0.000     0.000 r  clk_in1_0 (IN)
                         net (fo=0)                   0.000     0.000    design_1_i/clk_wiz_0/inst/clk_in1
    H16                  IBUF (Prop_ibuf_I_O)         0.406     0.406 r  design_1_i/clk_wiz_0/inst/clkin1_ibufg/O
                         net (fo=1, routed)           0.480     0.886    design_1_i/clk_wiz_0/inst/clk_in1_design_1_clk_wiz_0_0
    MMCME2_ADV_X1Y2      MMCME2_ADV (Prop_mmcme2_adv_CLKIN1_CLKOUT1)
                                                     -3.407    -2.521 r  design_1_i/clk_wiz_0/inst/mmcm_adv_inst/CLKOUT1
                         net (fo=1, routed)           0.752    -1.769    design_1_i/clk_wiz_0/inst/clk_out2_design_1_clk_wiz_0_0
    BUFGCTRL_X0Y18       BUFG (Prop_bufg_I_O)         0.029    -1.740 r  design_1_i/clk_wiz_0/inst/clkout2_buf/O
                         net (fo=66, routed)          0.909    -0.831    design_1_i/eFPGA_AXI_LM393_driv_1/U0/eFPGA_AXI_LM393_driver_slave_lite_v1_0_S00_AXI_inst/speedsensor_instance/clk
    SLICE_X43Y107        FDRE                                         r  design_1_i/eFPGA_AXI_LM393_driv_1/U0/eFPGA_AXI_LM393_driver_slave_lite_v1_0_S00_AXI_inst/speedsensor_instance/counter_reg[29]/C

Slack:                    inf
  Source:                 signal_in_1
                            (input port)
  Destination:            design_1_i/eFPGA_AXI_LM393_driv_1/U0/eFPGA_AXI_LM393_driver_slave_lite_v1_0_S00_AXI_inst/speedsensor_instance/counter_reg[30]/R
                            (rising edge-triggered cell FDRE clocked by clk_out2_design_1_clk_wiz_0_0  {rise@0.000ns fall@100.000ns period=200.000ns})
  Path Group:             (none)
  Path Type:              Hold (Min at Fast Process Corner)
  Data Path Delay:        2.204ns  (logic 0.412ns (18.683%)  route 1.792ns (81.317%))
  Logic Levels:           2  (IBUF=1 LUT2=1)
  Clock Path Skew:        -0.831ns (DCD - SCD - CPR)
    Destination Clock Delay (DCD):    -0.831ns
    Source Clock Delay      (SCD):    0.000ns
    Clock Pessimism Removal (CPR):    -0.000ns

    Location             Delay type                Incr(ns)  Path(ns)    Netlist Resource(s)
  -------------------------------------------------------------------    -------------------
    W14                                               0.000     0.000 r  signal_in_1 (IN)
                         net (fo=0)                   0.000     0.000    signal_in_1
    W14                  IBUF (Prop_ibuf_I_O)         0.367     0.367 r  signal_in_1_IBUF_inst/O
                         net (fo=2, routed)           1.643     2.010    design_1_i/eFPGA_AXI_LM393_driv_1/U0/eFPGA_AXI_LM393_driver_slave_lite_v1_0_S00_AXI_inst/speedsensor_instance/signal_in
    SLICE_X42Y108        LUT2 (Prop_lut2_I0_O)        0.045     2.055 r  design_1_i/eFPGA_AXI_LM393_driv_1/U0/eFPGA_AXI_LM393_driver_slave_lite_v1_0_S00_AXI_inst/speedsensor_instance/counter[31]_i_1/O
                         net (fo=65, routed)          0.149     2.204    design_1_i/eFPGA_AXI_LM393_driv_1/U0/eFPGA_AXI_LM393_driver_slave_lite_v1_0_S00_AXI_inst/speedsensor_instance/result0
    SLICE_X43Y107        FDRE                                         r  design_1_i/eFPGA_AXI_LM393_driv_1/U0/eFPGA_AXI_LM393_driver_slave_lite_v1_0_S00_AXI_inst/speedsensor_instance/counter_reg[30]/R
  -------------------------------------------------------------------    -------------------

                         (clock clk_out2_design_1_clk_wiz_0_0 rise edge)
                                                      0.000     0.000 r  
    H16                                               0.000     0.000 r  clk_in1_0 (IN)
                         net (fo=0)                   0.000     0.000    design_1_i/clk_wiz_0/inst/clk_in1
    H16                  IBUF (Prop_ibuf_I_O)         0.406     0.406 r  design_1_i/clk_wiz_0/inst/clkin1_ibufg/O
                         net (fo=1, routed)           0.480     0.886    design_1_i/clk_wiz_0/inst/clk_in1_design_1_clk_wiz_0_0
    MMCME2_ADV_X1Y2      MMCME2_ADV (Prop_mmcme2_adv_CLKIN1_CLKOUT1)
                                                     -3.407    -2.521 r  design_1_i/clk_wiz_0/inst/mmcm_adv_inst/CLKOUT1
                         net (fo=1, routed)           0.752    -1.769    design_1_i/clk_wiz_0/inst/clk_out2_design_1_clk_wiz_0_0
    BUFGCTRL_X0Y18       BUFG (Prop_bufg_I_O)         0.029    -1.740 r  design_1_i/clk_wiz_0/inst/clkout2_buf/O
                         net (fo=66, routed)          0.909    -0.831    design_1_i/eFPGA_AXI_LM393_driv_1/U0/eFPGA_AXI_LM393_driver_slave_lite_v1_0_S00_AXI_inst/speedsensor_instance/clk
    SLICE_X43Y107        FDRE                                         r  design_1_i/eFPGA_AXI_LM393_driv_1/U0/eFPGA_AXI_LM393_driver_slave_lite_v1_0_S00_AXI_inst/speedsensor_instance/counter_reg[30]/C

Slack:                    inf
  Source:                 signal_in_1
                            (input port)
  Destination:            design_1_i/eFPGA_AXI_LM393_driv_1/U0/eFPGA_AXI_LM393_driver_slave_lite_v1_0_S00_AXI_inst/speedsensor_instance/counter_reg[31]/R
                            (rising edge-triggered cell FDRE clocked by clk_out2_design_1_clk_wiz_0_0  {rise@0.000ns fall@100.000ns period=200.000ns})
  Path Group:             (none)
  Path Type:              Hold (Min at Fast Process Corner)
  Data Path Delay:        2.204ns  (logic 0.412ns (18.683%)  route 1.792ns (81.317%))
  Logic Levels:           2  (IBUF=1 LUT2=1)
  Clock Path Skew:        -0.831ns (DCD - SCD - CPR)
    Destination Clock Delay (DCD):    -0.831ns
    Source Clock Delay      (SCD):    0.000ns
    Clock Pessimism Removal (CPR):    -0.000ns

    Location             Delay type                Incr(ns)  Path(ns)    Netlist Resource(s)
  -------------------------------------------------------------------    -------------------
    W14                                               0.000     0.000 r  signal_in_1 (IN)
                         net (fo=0)                   0.000     0.000    signal_in_1
    W14                  IBUF (Prop_ibuf_I_O)         0.367     0.367 r  signal_in_1_IBUF_inst/O
                         net (fo=2, routed)           1.643     2.010    design_1_i/eFPGA_AXI_LM393_driv_1/U0/eFPGA_AXI_LM393_driver_slave_lite_v1_0_S00_AXI_inst/speedsensor_instance/signal_in
    SLICE_X42Y108        LUT2 (Prop_lut2_I0_O)        0.045     2.055 r  design_1_i/eFPGA_AXI_LM393_driv_1/U0/eFPGA_AXI_LM393_driver_slave_lite_v1_0_S00_AXI_inst/speedsensor_instance/counter[31]_i_1/O
                         net (fo=65, routed)          0.149     2.204    design_1_i/eFPGA_AXI_LM393_driv_1/U0/eFPGA_AXI_LM393_driver_slave_lite_v1_0_S00_AXI_inst/speedsensor_instance/result0
    SLICE_X43Y107        FDRE                                         r  design_1_i/eFPGA_AXI_LM393_driv_1/U0/eFPGA_AXI_LM393_driver_slave_lite_v1_0_S00_AXI_inst/speedsensor_instance/counter_reg[31]/R
  -------------------------------------------------------------------    -------------------

                         (clock clk_out2_design_1_clk_wiz_0_0 rise edge)
                                                      0.000     0.000 r  
    H16                                               0.000     0.000 r  clk_in1_0 (IN)
                         net (fo=0)                   0.000     0.000    design_1_i/clk_wiz_0/inst/clk_in1
    H16                  IBUF (Prop_ibuf_I_O)         0.406     0.406 r  design_1_i/clk_wiz_0/inst/clkin1_ibufg/O
                         net (fo=1, routed)           0.480     0.886    design_1_i/clk_wiz_0/inst/clk_in1_design_1_clk_wiz_0_0
    MMCME2_ADV_X1Y2      MMCME2_ADV (Prop_mmcme2_adv_CLKIN1_CLKOUT1)
                                                     -3.407    -2.521 r  design_1_i/clk_wiz_0/inst/mmcm_adv_inst/CLKOUT1
                         net (fo=1, routed)           0.752    -1.769    design_1_i/clk_wiz_0/inst/clk_out2_design_1_clk_wiz_0_0
    BUFGCTRL_X0Y18       BUFG (Prop_bufg_I_O)         0.029    -1.740 r  design_1_i/clk_wiz_0/inst/clkout2_buf/O
                         net (fo=66, routed)          0.909    -0.831    design_1_i/eFPGA_AXI_LM393_driv_1/U0/eFPGA_AXI_LM393_driver_slave_lite_v1_0_S00_AXI_inst/speedsensor_instance/clk
    SLICE_X43Y107        FDRE                                         r  design_1_i/eFPGA_AXI_LM393_driv_1/U0/eFPGA_AXI_LM393_driver_slave_lite_v1_0_S00_AXI_inst/speedsensor_instance/counter_reg[31]/C

Slack:                    inf
  Source:                 signal_in_1
                            (input port)
  Destination:            design_1_i/eFPGA_AXI_LM393_driv_1/U0/eFPGA_AXI_LM393_driver_slave_lite_v1_0_S00_AXI_inst/speedsensor_instance/counting_reg/D
                            (rising edge-triggered cell FDRE clocked by clk_out2_design_1_clk_wiz_0_0  {rise@0.000ns fall@100.000ns period=200.000ns})
  Path Group:             (none)
  Path Type:              Hold (Min at Fast Process Corner)
  Data Path Delay:        2.264ns  (logic 0.457ns (20.178%)  route 1.807ns (79.822%))
  Logic Levels:           3  (IBUF=1 LUT2=1 LUT6=1)
  Clock Path Skew:        -0.831ns (DCD - SCD - CPR)
    Destination Clock Delay (DCD):    -0.831ns
    Source Clock Delay      (SCD):    0.000ns
    Clock Pessimism Removal (CPR):    -0.000ns

    Location             Delay type                Incr(ns)  Path(ns)    Netlist Resource(s)
  -------------------------------------------------------------------    -------------------
    W14                                               0.000     0.000 r  signal_in_1 (IN)
                         net (fo=0)                   0.000     0.000    signal_in_1
    W14                  IBUF (Prop_ibuf_I_O)         0.367     0.367 r  signal_in_1_IBUF_inst/O
                         net (fo=2, routed)           1.643     2.010    design_1_i/eFPGA_AXI_LM393_driv_1/U0/eFPGA_AXI_LM393_driver_slave_lite_v1_0_S00_AXI_inst/speedsensor_instance/signal_in
    SLICE_X42Y108        LUT2 (Prop_lut2_I0_O)        0.045     2.055 r  design_1_i/eFPGA_AXI_LM393_driv_1/U0/eFPGA_AXI_LM393_driver_slave_lite_v1_0_S00_AXI_inst/speedsensor_instance/counter[31]_i_1/O
                         net (fo=65, routed)          0.164     2.219    design_1_i/eFPGA_AXI_LM393_driv_1/U0/eFPGA_AXI_LM393_driver_slave_lite_v1_0_S00_AXI_inst/speedsensor_instance/result0
    SLICE_X42Y108        LUT6 (Prop_lut6_I5_O)        0.045     2.264 r  design_1_i/eFPGA_AXI_LM393_driv_1/U0/eFPGA_AXI_LM393_driver_slave_lite_v1_0_S00_AXI_inst/speedsensor_instance/counting_i_1/O
                         net (fo=1, routed)           0.000     2.264    design_1_i/eFPGA_AXI_LM393_driv_1/U0/eFPGA_AXI_LM393_driver_slave_lite_v1_0_S00_AXI_inst/speedsensor_instance/counting_i_1_n_0
    SLICE_X42Y108        FDRE                                         r  design_1_i/eFPGA_AXI_LM393_driv_1/U0/eFPGA_AXI_LM393_driver_slave_lite_v1_0_S00_AXI_inst/speedsensor_instance/counting_reg/D
  -------------------------------------------------------------------    -------------------

                         (clock clk_out2_design_1_clk_wiz_0_0 rise edge)
                                                      0.000     0.000 r  
    H16                                               0.000     0.000 r  clk_in1_0 (IN)
                         net (fo=0)                   0.000     0.000    design_1_i/clk_wiz_0/inst/clk_in1
    H16                  IBUF (Prop_ibuf_I_O)         0.406     0.406 r  design_1_i/clk_wiz_0/inst/clkin1_ibufg/O
                         net (fo=1, routed)           0.480     0.886    design_1_i/clk_wiz_0/inst/clk_in1_design_1_clk_wiz_0_0
    MMCME2_ADV_X1Y2      MMCME2_ADV (Prop_mmcme2_adv_CLKIN1_CLKOUT1)
                                                     -3.407    -2.521 r  design_1_i/clk_wiz_0/inst/mmcm_adv_inst/CLKOUT1
                         net (fo=1, routed)           0.752    -1.769    design_1_i/clk_wiz_0/inst/clk_out2_design_1_clk_wiz_0_0
    BUFGCTRL_X0Y18       BUFG (Prop_bufg_I_O)         0.029    -1.740 r  design_1_i/clk_wiz_0/inst/clkout2_buf/O
                         net (fo=66, routed)          0.909    -0.831    design_1_i/eFPGA_AXI_LM393_driv_1/U0/eFPGA_AXI_LM393_driver_slave_lite_v1_0_S00_AXI_inst/speedsensor_instance/clk
    SLICE_X42Y108        FDRE                                         r  design_1_i/eFPGA_AXI_LM393_driv_1/U0/eFPGA_AXI_LM393_driver_slave_lite_v1_0_S00_AXI_inst/speedsensor_instance/counting_reg/C





