TRACE::2025-04-27.12:50:57::SCWPlatform::Trying to open the hw design at C:/PXL/devWorks/devWorks2/CAR/MotorControl/Vitis/MotorControl/hw/MotorControl.xsa
TRACE::2025-04-27.12:50:57::SCWPlatform::DSA given C:/PXL/devWorks/devWorks2/CAR/MotorControl/Vitis/MotorControl/hw/MotorControl.xsa
TRACE::2025-04-27.12:50:57::SCWPlatform::DSA absoulate path C:/PXL/devWorks/devWorks2/CAR/MotorControl/Vitis/MotorControl/hw/MotorControl.xsa
TRACE::2025-04-27.12:50:57::SCWPlatform::DSA directory C:/PXL/devWorks/devWorks2/CAR/MotorControl/Vitis/MotorControl/hw
TRACE::2025-04-27.12:50:57::SCWPlatform:: Platform Path C:/PXL/devWorks/devWorks2/CAR/MotorControl/Vitis/MotorControl/hw/MotorControl.xsa
TRACE::2025-04-27.12:50:57::SCWPlatform:: Unique name xilinx:pynq-z2::0.0
TRACE::2025-04-27.12:50:57::SCWPlatform::Do not have an existing db opened. 
TRACE::2025-04-27.12:50:59::SCWPlatform::Opened new HwDB with name design_1_wrapper_0
TRACE::2025-04-27.12:50:59::SCWWriter::formatted JSON is {
	"platformName":	"MotorControl",
	"sprVersion":	"2.0",
	"mode":	"gui",
	"dsaType":	"Fixed",
	"platformDesc":	"MotorControl",
	"platHandOff":	"C:/PXL/devWorks/devWorks2/CAR/MotorControl/MotorControl.xsa",
	"platIntHandOff":	"<platformDir>/hw/MotorControl.xsa",
	"deviceType":	"zynq",
	"platIsPrebuiltAutogen":	"false",
	"platIsNoBootBsp":	"false",
	"hasFsblMakeHasChanges":	"false",
	"hasPmufwMakeHasChanges":	"false",
	"platPreBuiltFlag":	false,
	"platformSamplesDir":	""
}
TRACE::2025-04-27.12:50:59::SCWWriter::formatted JSON is {
	"platformName":	"MotorControl",
	"sprVersion":	"2.0",
	"mode":	"gui",
	"dsaType":	"Fixed",
	"platformDesc":	"MotorControl",
	"platHandOff":	"C:/PXL/devWorks/devWorks2/CAR/MotorControl/MotorControl.xsa",
	"platIntHandOff":	"<platformDir>/hw/MotorControl.xsa",
	"deviceType":	"zynq",
	"platIsPrebuiltAutogen":	"false",
	"platIsNoBootBsp":	"false",
	"hasFsblMakeHasChanges":	"false",
	"hasPmufwMakeHasChanges":	"false",
	"platPreBuiltFlag":	false,
	"platformSamplesDir":	"",
	"platActiveSys":	"MotorControl",
	"systems":	[{
			"systemName":	"MotorControl",
			"systemDesc":	"MotorControl",
			"sysIsBootAutoGen":	"true",
			"systemDispName":	"MotorControl"
		}]
}
TRACE::2025-04-27.12:51:00::SCWPlatform::Boot application domains not present, creating them
TRACE::2025-04-27.12:51:00::SCWDomain::checking for install qemu data   : 
TRACE::2025-04-27.12:51:00::SCWDomain:: Using the QEMU Data from install at  : C:/Xilinx/Vitis/2024.1/data/emulation/platforms/zynq/sw/a9_standalone/qemu/
TRACE::2025-04-27.12:51:00::SCWDomain:: Using the QEMU args  from install at  : C:/Xilinx/Vitis/2024.1/data/emulation/platforms/zynq/sw/a9_standalone/qemu/qemu_args.txt
TRACE::2025-04-27.12:51:00::SCWPlatform::Trying to open the hw design at C:/PXL/devWorks/devWorks2/CAR/MotorControl/Vitis/MotorControl/hw/MotorControl.xsa
TRACE::2025-04-27.12:51:00::SCWPlatform::DSA given C:/PXL/devWorks/devWorks2/CAR/MotorControl/Vitis/MotorControl/hw/MotorControl.xsa
TRACE::2025-04-27.12:51:00::SCWPlatform::DSA absoulate path C:/PXL/devWorks/devWorks2/CAR/MotorControl/Vitis/MotorControl/hw/MotorControl.xsa
TRACE::2025-04-27.12:51:00::SCWPlatform::DSA directory C:/PXL/devWorks/devWorks2/CAR/MotorControl/Vitis/MotorControl/hw
TRACE::2025-04-27.12:51:00::SCWPlatform:: Platform Path C:/PXL/devWorks/devWorks2/CAR/MotorControl/Vitis/MotorControl/hw/MotorControl.xsa
TRACE::2025-04-27.12:51:00::SCWPlatform:: Unique name xilinx:pynq-z2::0.0
TRACE::2025-04-27.12:51:00::SCWPlatform::Trying to set the existing hwdb with name design_1_wrapper_0
TRACE::2025-04-27.12:51:00::SCWPlatform::Opened existing hwdb design_1_wrapper_0
TRACE::2025-04-27.12:51:00::SCWPlatform::Found the Hw Db part of the input DSA
TRACE::2025-04-27.12:51:00::SCWPlatform::Trying to open the hw design at C:/PXL/devWorks/devWorks2/CAR/MotorControl/Vitis/MotorControl/hw/MotorControl.xsa
TRACE::2025-04-27.12:51:00::SCWPlatform::DSA given C:/PXL/devWorks/devWorks2/CAR/MotorControl/Vitis/MotorControl/hw/MotorControl.xsa
TRACE::2025-04-27.12:51:00::SCWPlatform::DSA absoulate path C:/PXL/devWorks/devWorks2/CAR/MotorControl/Vitis/MotorControl/hw/MotorControl.xsa
TRACE::2025-04-27.12:51:00::SCWPlatform::DSA directory C:/PXL/devWorks/devWorks2/CAR/MotorControl/Vitis/MotorControl/hw
TRACE::2025-04-27.12:51:00::SCWPlatform:: Platform Path C:/PXL/devWorks/devWorks2/CAR/MotorControl/Vitis/MotorControl/hw/MotorControl.xsa
TRACE::2025-04-27.12:51:00::SCWPlatform:: Unique name xilinx:pynq-z2::0.0
TRACE::2025-04-27.12:51:00::SCWPlatform::Trying to set the existing hwdb with name design_1_wrapper_0
TRACE::2025-04-27.12:51:00::SCWPlatform::Opened existing hwdb design_1_wrapper_0
TRACE::2025-04-27.12:51:00::SCWPlatform::Found the Hw Db part of the input DSA
TRACE::2025-04-27.12:51:00::SCWPlatform::Trying to open the hw design at C:/PXL/devWorks/devWorks2/CAR/MotorControl/Vitis/MotorControl/hw/MotorControl.xsa
TRACE::2025-04-27.12:51:00::SCWPlatform::DSA given C:/PXL/devWorks/devWorks2/CAR/MotorControl/Vitis/MotorControl/hw/MotorControl.xsa
TRACE::2025-04-27.12:51:00::SCWPlatform::DSA absoulate path C:/PXL/devWorks/devWorks2/CAR/MotorControl/Vitis/MotorControl/hw/MotorControl.xsa
TRACE::2025-04-27.12:51:00::SCWPlatform::DSA directory C:/PXL/devWorks/devWorks2/CAR/MotorControl/Vitis/MotorControl/hw
TRACE::2025-04-27.12:51:00::SCWPlatform:: Platform Path C:/PXL/devWorks/devWorks2/CAR/MotorControl/Vitis/MotorControl/hw/MotorControl.xsa
TRACE::2025-04-27.12:51:00::SCWPlatform:: Unique name xilinx:pynq-z2::0.0
TRACE::2025-04-27.12:51:00::SCWPlatform::Trying to set the existing hwdb with name design_1_wrapper_0
TRACE::2025-04-27.12:51:00::SCWPlatform::Opened existing hwdb design_1_wrapper_0
TRACE::2025-04-27.12:51:00::SCWPlatform::Found the Hw Db part of the input DSA
TRACE::2025-04-27.12:51:00::SCWPlatform::Boot application domain added for zynq_fsbl
TRACE::2025-04-27.12:51:00::SCWPlatform::Generating the sources  .
TRACE::2025-04-27.12:51:00::SCWBDomain::Generating boot domain sources.
TRACE::2025-04-27.12:51:00::SCWBDomain:: Generating the zynq_fsbl Application.
TRACE::2025-04-27.12:51:00::SCWPlatform::Trying to open the hw design at C:/PXL/devWorks/devWorks2/CAR/MotorControl/Vitis/MotorControl/hw/MotorControl.xsa
TRACE::2025-04-27.12:51:00::SCWPlatform::DSA given C:/PXL/devWorks/devWorks2/CAR/MotorControl/Vitis/MotorControl/hw/MotorControl.xsa
TRACE::2025-04-27.12:51:00::SCWPlatform::DSA absoulate path C:/PXL/devWorks/devWorks2/CAR/MotorControl/Vitis/MotorControl/hw/MotorControl.xsa
TRACE::2025-04-27.12:51:00::SCWPlatform::DSA directory C:/PXL/devWorks/devWorks2/CAR/MotorControl/Vitis/MotorControl/hw
TRACE::2025-04-27.12:51:00::SCWPlatform:: Platform Path C:/PXL/devWorks/devWorks2/CAR/MotorControl/Vitis/MotorControl/hw/MotorControl.xsa
TRACE::2025-04-27.12:51:00::SCWPlatform:: Unique name xilinx:pynq-z2::0.0
TRACE::2025-04-27.12:51:00::SCWPlatform::Trying to set the existing hwdb with name design_1_wrapper_0
TRACE::2025-04-27.12:51:00::SCWPlatform::Opened existing hwdb design_1_wrapper_0
TRACE::2025-04-27.12:51:00::SCWPlatform::Found the Hw Db part of the input DSA
TRACE::2025-04-27.12:51:00::SCWMssOS::Checking the sw design at  C:/PXL/devWorks/devWorks2/CAR/MotorControl/Vitis/MotorControl/zynq_fsbl/zynq_fsbl_bsp/system.mss
TRACE::2025-04-27.12:51:00::SCWMssOS::DEBUG:  swdes dump  
TRACE::2025-04-27.12:51:00::SCWMssOS::No sw design opened at  C:/PXL/devWorks/devWorks2/CAR/MotorControl/Vitis/MotorControl/zynq_fsbl/zynq_fsbl_bsp/system.mss
TRACE::2025-04-27.12:51:00::SCWMssOS::mss does not exists at C:/PXL/devWorks/devWorks2/CAR/MotorControl/Vitis/MotorControl/zynq_fsbl/zynq_fsbl_bsp/system.mss
TRACE::2025-04-27.12:51:00::SCWMssOS::Creating sw design at  C:/PXL/devWorks/devWorks2/CAR/MotorControl/Vitis/MotorControl/zynq_fsbl/zynq_fsbl_bsp/system.mss
TRACE::2025-04-27.12:51:00::SCWMssOS::Adding the swdes entry, created swdb C:/PXL/devWorks/devWorks2/CAR/MotorControl/Vitis/MotorControl/zynq_fsbl/zynq_fsbl_bsp/system.mss with des name C:/PXL/devWorks/devWorks2/CAR/MotorControl/Vitis/MotorControl/zynq_fsbl/zynq_fsbl_bsp/system.mss
TRACE::2025-04-27.12:51:00::SCWMssOS::updating the scw layer changes to swdes at   C:/PXL/devWorks/devWorks2/CAR/MotorControl/Vitis/MotorControl/zynq_fsbl/zynq_fsbl_bsp/system.mss
TRACE::2025-04-27.12:51:00::SCWMssOS::Writing mss at C:/PXL/devWorks/devWorks2/CAR/MotorControl/Vitis/MotorControl/zynq_fsbl/zynq_fsbl_bsp/system.mss
TRACE::2025-04-27.12:51:00::SCWMssOS::Completed writing the mss file at C:/PXL/devWorks/devWorks2/CAR/MotorControl/Vitis/MotorControl/zynq_fsbl/zynq_fsbl_bsp
TRACE::2025-04-27.12:51:00::SCWMssOS::Picking up changes from newly written mss file into SCW Layer. 
TRACE::2025-04-27.12:51:00::SCWMssOS::Updated the changes from newly written mss file into SCW Layer. 
TRACE::2025-04-27.12:51:00::SCWBDomain::Completed writing the mss file at C:/PXL/devWorks/devWorks2/CAR/MotorControl/Vitis/MotorControl/zynq_fsbl/zynq_fsbl_bsp
TRACE::2025-04-27.12:51:09::SCWPlatform::Generating sources Done.
TRACE::2025-04-27.12:51:09::SCWPlatform::Trying to open the hw design at C:/PXL/devWorks/devWorks2/CAR/MotorControl/Vitis/MotorControl/hw/MotorControl.xsa
TRACE::2025-04-27.12:51:09::SCWPlatform::DSA given C:/PXL/devWorks/devWorks2/CAR/MotorControl/Vitis/MotorControl/hw/MotorControl.xsa
TRACE::2025-04-27.12:51:09::SCWPlatform::DSA absoulate path C:/PXL/devWorks/devWorks2/CAR/MotorControl/Vitis/MotorControl/hw/MotorControl.xsa
TRACE::2025-04-27.12:51:09::SCWPlatform::DSA directory C:/PXL/devWorks/devWorks2/CAR/MotorControl/Vitis/MotorControl/hw
TRACE::2025-04-27.12:51:09::SCWPlatform:: Platform Path C:/PXL/devWorks/devWorks2/CAR/MotorControl/Vitis/MotorControl/hw/MotorControl.xsa
TRACE::2025-04-27.12:51:09::SCWPlatform:: Unique name xilinx:pynq-z2::0.0
TRACE::2025-04-27.12:51:09::SCWPlatform::Trying to set the existing hwdb with name design_1_wrapper_0
TRACE::2025-04-27.12:51:09::SCWPlatform::Opened existing hwdb design_1_wrapper_0
TRACE::2025-04-27.12:51:09::SCWPlatform::Found the Hw Db part of the input DSA
TRACE::2025-04-27.12:51:09::SCWMssOS::Checking the sw design at  C:/PXL/devWorks/devWorks2/CAR/MotorControl/Vitis/MotorControl/zynq_fsbl/zynq_fsbl_bsp/system.mss
TRACE::2025-04-27.12:51:09::SCWMssOS::DEBUG:  swdes dump  
TRACE::2025-04-27.12:51:09::SCWMssOS::No sw design opened at  C:/PXL/devWorks/devWorks2/CAR/MotorControl/Vitis/MotorControl/zynq_fsbl/zynq_fsbl_bsp/system.mss
TRACE::2025-04-27.12:51:09::SCWMssOS::mss exists loading the mss file  C:/PXL/devWorks/devWorks2/CAR/MotorControl/Vitis/MotorControl/zynq_fsbl/zynq_fsbl_bsp/system.mss
TRACE::2025-04-27.12:51:09::SCWMssOS::Opened the sw design from mss  C:/PXL/devWorks/devWorks2/CAR/MotorControl/Vitis/MotorControl/zynq_fsbl/zynq_fsbl_bsp/system.mss
TRACE::2025-04-27.12:51:09::SCWMssOS::Adding the swdes entry C:/PXL/devWorks/devWorks2/CAR/MotorControl/Vitis/MotorControl/zynq_fsbl/zynq_fsbl_bsp/system.mss with des name system
TRACE::2025-04-27.12:51:09::SCWMssOS::updating the scw layer about changes
TRACE::2025-04-27.12:51:09::SCWMssOS::Opened the sw design.  C:/PXL/devWorks/devWorks2/CAR/MotorControl/Vitis/MotorControl/zynq_fsbl/zynq_fsbl_bsp/system.mss
TRACE::2025-04-27.12:51:09::SCWMssOS::Saving the mss changes C:/PXL/devWorks/devWorks2/CAR/MotorControl/Vitis/MotorControl/zynq_fsbl/zynq_fsbl_bsp/system.mss
TRACE::2025-04-27.12:51:09::SCWMssOS::Found a swdesign opened with the mssfile.
TRACE::2025-04-27.12:51:09::SCWMssOS::Completed writemss as part of save.
TRACE::2025-04-27.12:51:09::SCWMssOS::Commit changes completed.
TRACE::2025-04-27.12:51:09::SCWPlatform::Trying to open the hw design at C:/PXL/devWorks/devWorks2/CAR/MotorControl/Vitis/MotorControl/hw/MotorControl.xsa
TRACE::2025-04-27.12:51:09::SCWPlatform::DSA given C:/PXL/devWorks/devWorks2/CAR/MotorControl/Vitis/MotorControl/hw/MotorControl.xsa
TRACE::2025-04-27.12:51:09::SCWPlatform::DSA absoulate path C:/PXL/devWorks/devWorks2/CAR/MotorControl/Vitis/MotorControl/hw/MotorControl.xsa
TRACE::2025-04-27.12:51:09::SCWPlatform::DSA directory C:/PXL/devWorks/devWorks2/CAR/MotorControl/Vitis/MotorControl/hw
TRACE::2025-04-27.12:51:09::SCWPlatform:: Platform Path C:/PXL/devWorks/devWorks2/CAR/MotorControl/Vitis/MotorControl/hw/MotorControl.xsa
TRACE::2025-04-27.12:51:09::SCWPlatform:: Unique name xilinx:pynq-z2::0.0
TRACE::2025-04-27.12:51:09::SCWPlatform::Trying to set the existing hwdb with name design_1_wrapper_0
TRACE::2025-04-27.12:51:09::SCWPlatform::Opened existing hwdb design_1_wrapper_0
TRACE::2025-04-27.12:51:09::SCWPlatform::Found the Hw Db part of the input DSA
TRACE::2025-04-27.12:51:09::SCWMssOS::Checking the sw design at  C:/PXL/devWorks/devWorks2/CAR/MotorControl/Vitis/MotorControl/zynq_fsbl/zynq_fsbl_bsp/system.mss
TRACE::2025-04-27.12:51:09::SCWMssOS::DEBUG:  swdes dump  C:/PXL/devWorks/devWorks2/CAR/MotorControl/Vitis/MotorControl/zynq_fsbl/zynq_fsbl_bsp/system.mss|system||

TRACE::2025-04-27.12:51:09::SCWMssOS::Sw design exists and opened at  C:/PXL/devWorks/devWorks2/CAR/MotorControl/Vitis/MotorControl/zynq_fsbl/zynq_fsbl_bsp/system.mss
TRACE::2025-04-27.12:51:09::SCWPlatform::Trying to open the hw design at C:/PXL/devWorks/devWorks2/CAR/MotorControl/Vitis/MotorControl/hw/MotorControl.xsa
TRACE::2025-04-27.12:51:09::SCWPlatform::DSA given C:/PXL/devWorks/devWorks2/CAR/MotorControl/Vitis/MotorControl/hw/MotorControl.xsa
TRACE::2025-04-27.12:51:09::SCWPlatform::DSA absoulate path C:/PXL/devWorks/devWorks2/CAR/MotorControl/Vitis/MotorControl/hw/MotorControl.xsa
TRACE::2025-04-27.12:51:09::SCWPlatform::DSA directory C:/PXL/devWorks/devWorks2/CAR/MotorControl/Vitis/MotorControl/hw
TRACE::2025-04-27.12:51:09::SCWPlatform:: Platform Path C:/PXL/devWorks/devWorks2/CAR/MotorControl/Vitis/MotorControl/hw/MotorControl.xsa
TRACE::2025-04-27.12:51:09::SCWPlatform:: Unique name xilinx:pynq-z2::0.0
TRACE::2025-04-27.12:51:09::SCWPlatform::Trying to set the existing hwdb with name design_1_wrapper_0
TRACE::2025-04-27.12:51:09::SCWPlatform::Opened existing hwdb design_1_wrapper_0
TRACE::2025-04-27.12:51:09::SCWPlatform::Found the Hw Db part of the input DSA
TRACE::2025-04-27.12:51:09::SCWMssOS::Checking the sw design at  C:/PXL/devWorks/devWorks2/CAR/MotorControl/Vitis/MotorControl/zynq_fsbl/zynq_fsbl_bsp/system.mss
TRACE::2025-04-27.12:51:09::SCWMssOS::DEBUG:  swdes dump  C:/PXL/devWorks/devWorks2/CAR/MotorControl/Vitis/MotorControl/zynq_fsbl/zynq_fsbl_bsp/system.mss|system||

TRACE::2025-04-27.12:51:09::SCWMssOS::Sw design exists and opened at  C:/PXL/devWorks/devWorks2/CAR/MotorControl/Vitis/MotorControl/zynq_fsbl/zynq_fsbl_bsp/system.mss
TRACE::2025-04-27.12:51:09::SCWPlatform::Trying to open the hw design at C:/PXL/devWorks/devWorks2/CAR/MotorControl/Vitis/MotorControl/hw/MotorControl.xsa
TRACE::2025-04-27.12:51:09::SCWPlatform::DSA given C:/PXL/devWorks/devWorks2/CAR/MotorControl/Vitis/MotorControl/hw/MotorControl.xsa
TRACE::2025-04-27.12:51:09::SCWPlatform::DSA absoulate path C:/PXL/devWorks/devWorks2/CAR/MotorControl/Vitis/MotorControl/hw/MotorControl.xsa
TRACE::2025-04-27.12:51:09::SCWPlatform::DSA directory C:/PXL/devWorks/devWorks2/CAR/MotorControl/Vitis/MotorControl/hw
TRACE::2025-04-27.12:51:09::SCWPlatform:: Platform Path C:/PXL/devWorks/devWorks2/CAR/MotorControl/Vitis/MotorControl/hw/MotorControl.xsa
TRACE::2025-04-27.12:51:09::SCWPlatform:: Unique name xilinx:pynq-z2::0.0
TRACE::2025-04-27.12:51:09::SCWPlatform::Trying to set the existing hwdb with name design_1_wrapper_0
TRACE::2025-04-27.12:51:09::SCWPlatform::Opened existing hwdb design_1_wrapper_0
TRACE::2025-04-27.12:51:09::SCWPlatform::Found the Hw Db part of the input DSA
TRACE::2025-04-27.12:51:09::SCWMssOS::Checking the sw design at  C:/PXL/devWorks/devWorks2/CAR/MotorControl/Vitis/MotorControl/zynq_fsbl/zynq_fsbl_bsp/system.mss
TRACE::2025-04-27.12:51:09::SCWMssOS::DEBUG:  swdes dump  C:/PXL/devWorks/devWorks2/CAR/MotorControl/Vitis/MotorControl/zynq_fsbl/zynq_fsbl_bsp/system.mss|system||

TRACE::2025-04-27.12:51:09::SCWMssOS::Sw design exists and opened at  C:/PXL/devWorks/devWorks2/CAR/MotorControl/Vitis/MotorControl/zynq_fsbl/zynq_fsbl_bsp/system.mss
TRACE::2025-04-27.12:51:09::SCWWriter::formatted JSON is {
	"platformName":	"MotorControl",
	"sprVersion":	"2.0",
	"mode":	"gui",
	"dsaType":	"Fixed",
	"platformDesc":	"MotorControl",
	"platHandOff":	"C:/PXL/devWorks/devWorks2/CAR/MotorControl/MotorControl.xsa",
	"platIntHandOff":	"<platformDir>/hw/MotorControl.xsa",
	"deviceType":	"zynq",
	"platIsPrebuiltAutogen":	"false",
	"platIsNoBootBsp":	"false",
	"platFsblTarget":	"ps7_cortexa9_0",
	"hasFsblMakeHasChanges":	"false",
	"hasPmufwMakeHasChanges":	"false",
	"fsblExtraCompilerFlags":	"-MMD -MP       -mcpu=cortex-a9 -mfpu=vfpv3 -mfloat-abi=hard ",
	"platPreBuiltFlag":	false,
	"platformSamplesDir":	"",
	"platActiveSys":	"MotorControl",
	"systems":	[{
			"systemName":	"MotorControl",
			"systemDesc":	"MotorControl",
			"sysIsBootAutoGen":	"true",
			"systemDispName":	"MotorControl",
			"sysActiveDom":	"zynq_fsbl",
			"sysDefaultDom":	"",
			"domains":	[{
					"domainName":	"zynq_fsbl",
					"domainDispName":	"zynq_fsbl",
					"domainDesc":	"FSBL Application BSP - Auto Generated.",
					"processors":	"ps7_cortexa9_0",
					"os":	"standalone",
					"sdxOs":	"standalone",
					"debugEnable":	"",
					"domRuntimes":	["cpp"],
					"swRepo":	"",
					"mssOsVer":	"9.1",
					"mssFile":	"",
					"md5Digest":	"a507be10d22be35b784abcde4511a094",
					"compatibleApp":	"zynq_fsbl",
					"domType":	"bootDomain",
					"arch":	"32-bit",
					"appSettings":	{
						"appCompilerFlags":	"",
						"appLinkerFlags":	""
					},
					"addedLibs":	["xilffs:5.2", "xilrsa:1.8"],
					"libOptions":	{
						"libsContainingOptions":	[]
					},
					"prebuiltLibs":	{
						"prebuiltIncPath":	[],
						"prebuiltLibPath":	[]
					},
					"isolation":	{
					}
				}]
		}]
}
TRACE::2025-04-27.12:51:09::SCWMssOS::Saving the mss changes C:/PXL/devWorks/devWorks2/CAR/MotorControl/Vitis/MotorControl/zynq_fsbl/zynq_fsbl_bsp/system.mss
TRACE::2025-04-27.12:51:09::SCWMssOS::Found a swdesign opened with the mssfile.
TRACE::2025-04-27.12:51:09::SCWMssOS::Completed writemss as part of save.
TRACE::2025-04-27.12:51:09::SCWMssOS::Commit changes completed.
TRACE::2025-04-27.12:51:09::SCWPlatform::Trying to open the hw design at C:/PXL/devWorks/devWorks2/CAR/MotorControl/Vitis/MotorControl/hw/MotorControl.xsa
TRACE::2025-04-27.12:51:09::SCWPlatform::DSA given C:/PXL/devWorks/devWorks2/CAR/MotorControl/Vitis/MotorControl/hw/MotorControl.xsa
TRACE::2025-04-27.12:51:09::SCWPlatform::DSA absoulate path C:/PXL/devWorks/devWorks2/CAR/MotorControl/Vitis/MotorControl/hw/MotorControl.xsa
TRACE::2025-04-27.12:51:09::SCWPlatform::DSA directory C:/PXL/devWorks/devWorks2/CAR/MotorControl/Vitis/MotorControl/hw
TRACE::2025-04-27.12:51:09::SCWPlatform:: Platform Path C:/PXL/devWorks/devWorks2/CAR/MotorControl/Vitis/MotorControl/hw/MotorControl.xsa
TRACE::2025-04-27.12:51:09::SCWPlatform:: Unique name xilinx:pynq-z2::0.0
TRACE::2025-04-27.12:51:09::SCWPlatform::Trying to set the existing hwdb with name design_1_wrapper_0
TRACE::2025-04-27.12:51:09::SCWPlatform::Opened existing hwdb design_1_wrapper_0
TRACE::2025-04-27.12:51:09::SCWPlatform::Found the Hw Db part of the input DSA
TRACE::2025-04-27.12:51:09::SCWMssOS::Checking the sw design at  C:/PXL/devWorks/devWorks2/CAR/MotorControl/Vitis/MotorControl/zynq_fsbl/zynq_fsbl_bsp/system.mss
TRACE::2025-04-27.12:51:09::SCWMssOS::DEBUG:  swdes dump  C:/PXL/devWorks/devWorks2/CAR/MotorControl/Vitis/MotorControl/zynq_fsbl/zynq_fsbl_bsp/system.mss|system||

TRACE::2025-04-27.12:51:09::SCWMssOS::Sw design exists and opened at  C:/PXL/devWorks/devWorks2/CAR/MotorControl/Vitis/MotorControl/zynq_fsbl/zynq_fsbl_bsp/system.mss
TRACE::2025-04-27.12:51:09::SCWPlatform::Trying to open the hw design at C:/PXL/devWorks/devWorks2/CAR/MotorControl/Vitis/MotorControl/hw/MotorControl.xsa
TRACE::2025-04-27.12:51:09::SCWPlatform::DSA given C:/PXL/devWorks/devWorks2/CAR/MotorControl/Vitis/MotorControl/hw/MotorControl.xsa
TRACE::2025-04-27.12:51:09::SCWPlatform::DSA absoulate path C:/PXL/devWorks/devWorks2/CAR/MotorControl/Vitis/MotorControl/hw/MotorControl.xsa
TRACE::2025-04-27.12:51:09::SCWPlatform::DSA directory C:/PXL/devWorks/devWorks2/CAR/MotorControl/Vitis/MotorControl/hw
TRACE::2025-04-27.12:51:09::SCWPlatform:: Platform Path C:/PXL/devWorks/devWorks2/CAR/MotorControl/Vitis/MotorControl/hw/MotorControl.xsa
TRACE::2025-04-27.12:51:09::SCWPlatform:: Unique name xilinx:pynq-z2::0.0
TRACE::2025-04-27.12:51:09::SCWPlatform::Trying to set the existing hwdb with name design_1_wrapper_0
TRACE::2025-04-27.12:51:09::SCWPlatform::Opened existing hwdb design_1_wrapper_0
TRACE::2025-04-27.12:51:09::SCWPlatform::Found the Hw Db part of the input DSA
TRACE::2025-04-27.12:51:09::SCWMssOS::Checking the sw design at  C:/PXL/devWorks/devWorks2/CAR/MotorControl/Vitis/MotorControl/zynq_fsbl/zynq_fsbl_bsp/system.mss
TRACE::2025-04-27.12:51:09::SCWMssOS::DEBUG:  swdes dump  C:/PXL/devWorks/devWorks2/CAR/MotorControl/Vitis/MotorControl/zynq_fsbl/zynq_fsbl_bsp/system.mss|system||

TRACE::2025-04-27.12:51:09::SCWMssOS::Sw design exists and opened at  C:/PXL/devWorks/devWorks2/CAR/MotorControl/Vitis/MotorControl/zynq_fsbl/zynq_fsbl_bsp/system.mss
TRACE::2025-04-27.12:51:09::SCWPlatform::Trying to open the hw design at C:/PXL/devWorks/devWorks2/CAR/MotorControl/Vitis/MotorControl/hw/MotorControl.xsa
TRACE::2025-04-27.12:51:09::SCWPlatform::DSA given C:/PXL/devWorks/devWorks2/CAR/MotorControl/Vitis/MotorControl/hw/MotorControl.xsa
TRACE::2025-04-27.12:51:09::SCWPlatform::DSA absoulate path C:/PXL/devWorks/devWorks2/CAR/MotorControl/Vitis/MotorControl/hw/MotorControl.xsa
TRACE::2025-04-27.12:51:09::SCWPlatform::DSA directory C:/PXL/devWorks/devWorks2/CAR/MotorControl/Vitis/MotorControl/hw
TRACE::2025-04-27.12:51:09::SCWPlatform:: Platform Path C:/PXL/devWorks/devWorks2/CAR/MotorControl/Vitis/MotorControl/hw/MotorControl.xsa
TRACE::2025-04-27.12:51:09::SCWPlatform:: Unique name xilinx:pynq-z2::0.0
TRACE::2025-04-27.12:51:09::SCWPlatform::Trying to set the existing hwdb with name design_1_wrapper_0
TRACE::2025-04-27.12:51:09::SCWPlatform::Opened existing hwdb design_1_wrapper_0
TRACE::2025-04-27.12:51:09::SCWPlatform::Found the Hw Db part of the input DSA
TRACE::2025-04-27.12:51:09::SCWMssOS::Checking the sw design at  C:/PXL/devWorks/devWorks2/CAR/MotorControl/Vitis/MotorControl/zynq_fsbl/zynq_fsbl_bsp/system.mss
TRACE::2025-04-27.12:51:09::SCWMssOS::DEBUG:  swdes dump  C:/PXL/devWorks/devWorks2/CAR/MotorControl/Vitis/MotorControl/zynq_fsbl/zynq_fsbl_bsp/system.mss|system||

TRACE::2025-04-27.12:51:09::SCWMssOS::Sw design exists and opened at  C:/PXL/devWorks/devWorks2/CAR/MotorControl/Vitis/MotorControl/zynq_fsbl/zynq_fsbl_bsp/system.mss
TRACE::2025-04-27.12:51:09::SCWWriter::formatted JSON is {
	"platformName":	"MotorControl",
	"sprVersion":	"2.0",
	"mode":	"gui",
	"dsaType":	"Fixed",
	"platformDesc":	"MotorControl",
	"platHandOff":	"C:/PXL/devWorks/devWorks2/CAR/MotorControl/MotorControl.xsa",
	"platIntHandOff":	"<platformDir>/hw/MotorControl.xsa",
	"deviceType":	"zynq",
	"platIsPrebuiltAutogen":	"false",
	"platIsNoBootBsp":	"false",
	"platFsblTarget":	"ps7_cortexa9_0",
	"hasFsblMakeHasChanges":	"false",
	"hasPmufwMakeHasChanges":	"false",
	"fsblExtraCompilerFlags":	"-MMD -MP       -mcpu=cortex-a9 -mfpu=vfpv3 -mfloat-abi=hard ",
	"platPreBuiltFlag":	false,
	"platformSamplesDir":	"",
	"platActiveSys":	"MotorControl",
	"systems":	[{
			"systemName":	"MotorControl",
			"systemDesc":	"MotorControl",
			"sysIsBootAutoGen":	"true",
			"systemDispName":	"MotorControl",
			"sysActiveDom":	"zynq_fsbl",
			"sysDefaultDom":	"",
			"domains":	[{
					"domainName":	"zynq_fsbl",
					"domainDispName":	"zynq_fsbl",
					"domainDesc":	"FSBL Application BSP - Auto Generated.",
					"processors":	"ps7_cortexa9_0",
					"os":	"standalone",
					"sdxOs":	"standalone",
					"debugEnable":	"",
					"domRuntimes":	["cpp"],
					"swRepo":	"",
					"mssOsVer":	"9.1",
					"mssFile":	"",
					"md5Digest":	"a507be10d22be35b784abcde4511a094",
					"compatibleApp":	"zynq_fsbl",
					"domType":	"bootDomain",
					"arch":	"32-bit",
					"appSettings":	{
						"appCompilerFlags":	"",
						"appLinkerFlags":	""
					},
					"addedLibs":	["xilffs:5.2", "xilrsa:1.8"],
					"libOptions":	{
						"libsContainingOptions":	[]
					},
					"prebuiltLibs":	{
						"prebuiltIncPath":	[],
						"prebuiltLibPath":	[]
					},
					"isolation":	{
					}
				}]
		}]
}
TRACE::2025-04-27.12:51:09::SCWPlatform::Trying to open the hw design at C:/PXL/devWorks/devWorks2/CAR/MotorControl/Vitis/MotorControl/hw/MotorControl.xsa
TRACE::2025-04-27.12:51:09::SCWPlatform::DSA given C:/PXL/devWorks/devWorks2/CAR/MotorControl/Vitis/MotorControl/hw/MotorControl.xsa
TRACE::2025-04-27.12:51:09::SCWPlatform::DSA absoulate path C:/PXL/devWorks/devWorks2/CAR/MotorControl/Vitis/MotorControl/hw/MotorControl.xsa
TRACE::2025-04-27.12:51:09::SCWPlatform::DSA directory C:/PXL/devWorks/devWorks2/CAR/MotorControl/Vitis/MotorControl/hw
TRACE::2025-04-27.12:51:09::SCWPlatform:: Platform Path C:/PXL/devWorks/devWorks2/CAR/MotorControl/Vitis/MotorControl/hw/MotorControl.xsa
TRACE::2025-04-27.12:51:09::SCWPlatform:: Unique name xilinx:pynq-z2::0.0
TRACE::2025-04-27.12:51:09::SCWPlatform::Trying to set the existing hwdb with name design_1_wrapper_0
TRACE::2025-04-27.12:51:09::SCWPlatform::Opened existing hwdb design_1_wrapper_0
TRACE::2025-04-27.12:51:09::SCWPlatform::Found the Hw Db part of the input DSA
TRACE::2025-04-27.12:51:09::SCWDomain::checking for install qemu data   : 
TRACE::2025-04-27.12:51:09::SCWDomain:: Using the QEMU Data from install at  : C:/Xilinx/Vitis/2024.1/data/emulation/platforms/zynq/sw/a9_standalone/qemu/
TRACE::2025-04-27.12:51:09::SCWDomain:: Using the QEMU args  from install at  : C:/Xilinx/Vitis/2024.1/data/emulation/platforms/zynq/sw/a9_standalone/qemu/qemu_args.txt
TRACE::2025-04-27.12:51:09::SCWPlatform::Trying to open the hw design at C:/PXL/devWorks/devWorks2/CAR/MotorControl/Vitis/MotorControl/hw/MotorControl.xsa
TRACE::2025-04-27.12:51:09::SCWPlatform::DSA given C:/PXL/devWorks/devWorks2/CAR/MotorControl/Vitis/MotorControl/hw/MotorControl.xsa
TRACE::2025-04-27.12:51:09::SCWPlatform::DSA absoulate path C:/PXL/devWorks/devWorks2/CAR/MotorControl/Vitis/MotorControl/hw/MotorControl.xsa
TRACE::2025-04-27.12:51:09::SCWPlatform::DSA directory C:/PXL/devWorks/devWorks2/CAR/MotorControl/Vitis/MotorControl/hw
TRACE::2025-04-27.12:51:09::SCWPlatform:: Platform Path C:/PXL/devWorks/devWorks2/CAR/MotorControl/Vitis/MotorControl/hw/MotorControl.xsa
TRACE::2025-04-27.12:51:09::SCWPlatform:: Unique name xilinx:pynq-z2::0.0
TRACE::2025-04-27.12:51:09::SCWPlatform::Trying to set the existing hwdb with name design_1_wrapper_0
TRACE::2025-04-27.12:51:09::SCWPlatform::Opened existing hwdb design_1_wrapper_0
TRACE::2025-04-27.12:51:09::SCWPlatform::Found the Hw Db part of the input DSA
TRACE::2025-04-27.12:51:09::SCWPlatform::Trying to open the hw design at C:/PXL/devWorks/devWorks2/CAR/MotorControl/Vitis/MotorControl/hw/MotorControl.xsa
TRACE::2025-04-27.12:51:09::SCWPlatform::DSA given C:/PXL/devWorks/devWorks2/CAR/MotorControl/Vitis/MotorControl/hw/MotorControl.xsa
TRACE::2025-04-27.12:51:09::SCWPlatform::DSA absoulate path C:/PXL/devWorks/devWorks2/CAR/MotorControl/Vitis/MotorControl/hw/MotorControl.xsa
TRACE::2025-04-27.12:51:09::SCWPlatform::DSA directory C:/PXL/devWorks/devWorks2/CAR/MotorControl/Vitis/MotorControl/hw
TRACE::2025-04-27.12:51:09::SCWPlatform:: Platform Path C:/PXL/devWorks/devWorks2/CAR/MotorControl/Vitis/MotorControl/hw/MotorControl.xsa
TRACE::2025-04-27.12:51:09::SCWPlatform:: Unique name xilinx:pynq-z2::0.0
TRACE::2025-04-27.12:51:09::SCWPlatform::Trying to set the existing hwdb with name design_1_wrapper_0
TRACE::2025-04-27.12:51:09::SCWPlatform::Opened existing hwdb design_1_wrapper_0
TRACE::2025-04-27.12:51:09::SCWPlatform::Found the Hw Db part of the input DSA
TRACE::2025-04-27.12:51:09::SCWDomain::Qemu Directory name is changed from "" to "qemu"
TRACE::2025-04-27.12:51:09::SCWPlatform::Trying to open the hw design at C:/PXL/devWorks/devWorks2/CAR/MotorControl/Vitis/MotorControl/hw/MotorControl.xsa
TRACE::2025-04-27.12:51:09::SCWPlatform::DSA given C:/PXL/devWorks/devWorks2/CAR/MotorControl/Vitis/MotorControl/hw/MotorControl.xsa
TRACE::2025-04-27.12:51:09::SCWPlatform::DSA absoulate path C:/PXL/devWorks/devWorks2/CAR/MotorControl/Vitis/MotorControl/hw/MotorControl.xsa
TRACE::2025-04-27.12:51:09::SCWPlatform::DSA directory C:/PXL/devWorks/devWorks2/CAR/MotorControl/Vitis/MotorControl/hw
TRACE::2025-04-27.12:51:09::SCWPlatform:: Platform Path C:/PXL/devWorks/devWorks2/CAR/MotorControl/Vitis/MotorControl/hw/MotorControl.xsa
TRACE::2025-04-27.12:51:09::SCWPlatform:: Unique name xilinx:pynq-z2::0.0
TRACE::2025-04-27.12:51:09::SCWPlatform::Trying to set the existing hwdb with name design_1_wrapper_0
TRACE::2025-04-27.12:51:09::SCWPlatform::Opened existing hwdb design_1_wrapper_0
TRACE::2025-04-27.12:51:09::SCWPlatform::Found the Hw Db part of the input DSA
TRACE::2025-04-27.12:51:09::SCWMssOS::Checking the sw design at  C:/PXL/devWorks/devWorks2/CAR/MotorControl/Vitis/MotorControl/ps7_cortexa9_0/standalone_ps7_cortexa9_0/bsp/system.mss
TRACE::2025-04-27.12:51:09::SCWMssOS::DEBUG:  swdes dump  C:/PXL/devWorks/devWorks2/CAR/MotorControl/Vitis/MotorControl/zynq_fsbl/zynq_fsbl_bsp/system.mss|system||

TRACE::2025-04-27.12:51:09::SCWMssOS::No sw design opened at  C:/PXL/devWorks/devWorks2/CAR/MotorControl/Vitis/MotorControl/ps7_cortexa9_0/standalone_ps7_cortexa9_0/bsp/system.mss
TRACE::2025-04-27.12:51:09::SCWMssOS::mss does not exists at C:/PXL/devWorks/devWorks2/CAR/MotorControl/Vitis/MotorControl/ps7_cortexa9_0/standalone_ps7_cortexa9_0/bsp/system.mss
TRACE::2025-04-27.12:51:09::SCWMssOS::Creating sw design at  C:/PXL/devWorks/devWorks2/CAR/MotorControl/Vitis/MotorControl/ps7_cortexa9_0/standalone_ps7_cortexa9_0/bsp/system.mss
TRACE::2025-04-27.12:51:09::SCWMssOS::Adding the swdes entry, created swdb C:/PXL/devWorks/devWorks2/CAR/MotorControl/Vitis/MotorControl/ps7_cortexa9_0/standalone_ps7_cortexa9_0/bsp/system.mss with des name C:/PXL/devWorks/devWorks2/CAR/MotorControl/Vitis/MotorControl/ps7_cortexa9_0/standalone_ps7_cortexa9_0/bsp/system.mss
TRACE::2025-04-27.12:51:09::SCWMssOS::updating the scw layer changes to swdes at   C:/PXL/devWorks/devWorks2/CAR/MotorControl/Vitis/MotorControl/ps7_cortexa9_0/standalone_ps7_cortexa9_0/bsp/system.mss
TRACE::2025-04-27.12:51:09::SCWMssOS::Writing mss at C:/PXL/devWorks/devWorks2/CAR/MotorControl/Vitis/MotorControl/ps7_cortexa9_0/standalone_ps7_cortexa9_0/bsp/system.mss
TRACE::2025-04-27.12:51:09::SCWMssOS::Completed writing the mss file at C:/PXL/devWorks/devWorks2/CAR/MotorControl/Vitis/MotorControl/ps7_cortexa9_0/standalone_ps7_cortexa9_0/bsp
TRACE::2025-04-27.12:51:09::SCWMssOS::Picking up changes from newly written mss file into SCW Layer. 
TRACE::2025-04-27.12:51:09::SCWMssOS::Updated the changes from newly written mss file into SCW Layer. 
TRACE::2025-04-27.12:51:09::SCWMssOS::Completed writing the mss file at C:/PXL/devWorks/devWorks2/CAR/MotorControl/Vitis/MotorControl/ps7_cortexa9_0/standalone_ps7_cortexa9_0/bsp
TRACE::2025-04-27.12:51:09::SCWMssOS::Forcing BSP Sources regeneration.
TRACE::2025-04-27.12:51:10::SCWMssOS::Saving the mss changes C:/PXL/devWorks/devWorks2/CAR/MotorControl/Vitis/MotorControl/zynq_fsbl/zynq_fsbl_bsp/system.mss
TRACE::2025-04-27.12:51:10::SCWMssOS::Found a swdesign opened with the mssfile.
TRACE::2025-04-27.12:51:10::SCWMssOS::Completed writemss as part of save.
TRACE::2025-04-27.12:51:10::SCWMssOS::Commit changes completed.
TRACE::2025-04-27.12:51:10::SCWMssOS::Saving the mss changes C:/PXL/devWorks/devWorks2/CAR/MotorControl/Vitis/MotorControl/ps7_cortexa9_0/standalone_ps7_cortexa9_0/bsp/system.mss
TRACE::2025-04-27.12:51:10::SCWMssOS::Adding the swdes entry, mss present, able to open swdb C:/PXL/devWorks/devWorks2/CAR/MotorControl/Vitis/MotorControl/ps7_cortexa9_0/standalone_ps7_cortexa9_0/bsp/system.mss with des name system_0
TRACE::2025-04-27.12:51:10::SCWMssOS::Writing the mss file completed C:/PXL/devWorks/devWorks2/CAR/MotorControl/Vitis/MotorControl/ps7_cortexa9_0/standalone_ps7_cortexa9_0/bsp/system.mss
TRACE::2025-04-27.12:51:10::SCWMssOS::Commit changes completed.
TRACE::2025-04-27.12:51:10::SCWPlatform::Trying to open the hw design at C:/PXL/devWorks/devWorks2/CAR/MotorControl/Vitis/MotorControl/hw/MotorControl.xsa
TRACE::2025-04-27.12:51:10::SCWPlatform::DSA given C:/PXL/devWorks/devWorks2/CAR/MotorControl/Vitis/MotorControl/hw/MotorControl.xsa
TRACE::2025-04-27.12:51:10::SCWPlatform::DSA absoulate path C:/PXL/devWorks/devWorks2/CAR/MotorControl/Vitis/MotorControl/hw/MotorControl.xsa
TRACE::2025-04-27.12:51:10::SCWPlatform::DSA directory C:/PXL/devWorks/devWorks2/CAR/MotorControl/Vitis/MotorControl/hw
TRACE::2025-04-27.12:51:10::SCWPlatform:: Platform Path C:/PXL/devWorks/devWorks2/CAR/MotorControl/Vitis/MotorControl/hw/MotorControl.xsa
TRACE::2025-04-27.12:51:10::SCWPlatform:: Unique name xilinx:pynq-z2::0.0
TRACE::2025-04-27.12:51:10::SCWPlatform::Trying to set the existing hwdb with name design_1_wrapper_0
TRACE::2025-04-27.12:51:10::SCWPlatform::Opened existing hwdb design_1_wrapper_0
TRACE::2025-04-27.12:51:10::SCWPlatform::Found the Hw Db part of the input DSA
TRACE::2025-04-27.12:51:10::SCWMssOS::Checking the sw design at  C:/PXL/devWorks/devWorks2/CAR/MotorControl/Vitis/MotorControl/zynq_fsbl/zynq_fsbl_bsp/system.mss
TRACE::2025-04-27.12:51:10::SCWMssOS::DEBUG:  swdes dump  C:/PXL/devWorks/devWorks2/CAR/MotorControl/Vitis/MotorControl/ps7_cortexa9_0/standalone_ps7_cortexa9_0/bsp/system.mss|system_0||
C:/PXL/devWorks/devWorks2/CAR/MotorControl/Vitis/MotorControl/zynq_fsbl/zynq_fsbl_bsp/system.mss|system||

TRACE::2025-04-27.12:51:10::SCWMssOS::Sw design exists and opened at  C:/PXL/devWorks/devWorks2/CAR/MotorControl/Vitis/MotorControl/zynq_fsbl/zynq_fsbl_bsp/system.mss
TRACE::2025-04-27.12:51:10::SCWPlatform::Trying to open the hw design at C:/PXL/devWorks/devWorks2/CAR/MotorControl/Vitis/MotorControl/hw/MotorControl.xsa
TRACE::2025-04-27.12:51:10::SCWPlatform::DSA given C:/PXL/devWorks/devWorks2/CAR/MotorControl/Vitis/MotorControl/hw/MotorControl.xsa
TRACE::2025-04-27.12:51:10::SCWPlatform::DSA absoulate path C:/PXL/devWorks/devWorks2/CAR/MotorControl/Vitis/MotorControl/hw/MotorControl.xsa
TRACE::2025-04-27.12:51:10::SCWPlatform::DSA directory C:/PXL/devWorks/devWorks2/CAR/MotorControl/Vitis/MotorControl/hw
TRACE::2025-04-27.12:51:10::SCWPlatform:: Platform Path C:/PXL/devWorks/devWorks2/CAR/MotorControl/Vitis/MotorControl/hw/MotorControl.xsa
TRACE::2025-04-27.12:51:10::SCWPlatform:: Unique name xilinx:pynq-z2::0.0
TRACE::2025-04-27.12:51:10::SCWPlatform::Trying to set the existing hwdb with name design_1_wrapper_0
TRACE::2025-04-27.12:51:10::SCWPlatform::Opened existing hwdb design_1_wrapper_0
TRACE::2025-04-27.12:51:10::SCWPlatform::Found the Hw Db part of the input DSA
TRACE::2025-04-27.12:51:10::SCWMssOS::Checking the sw design at  C:/PXL/devWorks/devWorks2/CAR/MotorControl/Vitis/MotorControl/zynq_fsbl/zynq_fsbl_bsp/system.mss
TRACE::2025-04-27.12:51:10::SCWMssOS::DEBUG:  swdes dump  C:/PXL/devWorks/devWorks2/CAR/MotorControl/Vitis/MotorControl/ps7_cortexa9_0/standalone_ps7_cortexa9_0/bsp/system.mss|system_0||
C:/PXL/devWorks/devWorks2/CAR/MotorControl/Vitis/MotorControl/zynq_fsbl/zynq_fsbl_bsp/system.mss|system||

TRACE::2025-04-27.12:51:10::SCWMssOS::Sw design exists and opened at  C:/PXL/devWorks/devWorks2/CAR/MotorControl/Vitis/MotorControl/zynq_fsbl/zynq_fsbl_bsp/system.mss
TRACE::2025-04-27.12:51:10::SCWPlatform::Trying to open the hw design at C:/PXL/devWorks/devWorks2/CAR/MotorControl/Vitis/MotorControl/hw/MotorControl.xsa
TRACE::2025-04-27.12:51:10::SCWPlatform::DSA given C:/PXL/devWorks/devWorks2/CAR/MotorControl/Vitis/MotorControl/hw/MotorControl.xsa
TRACE::2025-04-27.12:51:10::SCWPlatform::DSA absoulate path C:/PXL/devWorks/devWorks2/CAR/MotorControl/Vitis/MotorControl/hw/MotorControl.xsa
TRACE::2025-04-27.12:51:10::SCWPlatform::DSA directory C:/PXL/devWorks/devWorks2/CAR/MotorControl/Vitis/MotorControl/hw
TRACE::2025-04-27.12:51:10::SCWPlatform:: Platform Path C:/PXL/devWorks/devWorks2/CAR/MotorControl/Vitis/MotorControl/hw/MotorControl.xsa
TRACE::2025-04-27.12:51:10::SCWPlatform:: Unique name xilinx:pynq-z2::0.0
TRACE::2025-04-27.12:51:10::SCWPlatform::Trying to set the existing hwdb with name design_1_wrapper_0
TRACE::2025-04-27.12:51:10::SCWPlatform::Opened existing hwdb design_1_wrapper_0
TRACE::2025-04-27.12:51:10::SCWPlatform::Found the Hw Db part of the input DSA
TRACE::2025-04-27.12:51:10::SCWMssOS::Checking the sw design at  C:/PXL/devWorks/devWorks2/CAR/MotorControl/Vitis/MotorControl/zynq_fsbl/zynq_fsbl_bsp/system.mss
TRACE::2025-04-27.12:51:10::SCWMssOS::DEBUG:  swdes dump  C:/PXL/devWorks/devWorks2/CAR/MotorControl/Vitis/MotorControl/ps7_cortexa9_0/standalone_ps7_cortexa9_0/bsp/system.mss|system_0||
C:/PXL/devWorks/devWorks2/CAR/MotorControl/Vitis/MotorControl/zynq_fsbl/zynq_fsbl_bsp/system.mss|system||

TRACE::2025-04-27.12:51:10::SCWMssOS::Sw design exists and opened at  C:/PXL/devWorks/devWorks2/CAR/MotorControl/Vitis/MotorControl/zynq_fsbl/zynq_fsbl_bsp/system.mss
TRACE::2025-04-27.12:51:10::SCWPlatform::Trying to open the hw design at C:/PXL/devWorks/devWorks2/CAR/MotorControl/Vitis/MotorControl/hw/MotorControl.xsa
TRACE::2025-04-27.12:51:10::SCWPlatform::DSA given C:/PXL/devWorks/devWorks2/CAR/MotorControl/Vitis/MotorControl/hw/MotorControl.xsa
TRACE::2025-04-27.12:51:10::SCWPlatform::DSA absoulate path C:/PXL/devWorks/devWorks2/CAR/MotorControl/Vitis/MotorControl/hw/MotorControl.xsa
TRACE::2025-04-27.12:51:10::SCWPlatform::DSA directory C:/PXL/devWorks/devWorks2/CAR/MotorControl/Vitis/MotorControl/hw
TRACE::2025-04-27.12:51:10::SCWPlatform:: Platform Path C:/PXL/devWorks/devWorks2/CAR/MotorControl/Vitis/MotorControl/hw/MotorControl.xsa
TRACE::2025-04-27.12:51:10::SCWPlatform:: Unique name xilinx:pynq-z2::0.0
TRACE::2025-04-27.12:51:10::SCWPlatform::Trying to set the existing hwdb with name design_1_wrapper_0
TRACE::2025-04-27.12:51:10::SCWPlatform::Opened existing hwdb design_1_wrapper_0
TRACE::2025-04-27.12:51:10::SCWPlatform::Found the Hw Db part of the input DSA
TRACE::2025-04-27.12:51:10::SCWMssOS::Checking the sw design at  C:/PXL/devWorks/devWorks2/CAR/MotorControl/Vitis/MotorControl/ps7_cortexa9_0/standalone_ps7_cortexa9_0/bsp/system.mss
TRACE::2025-04-27.12:51:10::SCWMssOS::DEBUG:  swdes dump  C:/PXL/devWorks/devWorks2/CAR/MotorControl/Vitis/MotorControl/ps7_cortexa9_0/standalone_ps7_cortexa9_0/bsp/system.mss|system_0||
C:/PXL/devWorks/devWorks2/CAR/MotorControl/Vitis/MotorControl/zynq_fsbl/zynq_fsbl_bsp/system.mss|system||

TRACE::2025-04-27.12:51:10::SCWMssOS::Sw design exists and opened at  C:/PXL/devWorks/devWorks2/CAR/MotorControl/Vitis/MotorControl/ps7_cortexa9_0/standalone_ps7_cortexa9_0/bsp/system.mss
TRACE::2025-04-27.12:51:10::SCWPlatform::Trying to open the hw design at C:/PXL/devWorks/devWorks2/CAR/MotorControl/Vitis/MotorControl/hw/MotorControl.xsa
TRACE::2025-04-27.12:51:10::SCWPlatform::DSA given C:/PXL/devWorks/devWorks2/CAR/MotorControl/Vitis/MotorControl/hw/MotorControl.xsa
TRACE::2025-04-27.12:51:10::SCWPlatform::DSA absoulate path C:/PXL/devWorks/devWorks2/CAR/MotorControl/Vitis/MotorControl/hw/MotorControl.xsa
TRACE::2025-04-27.12:51:10::SCWPlatform::DSA directory C:/PXL/devWorks/devWorks2/CAR/MotorControl/Vitis/MotorControl/hw
TRACE::2025-04-27.12:51:10::SCWPlatform:: Platform Path C:/PXL/devWorks/devWorks2/CAR/MotorControl/Vitis/MotorControl/hw/MotorControl.xsa
TRACE::2025-04-27.12:51:10::SCWPlatform:: Unique name xilinx:pynq-z2::0.0
TRACE::2025-04-27.12:51:10::SCWPlatform::Trying to set the existing hwdb with name design_1_wrapper_0
TRACE::2025-04-27.12:51:10::SCWPlatform::Opened existing hwdb design_1_wrapper_0
TRACE::2025-04-27.12:51:10::SCWPlatform::Found the Hw Db part of the input DSA
TRACE::2025-04-27.12:51:10::SCWMssOS::Checking the sw design at  C:/PXL/devWorks/devWorks2/CAR/MotorControl/Vitis/MotorControl/ps7_cortexa9_0/standalone_ps7_cortexa9_0/bsp/system.mss
TRACE::2025-04-27.12:51:10::SCWMssOS::DEBUG:  swdes dump  C:/PXL/devWorks/devWorks2/CAR/MotorControl/Vitis/MotorControl/ps7_cortexa9_0/standalone_ps7_cortexa9_0/bsp/system.mss|system_0||
C:/PXL/devWorks/devWorks2/CAR/MotorControl/Vitis/MotorControl/zynq_fsbl/zynq_fsbl_bsp/system.mss|system||

TRACE::2025-04-27.12:51:10::SCWMssOS::Sw design exists and opened at  C:/PXL/devWorks/devWorks2/CAR/MotorControl/Vitis/MotorControl/ps7_cortexa9_0/standalone_ps7_cortexa9_0/bsp/system.mss
TRACE::2025-04-27.12:51:10::SCWPlatform::Trying to open the hw design at C:/PXL/devWorks/devWorks2/CAR/MotorControl/Vitis/MotorControl/hw/MotorControl.xsa
TRACE::2025-04-27.12:51:10::SCWPlatform::DSA given C:/PXL/devWorks/devWorks2/CAR/MotorControl/Vitis/MotorControl/hw/MotorControl.xsa
TRACE::2025-04-27.12:51:10::SCWPlatform::DSA absoulate path C:/PXL/devWorks/devWorks2/CAR/MotorControl/Vitis/MotorControl/hw/MotorControl.xsa
TRACE::2025-04-27.12:51:10::SCWPlatform::DSA directory C:/PXL/devWorks/devWorks2/CAR/MotorControl/Vitis/MotorControl/hw
TRACE::2025-04-27.12:51:10::SCWPlatform:: Platform Path C:/PXL/devWorks/devWorks2/CAR/MotorControl/Vitis/MotorControl/hw/MotorControl.xsa
TRACE::2025-04-27.12:51:10::SCWPlatform:: Unique name xilinx:pynq-z2::0.0
TRACE::2025-04-27.12:51:10::SCWPlatform::Trying to set the existing hwdb with name design_1_wrapper_0
TRACE::2025-04-27.12:51:10::SCWPlatform::Opened existing hwdb design_1_wrapper_0
TRACE::2025-04-27.12:51:10::SCWPlatform::Found the Hw Db part of the input DSA
TRACE::2025-04-27.12:51:10::SCWMssOS::Checking the sw design at  C:/PXL/devWorks/devWorks2/CAR/MotorControl/Vitis/MotorControl/ps7_cortexa9_0/standalone_ps7_cortexa9_0/bsp/system.mss
TRACE::2025-04-27.12:51:10::SCWMssOS::DEBUG:  swdes dump  C:/PXL/devWorks/devWorks2/CAR/MotorControl/Vitis/MotorControl/ps7_cortexa9_0/standalone_ps7_cortexa9_0/bsp/system.mss|system_0||
C:/PXL/devWorks/devWorks2/CAR/MotorControl/Vitis/MotorControl/zynq_fsbl/zynq_fsbl_bsp/system.mss|system||

TRACE::2025-04-27.12:51:10::SCWMssOS::Sw design exists and opened at  C:/PXL/devWorks/devWorks2/CAR/MotorControl/Vitis/MotorControl/ps7_cortexa9_0/standalone_ps7_cortexa9_0/bsp/system.mss
TRACE::2025-04-27.12:51:10::SCWWriter::formatted JSON is {
	"platformName":	"MotorControl",
	"sprVersion":	"2.0",
	"mode":	"gui",
	"dsaType":	"Fixed",
	"platformDesc":	"MotorControl",
	"platHandOff":	"C:/PXL/devWorks/devWorks2/CAR/MotorControl/MotorControl.xsa",
	"platIntHandOff":	"<platformDir>/hw/MotorControl.xsa",
	"deviceType":	"zynq",
	"platIsPrebuiltAutogen":	"false",
	"platIsNoBootBsp":	"false",
	"platFsblTarget":	"ps7_cortexa9_0",
	"hasFsblMakeHasChanges":	"false",
	"hasPmufwMakeHasChanges":	"false",
	"fsblExtraCompilerFlags":	"-MMD -MP       -mcpu=cortex-a9 -mfpu=vfpv3 -mfloat-abi=hard ",
	"platPreBuiltFlag":	false,
	"platformSamplesDir":	"",
	"platActiveSys":	"MotorControl",
	"systems":	[{
			"systemName":	"MotorControl",
			"systemDesc":	"MotorControl",
			"sysIsBootAutoGen":	"true",
			"systemDispName":	"MotorControl",
			"sysActiveDom":	"standalone_ps7_cortexa9_0",
			"sysDefaultDom":	"standalone_ps7_cortexa9_0",
			"domains":	[{
					"domainName":	"zynq_fsbl",
					"domainDispName":	"zynq_fsbl",
					"domainDesc":	"FSBL Application BSP - Auto Generated.",
					"processors":	"ps7_cortexa9_0",
					"os":	"standalone",
					"sdxOs":	"standalone",
					"debugEnable":	"",
					"domRuntimes":	["cpp"],
					"swRepo":	"",
					"mssOsVer":	"9.1",
					"mssFile":	"",
					"md5Digest":	"a507be10d22be35b784abcde4511a094",
					"compatibleApp":	"zynq_fsbl",
					"domType":	"bootDomain",
					"arch":	"32-bit",
					"appSettings":	{
						"appCompilerFlags":	"",
						"appLinkerFlags":	""
					},
					"addedLibs":	["xilffs:5.2", "xilrsa:1.8"],
					"libOptions":	{
						"libsContainingOptions":	[]
					},
					"prebuiltLibs":	{
						"prebuiltIncPath":	[],
						"prebuiltLibPath":	[]
					},
					"isolation":	{
					}
				}, {
					"domainName":	"standalone_ps7_cortexa9_0",
					"domainDispName":	"standalone_ps7_cortexa9_0",
					"domainDesc":	"standalone_ps7_cortexa9_0",
					"processors":	"ps7_cortexa9_0",
					"os":	"standalone",
					"sdxOs":	"standalone",
					"qemuArgs":	"<platformDir>/resources/MotorControl/standalone_ps7_cortexa9_0/qemu_args.txt",
					"qemuData":	"<platformDir>/resources/MotorControl/standalone_ps7_cortexa9_0/qemu",
					"debugEnable":	"False",
					"domRuntimes":	["cpp"],
					"swRepo":	"",
					"mssOsVer":	"9.1",
					"mssFile":	"",
					"md5Digest":	"847c6cb0bae0a296df868e952e6cba16",
					"compatibleApp":	"hello_world",
					"domType":	"mssDomain",
					"arch":	"32-bit",
					"appSettings":	{
						"appCompilerFlags":	"",
						"appLinkerFlags":	""
					},
					"addedLibs":	[],
					"libOptions":	{
						"libsContainingOptions":	[]
					},
					"prebuiltLibs":	{
						"prebuiltIncPath":	[],
						"prebuiltLibPath":	[]
					},
					"isolation":	{
					}
				}]
		}]
}
LOG::2025-04-27.12:51:10::SCWPlatform::Started generating the artifacts platform MotorControl
TRACE::2025-04-27.12:51:10::SCWPlatform::Sanity checking of platform is completed
LOG::2025-04-27.12:51:10::SCWPlatform::Started generating the artifacts for system configuration MotorControl
LOG::2025-04-27.12:51:10::SCWSystem::Checking the domain zynq_fsbl
LOG::2025-04-27.12:51:10::SCWSystem::Doing application build for :  zynq_fsbl
TRACE::2025-04-27.12:51:10::SCWBDomain::Not a forced makefile updation, No changes are present. 
TRACE::2025-04-27.12:51:10::SCWDomain::Skipping the build for domain :  zynq_fsbl
LOG::2025-04-27.12:51:10::SCWSystem::Checking the domain standalone_ps7_cortexa9_0
LOG::2025-04-27.12:51:10::SCWSystem::Not a boot domain 
LOG::2025-04-27.12:51:10::SCWSystem::Started Processing the domain standalone_ps7_cortexa9_0
TRACE::2025-04-27.12:51:10::SCWDomain::Generating domain artifcats
TRACE::2025-04-27.12:51:10::SCWMssOS::Generating standalone artifcats
TRACE::2025-04-27.12:51:10::SCWMssOS::Copying the qemu file from  C:/PXL/devWorks/devWorks2/CAR/MotorControl/Vitis/MotorControl/resources/MotorControl/standalone_ps7_cortexa9_0/qemu_args.txt To C:/PXL/devWorks/devWorks2/CAR/MotorControl/Vitis/MotorControl/export/MotorControl/sw/MotorControl/qemu/
TRACE::2025-04-27.12:51:10::SCWMssOS::Copying the qemu file from  C:/PXL/devWorks/devWorks2/CAR/MotorControl/Vitis/MotorControl/resources/MotorControl/standalone_ps7_cortexa9_0/qemu_args.txt To C:/PXL/devWorks/devWorks2/CAR/MotorControl/Vitis/MotorControl/export/MotorControl/sw/MotorControl/standalone_ps7_cortexa9_0/qemu/
TRACE::2025-04-27.12:51:10::SCWMssOS:: Copying the user libraries. 
TRACE::2025-04-27.12:51:10::SCWPlatform::Trying to open the hw design at C:/PXL/devWorks/devWorks2/CAR/MotorControl/Vitis/MotorControl/hw/MotorControl.xsa
TRACE::2025-04-27.12:51:10::SCWPlatform::DSA given C:/PXL/devWorks/devWorks2/CAR/MotorControl/Vitis/MotorControl/hw/MotorControl.xsa
TRACE::2025-04-27.12:51:10::SCWPlatform::DSA absoulate path C:/PXL/devWorks/devWorks2/CAR/MotorControl/Vitis/MotorControl/hw/MotorControl.xsa
TRACE::2025-04-27.12:51:10::SCWPlatform::DSA directory C:/PXL/devWorks/devWorks2/CAR/MotorControl/Vitis/MotorControl/hw
TRACE::2025-04-27.12:51:10::SCWPlatform:: Platform Path C:/PXL/devWorks/devWorks2/CAR/MotorControl/Vitis/MotorControl/hw/MotorControl.xsa
TRACE::2025-04-27.12:51:10::SCWPlatform:: Unique name xilinx:pynq-z2::0.0
TRACE::2025-04-27.12:51:10::SCWPlatform::Trying to set the existing hwdb with name design_1_wrapper_0
TRACE::2025-04-27.12:51:10::SCWPlatform::Opened existing hwdb design_1_wrapper_0
TRACE::2025-04-27.12:51:10::SCWPlatform::Found the Hw Db part of the input DSA
TRACE::2025-04-27.12:51:10::SCWMssOS::Checking the sw design at  C:/PXL/devWorks/devWorks2/CAR/MotorControl/Vitis/MotorControl/ps7_cortexa9_0/standalone_ps7_cortexa9_0/bsp/system.mss
TRACE::2025-04-27.12:51:10::SCWMssOS::DEBUG:  swdes dump  C:/PXL/devWorks/devWorks2/CAR/MotorControl/Vitis/MotorControl/ps7_cortexa9_0/standalone_ps7_cortexa9_0/bsp/system.mss|system_0||
C:/PXL/devWorks/devWorks2/CAR/MotorControl/Vitis/MotorControl/zynq_fsbl/zynq_fsbl_bsp/system.mss|system||

TRACE::2025-04-27.12:51:10::SCWMssOS::Sw design exists and opened at  C:/PXL/devWorks/devWorks2/CAR/MotorControl/Vitis/MotorControl/ps7_cortexa9_0/standalone_ps7_cortexa9_0/bsp/system.mss
TRACE::2025-04-27.12:51:10::SCWMssOS::Completed writing the mss file at C:/PXL/devWorks/devWorks2/CAR/MotorControl/Vitis/MotorControl/ps7_cortexa9_0/standalone_ps7_cortexa9_0/bsp
TRACE::2025-04-27.12:51:10::SCWMssOS::Mss edits present, copying mssfile into export location C:/PXL/devWorks/devWorks2/CAR/MotorControl/Vitis/MotorControl/ps7_cortexa9_0/standalone_ps7_cortexa9_0/bsp/system.mss
TRACE::2025-04-27.12:51:10::SCWMssOS::bsp generated is upto date with the mss file. Skipping bsp generation.
TRACE::2025-04-27.12:51:10::SCWMssOS::BSP is already built. skipping the bsp build ... 
TRACE::2025-04-27.12:51:10::SCWDomain::Skipping the build for domain :  standalone_ps7_cortexa9_0
TRACE::2025-04-27.12:51:10::SCWMssOS::skipping the bsp build ... 
TRACE::2025-04-27.12:51:10::SCWMssOS::Copying to export directory.
TRACE::2025-04-27.12:51:10::SCWMssOS:: Checking if to create the Supporting Applications
TRACE::2025-04-27.12:51:10::SCWMssOS:: No Linux domain exists, trying to generate FSBL 
TRACE::2025-04-27.12:51:10::SCWMssOS:: Completed Standalone Artifacts creation 
LOG::2025-04-27.12:51:10::SCWSystem::Completed Processing the domain standalone_ps7_cortexa9_0
LOG::2025-04-27.12:51:10::SCWSystem::Completed Processing the sysconfig MotorControl
LOG::2025-04-27.12:51:10::SCWPlatform::Completed generating the artifacts for system configuration MotorControl
TRACE::2025-04-27.12:51:10::SCWPlatform::Started preparing the platform 
TRACE::2025-04-27.12:51:10::SCWSystem::Writing the bif file for system config MotorControl
TRACE::2025-04-27.12:51:10::SCWSystem::dir created 
TRACE::2025-04-27.12:51:10::SCWSystem::Writing the bif 
TRACE::2025-04-27.12:51:10::SCWPlatform::Started writing the spfm file 
TRACE::2025-04-27.12:51:10::SCWPlatform::Started writing the xpfm file 
TRACE::2025-04-27.12:51:10::SCWPlatform::Completed generating the platform
TRACE::2025-04-27.12:51:10::SCWMssOS::Saving the mss changes C:/PXL/devWorks/devWorks2/CAR/MotorControl/Vitis/MotorControl/zynq_fsbl/zynq_fsbl_bsp/system.mss
TRACE::2025-04-27.12:51:10::SCWMssOS::Found a swdesign opened with the mssfile.
TRACE::2025-04-27.12:51:10::SCWMssOS::Completed writemss as part of save.
TRACE::2025-04-27.12:51:10::SCWMssOS::Commit changes completed.
TRACE::2025-04-27.12:51:10::SCWMssOS::Saving the mss changes C:/PXL/devWorks/devWorks2/CAR/MotorControl/Vitis/MotorControl/ps7_cortexa9_0/standalone_ps7_cortexa9_0/bsp/system.mss
TRACE::2025-04-27.12:51:10::SCWMssOS::Found a swdesign opened with the mssfile.
TRACE::2025-04-27.12:51:10::SCWMssOS::Completed writemss as part of save.
TRACE::2025-04-27.12:51:10::SCWMssOS::Commit changes completed.
TRACE::2025-04-27.12:51:10::SCWPlatform::Trying to open the hw design at C:/PXL/devWorks/devWorks2/CAR/MotorControl/Vitis/MotorControl/hw/MotorControl.xsa
TRACE::2025-04-27.12:51:10::SCWPlatform::DSA given C:/PXL/devWorks/devWorks2/CAR/MotorControl/Vitis/MotorControl/hw/MotorControl.xsa
TRACE::2025-04-27.12:51:10::SCWPlatform::DSA absoulate path C:/PXL/devWorks/devWorks2/CAR/MotorControl/Vitis/MotorControl/hw/MotorControl.xsa
TRACE::2025-04-27.12:51:10::SCWPlatform::DSA directory C:/PXL/devWorks/devWorks2/CAR/MotorControl/Vitis/MotorControl/hw
TRACE::2025-04-27.12:51:10::SCWPlatform:: Platform Path C:/PXL/devWorks/devWorks2/CAR/MotorControl/Vitis/MotorControl/hw/MotorControl.xsa
TRACE::2025-04-27.12:51:10::SCWPlatform:: Unique name xilinx:pynq-z2::0.0
TRACE::2025-04-27.12:51:10::SCWPlatform::Trying to set the existing hwdb with name design_1_wrapper_0
TRACE::2025-04-27.12:51:10::SCWPlatform::Opened existing hwdb design_1_wrapper_0
TRACE::2025-04-27.12:51:10::SCWPlatform::Found the Hw Db part of the input DSA
TRACE::2025-04-27.12:51:10::SCWMssOS::Checking the sw design at  C:/PXL/devWorks/devWorks2/CAR/MotorControl/Vitis/MotorControl/zynq_fsbl/zynq_fsbl_bsp/system.mss
TRACE::2025-04-27.12:51:10::SCWMssOS::DEBUG:  swdes dump  C:/PXL/devWorks/devWorks2/CAR/MotorControl/Vitis/MotorControl/ps7_cortexa9_0/standalone_ps7_cortexa9_0/bsp/system.mss|system_0||
C:/PXL/devWorks/devWorks2/CAR/MotorControl/Vitis/MotorControl/zynq_fsbl/zynq_fsbl_bsp/system.mss|system||

TRACE::2025-04-27.12:51:10::SCWMssOS::Sw design exists and opened at  C:/PXL/devWorks/devWorks2/CAR/MotorControl/Vitis/MotorControl/zynq_fsbl/zynq_fsbl_bsp/system.mss
TRACE::2025-04-27.12:51:10::SCWPlatform::Trying to open the hw design at C:/PXL/devWorks/devWorks2/CAR/MotorControl/Vitis/MotorControl/hw/MotorControl.xsa
TRACE::2025-04-27.12:51:10::SCWPlatform::DSA given C:/PXL/devWorks/devWorks2/CAR/MotorControl/Vitis/MotorControl/hw/MotorControl.xsa
TRACE::2025-04-27.12:51:10::SCWPlatform::DSA absoulate path C:/PXL/devWorks/devWorks2/CAR/MotorControl/Vitis/MotorControl/hw/MotorControl.xsa
TRACE::2025-04-27.12:51:10::SCWPlatform::DSA directory C:/PXL/devWorks/devWorks2/CAR/MotorControl/Vitis/MotorControl/hw
TRACE::2025-04-27.12:51:10::SCWPlatform:: Platform Path C:/PXL/devWorks/devWorks2/CAR/MotorControl/Vitis/MotorControl/hw/MotorControl.xsa
TRACE::2025-04-27.12:51:10::SCWPlatform:: Unique name xilinx:pynq-z2::0.0
TRACE::2025-04-27.12:51:10::SCWPlatform::Trying to set the existing hwdb with name design_1_wrapper_0
TRACE::2025-04-27.12:51:10::SCWPlatform::Opened existing hwdb design_1_wrapper_0
TRACE::2025-04-27.12:51:10::SCWPlatform::Found the Hw Db part of the input DSA
TRACE::2025-04-27.12:51:10::SCWMssOS::Checking the sw design at  C:/PXL/devWorks/devWorks2/CAR/MotorControl/Vitis/MotorControl/zynq_fsbl/zynq_fsbl_bsp/system.mss
TRACE::2025-04-27.12:51:10::SCWMssOS::DEBUG:  swdes dump  C:/PXL/devWorks/devWorks2/CAR/MotorControl/Vitis/MotorControl/ps7_cortexa9_0/standalone_ps7_cortexa9_0/bsp/system.mss|system_0||
C:/PXL/devWorks/devWorks2/CAR/MotorControl/Vitis/MotorControl/zynq_fsbl/zynq_fsbl_bsp/system.mss|system||

TRACE::2025-04-27.12:51:10::SCWMssOS::Sw design exists and opened at  C:/PXL/devWorks/devWorks2/CAR/MotorControl/Vitis/MotorControl/zynq_fsbl/zynq_fsbl_bsp/system.mss
TRACE::2025-04-27.12:51:10::SCWPlatform::Trying to open the hw design at C:/PXL/devWorks/devWorks2/CAR/MotorControl/Vitis/MotorControl/hw/MotorControl.xsa
TRACE::2025-04-27.12:51:10::SCWPlatform::DSA given C:/PXL/devWorks/devWorks2/CAR/MotorControl/Vitis/MotorControl/hw/MotorControl.xsa
TRACE::2025-04-27.12:51:10::SCWPlatform::DSA absoulate path C:/PXL/devWorks/devWorks2/CAR/MotorControl/Vitis/MotorControl/hw/MotorControl.xsa
TRACE::2025-04-27.12:51:10::SCWPlatform::DSA directory C:/PXL/devWorks/devWorks2/CAR/MotorControl/Vitis/MotorControl/hw
TRACE::2025-04-27.12:51:10::SCWPlatform:: Platform Path C:/PXL/devWorks/devWorks2/CAR/MotorControl/Vitis/MotorControl/hw/MotorControl.xsa
TRACE::2025-04-27.12:51:10::SCWPlatform:: Unique name xilinx:pynq-z2::0.0
TRACE::2025-04-27.12:51:10::SCWPlatform::Trying to set the existing hwdb with name design_1_wrapper_0
TRACE::2025-04-27.12:51:10::SCWPlatform::Opened existing hwdb design_1_wrapper_0
TRACE::2025-04-27.12:51:10::SCWPlatform::Found the Hw Db part of the input DSA
TRACE::2025-04-27.12:51:10::SCWMssOS::Checking the sw design at  C:/PXL/devWorks/devWorks2/CAR/MotorControl/Vitis/MotorControl/zynq_fsbl/zynq_fsbl_bsp/system.mss
TRACE::2025-04-27.12:51:10::SCWMssOS::DEBUG:  swdes dump  C:/PXL/devWorks/devWorks2/CAR/MotorControl/Vitis/MotorControl/ps7_cortexa9_0/standalone_ps7_cortexa9_0/bsp/system.mss|system_0||
C:/PXL/devWorks/devWorks2/CAR/MotorControl/Vitis/MotorControl/zynq_fsbl/zynq_fsbl_bsp/system.mss|system||

TRACE::2025-04-27.12:51:10::SCWMssOS::Sw design exists and opened at  C:/PXL/devWorks/devWorks2/CAR/MotorControl/Vitis/MotorControl/zynq_fsbl/zynq_fsbl_bsp/system.mss
TRACE::2025-04-27.12:51:10::SCWPlatform::Trying to open the hw design at C:/PXL/devWorks/devWorks2/CAR/MotorControl/Vitis/MotorControl/hw/MotorControl.xsa
TRACE::2025-04-27.12:51:10::SCWPlatform::DSA given C:/PXL/devWorks/devWorks2/CAR/MotorControl/Vitis/MotorControl/hw/MotorControl.xsa
TRACE::2025-04-27.12:51:10::SCWPlatform::DSA absoulate path C:/PXL/devWorks/devWorks2/CAR/MotorControl/Vitis/MotorControl/hw/MotorControl.xsa
TRACE::2025-04-27.12:51:10::SCWPlatform::DSA directory C:/PXL/devWorks/devWorks2/CAR/MotorControl/Vitis/MotorControl/hw
TRACE::2025-04-27.12:51:10::SCWPlatform:: Platform Path C:/PXL/devWorks/devWorks2/CAR/MotorControl/Vitis/MotorControl/hw/MotorControl.xsa
TRACE::2025-04-27.12:51:10::SCWPlatform:: Unique name xilinx:pynq-z2::0.0
TRACE::2025-04-27.12:51:10::SCWPlatform::Trying to set the existing hwdb with name design_1_wrapper_0
TRACE::2025-04-27.12:51:10::SCWPlatform::Opened existing hwdb design_1_wrapper_0
TRACE::2025-04-27.12:51:10::SCWPlatform::Found the Hw Db part of the input DSA
TRACE::2025-04-27.12:51:10::SCWMssOS::Checking the sw design at  C:/PXL/devWorks/devWorks2/CAR/MotorControl/Vitis/MotorControl/ps7_cortexa9_0/standalone_ps7_cortexa9_0/bsp/system.mss
TRACE::2025-04-27.12:51:10::SCWMssOS::DEBUG:  swdes dump  C:/PXL/devWorks/devWorks2/CAR/MotorControl/Vitis/MotorControl/ps7_cortexa9_0/standalone_ps7_cortexa9_0/bsp/system.mss|system_0||
C:/PXL/devWorks/devWorks2/CAR/MotorControl/Vitis/MotorControl/zynq_fsbl/zynq_fsbl_bsp/system.mss|system||

TRACE::2025-04-27.12:51:10::SCWMssOS::Sw design exists and opened at  C:/PXL/devWorks/devWorks2/CAR/MotorControl/Vitis/MotorControl/ps7_cortexa9_0/standalone_ps7_cortexa9_0/bsp/system.mss
TRACE::2025-04-27.12:51:10::SCWPlatform::Trying to open the hw design at C:/PXL/devWorks/devWorks2/CAR/MotorControl/Vitis/MotorControl/hw/MotorControl.xsa
TRACE::2025-04-27.12:51:10::SCWPlatform::DSA given C:/PXL/devWorks/devWorks2/CAR/MotorControl/Vitis/MotorControl/hw/MotorControl.xsa
TRACE::2025-04-27.12:51:10::SCWPlatform::DSA absoulate path C:/PXL/devWorks/devWorks2/CAR/MotorControl/Vitis/MotorControl/hw/MotorControl.xsa
TRACE::2025-04-27.12:51:10::SCWPlatform::DSA directory C:/PXL/devWorks/devWorks2/CAR/MotorControl/Vitis/MotorControl/hw
TRACE::2025-04-27.12:51:10::SCWPlatform:: Platform Path C:/PXL/devWorks/devWorks2/CAR/MotorControl/Vitis/MotorControl/hw/MotorControl.xsa
TRACE::2025-04-27.12:51:10::SCWPlatform:: Unique name xilinx:pynq-z2::0.0
TRACE::2025-04-27.12:51:10::SCWPlatform::Trying to set the existing hwdb with name design_1_wrapper_0
TRACE::2025-04-27.12:51:10::SCWPlatform::Opened existing hwdb design_1_wrapper_0
TRACE::2025-04-27.12:51:10::SCWPlatform::Found the Hw Db part of the input DSA
TRACE::2025-04-27.12:51:10::SCWMssOS::Checking the sw design at  C:/PXL/devWorks/devWorks2/CAR/MotorControl/Vitis/MotorControl/ps7_cortexa9_0/standalone_ps7_cortexa9_0/bsp/system.mss
TRACE::2025-04-27.12:51:10::SCWMssOS::DEBUG:  swdes dump  C:/PXL/devWorks/devWorks2/CAR/MotorControl/Vitis/MotorControl/ps7_cortexa9_0/standalone_ps7_cortexa9_0/bsp/system.mss|system_0||
C:/PXL/devWorks/devWorks2/CAR/MotorControl/Vitis/MotorControl/zynq_fsbl/zynq_fsbl_bsp/system.mss|system||

TRACE::2025-04-27.12:51:10::SCWMssOS::Sw design exists and opened at  C:/PXL/devWorks/devWorks2/CAR/MotorControl/Vitis/MotorControl/ps7_cortexa9_0/standalone_ps7_cortexa9_0/bsp/system.mss
TRACE::2025-04-27.12:51:10::SCWPlatform::Trying to open the hw design at C:/PXL/devWorks/devWorks2/CAR/MotorControl/Vitis/MotorControl/hw/MotorControl.xsa
TRACE::2025-04-27.12:51:10::SCWPlatform::DSA given C:/PXL/devWorks/devWorks2/CAR/MotorControl/Vitis/MotorControl/hw/MotorControl.xsa
TRACE::2025-04-27.12:51:10::SCWPlatform::DSA absoulate path C:/PXL/devWorks/devWorks2/CAR/MotorControl/Vitis/MotorControl/hw/MotorControl.xsa
TRACE::2025-04-27.12:51:10::SCWPlatform::DSA directory C:/PXL/devWorks/devWorks2/CAR/MotorControl/Vitis/MotorControl/hw
TRACE::2025-04-27.12:51:10::SCWPlatform:: Platform Path C:/PXL/devWorks/devWorks2/CAR/MotorControl/Vitis/MotorControl/hw/MotorControl.xsa
TRACE::2025-04-27.12:51:10::SCWPlatform:: Unique name xilinx:pynq-z2::0.0
TRACE::2025-04-27.12:51:10::SCWPlatform::Trying to set the existing hwdb with name design_1_wrapper_0
TRACE::2025-04-27.12:51:10::SCWPlatform::Opened existing hwdb design_1_wrapper_0
TRACE::2025-04-27.12:51:10::SCWPlatform::Found the Hw Db part of the input DSA
TRACE::2025-04-27.12:51:10::SCWMssOS::Checking the sw design at  C:/PXL/devWorks/devWorks2/CAR/MotorControl/Vitis/MotorControl/ps7_cortexa9_0/standalone_ps7_cortexa9_0/bsp/system.mss
TRACE::2025-04-27.12:51:10::SCWMssOS::DEBUG:  swdes dump  C:/PXL/devWorks/devWorks2/CAR/MotorControl/Vitis/MotorControl/ps7_cortexa9_0/standalone_ps7_cortexa9_0/bsp/system.mss|system_0||
C:/PXL/devWorks/devWorks2/CAR/MotorControl/Vitis/MotorControl/zynq_fsbl/zynq_fsbl_bsp/system.mss|system||

TRACE::2025-04-27.12:51:10::SCWMssOS::Sw design exists and opened at  C:/PXL/devWorks/devWorks2/CAR/MotorControl/Vitis/MotorControl/ps7_cortexa9_0/standalone_ps7_cortexa9_0/bsp/system.mss
TRACE::2025-04-27.12:51:10::SCWWriter::formatted JSON is {
	"platformName":	"MotorControl",
	"sprVersion":	"2.0",
	"mode":	"gui",
	"dsaType":	"Fixed",
	"platformDesc":	"MotorControl",
	"platHandOff":	"C:/PXL/devWorks/devWorks2/CAR/MotorControl/MotorControl.xsa",
	"platIntHandOff":	"<platformDir>/hw/MotorControl.xsa",
	"deviceType":	"zynq",
	"platIsPrebuiltAutogen":	"false",
	"platIsNoBootBsp":	"false",
	"platFsblTarget":	"ps7_cortexa9_0",
	"hasFsblMakeHasChanges":	"false",
	"hasPmufwMakeHasChanges":	"false",
	"fsblExtraCompilerFlags":	"-MMD -MP       -mcpu=cortex-a9 -mfpu=vfpv3 -mfloat-abi=hard ",
	"platPreBuiltFlag":	false,
	"platformSamplesDir":	"",
	"platActiveSys":	"MotorControl",
	"systems":	[{
			"systemName":	"MotorControl",
			"systemDesc":	"MotorControl",
			"sysIsBootAutoGen":	"true",
			"systemDispName":	"MotorControl",
			"sysActiveDom":	"standalone_ps7_cortexa9_0",
			"sysDefaultDom":	"standalone_ps7_cortexa9_0",
			"domains":	[{
					"domainName":	"zynq_fsbl",
					"domainDispName":	"zynq_fsbl",
					"domainDesc":	"FSBL Application BSP - Auto Generated.",
					"processors":	"ps7_cortexa9_0",
					"os":	"standalone",
					"sdxOs":	"standalone",
					"debugEnable":	"",
					"domRuntimes":	["cpp"],
					"swRepo":	"",
					"mssOsVer":	"9.1",
					"mssFile":	"",
					"md5Digest":	"a507be10d22be35b784abcde4511a094",
					"compatibleApp":	"zynq_fsbl",
					"domType":	"bootDomain",
					"arch":	"32-bit",
					"appSettings":	{
						"appCompilerFlags":	"",
						"appLinkerFlags":	""
					},
					"addedLibs":	["xilffs:5.2", "xilrsa:1.8"],
					"libOptions":	{
						"libsContainingOptions":	[]
					},
					"prebuiltLibs":	{
						"prebuiltIncPath":	[],
						"prebuiltLibPath":	[]
					},
					"isolation":	{
					}
				}, {
					"domainName":	"standalone_ps7_cortexa9_0",
					"domainDispName":	"standalone_ps7_cortexa9_0",
					"domainDesc":	"standalone_ps7_cortexa9_0",
					"processors":	"ps7_cortexa9_0",
					"os":	"standalone",
					"sdxOs":	"standalone",
					"qemuArgs":	"<platformDir>/resources/MotorControl/standalone_ps7_cortexa9_0/qemu_args.txt",
					"qemuData":	"<platformDir>/resources/MotorControl/standalone_ps7_cortexa9_0/qemu",
					"debugEnable":	"False",
					"domRuntimes":	["cpp"],
					"swRepo":	"",
					"mssOsVer":	"9.1",
					"mssFile":	"",
					"md5Digest":	"847c6cb0bae0a296df868e952e6cba16",
					"compatibleApp":	"hello_world",
					"domType":	"mssDomain",
					"arch":	"32-bit",
					"appSettings":	{
						"appCompilerFlags":	"",
						"appLinkerFlags":	""
					},
					"addedLibs":	[],
					"libOptions":	{
						"libsContainingOptions":	[]
					},
					"prebuiltLibs":	{
						"prebuiltIncPath":	[],
						"prebuiltLibPath":	[]
					},
					"isolation":	{
					}
				}]
		}]
}
KEYINFO::2025-04-27.12:51:10::SCWPlatform::updated the xpfm file.
TRACE::2025-04-27.12:51:10::SCWPlatform::Trying to open the hw design at C:/PXL/devWorks/devWorks2/CAR/MotorControl/Vitis/MotorControl/hw/MotorControl.xsa
TRACE::2025-04-27.12:51:10::SCWPlatform::DSA given C:/PXL/devWorks/devWorks2/CAR/MotorControl/Vitis/MotorControl/hw/MotorControl.xsa
TRACE::2025-04-27.12:51:10::SCWPlatform::DSA absoulate path C:/PXL/devWorks/devWorks2/CAR/MotorControl/Vitis/MotorControl/hw/MotorControl.xsa
TRACE::2025-04-27.12:51:10::SCWPlatform::DSA directory C:/PXL/devWorks/devWorks2/CAR/MotorControl/Vitis/MotorControl/hw
TRACE::2025-04-27.12:51:10::SCWPlatform:: Platform Path C:/PXL/devWorks/devWorks2/CAR/MotorControl/Vitis/MotorControl/hw/MotorControl.xsa
TRACE::2025-04-27.12:51:10::SCWPlatform:: Unique name xilinx:pynq-z2::0.0
TRACE::2025-04-27.12:51:10::SCWPlatform::Trying to set the existing hwdb with name design_1_wrapper_0
TRACE::2025-04-27.12:51:10::SCWPlatform::Opened existing hwdb design_1_wrapper_0
TRACE::2025-04-27.12:51:10::SCWPlatform::Found the Hw Db part of the input DSA
TRACE::2025-04-27.12:51:10::SCWMssOS::Checking the sw design at  C:/PXL/devWorks/devWorks2/CAR/MotorControl/Vitis/MotorControl/ps7_cortexa9_0/standalone_ps7_cortexa9_0/bsp/system.mss
TRACE::2025-04-27.12:51:10::SCWMssOS::DEBUG:  swdes dump  C:/PXL/devWorks/devWorks2/CAR/MotorControl/Vitis/MotorControl/ps7_cortexa9_0/standalone_ps7_cortexa9_0/bsp/system.mss|system_0||
C:/PXL/devWorks/devWorks2/CAR/MotorControl/Vitis/MotorControl/zynq_fsbl/zynq_fsbl_bsp/system.mss|system||

TRACE::2025-04-27.12:51:10::SCWMssOS::Sw design exists and opened at  C:/PXL/devWorks/devWorks2/CAR/MotorControl/Vitis/MotorControl/ps7_cortexa9_0/standalone_ps7_cortexa9_0/bsp/system.mss
TRACE::2025-04-27.12:51:10::SCWMssOS::Saving the mss changes C:/PXL/devWorks/devWorks2/CAR/MotorControl/Vitis/MotorControl/zynq_fsbl/zynq_fsbl_bsp/system.mss
TRACE::2025-04-27.12:51:10::SCWMssOS::Found a swdesign opened with the mssfile.
TRACE::2025-04-27.12:51:10::SCWMssOS::Completed writemss as part of save.
TRACE::2025-04-27.12:51:10::SCWMssOS::Commit changes completed.
TRACE::2025-04-27.12:51:10::SCWMssOS::Saving the mss changes C:/PXL/devWorks/devWorks2/CAR/MotorControl/Vitis/MotorControl/ps7_cortexa9_0/standalone_ps7_cortexa9_0/bsp/system.mss
TRACE::2025-04-27.12:51:10::SCWMssOS::Found a swdesign opened with the mssfile.
TRACE::2025-04-27.12:51:10::SCWMssOS::Completed writemss as part of save.
TRACE::2025-04-27.12:51:10::SCWMssOS::Commit changes completed.
TRACE::2025-04-27.12:51:10::SCWPlatform::Trying to open the hw design at C:/PXL/devWorks/devWorks2/CAR/MotorControl/Vitis/MotorControl/hw/MotorControl.xsa
TRACE::2025-04-27.12:51:10::SCWPlatform::DSA given C:/PXL/devWorks/devWorks2/CAR/MotorControl/Vitis/MotorControl/hw/MotorControl.xsa
TRACE::2025-04-27.12:51:10::SCWPlatform::DSA absoulate path C:/PXL/devWorks/devWorks2/CAR/MotorControl/Vitis/MotorControl/hw/MotorControl.xsa
TRACE::2025-04-27.12:51:10::SCWPlatform::DSA directory C:/PXL/devWorks/devWorks2/CAR/MotorControl/Vitis/MotorControl/hw
TRACE::2025-04-27.12:51:10::SCWPlatform:: Platform Path C:/PXL/devWorks/devWorks2/CAR/MotorControl/Vitis/MotorControl/hw/MotorControl.xsa
TRACE::2025-04-27.12:51:10::SCWPlatform:: Unique name xilinx:pynq-z2::0.0
TRACE::2025-04-27.12:51:10::SCWPlatform::Trying to set the existing hwdb with name design_1_wrapper_0
TRACE::2025-04-27.12:51:10::SCWPlatform::Opened existing hwdb design_1_wrapper_0
TRACE::2025-04-27.12:51:10::SCWPlatform::Found the Hw Db part of the input DSA
TRACE::2025-04-27.12:51:10::SCWMssOS::Checking the sw design at  C:/PXL/devWorks/devWorks2/CAR/MotorControl/Vitis/MotorControl/zynq_fsbl/zynq_fsbl_bsp/system.mss
TRACE::2025-04-27.12:51:10::SCWMssOS::DEBUG:  swdes dump  C:/PXL/devWorks/devWorks2/CAR/MotorControl/Vitis/MotorControl/ps7_cortexa9_0/standalone_ps7_cortexa9_0/bsp/system.mss|system_0||
C:/PXL/devWorks/devWorks2/CAR/MotorControl/Vitis/MotorControl/zynq_fsbl/zynq_fsbl_bsp/system.mss|system||

TRACE::2025-04-27.12:51:10::SCWMssOS::Sw design exists and opened at  C:/PXL/devWorks/devWorks2/CAR/MotorControl/Vitis/MotorControl/zynq_fsbl/zynq_fsbl_bsp/system.mss
TRACE::2025-04-27.12:51:10::SCWPlatform::Trying to open the hw design at C:/PXL/devWorks/devWorks2/CAR/MotorControl/Vitis/MotorControl/hw/MotorControl.xsa
TRACE::2025-04-27.12:51:10::SCWPlatform::DSA given C:/PXL/devWorks/devWorks2/CAR/MotorControl/Vitis/MotorControl/hw/MotorControl.xsa
TRACE::2025-04-27.12:51:10::SCWPlatform::DSA absoulate path C:/PXL/devWorks/devWorks2/CAR/MotorControl/Vitis/MotorControl/hw/MotorControl.xsa
TRACE::2025-04-27.12:51:10::SCWPlatform::DSA directory C:/PXL/devWorks/devWorks2/CAR/MotorControl/Vitis/MotorControl/hw
TRACE::2025-04-27.12:51:10::SCWPlatform:: Platform Path C:/PXL/devWorks/devWorks2/CAR/MotorControl/Vitis/MotorControl/hw/MotorControl.xsa
TRACE::2025-04-27.12:51:10::SCWPlatform:: Unique name xilinx:pynq-z2::0.0
TRACE::2025-04-27.12:51:10::SCWPlatform::Trying to set the existing hwdb with name design_1_wrapper_0
TRACE::2025-04-27.12:51:10::SCWPlatform::Opened existing hwdb design_1_wrapper_0
TRACE::2025-04-27.12:51:10::SCWPlatform::Found the Hw Db part of the input DSA
TRACE::2025-04-27.12:51:10::SCWMssOS::Checking the sw design at  C:/PXL/devWorks/devWorks2/CAR/MotorControl/Vitis/MotorControl/zynq_fsbl/zynq_fsbl_bsp/system.mss
TRACE::2025-04-27.12:51:10::SCWMssOS::DEBUG:  swdes dump  C:/PXL/devWorks/devWorks2/CAR/MotorControl/Vitis/MotorControl/ps7_cortexa9_0/standalone_ps7_cortexa9_0/bsp/system.mss|system_0||
C:/PXL/devWorks/devWorks2/CAR/MotorControl/Vitis/MotorControl/zynq_fsbl/zynq_fsbl_bsp/system.mss|system||

TRACE::2025-04-27.12:51:10::SCWMssOS::Sw design exists and opened at  C:/PXL/devWorks/devWorks2/CAR/MotorControl/Vitis/MotorControl/zynq_fsbl/zynq_fsbl_bsp/system.mss
TRACE::2025-04-27.12:51:10::SCWPlatform::Trying to open the hw design at C:/PXL/devWorks/devWorks2/CAR/MotorControl/Vitis/MotorControl/hw/MotorControl.xsa
TRACE::2025-04-27.12:51:10::SCWPlatform::DSA given C:/PXL/devWorks/devWorks2/CAR/MotorControl/Vitis/MotorControl/hw/MotorControl.xsa
TRACE::2025-04-27.12:51:10::SCWPlatform::DSA absoulate path C:/PXL/devWorks/devWorks2/CAR/MotorControl/Vitis/MotorControl/hw/MotorControl.xsa
TRACE::2025-04-27.12:51:10::SCWPlatform::DSA directory C:/PXL/devWorks/devWorks2/CAR/MotorControl/Vitis/MotorControl/hw
TRACE::2025-04-27.12:51:10::SCWPlatform:: Platform Path C:/PXL/devWorks/devWorks2/CAR/MotorControl/Vitis/MotorControl/hw/MotorControl.xsa
TRACE::2025-04-27.12:51:10::SCWPlatform:: Unique name xilinx:pynq-z2::0.0
TRACE::2025-04-27.12:51:10::SCWPlatform::Trying to set the existing hwdb with name design_1_wrapper_0
TRACE::2025-04-27.12:51:10::SCWPlatform::Opened existing hwdb design_1_wrapper_0
TRACE::2025-04-27.12:51:10::SCWPlatform::Found the Hw Db part of the input DSA
TRACE::2025-04-27.12:51:10::SCWMssOS::Checking the sw design at  C:/PXL/devWorks/devWorks2/CAR/MotorControl/Vitis/MotorControl/zynq_fsbl/zynq_fsbl_bsp/system.mss
TRACE::2025-04-27.12:51:10::SCWMssOS::DEBUG:  swdes dump  C:/PXL/devWorks/devWorks2/CAR/MotorControl/Vitis/MotorControl/ps7_cortexa9_0/standalone_ps7_cortexa9_0/bsp/system.mss|system_0||
C:/PXL/devWorks/devWorks2/CAR/MotorControl/Vitis/MotorControl/zynq_fsbl/zynq_fsbl_bsp/system.mss|system||

TRACE::2025-04-27.12:51:10::SCWMssOS::Sw design exists and opened at  C:/PXL/devWorks/devWorks2/CAR/MotorControl/Vitis/MotorControl/zynq_fsbl/zynq_fsbl_bsp/system.mss
TRACE::2025-04-27.12:51:10::SCWPlatform::Trying to open the hw design at C:/PXL/devWorks/devWorks2/CAR/MotorControl/Vitis/MotorControl/hw/MotorControl.xsa
TRACE::2025-04-27.12:51:10::SCWPlatform::DSA given C:/PXL/devWorks/devWorks2/CAR/MotorControl/Vitis/MotorControl/hw/MotorControl.xsa
TRACE::2025-04-27.12:51:10::SCWPlatform::DSA absoulate path C:/PXL/devWorks/devWorks2/CAR/MotorControl/Vitis/MotorControl/hw/MotorControl.xsa
TRACE::2025-04-27.12:51:10::SCWPlatform::DSA directory C:/PXL/devWorks/devWorks2/CAR/MotorControl/Vitis/MotorControl/hw
TRACE::2025-04-27.12:51:10::SCWPlatform:: Platform Path C:/PXL/devWorks/devWorks2/CAR/MotorControl/Vitis/MotorControl/hw/MotorControl.xsa
TRACE::2025-04-27.12:51:10::SCWPlatform:: Unique name xilinx:pynq-z2::0.0
TRACE::2025-04-27.12:51:10::SCWPlatform::Trying to set the existing hwdb with name design_1_wrapper_0
TRACE::2025-04-27.12:51:10::SCWPlatform::Opened existing hwdb design_1_wrapper_0
TRACE::2025-04-27.12:51:10::SCWPlatform::Found the Hw Db part of the input DSA
TRACE::2025-04-27.12:51:10::SCWMssOS::Checking the sw design at  C:/PXL/devWorks/devWorks2/CAR/MotorControl/Vitis/MotorControl/ps7_cortexa9_0/standalone_ps7_cortexa9_0/bsp/system.mss
TRACE::2025-04-27.12:51:10::SCWMssOS::DEBUG:  swdes dump  C:/PXL/devWorks/devWorks2/CAR/MotorControl/Vitis/MotorControl/ps7_cortexa9_0/standalone_ps7_cortexa9_0/bsp/system.mss|system_0||
C:/PXL/devWorks/devWorks2/CAR/MotorControl/Vitis/MotorControl/zynq_fsbl/zynq_fsbl_bsp/system.mss|system||

TRACE::2025-04-27.12:51:10::SCWMssOS::Sw design exists and opened at  C:/PXL/devWorks/devWorks2/CAR/MotorControl/Vitis/MotorControl/ps7_cortexa9_0/standalone_ps7_cortexa9_0/bsp/system.mss
TRACE::2025-04-27.12:51:10::SCWPlatform::Trying to open the hw design at C:/PXL/devWorks/devWorks2/CAR/MotorControl/Vitis/MotorControl/hw/MotorControl.xsa
TRACE::2025-04-27.12:51:10::SCWPlatform::DSA given C:/PXL/devWorks/devWorks2/CAR/MotorControl/Vitis/MotorControl/hw/MotorControl.xsa
TRACE::2025-04-27.12:51:10::SCWPlatform::DSA absoulate path C:/PXL/devWorks/devWorks2/CAR/MotorControl/Vitis/MotorControl/hw/MotorControl.xsa
TRACE::2025-04-27.12:51:10::SCWPlatform::DSA directory C:/PXL/devWorks/devWorks2/CAR/MotorControl/Vitis/MotorControl/hw
TRACE::2025-04-27.12:51:10::SCWPlatform:: Platform Path C:/PXL/devWorks/devWorks2/CAR/MotorControl/Vitis/MotorControl/hw/MotorControl.xsa
TRACE::2025-04-27.12:51:10::SCWPlatform:: Unique name xilinx:pynq-z2::0.0
TRACE::2025-04-27.12:51:10::SCWPlatform::Trying to set the existing hwdb with name design_1_wrapper_0
TRACE::2025-04-27.12:51:10::SCWPlatform::Opened existing hwdb design_1_wrapper_0
TRACE::2025-04-27.12:51:10::SCWPlatform::Found the Hw Db part of the input DSA
TRACE::2025-04-27.12:51:10::SCWMssOS::Checking the sw design at  C:/PXL/devWorks/devWorks2/CAR/MotorControl/Vitis/MotorControl/ps7_cortexa9_0/standalone_ps7_cortexa9_0/bsp/system.mss
TRACE::2025-04-27.12:51:10::SCWMssOS::DEBUG:  swdes dump  C:/PXL/devWorks/devWorks2/CAR/MotorControl/Vitis/MotorControl/ps7_cortexa9_0/standalone_ps7_cortexa9_0/bsp/system.mss|system_0||
C:/PXL/devWorks/devWorks2/CAR/MotorControl/Vitis/MotorControl/zynq_fsbl/zynq_fsbl_bsp/system.mss|system||

TRACE::2025-04-27.12:51:10::SCWMssOS::Sw design exists and opened at  C:/PXL/devWorks/devWorks2/CAR/MotorControl/Vitis/MotorControl/ps7_cortexa9_0/standalone_ps7_cortexa9_0/bsp/system.mss
TRACE::2025-04-27.12:51:10::SCWPlatform::Trying to open the hw design at C:/PXL/devWorks/devWorks2/CAR/MotorControl/Vitis/MotorControl/hw/MotorControl.xsa
TRACE::2025-04-27.12:51:10::SCWPlatform::DSA given C:/PXL/devWorks/devWorks2/CAR/MotorControl/Vitis/MotorControl/hw/MotorControl.xsa
TRACE::2025-04-27.12:51:10::SCWPlatform::DSA absoulate path C:/PXL/devWorks/devWorks2/CAR/MotorControl/Vitis/MotorControl/hw/MotorControl.xsa
TRACE::2025-04-27.12:51:10::SCWPlatform::DSA directory C:/PXL/devWorks/devWorks2/CAR/MotorControl/Vitis/MotorControl/hw
TRACE::2025-04-27.12:51:10::SCWPlatform:: Platform Path C:/PXL/devWorks/devWorks2/CAR/MotorControl/Vitis/MotorControl/hw/MotorControl.xsa
TRACE::2025-04-27.12:51:10::SCWPlatform:: Unique name xilinx:pynq-z2::0.0
TRACE::2025-04-27.12:51:10::SCWPlatform::Trying to set the existing hwdb with name design_1_wrapper_0
TRACE::2025-04-27.12:51:10::SCWPlatform::Opened existing hwdb design_1_wrapper_0
TRACE::2025-04-27.12:51:10::SCWPlatform::Found the Hw Db part of the input DSA
TRACE::2025-04-27.12:51:10::SCWMssOS::Checking the sw design at  C:/PXL/devWorks/devWorks2/CAR/MotorControl/Vitis/MotorControl/ps7_cortexa9_0/standalone_ps7_cortexa9_0/bsp/system.mss
TRACE::2025-04-27.12:51:10::SCWMssOS::DEBUG:  swdes dump  C:/PXL/devWorks/devWorks2/CAR/MotorControl/Vitis/MotorControl/ps7_cortexa9_0/standalone_ps7_cortexa9_0/bsp/system.mss|system_0||
C:/PXL/devWorks/devWorks2/CAR/MotorControl/Vitis/MotorControl/zynq_fsbl/zynq_fsbl_bsp/system.mss|system||

TRACE::2025-04-27.12:51:10::SCWMssOS::Sw design exists and opened at  C:/PXL/devWorks/devWorks2/CAR/MotorControl/Vitis/MotorControl/ps7_cortexa9_0/standalone_ps7_cortexa9_0/bsp/system.mss
TRACE::2025-04-27.12:51:10::SCWWriter::formatted JSON is {
	"platformName":	"MotorControl",
	"sprVersion":	"2.0",
	"mode":	"gui",
	"dsaType":	"Fixed",
	"platformDesc":	"MotorControl",
	"platHandOff":	"C:/PXL/devWorks/devWorks2/CAR/MotorControl/MotorControl.xsa",
	"platIntHandOff":	"<platformDir>/hw/MotorControl.xsa",
	"deviceType":	"zynq",
	"platIsPrebuiltAutogen":	"false",
	"platIsNoBootBsp":	"false",
	"platFsblTarget":	"ps7_cortexa9_0",
	"hasFsblMakeHasChanges":	"false",
	"hasPmufwMakeHasChanges":	"false",
	"fsblExtraCompilerFlags":	"-MMD -MP       -mcpu=cortex-a9 -mfpu=vfpv3 -mfloat-abi=hard ",
	"platPreBuiltFlag":	false,
	"platformSamplesDir":	"",
	"platActiveSys":	"MotorControl",
	"systems":	[{
			"systemName":	"MotorControl",
			"systemDesc":	"MotorControl",
			"sysIsBootAutoGen":	"true",
			"systemDispName":	"MotorControl",
			"sysActiveDom":	"standalone_ps7_cortexa9_0",
			"sysDefaultDom":	"standalone_ps7_cortexa9_0",
			"domains":	[{
					"domainName":	"zynq_fsbl",
					"domainDispName":	"zynq_fsbl",
					"domainDesc":	"FSBL Application BSP - Auto Generated.",
					"processors":	"ps7_cortexa9_0",
					"os":	"standalone",
					"sdxOs":	"standalone",
					"debugEnable":	"",
					"domRuntimes":	["cpp"],
					"swRepo":	"",
					"mssOsVer":	"9.1",
					"mssFile":	"",
					"md5Digest":	"a507be10d22be35b784abcde4511a094",
					"compatibleApp":	"zynq_fsbl",
					"domType":	"bootDomain",
					"arch":	"32-bit",
					"appSettings":	{
						"appCompilerFlags":	"",
						"appLinkerFlags":	""
					},
					"addedLibs":	["xilffs:5.2", "xilrsa:1.8"],
					"libOptions":	{
						"libsContainingOptions":	[]
					},
					"prebuiltLibs":	{
						"prebuiltIncPath":	[],
						"prebuiltLibPath":	[]
					},
					"isolation":	{
					}
				}, {
					"domainName":	"standalone_ps7_cortexa9_0",
					"domainDispName":	"standalone_ps7_cortexa9_0",
					"domainDesc":	"standalone_ps7_cortexa9_0",
					"processors":	"ps7_cortexa9_0",
					"os":	"standalone",
					"sdxOs":	"standalone",
					"qemuArgs":	"<platformDir>/resources/MotorControl/standalone_ps7_cortexa9_0/qemu_args.txt",
					"qemuData":	"<platformDir>/resources/MotorControl/standalone_ps7_cortexa9_0/qemu",
					"debugEnable":	"False",
					"domRuntimes":	["cpp"],
					"swRepo":	"",
					"mssOsVer":	"9.1",
					"mssFile":	"",
					"md5Digest":	"847c6cb0bae0a296df868e952e6cba16",
					"compatibleApp":	"hello_world",
					"domType":	"mssDomain",
					"arch":	"32-bit",
					"appSettings":	{
						"appCompilerFlags":	"",
						"appLinkerFlags":	""
					},
					"addedLibs":	[],
					"libOptions":	{
						"libsContainingOptions":	[]
					},
					"prebuiltLibs":	{
						"prebuiltIncPath":	[],
						"prebuiltLibPath":	[]
					},
					"isolation":	{
					}
				}]
		}]
}
TRACE::2025-04-27.12:51:10::SCWPlatform::Trying to open the hw design at C:/PXL/devWorks/devWorks2/CAR/MotorControl/Vitis/MotorControl/hw/MotorControl.xsa
TRACE::2025-04-27.12:51:10::SCWPlatform::DSA given C:/PXL/devWorks/devWorks2/CAR/MotorControl/Vitis/MotorControl/hw/MotorControl.xsa
TRACE::2025-04-27.12:51:10::SCWPlatform::DSA absoulate path C:/PXL/devWorks/devWorks2/CAR/MotorControl/Vitis/MotorControl/hw/MotorControl.xsa
TRACE::2025-04-27.12:51:10::SCWPlatform::DSA directory C:/PXL/devWorks/devWorks2/CAR/MotorControl/Vitis/MotorControl/hw
TRACE::2025-04-27.12:51:10::SCWPlatform:: Platform Path C:/PXL/devWorks/devWorks2/CAR/MotorControl/Vitis/MotorControl/hw/MotorControl.xsa
TRACE::2025-04-27.12:51:10::SCWPlatform:: Unique name xilinx:pynq-z2::0.0
TRACE::2025-04-27.12:51:10::SCWPlatform::Trying to set the existing hwdb with name design_1_wrapper_0
TRACE::2025-04-27.12:51:10::SCWPlatform::Opened existing hwdb design_1_wrapper_0
TRACE::2025-04-27.12:51:10::SCWPlatform::Found the Hw Db part of the input DSA
TRACE::2025-04-27.12:51:10::SCWMssOS::Checking the sw design at  C:/PXL/devWorks/devWorks2/CAR/MotorControl/Vitis/MotorControl/ps7_cortexa9_0/standalone_ps7_cortexa9_0/bsp/system.mss
TRACE::2025-04-27.12:51:10::SCWMssOS::DEBUG:  swdes dump  C:/PXL/devWorks/devWorks2/CAR/MotorControl/Vitis/MotorControl/ps7_cortexa9_0/standalone_ps7_cortexa9_0/bsp/system.mss|system_0||
C:/PXL/devWorks/devWorks2/CAR/MotorControl/Vitis/MotorControl/zynq_fsbl/zynq_fsbl_bsp/system.mss|system||

TRACE::2025-04-27.12:51:10::SCWMssOS::Sw design exists and opened at  C:/PXL/devWorks/devWorks2/CAR/MotorControl/Vitis/MotorControl/ps7_cortexa9_0/standalone_ps7_cortexa9_0/bsp/system.mss
TRACE::2025-04-27.12:51:10::SCWPlatform::Trying to open the hw design at C:/PXL/devWorks/devWorks2/CAR/MotorControl/Vitis/MotorControl/hw/MotorControl.xsa
TRACE::2025-04-27.12:51:10::SCWPlatform::DSA given C:/PXL/devWorks/devWorks2/CAR/MotorControl/Vitis/MotorControl/hw/MotorControl.xsa
TRACE::2025-04-27.12:51:10::SCWPlatform::DSA absoulate path C:/PXL/devWorks/devWorks2/CAR/MotorControl/Vitis/MotorControl/hw/MotorControl.xsa
TRACE::2025-04-27.12:51:10::SCWPlatform::DSA directory C:/PXL/devWorks/devWorks2/CAR/MotorControl/Vitis/MotorControl/hw
TRACE::2025-04-27.12:51:10::SCWPlatform:: Platform Path C:/PXL/devWorks/devWorks2/CAR/MotorControl/Vitis/MotorControl/hw/MotorControl.xsa
TRACE::2025-04-27.12:51:10::SCWPlatform:: Unique name xilinx:pynq-z2::0.0
TRACE::2025-04-27.12:51:10::SCWPlatform::Trying to set the existing hwdb with name design_1_wrapper_0
TRACE::2025-04-27.12:51:10::SCWPlatform::Opened existing hwdb design_1_wrapper_0
TRACE::2025-04-27.12:51:10::SCWPlatform::Found the Hw Db part of the input DSA
TRACE::2025-04-27.12:51:10::SCWMssOS::Checking the sw design at  C:/PXL/devWorks/devWorks2/CAR/MotorControl/Vitis/MotorControl/ps7_cortexa9_0/standalone_ps7_cortexa9_0/bsp/system.mss
TRACE::2025-04-27.12:51:10::SCWMssOS::DEBUG:  swdes dump  C:/PXL/devWorks/devWorks2/CAR/MotorControl/Vitis/MotorControl/ps7_cortexa9_0/standalone_ps7_cortexa9_0/bsp/system.mss|system_0||
C:/PXL/devWorks/devWorks2/CAR/MotorControl/Vitis/MotorControl/zynq_fsbl/zynq_fsbl_bsp/system.mss|system||

TRACE::2025-04-27.12:51:10::SCWMssOS::Sw design exists and opened at  C:/PXL/devWorks/devWorks2/CAR/MotorControl/Vitis/MotorControl/ps7_cortexa9_0/standalone_ps7_cortexa9_0/bsp/system.mss
TRACE::2025-04-27.12:51:10::SCWMssOS::Saving the mss changes C:/PXL/devWorks/devWorks2/CAR/MotorControl/Vitis/MotorControl/zynq_fsbl/zynq_fsbl_bsp/system.mss
TRACE::2025-04-27.12:51:10::SCWMssOS::Found a swdesign opened with the mssfile.
TRACE::2025-04-27.12:51:10::SCWMssOS::Completed writemss as part of save.
TRACE::2025-04-27.12:51:10::SCWMssOS::Commit changes completed.
TRACE::2025-04-27.12:51:10::SCWMssOS::Saving the mss changes C:/PXL/devWorks/devWorks2/CAR/MotorControl/Vitis/MotorControl/ps7_cortexa9_0/standalone_ps7_cortexa9_0/bsp/system.mss
TRACE::2025-04-27.12:51:10::SCWMssOS::Found a swdesign opened with the mssfile.
TRACE::2025-04-27.12:51:10::SCWMssOS::Completed writemss as part of save.
TRACE::2025-04-27.12:51:10::SCWMssOS::Commit changes completed.
TRACE::2025-04-27.12:51:10::SCWPlatform::Trying to open the hw design at C:/PXL/devWorks/devWorks2/CAR/MotorControl/Vitis/MotorControl/hw/MotorControl.xsa
TRACE::2025-04-27.12:51:10::SCWPlatform::DSA given C:/PXL/devWorks/devWorks2/CAR/MotorControl/Vitis/MotorControl/hw/MotorControl.xsa
TRACE::2025-04-27.12:51:10::SCWPlatform::DSA absoulate path C:/PXL/devWorks/devWorks2/CAR/MotorControl/Vitis/MotorControl/hw/MotorControl.xsa
TRACE::2025-04-27.12:51:10::SCWPlatform::DSA directory C:/PXL/devWorks/devWorks2/CAR/MotorControl/Vitis/MotorControl/hw
TRACE::2025-04-27.12:51:11::SCWPlatform:: Platform Path C:/PXL/devWorks/devWorks2/CAR/MotorControl/Vitis/MotorControl/hw/MotorControl.xsa
TRACE::2025-04-27.12:51:11::SCWPlatform:: Unique name xilinx:pynq-z2::0.0
TRACE::2025-04-27.12:51:11::SCWPlatform::Trying to set the existing hwdb with name design_1_wrapper_0
TRACE::2025-04-27.12:51:11::SCWPlatform::Opened existing hwdb design_1_wrapper_0
TRACE::2025-04-27.12:51:11::SCWPlatform::Found the Hw Db part of the input DSA
TRACE::2025-04-27.12:51:11::SCWMssOS::Checking the sw design at  C:/PXL/devWorks/devWorks2/CAR/MotorControl/Vitis/MotorControl/zynq_fsbl/zynq_fsbl_bsp/system.mss
TRACE::2025-04-27.12:51:11::SCWMssOS::DEBUG:  swdes dump  C:/PXL/devWorks/devWorks2/CAR/MotorControl/Vitis/MotorControl/ps7_cortexa9_0/standalone_ps7_cortexa9_0/bsp/system.mss|system_0||
C:/PXL/devWorks/devWorks2/CAR/MotorControl/Vitis/MotorControl/zynq_fsbl/zynq_fsbl_bsp/system.mss|system||

TRACE::2025-04-27.12:51:11::SCWMssOS::Sw design exists and opened at  C:/PXL/devWorks/devWorks2/CAR/MotorControl/Vitis/MotorControl/zynq_fsbl/zynq_fsbl_bsp/system.mss
TRACE::2025-04-27.12:51:11::SCWPlatform::Trying to open the hw design at C:/PXL/devWorks/devWorks2/CAR/MotorControl/Vitis/MotorControl/hw/MotorControl.xsa
TRACE::2025-04-27.12:51:11::SCWPlatform::DSA given C:/PXL/devWorks/devWorks2/CAR/MotorControl/Vitis/MotorControl/hw/MotorControl.xsa
TRACE::2025-04-27.12:51:11::SCWPlatform::DSA absoulate path C:/PXL/devWorks/devWorks2/CAR/MotorControl/Vitis/MotorControl/hw/MotorControl.xsa
TRACE::2025-04-27.12:51:11::SCWPlatform::DSA directory C:/PXL/devWorks/devWorks2/CAR/MotorControl/Vitis/MotorControl/hw
TRACE::2025-04-27.12:51:11::SCWPlatform:: Platform Path C:/PXL/devWorks/devWorks2/CAR/MotorControl/Vitis/MotorControl/hw/MotorControl.xsa
TRACE::2025-04-27.12:51:11::SCWPlatform:: Unique name xilinx:pynq-z2::0.0
TRACE::2025-04-27.12:51:11::SCWPlatform::Trying to set the existing hwdb with name design_1_wrapper_0
TRACE::2025-04-27.12:51:11::SCWPlatform::Opened existing hwdb design_1_wrapper_0
TRACE::2025-04-27.12:51:11::SCWPlatform::Found the Hw Db part of the input DSA
TRACE::2025-04-27.12:51:11::SCWMssOS::Checking the sw design at  C:/PXL/devWorks/devWorks2/CAR/MotorControl/Vitis/MotorControl/zynq_fsbl/zynq_fsbl_bsp/system.mss
TRACE::2025-04-27.12:51:11::SCWMssOS::DEBUG:  swdes dump  C:/PXL/devWorks/devWorks2/CAR/MotorControl/Vitis/MotorControl/ps7_cortexa9_0/standalone_ps7_cortexa9_0/bsp/system.mss|system_0||
C:/PXL/devWorks/devWorks2/CAR/MotorControl/Vitis/MotorControl/zynq_fsbl/zynq_fsbl_bsp/system.mss|system||

TRACE::2025-04-27.12:51:11::SCWMssOS::Sw design exists and opened at  C:/PXL/devWorks/devWorks2/CAR/MotorControl/Vitis/MotorControl/zynq_fsbl/zynq_fsbl_bsp/system.mss
TRACE::2025-04-27.12:51:11::SCWPlatform::Trying to open the hw design at C:/PXL/devWorks/devWorks2/CAR/MotorControl/Vitis/MotorControl/hw/MotorControl.xsa
TRACE::2025-04-27.12:51:11::SCWPlatform::DSA given C:/PXL/devWorks/devWorks2/CAR/MotorControl/Vitis/MotorControl/hw/MotorControl.xsa
TRACE::2025-04-27.12:51:11::SCWPlatform::DSA absoulate path C:/PXL/devWorks/devWorks2/CAR/MotorControl/Vitis/MotorControl/hw/MotorControl.xsa
TRACE::2025-04-27.12:51:11::SCWPlatform::DSA directory C:/PXL/devWorks/devWorks2/CAR/MotorControl/Vitis/MotorControl/hw
TRACE::2025-04-27.12:51:11::SCWPlatform:: Platform Path C:/PXL/devWorks/devWorks2/CAR/MotorControl/Vitis/MotorControl/hw/MotorControl.xsa
TRACE::2025-04-27.12:51:11::SCWPlatform:: Unique name xilinx:pynq-z2::0.0
TRACE::2025-04-27.12:51:11::SCWPlatform::Trying to set the existing hwdb with name design_1_wrapper_0
TRACE::2025-04-27.12:51:11::SCWPlatform::Opened existing hwdb design_1_wrapper_0
TRACE::2025-04-27.12:51:11::SCWPlatform::Found the Hw Db part of the input DSA
TRACE::2025-04-27.12:51:11::SCWMssOS::Checking the sw design at  C:/PXL/devWorks/devWorks2/CAR/MotorControl/Vitis/MotorControl/zynq_fsbl/zynq_fsbl_bsp/system.mss
TRACE::2025-04-27.12:51:11::SCWMssOS::DEBUG:  swdes dump  C:/PXL/devWorks/devWorks2/CAR/MotorControl/Vitis/MotorControl/ps7_cortexa9_0/standalone_ps7_cortexa9_0/bsp/system.mss|system_0||
C:/PXL/devWorks/devWorks2/CAR/MotorControl/Vitis/MotorControl/zynq_fsbl/zynq_fsbl_bsp/system.mss|system||

TRACE::2025-04-27.12:51:11::SCWMssOS::Sw design exists and opened at  C:/PXL/devWorks/devWorks2/CAR/MotorControl/Vitis/MotorControl/zynq_fsbl/zynq_fsbl_bsp/system.mss
TRACE::2025-04-27.12:51:11::SCWPlatform::Trying to open the hw design at C:/PXL/devWorks/devWorks2/CAR/MotorControl/Vitis/MotorControl/hw/MotorControl.xsa
TRACE::2025-04-27.12:51:11::SCWPlatform::DSA given C:/PXL/devWorks/devWorks2/CAR/MotorControl/Vitis/MotorControl/hw/MotorControl.xsa
TRACE::2025-04-27.12:51:11::SCWPlatform::DSA absoulate path C:/PXL/devWorks/devWorks2/CAR/MotorControl/Vitis/MotorControl/hw/MotorControl.xsa
TRACE::2025-04-27.12:51:11::SCWPlatform::DSA directory C:/PXL/devWorks/devWorks2/CAR/MotorControl/Vitis/MotorControl/hw
TRACE::2025-04-27.12:51:11::SCWPlatform:: Platform Path C:/PXL/devWorks/devWorks2/CAR/MotorControl/Vitis/MotorControl/hw/MotorControl.xsa
TRACE::2025-04-27.12:51:11::SCWPlatform:: Unique name xilinx:pynq-z2::0.0
TRACE::2025-04-27.12:51:11::SCWPlatform::Trying to set the existing hwdb with name design_1_wrapper_0
TRACE::2025-04-27.12:51:11::SCWPlatform::Opened existing hwdb design_1_wrapper_0
TRACE::2025-04-27.12:51:11::SCWPlatform::Found the Hw Db part of the input DSA
TRACE::2025-04-27.12:51:11::SCWMssOS::Checking the sw design at  C:/PXL/devWorks/devWorks2/CAR/MotorControl/Vitis/MotorControl/ps7_cortexa9_0/standalone_ps7_cortexa9_0/bsp/system.mss
TRACE::2025-04-27.12:51:11::SCWMssOS::DEBUG:  swdes dump  C:/PXL/devWorks/devWorks2/CAR/MotorControl/Vitis/MotorControl/ps7_cortexa9_0/standalone_ps7_cortexa9_0/bsp/system.mss|system_0||
C:/PXL/devWorks/devWorks2/CAR/MotorControl/Vitis/MotorControl/zynq_fsbl/zynq_fsbl_bsp/system.mss|system||

TRACE::2025-04-27.12:51:11::SCWMssOS::Sw design exists and opened at  C:/PXL/devWorks/devWorks2/CAR/MotorControl/Vitis/MotorControl/ps7_cortexa9_0/standalone_ps7_cortexa9_0/bsp/system.mss
TRACE::2025-04-27.12:51:11::SCWPlatform::Trying to open the hw design at C:/PXL/devWorks/devWorks2/CAR/MotorControl/Vitis/MotorControl/hw/MotorControl.xsa
TRACE::2025-04-27.12:51:11::SCWPlatform::DSA given C:/PXL/devWorks/devWorks2/CAR/MotorControl/Vitis/MotorControl/hw/MotorControl.xsa
TRACE::2025-04-27.12:51:11::SCWPlatform::DSA absoulate path C:/PXL/devWorks/devWorks2/CAR/MotorControl/Vitis/MotorControl/hw/MotorControl.xsa
TRACE::2025-04-27.12:51:11::SCWPlatform::DSA directory C:/PXL/devWorks/devWorks2/CAR/MotorControl/Vitis/MotorControl/hw
TRACE::2025-04-27.12:51:11::SCWPlatform:: Platform Path C:/PXL/devWorks/devWorks2/CAR/MotorControl/Vitis/MotorControl/hw/MotorControl.xsa
TRACE::2025-04-27.12:51:11::SCWPlatform:: Unique name xilinx:pynq-z2::0.0
TRACE::2025-04-27.12:51:11::SCWPlatform::Trying to set the existing hwdb with name design_1_wrapper_0
TRACE::2025-04-27.12:51:11::SCWPlatform::Opened existing hwdb design_1_wrapper_0
TRACE::2025-04-27.12:51:11::SCWPlatform::Found the Hw Db part of the input DSA
TRACE::2025-04-27.12:51:11::SCWMssOS::Checking the sw design at  C:/PXL/devWorks/devWorks2/CAR/MotorControl/Vitis/MotorControl/ps7_cortexa9_0/standalone_ps7_cortexa9_0/bsp/system.mss
TRACE::2025-04-27.12:51:11::SCWMssOS::DEBUG:  swdes dump  C:/PXL/devWorks/devWorks2/CAR/MotorControl/Vitis/MotorControl/ps7_cortexa9_0/standalone_ps7_cortexa9_0/bsp/system.mss|system_0||
C:/PXL/devWorks/devWorks2/CAR/MotorControl/Vitis/MotorControl/zynq_fsbl/zynq_fsbl_bsp/system.mss|system||

TRACE::2025-04-27.12:51:11::SCWMssOS::Sw design exists and opened at  C:/PXL/devWorks/devWorks2/CAR/MotorControl/Vitis/MotorControl/ps7_cortexa9_0/standalone_ps7_cortexa9_0/bsp/system.mss
TRACE::2025-04-27.12:51:11::SCWPlatform::Trying to open the hw design at C:/PXL/devWorks/devWorks2/CAR/MotorControl/Vitis/MotorControl/hw/MotorControl.xsa
TRACE::2025-04-27.12:51:11::SCWPlatform::DSA given C:/PXL/devWorks/devWorks2/CAR/MotorControl/Vitis/MotorControl/hw/MotorControl.xsa
TRACE::2025-04-27.12:51:11::SCWPlatform::DSA absoulate path C:/PXL/devWorks/devWorks2/CAR/MotorControl/Vitis/MotorControl/hw/MotorControl.xsa
TRACE::2025-04-27.12:51:11::SCWPlatform::DSA directory C:/PXL/devWorks/devWorks2/CAR/MotorControl/Vitis/MotorControl/hw
TRACE::2025-04-27.12:51:11::SCWPlatform:: Platform Path C:/PXL/devWorks/devWorks2/CAR/MotorControl/Vitis/MotorControl/hw/MotorControl.xsa
TRACE::2025-04-27.12:51:11::SCWPlatform:: Unique name xilinx:pynq-z2::0.0
TRACE::2025-04-27.12:51:11::SCWPlatform::Trying to set the existing hwdb with name design_1_wrapper_0
TRACE::2025-04-27.12:51:11::SCWPlatform::Opened existing hwdb design_1_wrapper_0
TRACE::2025-04-27.12:51:11::SCWPlatform::Found the Hw Db part of the input DSA
TRACE::2025-04-27.12:51:11::SCWMssOS::Checking the sw design at  C:/PXL/devWorks/devWorks2/CAR/MotorControl/Vitis/MotorControl/ps7_cortexa9_0/standalone_ps7_cortexa9_0/bsp/system.mss
TRACE::2025-04-27.12:51:11::SCWMssOS::DEBUG:  swdes dump  C:/PXL/devWorks/devWorks2/CAR/MotorControl/Vitis/MotorControl/ps7_cortexa9_0/standalone_ps7_cortexa9_0/bsp/system.mss|system_0||
C:/PXL/devWorks/devWorks2/CAR/MotorControl/Vitis/MotorControl/zynq_fsbl/zynq_fsbl_bsp/system.mss|system||

TRACE::2025-04-27.12:51:11::SCWMssOS::Sw design exists and opened at  C:/PXL/devWorks/devWorks2/CAR/MotorControl/Vitis/MotorControl/ps7_cortexa9_0/standalone_ps7_cortexa9_0/bsp/system.mss
TRACE::2025-04-27.12:51:11::SCWWriter::formatted JSON is {
	"platformName":	"MotorControl",
	"sprVersion":	"2.0",
	"mode":	"gui",
	"dsaType":	"Fixed",
	"platformDesc":	"MotorControl",
	"platHandOff":	"C:/PXL/devWorks/devWorks2/CAR/MotorControl/MotorControl.xsa",
	"platIntHandOff":	"<platformDir>/hw/MotorControl.xsa",
	"deviceType":	"zynq",
	"platIsPrebuiltAutogen":	"false",
	"platIsNoBootBsp":	"false",
	"platFsblTarget":	"ps7_cortexa9_0",
	"hasFsblMakeHasChanges":	"false",
	"hasPmufwMakeHasChanges":	"false",
	"fsblExtraCompilerFlags":	"-MMD -MP       -mcpu=cortex-a9 -mfpu=vfpv3 -mfloat-abi=hard ",
	"platPreBuiltFlag":	false,
	"platformSamplesDir":	"",
	"platActiveSys":	"MotorControl",
	"systems":	[{
			"systemName":	"MotorControl",
			"systemDesc":	"MotorControl",
			"sysIsBootAutoGen":	"true",
			"systemDispName":	"MotorControl",
			"sysActiveDom":	"standalone_ps7_cortexa9_0",
			"sysDefaultDom":	"standalone_ps7_cortexa9_0",
			"domains":	[{
					"domainName":	"zynq_fsbl",
					"domainDispName":	"zynq_fsbl",
					"domainDesc":	"FSBL Application BSP - Auto Generated.",
					"processors":	"ps7_cortexa9_0",
					"os":	"standalone",
					"sdxOs":	"standalone",
					"debugEnable":	"",
					"domRuntimes":	["cpp"],
					"swRepo":	"",
					"mssOsVer":	"9.1",
					"mssFile":	"",
					"md5Digest":	"a507be10d22be35b784abcde4511a094",
					"compatibleApp":	"zynq_fsbl",
					"domType":	"bootDomain",
					"arch":	"32-bit",
					"appSettings":	{
						"appCompilerFlags":	"",
						"appLinkerFlags":	""
					},
					"addedLibs":	["xilffs:5.2", "xilrsa:1.8"],
					"libOptions":	{
						"libsContainingOptions":	[]
					},
					"prebuiltLibs":	{
						"prebuiltIncPath":	[],
						"prebuiltLibPath":	[]
					},
					"isolation":	{
					}
				}, {
					"domainName":	"standalone_ps7_cortexa9_0",
					"domainDispName":	"standalone_ps7_cortexa9_0",
					"domainDesc":	"standalone_ps7_cortexa9_0",
					"processors":	"ps7_cortexa9_0",
					"os":	"standalone",
					"sdxOs":	"standalone",
					"qemuArgs":	"<platformDir>/resources/MotorControl/standalone_ps7_cortexa9_0/qemu_args.txt",
					"qemuData":	"<platformDir>/resources/MotorControl/standalone_ps7_cortexa9_0/qemu",
					"debugEnable":	"False",
					"domRuntimes":	["cpp"],
					"swRepo":	"",
					"mssOsVer":	"9.1",
					"mssFile":	"",
					"md5Digest":	"847c6cb0bae0a296df868e952e6cba16",
					"compatibleApp":	"hello_world",
					"domType":	"mssDomain",
					"arch":	"32-bit",
					"appSettings":	{
						"appCompilerFlags":	"",
						"appLinkerFlags":	""
					},
					"addedLibs":	[],
					"libOptions":	{
						"libsContainingOptions":	[]
					},
					"prebuiltLibs":	{
						"prebuiltIncPath":	[],
						"prebuiltLibPath":	[]
					},
					"isolation":	{
					}
				}]
		}]
}
LOG::2025-04-27.12:51:11::SCWPlatform::Started generating the artifacts platform MotorControl
TRACE::2025-04-27.12:51:11::SCWPlatform::Sanity checking of platform is completed
LOG::2025-04-27.12:51:11::SCWPlatform::Started generating the artifacts for system configuration MotorControl
LOG::2025-04-27.12:51:11::SCWSystem::Started Processing the domain standalone_ps7_cortexa9_0
TRACE::2025-04-27.12:51:11::SCWDomain::Generating domain artifcats
TRACE::2025-04-27.12:51:11::SCWMssOS::Generating standalone artifcats
TRACE::2025-04-27.12:51:11::SCWMssOS::Copying the qemu file from  C:/PXL/devWorks/devWorks2/CAR/MotorControl/Vitis/MotorControl/resources/MotorControl/standalone_ps7_cortexa9_0/qemu_args.txt To C:/PXL/devWorks/devWorks2/CAR/MotorControl/Vitis/MotorControl/export/MotorControl/sw/MotorControl/qemu/
TRACE::2025-04-27.12:51:11::SCWMssOS::Copying the qemu file from  C:/PXL/devWorks/devWorks2/CAR/MotorControl/Vitis/MotorControl/resources/MotorControl/standalone_ps7_cortexa9_0/qemu_args.txt To C:/PXL/devWorks/devWorks2/CAR/MotorControl/Vitis/MotorControl/export/MotorControl/sw/MotorControl/standalone_ps7_cortexa9_0/qemu/
TRACE::2025-04-27.12:51:11::SCWMssOS:: Copying the user libraries. 
TRACE::2025-04-27.12:51:11::SCWPlatform::Trying to open the hw design at C:/PXL/devWorks/devWorks2/CAR/MotorControl/Vitis/MotorControl/hw/MotorControl.xsa
TRACE::2025-04-27.12:51:11::SCWPlatform::DSA given C:/PXL/devWorks/devWorks2/CAR/MotorControl/Vitis/MotorControl/hw/MotorControl.xsa
TRACE::2025-04-27.12:51:11::SCWPlatform::DSA absoulate path C:/PXL/devWorks/devWorks2/CAR/MotorControl/Vitis/MotorControl/hw/MotorControl.xsa
TRACE::2025-04-27.12:51:11::SCWPlatform::DSA directory C:/PXL/devWorks/devWorks2/CAR/MotorControl/Vitis/MotorControl/hw
TRACE::2025-04-27.12:51:11::SCWPlatform:: Platform Path C:/PXL/devWorks/devWorks2/CAR/MotorControl/Vitis/MotorControl/hw/MotorControl.xsa
TRACE::2025-04-27.12:51:11::SCWPlatform:: Unique name xilinx:pynq-z2::0.0
TRACE::2025-04-27.12:51:11::SCWPlatform::Trying to set the existing hwdb with name design_1_wrapper_0
TRACE::2025-04-27.12:51:11::SCWPlatform::Opened existing hwdb design_1_wrapper_0
TRACE::2025-04-27.12:51:11::SCWPlatform::Found the Hw Db part of the input DSA
TRACE::2025-04-27.12:51:11::SCWMssOS::Checking the sw design at  C:/PXL/devWorks/devWorks2/CAR/MotorControl/Vitis/MotorControl/ps7_cortexa9_0/standalone_ps7_cortexa9_0/bsp/system.mss
TRACE::2025-04-27.12:51:11::SCWMssOS::DEBUG:  swdes dump  C:/PXL/devWorks/devWorks2/CAR/MotorControl/Vitis/MotorControl/ps7_cortexa9_0/standalone_ps7_cortexa9_0/bsp/system.mss|system_0||
C:/PXL/devWorks/devWorks2/CAR/MotorControl/Vitis/MotorControl/zynq_fsbl/zynq_fsbl_bsp/system.mss|system||

TRACE::2025-04-27.12:51:11::SCWMssOS::Sw design exists and opened at  C:/PXL/devWorks/devWorks2/CAR/MotorControl/Vitis/MotorControl/ps7_cortexa9_0/standalone_ps7_cortexa9_0/bsp/system.mss
TRACE::2025-04-27.12:51:11::SCWMssOS::Completed writing the mss file at C:/PXL/devWorks/devWorks2/CAR/MotorControl/Vitis/MotorControl/ps7_cortexa9_0/standalone_ps7_cortexa9_0/bsp
TRACE::2025-04-27.12:51:11::SCWMssOS::Mss edits present, copying mssfile into export location C:/PXL/devWorks/devWorks2/CAR/MotorControl/Vitis/MotorControl/ps7_cortexa9_0/standalone_ps7_cortexa9_0/bsp/system.mss
TRACE::2025-04-27.12:51:11::SCWMssOS::bsp generated is upto date with the mss file. Skipping bsp generation.
TRACE::2025-04-27.12:51:11::SCWMssOS::BSP is already built. skipping the bsp build ... 
TRACE::2025-04-27.12:51:11::SCWDomain::Building the domain as part of full build :  standalone_ps7_cortexa9_0
TRACE::2025-04-27.12:51:11::SCWMssOS::skipping the bsp build ... 
TRACE::2025-04-27.12:51:11::SCWMssOS::Copying to export directory.
TRACE::2025-04-27.12:51:11::SCWMssOS:: Checking if to create the Supporting Applications
TRACE::2025-04-27.12:51:11::SCWMssOS:: No Linux domain exists, trying to generate FSBL 
TRACE::2025-04-27.12:51:11::SCWMssOS:: Completed Standalone Artifacts creation 
LOG::2025-04-27.12:51:11::SCWSystem::Completed Processing the domain standalone_ps7_cortexa9_0
LOG::2025-04-27.12:51:11::SCWSystem::Completed Processing the sysconfig MotorControl
LOG::2025-04-27.12:51:11::SCWPlatform::Completed generating the artifacts for system configuration MotorControl
TRACE::2025-04-27.12:51:11::SCWPlatform::Started preparing the platform 
TRACE::2025-04-27.12:51:11::SCWSystem::Writing the bif file for system config MotorControl
TRACE::2025-04-27.12:51:11::SCWSystem::dir created 
TRACE::2025-04-27.12:51:11::SCWSystem::Writing the bif 
TRACE::2025-04-27.12:51:11::SCWPlatform::Started writing the spfm file 
TRACE::2025-04-27.12:51:11::SCWPlatform::Started writing the xpfm file 
TRACE::2025-04-27.12:51:11::SCWPlatform::Completed generating the platform
TRACE::2025-04-27.12:51:11::SCWMssOS::Saving the mss changes C:/PXL/devWorks/devWorks2/CAR/MotorControl/Vitis/MotorControl/zynq_fsbl/zynq_fsbl_bsp/system.mss
TRACE::2025-04-27.12:51:11::SCWMssOS::Found a swdesign opened with the mssfile.
TRACE::2025-04-27.12:51:11::SCWMssOS::Completed writemss as part of save.
TRACE::2025-04-27.12:51:11::SCWMssOS::Commit changes completed.
TRACE::2025-04-27.12:51:11::SCWMssOS::Saving the mss changes C:/PXL/devWorks/devWorks2/CAR/MotorControl/Vitis/MotorControl/ps7_cortexa9_0/standalone_ps7_cortexa9_0/bsp/system.mss
TRACE::2025-04-27.12:51:11::SCWMssOS::Found a swdesign opened with the mssfile.
TRACE::2025-04-27.12:51:11::SCWMssOS::Completed writemss as part of save.
TRACE::2025-04-27.12:51:11::SCWMssOS::Commit changes completed.
TRACE::2025-04-27.12:51:11::SCWPlatform::Trying to open the hw design at C:/PXL/devWorks/devWorks2/CAR/MotorControl/Vitis/MotorControl/hw/MotorControl.xsa
TRACE::2025-04-27.12:51:11::SCWPlatform::DSA given C:/PXL/devWorks/devWorks2/CAR/MotorControl/Vitis/MotorControl/hw/MotorControl.xsa
TRACE::2025-04-27.12:51:11::SCWPlatform::DSA absoulate path C:/PXL/devWorks/devWorks2/CAR/MotorControl/Vitis/MotorControl/hw/MotorControl.xsa
TRACE::2025-04-27.12:51:11::SCWPlatform::DSA directory C:/PXL/devWorks/devWorks2/CAR/MotorControl/Vitis/MotorControl/hw
TRACE::2025-04-27.12:51:11::SCWPlatform:: Platform Path C:/PXL/devWorks/devWorks2/CAR/MotorControl/Vitis/MotorControl/hw/MotorControl.xsa
TRACE::2025-04-27.12:51:11::SCWPlatform:: Unique name xilinx:pynq-z2::0.0
TRACE::2025-04-27.12:51:11::SCWPlatform::Trying to set the existing hwdb with name design_1_wrapper_0
TRACE::2025-04-27.12:51:11::SCWPlatform::Opened existing hwdb design_1_wrapper_0
TRACE::2025-04-27.12:51:11::SCWPlatform::Found the Hw Db part of the input DSA
TRACE::2025-04-27.12:51:11::SCWMssOS::Checking the sw design at  C:/PXL/devWorks/devWorks2/CAR/MotorControl/Vitis/MotorControl/zynq_fsbl/zynq_fsbl_bsp/system.mss
TRACE::2025-04-27.12:51:11::SCWMssOS::DEBUG:  swdes dump  C:/PXL/devWorks/devWorks2/CAR/MotorControl/Vitis/MotorControl/ps7_cortexa9_0/standalone_ps7_cortexa9_0/bsp/system.mss|system_0||
C:/PXL/devWorks/devWorks2/CAR/MotorControl/Vitis/MotorControl/zynq_fsbl/zynq_fsbl_bsp/system.mss|system||

TRACE::2025-04-27.12:51:11::SCWMssOS::Sw design exists and opened at  C:/PXL/devWorks/devWorks2/CAR/MotorControl/Vitis/MotorControl/zynq_fsbl/zynq_fsbl_bsp/system.mss
TRACE::2025-04-27.12:51:11::SCWPlatform::Trying to open the hw design at C:/PXL/devWorks/devWorks2/CAR/MotorControl/Vitis/MotorControl/hw/MotorControl.xsa
TRACE::2025-04-27.12:51:11::SCWPlatform::DSA given C:/PXL/devWorks/devWorks2/CAR/MotorControl/Vitis/MotorControl/hw/MotorControl.xsa
TRACE::2025-04-27.12:51:11::SCWPlatform::DSA absoulate path C:/PXL/devWorks/devWorks2/CAR/MotorControl/Vitis/MotorControl/hw/MotorControl.xsa
TRACE::2025-04-27.12:51:11::SCWPlatform::DSA directory C:/PXL/devWorks/devWorks2/CAR/MotorControl/Vitis/MotorControl/hw
TRACE::2025-04-27.12:51:11::SCWPlatform:: Platform Path C:/PXL/devWorks/devWorks2/CAR/MotorControl/Vitis/MotorControl/hw/MotorControl.xsa
TRACE::2025-04-27.12:51:11::SCWPlatform:: Unique name xilinx:pynq-z2::0.0
TRACE::2025-04-27.12:51:11::SCWPlatform::Trying to set the existing hwdb with name design_1_wrapper_0
TRACE::2025-04-27.12:51:11::SCWPlatform::Opened existing hwdb design_1_wrapper_0
TRACE::2025-04-27.12:51:11::SCWPlatform::Found the Hw Db part of the input DSA
TRACE::2025-04-27.12:51:11::SCWMssOS::Checking the sw design at  C:/PXL/devWorks/devWorks2/CAR/MotorControl/Vitis/MotorControl/zynq_fsbl/zynq_fsbl_bsp/system.mss
TRACE::2025-04-27.12:51:11::SCWMssOS::DEBUG:  swdes dump  C:/PXL/devWorks/devWorks2/CAR/MotorControl/Vitis/MotorControl/ps7_cortexa9_0/standalone_ps7_cortexa9_0/bsp/system.mss|system_0||
C:/PXL/devWorks/devWorks2/CAR/MotorControl/Vitis/MotorControl/zynq_fsbl/zynq_fsbl_bsp/system.mss|system||

TRACE::2025-04-27.12:51:11::SCWMssOS::Sw design exists and opened at  C:/PXL/devWorks/devWorks2/CAR/MotorControl/Vitis/MotorControl/zynq_fsbl/zynq_fsbl_bsp/system.mss
TRACE::2025-04-27.12:51:11::SCWPlatform::Trying to open the hw design at C:/PXL/devWorks/devWorks2/CAR/MotorControl/Vitis/MotorControl/hw/MotorControl.xsa
TRACE::2025-04-27.12:51:11::SCWPlatform::DSA given C:/PXL/devWorks/devWorks2/CAR/MotorControl/Vitis/MotorControl/hw/MotorControl.xsa
TRACE::2025-04-27.12:51:11::SCWPlatform::DSA absoulate path C:/PXL/devWorks/devWorks2/CAR/MotorControl/Vitis/MotorControl/hw/MotorControl.xsa
TRACE::2025-04-27.12:51:11::SCWPlatform::DSA directory C:/PXL/devWorks/devWorks2/CAR/MotorControl/Vitis/MotorControl/hw
TRACE::2025-04-27.12:51:11::SCWPlatform:: Platform Path C:/PXL/devWorks/devWorks2/CAR/MotorControl/Vitis/MotorControl/hw/MotorControl.xsa
TRACE::2025-04-27.12:51:11::SCWPlatform:: Unique name xilinx:pynq-z2::0.0
TRACE::2025-04-27.12:51:11::SCWPlatform::Trying to set the existing hwdb with name design_1_wrapper_0
TRACE::2025-04-27.12:51:11::SCWPlatform::Opened existing hwdb design_1_wrapper_0
TRACE::2025-04-27.12:51:11::SCWPlatform::Found the Hw Db part of the input DSA
TRACE::2025-04-27.12:51:11::SCWMssOS::Checking the sw design at  C:/PXL/devWorks/devWorks2/CAR/MotorControl/Vitis/MotorControl/zynq_fsbl/zynq_fsbl_bsp/system.mss
TRACE::2025-04-27.12:51:11::SCWMssOS::DEBUG:  swdes dump  C:/PXL/devWorks/devWorks2/CAR/MotorControl/Vitis/MotorControl/ps7_cortexa9_0/standalone_ps7_cortexa9_0/bsp/system.mss|system_0||
C:/PXL/devWorks/devWorks2/CAR/MotorControl/Vitis/MotorControl/zynq_fsbl/zynq_fsbl_bsp/system.mss|system||

TRACE::2025-04-27.12:51:11::SCWMssOS::Sw design exists and opened at  C:/PXL/devWorks/devWorks2/CAR/MotorControl/Vitis/MotorControl/zynq_fsbl/zynq_fsbl_bsp/system.mss
TRACE::2025-04-27.12:51:11::SCWPlatform::Trying to open the hw design at C:/PXL/devWorks/devWorks2/CAR/MotorControl/Vitis/MotorControl/hw/MotorControl.xsa
TRACE::2025-04-27.12:51:11::SCWPlatform::DSA given C:/PXL/devWorks/devWorks2/CAR/MotorControl/Vitis/MotorControl/hw/MotorControl.xsa
TRACE::2025-04-27.12:51:11::SCWPlatform::DSA absoulate path C:/PXL/devWorks/devWorks2/CAR/MotorControl/Vitis/MotorControl/hw/MotorControl.xsa
TRACE::2025-04-27.12:51:11::SCWPlatform::DSA directory C:/PXL/devWorks/devWorks2/CAR/MotorControl/Vitis/MotorControl/hw
TRACE::2025-04-27.12:51:11::SCWPlatform:: Platform Path C:/PXL/devWorks/devWorks2/CAR/MotorControl/Vitis/MotorControl/hw/MotorControl.xsa
TRACE::2025-04-27.12:51:11::SCWPlatform:: Unique name xilinx:pynq-z2::0.0
TRACE::2025-04-27.12:51:11::SCWPlatform::Trying to set the existing hwdb with name design_1_wrapper_0
TRACE::2025-04-27.12:51:11::SCWPlatform::Opened existing hwdb design_1_wrapper_0
TRACE::2025-04-27.12:51:11::SCWPlatform::Found the Hw Db part of the input DSA
TRACE::2025-04-27.12:51:11::SCWMssOS::Checking the sw design at  C:/PXL/devWorks/devWorks2/CAR/MotorControl/Vitis/MotorControl/ps7_cortexa9_0/standalone_ps7_cortexa9_0/bsp/system.mss
TRACE::2025-04-27.12:51:11::SCWMssOS::DEBUG:  swdes dump  C:/PXL/devWorks/devWorks2/CAR/MotorControl/Vitis/MotorControl/ps7_cortexa9_0/standalone_ps7_cortexa9_0/bsp/system.mss|system_0||
C:/PXL/devWorks/devWorks2/CAR/MotorControl/Vitis/MotorControl/zynq_fsbl/zynq_fsbl_bsp/system.mss|system||

TRACE::2025-04-27.12:51:11::SCWMssOS::Sw design exists and opened at  C:/PXL/devWorks/devWorks2/CAR/MotorControl/Vitis/MotorControl/ps7_cortexa9_0/standalone_ps7_cortexa9_0/bsp/system.mss
TRACE::2025-04-27.12:51:11::SCWPlatform::Trying to open the hw design at C:/PXL/devWorks/devWorks2/CAR/MotorControl/Vitis/MotorControl/hw/MotorControl.xsa
TRACE::2025-04-27.12:51:11::SCWPlatform::DSA given C:/PXL/devWorks/devWorks2/CAR/MotorControl/Vitis/MotorControl/hw/MotorControl.xsa
TRACE::2025-04-27.12:51:11::SCWPlatform::DSA absoulate path C:/PXL/devWorks/devWorks2/CAR/MotorControl/Vitis/MotorControl/hw/MotorControl.xsa
TRACE::2025-04-27.12:51:11::SCWPlatform::DSA directory C:/PXL/devWorks/devWorks2/CAR/MotorControl/Vitis/MotorControl/hw
TRACE::2025-04-27.12:51:11::SCWPlatform:: Platform Path C:/PXL/devWorks/devWorks2/CAR/MotorControl/Vitis/MotorControl/hw/MotorControl.xsa
TRACE::2025-04-27.12:51:11::SCWPlatform:: Unique name xilinx:pynq-z2::0.0
TRACE::2025-04-27.12:51:11::SCWPlatform::Trying to set the existing hwdb with name design_1_wrapper_0
TRACE::2025-04-27.12:51:11::SCWPlatform::Opened existing hwdb design_1_wrapper_0
TRACE::2025-04-27.12:51:11::SCWPlatform::Found the Hw Db part of the input DSA
TRACE::2025-04-27.12:51:11::SCWMssOS::Checking the sw design at  C:/PXL/devWorks/devWorks2/CAR/MotorControl/Vitis/MotorControl/ps7_cortexa9_0/standalone_ps7_cortexa9_0/bsp/system.mss
TRACE::2025-04-27.12:51:11::SCWMssOS::DEBUG:  swdes dump  C:/PXL/devWorks/devWorks2/CAR/MotorControl/Vitis/MotorControl/ps7_cortexa9_0/standalone_ps7_cortexa9_0/bsp/system.mss|system_0||
C:/PXL/devWorks/devWorks2/CAR/MotorControl/Vitis/MotorControl/zynq_fsbl/zynq_fsbl_bsp/system.mss|system||

TRACE::2025-04-27.12:51:11::SCWMssOS::Sw design exists and opened at  C:/PXL/devWorks/devWorks2/CAR/MotorControl/Vitis/MotorControl/ps7_cortexa9_0/standalone_ps7_cortexa9_0/bsp/system.mss
TRACE::2025-04-27.12:51:11::SCWPlatform::Trying to open the hw design at C:/PXL/devWorks/devWorks2/CAR/MotorControl/Vitis/MotorControl/hw/MotorControl.xsa
TRACE::2025-04-27.12:51:11::SCWPlatform::DSA given C:/PXL/devWorks/devWorks2/CAR/MotorControl/Vitis/MotorControl/hw/MotorControl.xsa
TRACE::2025-04-27.12:51:11::SCWPlatform::DSA absoulate path C:/PXL/devWorks/devWorks2/CAR/MotorControl/Vitis/MotorControl/hw/MotorControl.xsa
TRACE::2025-04-27.12:51:11::SCWPlatform::DSA directory C:/PXL/devWorks/devWorks2/CAR/MotorControl/Vitis/MotorControl/hw
TRACE::2025-04-27.12:51:11::SCWPlatform:: Platform Path C:/PXL/devWorks/devWorks2/CAR/MotorControl/Vitis/MotorControl/hw/MotorControl.xsa
TRACE::2025-04-27.12:51:11::SCWPlatform:: Unique name xilinx:pynq-z2::0.0
TRACE::2025-04-27.12:51:11::SCWPlatform::Trying to set the existing hwdb with name design_1_wrapper_0
TRACE::2025-04-27.12:51:11::SCWPlatform::Opened existing hwdb design_1_wrapper_0
TRACE::2025-04-27.12:51:11::SCWPlatform::Found the Hw Db part of the input DSA
TRACE::2025-04-27.12:51:11::SCWMssOS::Checking the sw design at  C:/PXL/devWorks/devWorks2/CAR/MotorControl/Vitis/MotorControl/ps7_cortexa9_0/standalone_ps7_cortexa9_0/bsp/system.mss
TRACE::2025-04-27.12:51:11::SCWMssOS::DEBUG:  swdes dump  C:/PXL/devWorks/devWorks2/CAR/MotorControl/Vitis/MotorControl/ps7_cortexa9_0/standalone_ps7_cortexa9_0/bsp/system.mss|system_0||
C:/PXL/devWorks/devWorks2/CAR/MotorControl/Vitis/MotorControl/zynq_fsbl/zynq_fsbl_bsp/system.mss|system||

TRACE::2025-04-27.12:51:11::SCWMssOS::Sw design exists and opened at  C:/PXL/devWorks/devWorks2/CAR/MotorControl/Vitis/MotorControl/ps7_cortexa9_0/standalone_ps7_cortexa9_0/bsp/system.mss
TRACE::2025-04-27.12:51:11::SCWWriter::formatted JSON is {
	"platformName":	"MotorControl",
	"sprVersion":	"2.0",
	"mode":	"gui",
	"dsaType":	"Fixed",
	"platformDesc":	"MotorControl",
	"platHandOff":	"C:/PXL/devWorks/devWorks2/CAR/MotorControl/MotorControl.xsa",
	"platIntHandOff":	"<platformDir>/hw/MotorControl.xsa",
	"deviceType":	"zynq",
	"platIsPrebuiltAutogen":	"false",
	"platIsNoBootBsp":	"false",
	"platFsblTarget":	"ps7_cortexa9_0",
	"hasFsblMakeHasChanges":	"false",
	"hasPmufwMakeHasChanges":	"false",
	"fsblExtraCompilerFlags":	"-MMD -MP       -mcpu=cortex-a9 -mfpu=vfpv3 -mfloat-abi=hard ",
	"platPreBuiltFlag":	false,
	"platformSamplesDir":	"",
	"platActiveSys":	"MotorControl",
	"systems":	[{
			"systemName":	"MotorControl",
			"systemDesc":	"MotorControl",
			"sysIsBootAutoGen":	"true",
			"systemDispName":	"MotorControl",
			"sysActiveDom":	"standalone_ps7_cortexa9_0",
			"sysDefaultDom":	"standalone_ps7_cortexa9_0",
			"domains":	[{
					"domainName":	"zynq_fsbl",
					"domainDispName":	"zynq_fsbl",
					"domainDesc":	"FSBL Application BSP - Auto Generated.",
					"processors":	"ps7_cortexa9_0",
					"os":	"standalone",
					"sdxOs":	"standalone",
					"debugEnable":	"",
					"domRuntimes":	["cpp"],
					"swRepo":	"",
					"mssOsVer":	"9.1",
					"mssFile":	"",
					"md5Digest":	"a507be10d22be35b784abcde4511a094",
					"compatibleApp":	"zynq_fsbl",
					"domType":	"bootDomain",
					"arch":	"32-bit",
					"appSettings":	{
						"appCompilerFlags":	"",
						"appLinkerFlags":	""
					},
					"addedLibs":	["xilffs:5.2", "xilrsa:1.8"],
					"libOptions":	{
						"libsContainingOptions":	[]
					},
					"prebuiltLibs":	{
						"prebuiltIncPath":	[],
						"prebuiltLibPath":	[]
					},
					"isolation":	{
					}
				}, {
					"domainName":	"standalone_ps7_cortexa9_0",
					"domainDispName":	"standalone_ps7_cortexa9_0",
					"domainDesc":	"standalone_ps7_cortexa9_0",
					"processors":	"ps7_cortexa9_0",
					"os":	"standalone",
					"sdxOs":	"standalone",
					"qemuArgs":	"<platformDir>/resources/MotorControl/standalone_ps7_cortexa9_0/qemu_args.txt",
					"qemuData":	"<platformDir>/resources/MotorControl/standalone_ps7_cortexa9_0/qemu",
					"debugEnable":	"False",
					"domRuntimes":	["cpp"],
					"swRepo":	"",
					"mssOsVer":	"9.1",
					"mssFile":	"",
					"md5Digest":	"847c6cb0bae0a296df868e952e6cba16",
					"compatibleApp":	"hello_world",
					"domType":	"mssDomain",
					"arch":	"32-bit",
					"appSettings":	{
						"appCompilerFlags":	"",
						"appLinkerFlags":	""
					},
					"addedLibs":	[],
					"libOptions":	{
						"libsContainingOptions":	[]
					},
					"prebuiltLibs":	{
						"prebuiltIncPath":	[],
						"prebuiltLibPath":	[]
					},
					"isolation":	{
					}
				}]
		}]
}
KEYINFO::2025-04-27.12:51:11::SCWPlatform::updated the xpfm file.
LOG::2025-04-27.12:51:48::SCWPlatform::Started generating the artifacts platform MotorControl
TRACE::2025-04-27.12:51:48::SCWPlatform::Sanity checking of platform is completed
LOG::2025-04-27.12:51:48::SCWPlatform::Started generating the artifacts for system configuration MotorControl
LOG::2025-04-27.12:51:48::SCWSystem::Checking the domain zynq_fsbl
LOG::2025-04-27.12:51:48::SCWSystem::Doing application build for :  zynq_fsbl
TRACE::2025-04-27.12:51:48::SCWBDomain::Not a forced makefile updation, No changes are present. 
TRACE::2025-04-27.12:51:48::SCWDomain::Building the domain as part of full build :  zynq_fsbl
TRACE::2025-04-27.12:51:48::SCWPlatform::Trying to open the hw design at C:/PXL/devWorks/devWorks2/CAR/MotorControl/Vitis/MotorControl/hw/MotorControl.xsa
TRACE::2025-04-27.12:51:48::SCWPlatform::DSA given C:/PXL/devWorks/devWorks2/CAR/MotorControl/Vitis/MotorControl/hw/MotorControl.xsa
TRACE::2025-04-27.12:51:48::SCWPlatform::DSA absoulate path C:/PXL/devWorks/devWorks2/CAR/MotorControl/Vitis/MotorControl/hw/MotorControl.xsa
TRACE::2025-04-27.12:51:48::SCWPlatform::DSA directory C:/PXL/devWorks/devWorks2/CAR/MotorControl/Vitis/MotorControl/hw
TRACE::2025-04-27.12:51:48::SCWPlatform:: Platform Path C:/PXL/devWorks/devWorks2/CAR/MotorControl/Vitis/MotorControl/hw/MotorControl.xsa
TRACE::2025-04-27.12:51:48::SCWPlatform:: Unique name xilinx:pynq-z2::0.0
TRACE::2025-04-27.12:51:48::SCWPlatform::Trying to set the existing hwdb with name design_1_wrapper_0
TRACE::2025-04-27.12:51:48::SCWPlatform::Opened existing hwdb design_1_wrapper_0
TRACE::2025-04-27.12:51:48::SCWPlatform::Found the Hw Db part of the input DSA
TRACE::2025-04-27.12:51:48::SCWMssOS::Checking the sw design at  C:/PXL/devWorks/devWorks2/CAR/MotorControl/Vitis/MotorControl/zynq_fsbl/zynq_fsbl_bsp/system.mss
TRACE::2025-04-27.12:51:48::SCWMssOS::DEBUG:  swdes dump  C:/PXL/devWorks/devWorks2/CAR/MotorControl/Vitis/MotorControl/ps7_cortexa9_0/standalone_ps7_cortexa9_0/bsp/system.mss|system_0||
C:/PXL/devWorks/devWorks2/CAR/MotorControl/Vitis/MotorControl/zynq_fsbl/zynq_fsbl_bsp/system.mss|system||

TRACE::2025-04-27.12:51:48::SCWMssOS::Sw design exists and opened at  C:/PXL/devWorks/devWorks2/CAR/MotorControl/Vitis/MotorControl/zynq_fsbl/zynq_fsbl_bsp/system.mss
TRACE::2025-04-27.12:51:48::SCWBDomain::Completed writing the mss file at C:/PXL/devWorks/devWorks2/CAR/MotorControl/Vitis/MotorControl/zynq_fsbl/zynq_fsbl_bsp
TRACE::2025-04-27.12:51:48::SCWBDomain::bsp generated is upto date with the mss file. Skipping bsp generation.
TRACE::2025-04-27.12:51:48::SCWBDomain::Not a forced makefile updation, No changes are present. 
TRACE::2025-04-27.12:51:48::SCWBDomain::System Command Ran  C:&  cd  C:/PXL/devWorks/devWorks2/CAR/MotorControl/Vitis/MotorControl/zynq_fsbl& make -C  zynq_fsbl_bsp & make 
TRACE::2025-04-27.12:51:49::SCWBDomain::make: Entering directory 'C:/PXL/devWorks/devWorks2/CAR/MotorControl/Vitis/MotorControl/zynq_fsbl/zynq_fsbl_bsp'

TRACE::2025-04-27.12:51:49::SCWBDomain::make --no-print-directory seq_libs

TRACE::2025-04-27.12:51:49::SCWBDomain::"Running Make include in ps7_cortexa9_0/libsrc/coresightps_dcc_v1_10/src"

TRACE::2025-04-27.12:51:49::SCWBDomain::make -C ps7_cortexa9_0/libsrc/coresightps_dcc_v1_10/src -s include  "SHELL=CMD" "COMPILER=arm-none-eabi-gcc" "ASSEMBLER=arm-non
TRACE::2025-04-27.12:51:49::SCWBDomain::e-eabi-as" "ARCHIVER=arm-none-eabi-ar" "COMPILER_FLAGS=  -O2 -c" "EXTRA_COMPILER_FLAGS=-mcpu=cortex-a9 -mfpu=vfpv3 -mfloat-abi=
TRACE::2025-04-27.12:51:49::SCWBDomain::hard -nostartfiles -g -Wall -Wextra -fno-tree-loop-distribute-patterns"

TRACE::2025-04-27.12:51:49::SCWBDomain::"Running Make include in ps7_cortexa9_0/libsrc/cpu_cortexa9_v2_12/src"

TRACE::2025-04-27.12:51:49::SCWBDomain::make -C ps7_cortexa9_0/libsrc/cpu_cortexa9_v2_12/src -s include  "SHELL=CMD" "COMPILER=arm-none-eabi-gcc" "ASSEMBLER=arm-none-e
TRACE::2025-04-27.12:51:49::SCWBDomain::abi-as" "ARCHIVER=arm-none-eabi-ar" "COMPILER_FLAGS=  -O2 -c" "EXTRA_COMPILER_FLAGS=-mcpu=cortex-a9 -mfpu=vfpv3 -mfloat-abi=har
TRACE::2025-04-27.12:51:49::SCWBDomain::d -nostartfiles -g -Wall -Wextra -fno-tree-loop-distribute-patterns"

TRACE::2025-04-27.12:51:49::SCWBDomain::"Running Make include in ps7_cortexa9_0/libsrc/ddrps_v1_2/src"

TRACE::2025-04-27.12:51:49::SCWBDomain::make -C ps7_cortexa9_0/libsrc/ddrps_v1_2/src -s include  "SHELL=CMD" "COMPILER=arm-none-eabi-gcc" "ASSEMBLER=arm-none-eabi-as" 
TRACE::2025-04-27.12:51:49::SCWBDomain::"ARCHIVER=arm-none-eabi-ar" "COMPILER_FLAGS=  -O2 -c" "EXTRA_COMPILER_FLAGS=-mcpu=cortex-a9 -mfpu=vfpv3 -mfloat-abi=hard -nosta
TRACE::2025-04-27.12:51:49::SCWBDomain::rtfiles -g -Wall -Wextra -fno-tree-loop-distribute-patterns"

TRACE::2025-04-27.12:51:49::SCWBDomain::"Running Make include in ps7_cortexa9_0/libsrc/devcfg_v3_8/src"

TRACE::2025-04-27.12:51:49::SCWBDomain::make -C ps7_cortexa9_0/libsrc/devcfg_v3_8/src -s include  "SHELL=CMD" "COMPILER=arm-none-eabi-gcc" "ASSEMBLER=arm-none-eabi-as"
TRACE::2025-04-27.12:51:49::SCWBDomain:: "ARCHIVER=arm-none-eabi-ar" "COMPILER_FLAGS=  -O2 -c" "EXTRA_COMPILER_FLAGS=-mcpu=cortex-a9 -mfpu=vfpv3 -mfloat-abi=hard -nost
TRACE::2025-04-27.12:51:49::SCWBDomain::artfiles -g -Wall -Wextra -fno-tree-loop-distribute-patterns"

TRACE::2025-04-27.12:51:49::SCWBDomain::"Running Make include in ps7_cortexa9_0/libsrc/dmaps_v2_10/src"

TRACE::2025-04-27.12:51:49::SCWBDomain::make -C ps7_cortexa9_0/libsrc/dmaps_v2_10/src -s include  "SHELL=CMD" "COMPILER=arm-none-eabi-gcc" "ASSEMBLER=arm-none-eabi-as"
TRACE::2025-04-27.12:51:49::SCWBDomain:: "ARCHIVER=arm-none-eabi-ar" "COMPILER_FLAGS=  -O2 -c" "EXTRA_COMPILER_FLAGS=-mcpu=cortex-a9 -mfpu=vfpv3 -mfloat-abi=hard -nost
TRACE::2025-04-27.12:51:49::SCWBDomain::artfiles -g -Wall -Wextra -fno-tree-loop-distribute-patterns"

TRACE::2025-04-27.12:51:49::SCWBDomain::"Running Make include in ps7_cortexa9_0/libsrc/emacps_v3_20/src"

TRACE::2025-04-27.12:51:49::SCWBDomain::make -C ps7_cortexa9_0/libsrc/emacps_v3_20/src -s include  "SHELL=CMD" "COMPILER=arm-none-eabi-gcc" "ASSEMBLER=arm-none-eabi-as
TRACE::2025-04-27.12:51:49::SCWBDomain::" "ARCHIVER=arm-none-eabi-ar" "COMPILER_FLAGS=  -O2 -c" "EXTRA_COMPILER_FLAGS=-mcpu=cortex-a9 -mfpu=vfpv3 -mfloat-abi=hard -nos
TRACE::2025-04-27.12:51:49::SCWBDomain::tartfiles -g -Wall -Wextra -fno-tree-loop-distribute-patterns"

TRACE::2025-04-27.12:51:49::SCWBDomain::"Running Make include in ps7_cortexa9_0/libsrc/gpiops_v3_13/src"

TRACE::2025-04-27.12:51:49::SCWBDomain::make -C ps7_cortexa9_0/libsrc/gpiops_v3_13/src -s include  "SHELL=CMD" "COMPILER=arm-none-eabi-gcc" "ASSEMBLER=arm-none-eabi-as
TRACE::2025-04-27.12:51:49::SCWBDomain::" "ARCHIVER=arm-none-eabi-ar" "COMPILER_FLAGS=  -O2 -c" "EXTRA_COMPILER_FLAGS=-mcpu=cortex-a9 -mfpu=vfpv3 -mfloat-abi=hard -nos
TRACE::2025-04-27.12:51:49::SCWBDomain::tartfiles -g -Wall -Wextra -fno-tree-loop-distribute-patterns"

TRACE::2025-04-27.12:51:50::SCWBDomain::"Running Make include in ps7_cortexa9_0/libsrc/gpio_v4_11/src"

TRACE::2025-04-27.12:51:50::SCWBDomain::make -C ps7_cortexa9_0/libsrc/gpio_v4_11/src -s include  "SHELL=CMD" "COMPILER=arm-none-eabi-gcc" "ASSEMBLER=arm-none-eabi-as" 
TRACE::2025-04-27.12:51:50::SCWBDomain::"ARCHIVER=arm-none-eabi-ar" "COMPILER_FLAGS=  -O2 -c" "EXTRA_COMPILER_FLAGS=-mcpu=cortex-a9 -mfpu=vfpv3 -mfloat-abi=hard -nosta
TRACE::2025-04-27.12:51:50::SCWBDomain::rtfiles -g -Wall -Wextra -fno-tree-loop-distribute-patterns"

TRACE::2025-04-27.12:51:50::SCWBDomain::"Running Make include in ps7_cortexa9_0/libsrc/qspips_v3_12/src"

TRACE::2025-04-27.12:51:50::SCWBDomain::make -C ps7_cortexa9_0/libsrc/qspips_v3_12/src -s include  "SHELL=CMD" "COMPILER=arm-none-eabi-gcc" "ASSEMBLER=arm-none-eabi-as
TRACE::2025-04-27.12:51:50::SCWBDomain::" "ARCHIVER=arm-none-eabi-ar" "COMPILER_FLAGS=  -O2 -c" "EXTRA_COMPILER_FLAGS=-mcpu=cortex-a9 -mfpu=vfpv3 -mfloat-abi=hard -nos
TRACE::2025-04-27.12:51:50::SCWBDomain::tartfiles -g -Wall -Wextra -fno-tree-loop-distribute-patterns"

TRACE::2025-04-27.12:51:50::SCWBDomain::"Running Make include in ps7_cortexa9_0/libsrc/scugic_v5_3/src"

TRACE::2025-04-27.12:51:50::SCWBDomain::make -C ps7_cortexa9_0/libsrc/scugic_v5_3/src -s include  "SHELL=CMD" "COMPILER=arm-none-eabi-gcc" "ASSEMBLER=arm-none-eabi-as"
TRACE::2025-04-27.12:51:50::SCWBDomain:: "ARCHIVER=arm-none-eabi-ar" "COMPILER_FLAGS=  -O2 -c" "EXTRA_COMPILER_FLAGS=-mcpu=cortex-a9 -mfpu=vfpv3 -mfloat-abi=hard -nost
TRACE::2025-04-27.12:51:50::SCWBDomain::artfiles -g -Wall -Wextra -fno-tree-loop-distribute-patterns"

TRACE::2025-04-27.12:51:50::SCWBDomain::"Running Make include in ps7_cortexa9_0/libsrc/scutimer_v2_6/src"

TRACE::2025-04-27.12:51:50::SCWBDomain::make -C ps7_cortexa9_0/libsrc/scutimer_v2_6/src -s include  "SHELL=CMD" "COMPILER=arm-none-eabi-gcc" "ASSEMBLER=arm-none-eabi-a
TRACE::2025-04-27.12:51:50::SCWBDomain::s" "ARCHIVER=arm-none-eabi-ar" "COMPILER_FLAGS=  -O2 -c" "EXTRA_COMPILER_FLAGS=-mcpu=cortex-a9 -mfpu=vfpv3 -mfloat-abi=hard -no
TRACE::2025-04-27.12:51:50::SCWBDomain::startfiles -g -Wall -Wextra -fno-tree-loop-distribute-patterns"

TRACE::2025-04-27.12:51:50::SCWBDomain::"Running Make include in ps7_cortexa9_0/libsrc/scuwdt_v2_5/src"

TRACE::2025-04-27.12:51:50::SCWBDomain::make -C ps7_cortexa9_0/libsrc/scuwdt_v2_5/src -s include  "SHELL=CMD" "COMPILER=arm-none-eabi-gcc" "ASSEMBLER=arm-none-eabi-as"
TRACE::2025-04-27.12:51:50::SCWBDomain:: "ARCHIVER=arm-none-eabi-ar" "COMPILER_FLAGS=  -O2 -c" "EXTRA_COMPILER_FLAGS=-mcpu=cortex-a9 -mfpu=vfpv3 -mfloat-abi=hard -nost
TRACE::2025-04-27.12:51:50::SCWBDomain::artfiles -g -Wall -Wextra -fno-tree-loop-distribute-patterns"

TRACE::2025-04-27.12:51:50::SCWBDomain::"Running Make include in ps7_cortexa9_0/libsrc/sdps_v4_3/src"

TRACE::2025-04-27.12:51:50::SCWBDomain::make -C ps7_cortexa9_0/libsrc/sdps_v4_3/src -s include  "SHELL=CMD" "COMPILER=arm-none-eabi-gcc" "ASSEMBLER=arm-none-eabi-as" "
TRACE::2025-04-27.12:51:50::SCWBDomain::ARCHIVER=arm-none-eabi-ar" "COMPILER_FLAGS=  -O2 -c" "EXTRA_COMPILER_FLAGS=-mcpu=cortex-a9 -mfpu=vfpv3 -mfloat-abi=hard -nostar
TRACE::2025-04-27.12:51:50::SCWBDomain::tfiles -g -Wall -Wextra -fno-tree-loop-distribute-patterns"

TRACE::2025-04-27.12:51:50::SCWBDomain::"Running Make include in ps7_cortexa9_0/libsrc/standalone_v9_1/src"

TRACE::2025-04-27.12:51:50::SCWBDomain::make -C ps7_cortexa9_0/libsrc/standalone_v9_1/src -s include  "SHELL=CMD" "COMPILER=arm-none-eabi-gcc" "ASSEMBLER=arm-none-eabi
TRACE::2025-04-27.12:51:50::SCWBDomain::-as" "ARCHIVER=arm-none-eabi-ar" "COMPILER_FLAGS=  -O2 -c" "EXTRA_COMPILER_FLAGS=-mcpu=cortex-a9 -mfpu=vfpv3 -mfloat-abi=hard -
TRACE::2025-04-27.12:51:50::SCWBDomain::nostartfiles -g -Wall -Wextra -fno-tree-loop-distribute-patterns"

TRACE::2025-04-27.12:51:51::SCWBDomain::"Running Make include in ps7_cortexa9_0/libsrc/tmrctr_v4_12/src"

TRACE::2025-04-27.12:51:51::SCWBDomain::make -C ps7_cortexa9_0/libsrc/tmrctr_v4_12/src -s include  "SHELL=CMD" "COMPILER=arm-none-eabi-gcc" "ASSEMBLER=arm-none-eabi-as
TRACE::2025-04-27.12:51:51::SCWBDomain::" "ARCHIVER=arm-none-eabi-ar" "COMPILER_FLAGS=  -O2 -c" "EXTRA_COMPILER_FLAGS=-mcpu=cortex-a9 -mfpu=vfpv3 -mfloat-abi=hard -nos
TRACE::2025-04-27.12:51:51::SCWBDomain::tartfiles -g -Wall -Wextra -fno-tree-loop-distribute-patterns"

TRACE::2025-04-27.12:51:52::SCWBDomain::"Running Make include in ps7_cortexa9_0/libsrc/uartps_v3_14/src"

TRACE::2025-04-27.12:51:52::SCWBDomain::make -C ps7_cortexa9_0/libsrc/uartps_v3_14/src -s include  "SHELL=CMD" "COMPILER=arm-none-eabi-gcc" "ASSEMBLER=arm-none-eabi-as
TRACE::2025-04-27.12:51:52::SCWBDomain::" "ARCHIVER=arm-none-eabi-ar" "COMPILER_FLAGS=  -O2 -c" "EXTRA_COMPILER_FLAGS=-mcpu=cortex-a9 -mfpu=vfpv3 -mfloat-abi=hard -nos
TRACE::2025-04-27.12:51:52::SCWBDomain::tartfiles -g -Wall -Wextra -fno-tree-loop-distribute-patterns"

TRACE::2025-04-27.12:51:52::SCWBDomain::"Running Make include in ps7_cortexa9_0/libsrc/usbps_v2_9/src"

TRACE::2025-04-27.12:51:52::SCWBDomain::make -C ps7_cortexa9_0/libsrc/usbps_v2_9/src -s include  "SHELL=CMD" "COMPILER=arm-none-eabi-gcc" "ASSEMBLER=arm-none-eabi-as" 
TRACE::2025-04-27.12:51:52::SCWBDomain::"ARCHIVER=arm-none-eabi-ar" "COMPILER_FLAGS=  -O2 -c" "EXTRA_COMPILER_FLAGS=-mcpu=cortex-a9 -mfpu=vfpv3 -mfloat-abi=hard -nosta
TRACE::2025-04-27.12:51:52::SCWBDomain::rtfiles -g -Wall -Wextra -fno-tree-loop-distribute-patterns"

TRACE::2025-04-27.12:51:52::SCWBDomain::"Running Make include in ps7_cortexa9_0/libsrc/xadcps_v2_7/src"

TRACE::2025-04-27.12:51:52::SCWBDomain::make -C ps7_cortexa9_0/libsrc/xadcps_v2_7/src -s include  "SHELL=CMD" "COMPILER=arm-none-eabi-gcc" "ASSEMBLER=arm-none-eabi-as"
TRACE::2025-04-27.12:51:52::SCWBDomain:: "ARCHIVER=arm-none-eabi-ar" "COMPILER_FLAGS=  -O2 -c" "EXTRA_COMPILER_FLAGS=-mcpu=cortex-a9 -mfpu=vfpv3 -mfloat-abi=hard -nost
TRACE::2025-04-27.12:51:52::SCWBDomain::artfiles -g -Wall -Wextra -fno-tree-loop-distribute-patterns"

TRACE::2025-04-27.12:51:52::SCWBDomain::"Running Make include in ps7_cortexa9_0/libsrc/xilffs_v5_2/src"

TRACE::2025-04-27.12:51:52::SCWBDomain::make -C ps7_cortexa9_0/libsrc/xilffs_v5_2/src -s include  "SHELL=CMD" "COMPILER=arm-none-eabi-gcc" "ASSEMBLER=arm-none-eabi-as"
TRACE::2025-04-27.12:51:52::SCWBDomain:: "ARCHIVER=arm-none-eabi-ar" "COMPILER_FLAGS=  -O2 -c" "EXTRA_COMPILER_FLAGS=-mcpu=cortex-a9 -mfpu=vfpv3 -mfloat-abi=hard -nost
TRACE::2025-04-27.12:51:52::SCWBDomain::artfiles -g -Wall -Wextra -fno-tree-loop-distribute-patterns"

TRACE::2025-04-27.12:51:52::SCWBDomain::"Running Make include in ps7_cortexa9_0/libsrc/xilrsa_v1_8/src"

TRACE::2025-04-27.12:51:52::SCWBDomain::make -C ps7_cortexa9_0/libsrc/xilrsa_v1_8/src -s include  "SHELL=CMD" "COMPILER=arm-none-eabi-gcc" "ASSEMBLER=arm-none-eabi-as"
TRACE::2025-04-27.12:51:52::SCWBDomain:: "ARCHIVER=arm-none-eabi-ar" "COMPILER_FLAGS=  -O2 -c" "EXTRA_COMPILER_FLAGS=-mcpu=cortex-a9 -mfpu=vfpv3 -mfloat-abi=hard -nost
TRACE::2025-04-27.12:51:52::SCWBDomain::artfiles -g -Wall -Wextra -fno-tree-loop-distribute-patterns"

TRACE::2025-04-27.12:51:52::SCWBDomain::"Running Make libs in ps7_cortexa9_0/libsrc/xilrsa_v1_8/src"

TRACE::2025-04-27.12:51:52::SCWBDomain::make -C ps7_cortexa9_0/libsrc/xilrsa_v1_8/src -s libs  "SHELL=CMD" "COMPILER=arm-none-eabi-gcc" "ASSEMBLER=arm-none-eabi-as" "A
TRACE::2025-04-27.12:51:52::SCWBDomain::RCHIVER=arm-none-eabi-ar" "COMPILER_FLAGS=  -O2 -c" "EXTRA_COMPILER_FLAGS=-mcpu=cortex-a9 -mfpu=vfpv3 -mfloat-abi=hard -nostart
TRACE::2025-04-27.12:51:52::SCWBDomain::files -g -Wall -Wextra -fno-tree-loop-distribute-patterns"

TRACE::2025-04-27.12:51:52::SCWBDomain::'Finished building libraries sequentially.'

TRACE::2025-04-27.12:51:52::SCWBDomain::make -j 6 --no-print-directory par_libs

TRACE::2025-04-27.12:51:52::SCWBDomain::"Running Make include in ps7_cortexa9_0/libsrc/coresightps_dcc_v1_10/src"

TRACE::2025-04-27.12:51:52::SCWBDomain::make -C ps7_cortexa9_0/libsrc/coresightps_dcc_v1_10/src -s include  "SHELL=CMD" "COMPILER=arm-none-eabi-gcc" "ASSEMBLER=arm-non
TRACE::2025-04-27.12:51:52::SCWBDomain::e-eabi-as" "ARCHIVER=arm-none-eabi-ar" "COMPILER_FLAGS=  -O2 -c" "EXTRA_COMPILER_FLAGS=-mcpu=cortex-a9 -mfpu=vfpv3 -mfloat-abi=
TRACE::2025-04-27.12:51:52::SCWBDomain::hard -nostartfiles -g -Wall -Wextra -fno-tree-loop-distribute-patterns"

TRACE::2025-04-27.12:51:52::SCWBDomain::"Running Make include in ps7_cortexa9_0/libsrc/cpu_cortexa9_v2_12/src"

TRACE::2025-04-27.12:51:52::SCWBDomain::make -C ps7_cortexa9_0/libsrc/cpu_cortexa9_v2_12/src -s include  "SHELL=CMD" "COMPILER=arm-none-eabi-gcc" "ASSEMBLER=arm-none-e
TRACE::2025-04-27.12:51:52::SCWBDomain::abi-as" "ARCHIVER=arm-none-eabi-ar" "COMPILER_FLAGS=  -O2 -c" "EXTRA_COMPILER_FLAGS=-mcpu=cortex-a9 -mfpu=vfpv3 -mfloat-abi=har
TRACE::2025-04-27.12:51:52::SCWBDomain::d -nostartfiles -g -Wall -Wextra -fno-tree-loop-distribute-patterns"

TRACE::2025-04-27.12:51:52::SCWBDomain::"Running Make include in ps7_cortexa9_0/libsrc/ddrps_v1_2/src"

TRACE::2025-04-27.12:51:52::SCWBDomain::make -C ps7_cortexa9_0/libsrc/ddrps_v1_2/src -s include  "SHELL=CMD" "COMPILER=arm-none-eabi-gcc" "ASSEMBLER=arm-none-eabi-as" 
TRACE::2025-04-27.12:51:52::SCWBDomain::"ARCHIVER=arm-none-eabi-ar" "COMPILER_FLAGS=  -O2 -c" "EXTRA_COMPILER_FLAGS=-mcpu=cortex-a9 -mfpu=vfpv3 -mfloat-abi=hard -nosta
TRACE::2025-04-27.12:51:52::SCWBDomain::rtfiles -g -Wall -Wextra -fno-tree-loop-distribute-patterns"

TRACE::2025-04-27.12:51:52::SCWBDomain::"Running Make include in ps7_cortexa9_0/libsrc/devcfg_v3_8/src"

TRACE::2025-04-27.12:51:52::SCWBDomain::make -C ps7_cortexa9_0/libsrc/devcfg_v3_8/src -s include  "SHELL=CMD" "COMPILER=arm-none-eabi-gcc" "ASSEMBLER=arm-none-eabi-as"
TRACE::2025-04-27.12:51:52::SCWBDomain:: "ARCHIVER=arm-none-eabi-ar" "COMPILER_FLAGS=  -O2 -c" "EXTRA_COMPILER_FLAGS=-mcpu=cortex-a9 -mfpu=vfpv3 -mfloat-abi=hard -nost
TRACE::2025-04-27.12:51:52::SCWBDomain::artfiles -g -Wall -Wextra -fno-tree-loop-distribute-patterns"

TRACE::2025-04-27.12:51:52::SCWBDomain::"Running Make include in ps7_cortexa9_0/libsrc/dmaps_v2_10/src"

TRACE::2025-04-27.12:51:52::SCWBDomain::make -C ps7_cortexa9_0/libsrc/dmaps_v2_10/src -s include  "SHELL=CMD" "COMPILER=arm-none-eabi-gcc" "ASSEMBLER=arm-none-eabi-as"
TRACE::2025-04-27.12:51:52::SCWBDomain:: "ARCHIVER=arm-none-eabi-ar" "COMPILER_FLAGS=  -O2 -c" "EXTRA_COMPILER_FLAGS=-mcpu=cortex-a9 -mfpu=vfpv3 -mfloat-abi=hard -nost
TRACE::2025-04-27.12:51:52::SCWBDomain::artfiles -g -Wall -Wextra -fno-tree-loop-distribute-patterns"

TRACE::2025-04-27.12:51:52::SCWBDomain::"Running Make include in ps7_cortexa9_0/libsrc/emacps_v3_20/src"

TRACE::2025-04-27.12:51:52::SCWBDomain::make -C ps7_cortexa9_0/libsrc/emacps_v3_20/src -s include  "SHELL=CMD" "COMPILER=arm-none-eabi-gcc" "ASSEMBLER=arm-none-eabi-as
TRACE::2025-04-27.12:51:52::SCWBDomain::" "ARCHIVER=arm-none-eabi-ar" "COMPILER_FLAGS=  -O2 -c" "EXTRA_COMPILER_FLAGS=-mcpu=cortex-a9 -mfpu=vfpv3 -mfloat-abi=hard -nos
TRACE::2025-04-27.12:51:52::SCWBDomain::tartfiles -g -Wall -Wextra -fno-tree-loop-distribute-patterns"

TRACE::2025-04-27.12:51:52::SCWBDomain::"Running Make include in ps7_cortexa9_0/libsrc/gpiops_v3_13/src"

TRACE::2025-04-27.12:51:52::SCWBDomain::make -C ps7_cortexa9_0/libsrc/gpiops_v3_13/src -s include  "SHELL=CMD" "COMPILER=arm-none-eabi-gcc" "ASSEMBLER=arm-none-eabi-as
TRACE::2025-04-27.12:51:52::SCWBDomain::" "ARCHIVER=arm-none-eabi-ar" "COMPILER_FLAGS=  -O2 -c" "EXTRA_COMPILER_FLAGS=-mcpu=cortex-a9 -mfpu=vfpv3 -mfloat-abi=hard -nos
TRACE::2025-04-27.12:51:52::SCWBDomain::tartfiles -g -Wall -Wextra -fno-tree-loop-distribute-patterns"

TRACE::2025-04-27.12:51:52::SCWBDomain::"Running Make include in ps7_cortexa9_0/libsrc/gpio_v4_11/src"

TRACE::2025-04-27.12:51:52::SCWBDomain::make -C ps7_cortexa9_0/libsrc/gpio_v4_11/src -s include  "SHELL=CMD" "COMPILER=arm-none-eabi-gcc" "ASSEMBLER=arm-none-eabi-as" 
TRACE::2025-04-27.12:51:52::SCWBDomain::"ARCHIVER=arm-none-eabi-ar" "COMPILER_FLAGS=  -O2 -c" "EXTRA_COMPILER_FLAGS=-mcpu=cortex-a9 -mfpu=vfpv3 -mfloat-abi=hard -nosta
TRACE::2025-04-27.12:51:52::SCWBDomain::rtfiles -g -Wall -Wextra -fno-tree-loop-distribute-patterns"

TRACE::2025-04-27.12:51:52::SCWBDomain::"Running Make include in ps7_cortexa9_0/libsrc/qspips_v3_12/src"

TRACE::2025-04-27.12:51:52::SCWBDomain::make -C ps7_cortexa9_0/libsrc/qspips_v3_12/src -s include  "SHELL=CMD" "COMPILER=arm-none-eabi-gcc" "ASSEMBLER=arm-none-eabi-as
TRACE::2025-04-27.12:51:52::SCWBDomain::" "ARCHIVER=arm-none-eabi-ar" "COMPILER_FLAGS=  -O2 -c" "EXTRA_COMPILER_FLAGS=-mcpu=cortex-a9 -mfpu=vfpv3 -mfloat-abi=hard -nos
TRACE::2025-04-27.12:51:52::SCWBDomain::tartfiles -g -Wall -Wextra -fno-tree-loop-distribute-patterns"

TRACE::2025-04-27.12:51:52::SCWBDomain::"Running Make include in ps7_cortexa9_0/libsrc/scugic_v5_3/src"

TRACE::2025-04-27.12:51:52::SCWBDomain::make -C ps7_cortexa9_0/libsrc/scugic_v5_3/src -s include  "SHELL=CMD" "COMPILER=arm-none-eabi-gcc" "ASSEMBLER=arm-none-eabi-as"
TRACE::2025-04-27.12:51:52::SCWBDomain:: "ARCHIVER=arm-none-eabi-ar" "COMPILER_FLAGS=  -O2 -c" "EXTRA_COMPILER_FLAGS=-mcpu=cortex-a9 -mfpu=vfpv3 -mfloat-abi=hard -nost
TRACE::2025-04-27.12:51:52::SCWBDomain::artfiles -g -Wall -Wextra -fno-tree-loop-distribute-patterns"

TRACE::2025-04-27.12:51:53::SCWBDomain::"Running Make include in ps7_cortexa9_0/libsrc/scutimer_v2_6/src"

TRACE::2025-04-27.12:51:53::SCWBDomain::make -C ps7_cortexa9_0/libsrc/scutimer_v2_6/src -s include  "SHELL=CMD" "COMPILER=arm-none-eabi-gcc" "ASSEMBLER=arm-none-eabi-a
TRACE::2025-04-27.12:51:53::SCWBDomain::s" "ARCHIVER=arm-none-eabi-ar" "COMPILER_FLAGS=  -O2 -c" "EXTRA_COMPILER_FLAGS=-mcpu=cortex-a9 -mfpu=vfpv3 -mfloat-abi=hard -no
TRACE::2025-04-27.12:51:53::SCWBDomain::startfiles -g -Wall -Wextra -fno-tree-loop-distribute-patterns"

TRACE::2025-04-27.12:51:53::SCWBDomain::"Running Make include in ps7_cortexa9_0/libsrc/scuwdt_v2_5/src"

TRACE::2025-04-27.12:51:53::SCWBDomain::make -C ps7_cortexa9_0/libsrc/scuwdt_v2_5/src -s include  "SHELL=CMD" "COMPILER=arm-none-eabi-gcc" "ASSEMBLER=arm-none-eabi-as"
TRACE::2025-04-27.12:51:53::SCWBDomain:: "ARCHIVER=arm-none-eabi-ar" "COMPILER_FLAGS=  -O2 -c" "EXTRA_COMPILER_FLAGS=-mcpu=cortex-a9 -mfpu=vfpv3 -mfloat-abi=hard -nost
TRACE::2025-04-27.12:51:53::SCWBDomain::artfiles -g -Wall -Wextra -fno-tree-loop-distribute-patterns"

TRACE::2025-04-27.12:51:53::SCWBDomain::"Running Make include in ps7_cortexa9_0/libsrc/sdps_v4_3/src"

TRACE::2025-04-27.12:51:53::SCWBDomain::make -C ps7_cortexa9_0/libsrc/sdps_v4_3/src -s include  "SHELL=CMD" "COMPILER=arm-none-eabi-gcc" "ASSEMBLER=arm-none-eabi-as" "
TRACE::2025-04-27.12:51:53::SCWBDomain::ARCHIVER=arm-none-eabi-ar" "COMPILER_FLAGS=  -O2 -c" "EXTRA_COMPILER_FLAGS=-mcpu=cortex-a9 -mfpu=vfpv3 -mfloat-abi=hard -nostar
TRACE::2025-04-27.12:51:53::SCWBDomain::tfiles -g -Wall -Wextra -fno-tree-loop-distribute-patterns"

TRACE::2025-04-27.12:51:53::SCWBDomain::"Running Make include in ps7_cortexa9_0/libsrc/standalone_v9_1/src"

TRACE::2025-04-27.12:51:53::SCWBDomain::make -C ps7_cortexa9_0/libsrc/standalone_v9_1/src -s include  "SHELL=CMD" "COMPILER=arm-none-eabi-gcc" "ASSEMBLER=arm-none-eabi
TRACE::2025-04-27.12:51:53::SCWBDomain::-as" "ARCHIVER=arm-none-eabi-ar" "COMPILER_FLAGS=  -O2 -c" "EXTRA_COMPILER_FLAGS=-mcpu=cortex-a9 -mfpu=vfpv3 -mfloat-abi=hard -
TRACE::2025-04-27.12:51:53::SCWBDomain::nostartfiles -g -Wall -Wextra -fno-tree-loop-distribute-patterns"

TRACE::2025-04-27.12:51:53::SCWBDomain::"Running Make include in ps7_cortexa9_0/libsrc/tmrctr_v4_12/src"

TRACE::2025-04-27.12:51:53::SCWBDomain::make -C ps7_cortexa9_0/libsrc/tmrctr_v4_12/src -s include  "SHELL=CMD" "COMPILER=arm-none-eabi-gcc" "ASSEMBLER=arm-none-eabi-as
TRACE::2025-04-27.12:51:53::SCWBDomain::" "ARCHIVER=arm-none-eabi-ar" "COMPILER_FLAGS=  -O2 -c" "EXTRA_COMPILER_FLAGS=-mcpu=cortex-a9 -mfpu=vfpv3 -mfloat-abi=hard -nos
TRACE::2025-04-27.12:51:53::SCWBDomain::tartfiles -g -Wall -Wextra -fno-tree-loop-distribute-patterns"

TRACE::2025-04-27.12:51:53::SCWBDomain::"Running Make include in ps7_cortexa9_0/libsrc/uartps_v3_14/src"

TRACE::2025-04-27.12:51:53::SCWBDomain::make -C ps7_cortexa9_0/libsrc/uartps_v3_14/src -s include  "SHELL=CMD" "COMPILER=arm-none-eabi-gcc" "ASSEMBLER=arm-none-eabi-as
TRACE::2025-04-27.12:51:53::SCWBDomain::" "ARCHIVER=arm-none-eabi-ar" "COMPILER_FLAGS=  -O2 -c" "EXTRA_COMPILER_FLAGS=-mcpu=cortex-a9 -mfpu=vfpv3 -mfloat-abi=hard -nos
TRACE::2025-04-27.12:51:53::SCWBDomain::tartfiles -g -Wall -Wextra -fno-tree-loop-distribute-patterns"

TRACE::2025-04-27.12:51:53::SCWBDomain::"Running Make include in ps7_cortexa9_0/libsrc/usbps_v2_9/src"

TRACE::2025-04-27.12:51:53::SCWBDomain::make -C ps7_cortexa9_0/libsrc/usbps_v2_9/src -s include  "SHELL=CMD" "COMPILER=arm-none-eabi-gcc" "ASSEMBLER=arm-none-eabi-as" 
TRACE::2025-04-27.12:51:53::SCWBDomain::"ARCHIVER=arm-none-eabi-ar" "COMPILER_FLAGS=  -O2 -c" "EXTRA_COMPILER_FLAGS=-mcpu=cortex-a9 -mfpu=vfpv3 -mfloat-abi=hard -nosta
TRACE::2025-04-27.12:51:53::SCWBDomain::rtfiles -g -Wall -Wextra -fno-tree-loop-distribute-patterns"

TRACE::2025-04-27.12:51:53::SCWBDomain::"Running Make include in ps7_cortexa9_0/libsrc/xadcps_v2_7/src"

TRACE::2025-04-27.12:51:53::SCWBDomain::make -C ps7_cortexa9_0/libsrc/xadcps_v2_7/src -s include  "SHELL=CMD" "COMPILER=arm-none-eabi-gcc" "ASSEMBLER=arm-none-eabi-as"
TRACE::2025-04-27.12:51:53::SCWBDomain:: "ARCHIVER=arm-none-eabi-ar" "COMPILER_FLAGS=  -O2 -c" "EXTRA_COMPILER_FLAGS=-mcpu=cortex-a9 -mfpu=vfpv3 -mfloat-abi=hard -nost
TRACE::2025-04-27.12:51:53::SCWBDomain::artfiles -g -Wall -Wextra -fno-tree-loop-distribute-patterns"

TRACE::2025-04-27.12:51:53::SCWBDomain::"Running Make include in ps7_cortexa9_0/libsrc/xilffs_v5_2/src"

TRACE::2025-04-27.12:51:53::SCWBDomain::make -C ps7_cortexa9_0/libsrc/xilffs_v5_2/src -s include  "SHELL=CMD" "COMPILER=arm-none-eabi-gcc" "ASSEMBLER=arm-none-eabi-as"
TRACE::2025-04-27.12:51:53::SCWBDomain:: "ARCHIVER=arm-none-eabi-ar" "COMPILER_FLAGS=  -O2 -c" "EXTRA_COMPILER_FLAGS=-mcpu=cortex-a9 -mfpu=vfpv3 -mfloat-abi=hard -nost
TRACE::2025-04-27.12:51:53::SCWBDomain::artfiles -g -Wall -Wextra -fno-tree-loop-distribute-patterns"

TRACE::2025-04-27.12:51:53::SCWBDomain::"Running Make include in ps7_cortexa9_0/libsrc/xilrsa_v1_8/src"

TRACE::2025-04-27.12:51:53::SCWBDomain::make -C ps7_cortexa9_0/libsrc/xilrsa_v1_8/src -s include  "SHELL=CMD" "COMPILER=arm-none-eabi-gcc" "ASSEMBLER=arm-none-eabi-as"
TRACE::2025-04-27.12:51:53::SCWBDomain:: "ARCHIVER=arm-none-eabi-ar" "COMPILER_FLAGS=  -O2 -c" "EXTRA_COMPILER_FLAGS=-mcpu=cortex-a9 -mfpu=vfpv3 -mfloat-abi=hard -nost
TRACE::2025-04-27.12:51:53::SCWBDomain::artfiles -g -Wall -Wextra -fno-tree-loop-distribute-patterns"

TRACE::2025-04-27.12:51:53::SCWBDomain::"Running Make libs in ps7_cortexa9_0/libsrc/coresightps_dcc_v1_10/src"

TRACE::2025-04-27.12:51:53::SCWBDomain::make -C ps7_cortexa9_0/libsrc/coresightps_dcc_v1_10/src -s libs  "SHELL=CMD" "COMPILER=arm-none-eabi-gcc" "ASSEMBLER=arm-none-e
TRACE::2025-04-27.12:51:53::SCWBDomain::abi-as" "ARCHIVER=arm-none-eabi-ar" "COMPILER_FLAGS=  -O2 -c" "EXTRA_COMPILER_FLAGS=-mcpu=cortex-a9 -mfpu=vfpv3 -mfloat-abi=har
TRACE::2025-04-27.12:51:53::SCWBDomain::d -nostartfiles -g -Wall -Wextra -fno-tree-loop-distribute-patterns"

TRACE::2025-04-27.12:51:53::SCWBDomain::"Running Make libs in ps7_cortexa9_0/libsrc/cpu_cortexa9_v2_12/src"

TRACE::2025-04-27.12:51:53::SCWBDomain::make -C ps7_cortexa9_0/libsrc/cpu_cortexa9_v2_12/src -s libs  "SHELL=CMD" "COMPILER=arm-none-eabi-gcc" "ASSEMBLER=arm-none-eabi
TRACE::2025-04-27.12:51:53::SCWBDomain::-as" "ARCHIVER=arm-none-eabi-ar" "COMPILER_FLAGS=  -O2 -c" "EXTRA_COMPILER_FLAGS=-mcpu=cortex-a9 -mfpu=vfpv3 -mfloat-abi=hard -
TRACE::2025-04-27.12:51:53::SCWBDomain::nostartfiles -g -Wall -Wextra -fno-tree-loop-distribute-patterns"

TRACE::2025-04-27.12:51:53::SCWBDomain::"Running Make libs in ps7_cortexa9_0/libsrc/ddrps_v1_2/src"

TRACE::2025-04-27.12:51:53::SCWBDomain::make -C ps7_cortexa9_0/libsrc/ddrps_v1_2/src -s libs  "SHELL=CMD" "COMPILER=arm-none-eabi-gcc" "ASSEMBLER=arm-none-eabi-as" "AR
TRACE::2025-04-27.12:51:53::SCWBDomain::CHIVER=arm-none-eabi-ar" "COMPILER_FLAGS=  -O2 -c" "EXTRA_COMPILER_FLAGS=-mcpu=cortex-a9 -mfpu=vfpv3 -mfloat-abi=hard -nostartf
TRACE::2025-04-27.12:51:53::SCWBDomain::iles -g -Wall -Wextra -fno-tree-loop-distribute-patterns"

TRACE::2025-04-27.12:51:53::SCWBDomain::"Running Make libs in ps7_cortexa9_0/libsrc/devcfg_v3_8/src"

TRACE::2025-04-27.12:51:53::SCWBDomain::make -C ps7_cortexa9_0/libsrc/devcfg_v3_8/src -s libs  "SHELL=CMD" "COMPILER=arm-none-eabi-gcc" "ASSEMBLER=arm-none-eabi-as" "A
TRACE::2025-04-27.12:51:53::SCWBDomain::RCHIVER=arm-none-eabi-ar" "COMPILER_FLAGS=  -O2 -c" "EXTRA_COMPILER_FLAGS=-mcpu=cortex-a9 -mfpu=vfpv3 -mfloat-abi=hard -nostart
TRACE::2025-04-27.12:51:53::SCWBDomain::files -g -Wall -Wextra -fno-tree-loop-distribute-patterns"

TRACE::2025-04-27.12:51:53::SCWBDomain::"Running Make libs in ps7_cortexa9_0/libsrc/dmaps_v2_10/src"

TRACE::2025-04-27.12:51:53::SCWBDomain::make -C ps7_cortexa9_0/libsrc/dmaps_v2_10/src -s libs  "SHELL=CMD" "COMPILER=arm-none-eabi-gcc" "ASSEMBLER=arm-none-eabi-as" "A
TRACE::2025-04-27.12:51:53::SCWBDomain::RCHIVER=arm-none-eabi-ar" "COMPILER_FLAGS=  -O2 -c" "EXTRA_COMPILER_FLAGS=-mcpu=cortex-a9 -mfpu=vfpv3 -mfloat-abi=hard -nostart
TRACE::2025-04-27.12:51:53::SCWBDomain::files -g -Wall -Wextra -fno-tree-loop-distribute-patterns"

TRACE::2025-04-27.12:51:53::SCWBDomain::"Running Make libs in ps7_cortexa9_0/libsrc/emacps_v3_20/src"

TRACE::2025-04-27.12:51:53::SCWBDomain::make -C ps7_cortexa9_0/libsrc/emacps_v3_20/src -s libs  "SHELL=CMD" "COMPILER=arm-none-eabi-gcc" "ASSEMBLER=arm-none-eabi-as" "
TRACE::2025-04-27.12:51:53::SCWBDomain::ARCHIVER=arm-none-eabi-ar" "COMPILER_FLAGS=  -O2 -c" "EXTRA_COMPILER_FLAGS=-mcpu=cortex-a9 -mfpu=vfpv3 -mfloat-abi=hard -nostar
TRACE::2025-04-27.12:51:53::SCWBDomain::tfiles -g -Wall -Wextra -fno-tree-loop-distribute-patterns"

TRACE::2025-04-27.12:51:53::SCWBDomain::"Running Make libs in ps7_cortexa9_0/libsrc/gpiops_v3_13/src"

TRACE::2025-04-27.12:51:53::SCWBDomain::make -C ps7_cortexa9_0/libsrc/gpiops_v3_13/src -s libs  "SHELL=CMD" "COMPILER=arm-none-eabi-gcc" "ASSEMBLER=arm-none-eabi-as" "
TRACE::2025-04-27.12:51:53::SCWBDomain::ARCHIVER=arm-none-eabi-ar" "COMPILER_FLAGS=  -O2 -c" "EXTRA_COMPILER_FLAGS=-mcpu=cortex-a9 -mfpu=vfpv3 -mfloat-abi=hard -nostar
TRACE::2025-04-27.12:51:53::SCWBDomain::tfiles -g -Wall -Wextra -fno-tree-loop-distribute-patterns"

TRACE::2025-04-27.12:51:54::SCWBDomain::"Running Make libs in ps7_cortexa9_0/libsrc/gpio_v4_11/src"

TRACE::2025-04-27.12:51:54::SCWBDomain::make -C ps7_cortexa9_0/libsrc/gpio_v4_11/src -s libs  "SHELL=CMD" "COMPILER=arm-none-eabi-gcc" "ASSEMBLER=arm-none-eabi-as" "AR
TRACE::2025-04-27.12:51:54::SCWBDomain::CHIVER=arm-none-eabi-ar" "COMPILER_FLAGS=  -O2 -c" "EXTRA_COMPILER_FLAGS=-mcpu=cortex-a9 -mfpu=vfpv3 -mfloat-abi=hard -nostartf
TRACE::2025-04-27.12:51:54::SCWBDomain::iles -g -Wall -Wextra -fno-tree-loop-distribute-patterns"

TRACE::2025-04-27.12:51:54::SCWBDomain::"Running Make libs in ps7_cortexa9_0/libsrc/qspips_v3_12/src"

TRACE::2025-04-27.12:51:54::SCWBDomain::make -C ps7_cortexa9_0/libsrc/qspips_v3_12/src -s libs  "SHELL=CMD" "COMPILER=arm-none-eabi-gcc" "ASSEMBLER=arm-none-eabi-as" "
TRACE::2025-04-27.12:51:54::SCWBDomain::ARCHIVER=arm-none-eabi-ar" "COMPILER_FLAGS=  -O2 -c" "EXTRA_COMPILER_FLAGS=-mcpu=cortex-a9 -mfpu=vfpv3 -mfloat-abi=hard -nostar
TRACE::2025-04-27.12:51:54::SCWBDomain::tfiles -g -Wall -Wextra -fno-tree-loop-distribute-patterns"

TRACE::2025-04-27.12:51:55::SCWBDomain::"Running Make libs in ps7_cortexa9_0/libsrc/scugic_v5_3/src"

TRACE::2025-04-27.12:51:55::SCWBDomain::make -C ps7_cortexa9_0/libsrc/scugic_v5_3/src -s libs  "SHELL=CMD" "COMPILER=arm-none-eabi-gcc" "ASSEMBLER=arm-none-eabi-as" "A
TRACE::2025-04-27.12:51:55::SCWBDomain::RCHIVER=arm-none-eabi-ar" "COMPILER_FLAGS=  -O2 -c" "EXTRA_COMPILER_FLAGS=-mcpu=cortex-a9 -mfpu=vfpv3 -mfloat-abi=hard -nostart
TRACE::2025-04-27.12:51:55::SCWBDomain::files -g -Wall -Wextra -fno-tree-loop-distribute-patterns"

TRACE::2025-04-27.12:51:56::SCWBDomain::"Running Make libs in ps7_cortexa9_0/libsrc/scutimer_v2_6/src"

TRACE::2025-04-27.12:51:56::SCWBDomain::make -C ps7_cortexa9_0/libsrc/scutimer_v2_6/src -s libs  "SHELL=CMD" "COMPILER=arm-none-eabi-gcc" "ASSEMBLER=arm-none-eabi-as" 
TRACE::2025-04-27.12:51:56::SCWBDomain::"ARCHIVER=arm-none-eabi-ar" "COMPILER_FLAGS=  -O2 -c" "EXTRA_COMPILER_FLAGS=-mcpu=cortex-a9 -mfpu=vfpv3 -mfloat-abi=hard -nosta
TRACE::2025-04-27.12:51:56::SCWBDomain::rtfiles -g -Wall -Wextra -fno-tree-loop-distribute-patterns"

TRACE::2025-04-27.12:51:57::SCWBDomain::"Running Make libs in ps7_cortexa9_0/libsrc/scuwdt_v2_5/src"

TRACE::2025-04-27.12:51:57::SCWBDomain::make -C ps7_cortexa9_0/libsrc/scuwdt_v2_5/src -s libs  "SHELL=CMD" "COMPILER=arm-none-eabi-gcc" "ASSEMBLER=arm-none-eabi-as" "A
TRACE::2025-04-27.12:51:57::SCWBDomain::RCHIVER=arm-none-eabi-ar" "COMPILER_FLAGS=  -O2 -c" "EXTRA_COMPILER_FLAGS=-mcpu=cortex-a9 -mfpu=vfpv3 -mfloat-abi=hard -nostart
TRACE::2025-04-27.12:51:57::SCWBDomain::files -g -Wall -Wextra -fno-tree-loop-distribute-patterns"

TRACE::2025-04-27.12:51:57::SCWBDomain::"Running Make libs in ps7_cortexa9_0/libsrc/sdps_v4_3/src"

TRACE::2025-04-27.12:51:57::SCWBDomain::make -C ps7_cortexa9_0/libsrc/sdps_v4_3/src -s libs  "SHELL=CMD" "COMPILER=arm-none-eabi-gcc" "ASSEMBLER=arm-none-eabi-as" "ARC
TRACE::2025-04-27.12:51:57::SCWBDomain::HIVER=arm-none-eabi-ar" "COMPILER_FLAGS=  -O2 -c" "EXTRA_COMPILER_FLAGS=-mcpu=cortex-a9 -mfpu=vfpv3 -mfloat-abi=hard -nostartfi
TRACE::2025-04-27.12:51:57::SCWBDomain::les -g -Wall -Wextra -fno-tree-loop-distribute-patterns"

TRACE::2025-04-27.12:51:57::SCWBDomain::"Running Make libs in ps7_cortexa9_0/libsrc/standalone_v9_1/src"

TRACE::2025-04-27.12:51:57::SCWBDomain::make -C ps7_cortexa9_0/libsrc/standalone_v9_1/src -s libs  "SHELL=CMD" "COMPILER=arm-none-eabi-gcc" "ASSEMBLER=arm-none-eabi-as
TRACE::2025-04-27.12:51:57::SCWBDomain::" "ARCHIVER=arm-none-eabi-ar" "COMPILER_FLAGS=  -O2 -c" "EXTRA_COMPILER_FLAGS=-mcpu=cortex-a9 -mfpu=vfpv3 -mfloat-abi=hard -nos
TRACE::2025-04-27.12:51:57::SCWBDomain::tartfiles -g -Wall -Wextra -fno-tree-loop-distribute-patterns"

TRACE::2025-04-27.12:51:57::SCWBDomain::"Running Make libs in ps7_cortexa9_0/libsrc/tmrctr_v4_12/src"

TRACE::2025-04-27.12:51:57::SCWBDomain::make -C ps7_cortexa9_0/libsrc/tmrctr_v4_12/src -s libs  "SHELL=CMD" "COMPILER=arm-none-eabi-gcc" "ASSEMBLER=arm-none-eabi-as" "
TRACE::2025-04-27.12:51:57::SCWBDomain::ARCHIVER=arm-none-eabi-ar" "COMPILER_FLAGS=  -O2 -c" "EXTRA_COMPILER_FLAGS=-mcpu=cortex-a9 -mfpu=vfpv3 -mfloat-abi=hard -nostar
TRACE::2025-04-27.12:51:57::SCWBDomain::tfiles -g -Wall -Wextra -fno-tree-loop-distribute-patterns"

TRACE::2025-04-27.12:51:58::SCWBDomain::"Running Make libs in ps7_cortexa9_0/libsrc/uartps_v3_14/src"

TRACE::2025-04-27.12:51:58::SCWBDomain::make -C ps7_cortexa9_0/libsrc/uartps_v3_14/src -s libs  "SHELL=CMD" "COMPILER=arm-none-eabi-gcc" "ASSEMBLER=arm-none-eabi-as" "
TRACE::2025-04-27.12:51:58::SCWBDomain::ARCHIVER=arm-none-eabi-ar" "COMPILER_FLAGS=  -O2 -c" "EXTRA_COMPILER_FLAGS=-mcpu=cortex-a9 -mfpu=vfpv3 -mfloat-abi=hard -nostar
TRACE::2025-04-27.12:51:58::SCWBDomain::tfiles -g -Wall -Wextra -fno-tree-loop-distribute-patterns"

TRACE::2025-04-27.12:51:58::SCWBDomain::"Running Make libs in ps7_cortexa9_0/libsrc/usbps_v2_9/src"

TRACE::2025-04-27.12:51:58::SCWBDomain::make -C ps7_cortexa9_0/libsrc/usbps_v2_9/src -s libs  "SHELL=CMD" "COMPILER=arm-none-eabi-gcc" "ASSEMBLER=arm-none-eabi-as" "AR
TRACE::2025-04-27.12:51:58::SCWBDomain::CHIVER=arm-none-eabi-ar" "COMPILER_FLAGS=  -O2 -c" "EXTRA_COMPILER_FLAGS=-mcpu=cortex-a9 -mfpu=vfpv3 -mfloat-abi=hard -nostartf
TRACE::2025-04-27.12:51:58::SCWBDomain::iles -g -Wall -Wextra -fno-tree-loop-distribute-patterns"

TRACE::2025-04-27.12:51:59::SCWBDomain::"Running Make libs in ps7_cortexa9_0/libsrc/xadcps_v2_7/src"

TRACE::2025-04-27.12:51:59::SCWBDomain::make -C ps7_cortexa9_0/libsrc/xadcps_v2_7/src -s libs  "SHELL=CMD" "COMPILER=arm-none-eabi-gcc" "ASSEMBLER=arm-none-eabi-as" "A
TRACE::2025-04-27.12:51:59::SCWBDomain::RCHIVER=arm-none-eabi-ar" "COMPILER_FLAGS=  -O2 -c" "EXTRA_COMPILER_FLAGS=-mcpu=cortex-a9 -mfpu=vfpv3 -mfloat-abi=hard -nostart
TRACE::2025-04-27.12:51:59::SCWBDomain::files -g -Wall -Wextra -fno-tree-loop-distribute-patterns"

TRACE::2025-04-27.12:52:00::SCWBDomain::"Running Make libs in ps7_cortexa9_0/libsrc/xilffs_v5_2/src"

TRACE::2025-04-27.12:52:00::SCWBDomain::make -C ps7_cortexa9_0/libsrc/xilffs_v5_2/src -s libs  "SHELL=CMD" "COMPILER=arm-none-eabi-gcc" "ASSEMBLER=arm-none-eabi-as" "A
TRACE::2025-04-27.12:52:00::SCWBDomain::RCHIVER=arm-none-eabi-ar" "COMPILER_FLAGS=  -O2 -c" "EXTRA_COMPILER_FLAGS=-mcpu=cortex-a9 -mfpu=vfpv3 -mfloat-abi=hard -nostart
TRACE::2025-04-27.12:52:00::SCWBDomain::files -g -Wall -Wextra -fno-tree-loop-distribute-patterns"

TRACE::2025-04-27.12:52:04::SCWBDomain::'Finished building libraries parallelly.'

TRACE::2025-04-27.12:52:04::SCWBDomain::make --no-print-directory archive

TRACE::2025-04-27.12:52:04::SCWBDomain::arm-none-eabi-ar -r  ps7_cortexa9_0/lib/libxil.a ps7_cortexa9_0/lib/_exit.o ps7_cortexa9_0/lib/_open.o ps7_cortexa9_0/lib/_sbrk
TRACE::2025-04-27.12:52:04::SCWBDomain::.o ps7_cortexa9_0/lib/abort.o ps7_cortexa9_0/lib/asm_vectors.o ps7_cortexa9_0/lib/boot.o ps7_cortexa9_0/lib/close.o ps7_cortexa
TRACE::2025-04-27.12:52:04::SCWBDomain::9_0/lib/cpputest_time.o ps7_cortexa9_0/lib/cpu_init.o ps7_cortexa9_0/lib/errno.o ps7_cortexa9_0/lib/fcntl.o ps7_cortexa9_0/lib/
TRACE::2025-04-27.12:52:04::SCWBDomain::fstat.o ps7_cortexa9_0/lib/getentropy.o ps7_cortexa9_0/lib/getpid.o ps7_cortexa9_0/lib/inbyte.o ps7_cortexa9_0/lib/isatty.o ps7
TRACE::2025-04-27.12:52:04::SCWBDomain::_cortexa9_0/lib/kill.o ps7_cortexa9_0/lib/lseek.o ps7_cortexa9_0/lib/open.o ps7_cortexa9_0/lib/outbyte.o ps7_cortexa9_0/lib/pri
TRACE::2025-04-27.12:52:04::SCWBDomain::nt.o ps7_cortexa9_0/lib/putnum.o ps7_cortexa9_0/lib/read.o ps7_cortexa9_0/lib/sbrk.o ps7_cortexa9_0/lib/sleep.o ps7_cortexa9_0/
TRACE::2025-04-27.12:52:04::SCWBDomain::lib/time.o ps7_cortexa9_0/lib/translation_table.o ps7_cortexa9_0/lib/unlink.o ps7_cortexa9_0/lib/usleep.o ps7_cortexa9_0/lib/ve
TRACE::2025-04-27.12:52:04::SCWBDomain::ctors.o ps7_cortexa9_0/lib/write.o ps7_cortexa9_0/lib/xadcps.o ps7_cortexa9_0/lib/xadcps_g.o ps7_cortexa9_0/lib/xadcps_intr.o p
TRACE::2025-04-27.12:52:04::SCWBDomain::s7_cortexa9_0/lib/xadcps_selftest.o ps7_cortexa9_0/lib/xadcps_sinit.o ps7_cortexa9_0/lib/xcoresightpsdcc.o ps7_cortexa9_0/lib/x
TRACE::2025-04-27.12:52:04::SCWBDomain::devcfg.o ps7_cortexa9_0/lib/xdevcfg_g.o ps7_cortexa9_0/lib/xdevcfg_hw.o ps7_cortexa9_0/lib/xdevcfg_intr.o ps7_cortexa9_0/lib/xd
TRACE::2025-04-27.12:52:04::SCWBDomain::evcfg_selftest.o ps7_cortexa9_0/lib/xdevcfg_sinit.o ps7_cortexa9_0/lib/xdmaps.o ps7_cortexa9_0/lib/xdmaps_g.o ps7_cortexa9_0/li
TRACE::2025-04-27.12:52:04::SCWBDomain::b/xdmaps_hw.o ps7_cortexa9_0/lib/xdmaps_selftest.o ps7_cortexa9_0/lib/xdmaps_sinit.o ps7_cortexa9_0/lib/xemacps.o ps7_cortexa9_
TRACE::2025-04-27.12:52:04::SCWBDomain::0/lib/xemacps_bdring.o ps7_cortexa9_0/lib/xemacps_control.o ps7_cortexa9_0/lib/xemacps_g.o ps7_cortexa9_0/lib/xemacps_hw.o ps7_
TRACE::2025-04-27.12:52:04::SCWBDomain::cortexa9_0/lib/xemacps_intr.o ps7_cortexa9_0/lib/xemacps_sinit.o ps7_cortexa9_0/lib/xgpio.o ps7_cortexa9_0/lib/xgpio_extra.o ps
TRACE::2025-04-27.12:52:04::SCWBDomain::7_cortexa9_0/lib/xgpio_g.o ps7_cortexa9_0/lib/xgpio_intr.o ps7_cortexa9_0/lib/xgpio_selftest.o ps7_cortexa9_0/lib/xgpio_sinit.o
TRACE::2025-04-27.12:52:04::SCWBDomain:: ps7_cortexa9_0/lib/xgpiops.o ps7_cortexa9_0/lib/xgpiops_g.o ps7_cortexa9_0/lib/xgpiops_hw.o ps7_cortexa9_0/lib/xgpiops_intr.o 
TRACE::2025-04-27.12:52:04::SCWBDomain::ps7_cortexa9_0/lib/xgpiops_selftest.o ps7_cortexa9_0/lib/xgpiops_sinit.o ps7_cortexa9_0/lib/xil-crt0.o ps7_cortexa9_0/lib/xil_a
TRACE::2025-04-27.12:52:04::SCWBDomain::ssert.o ps7_cortexa9_0/lib/xil_cache.o ps7_cortexa9_0/lib/xil_clocking.o ps7_cortexa9_0/lib/xil_exception.o ps7_cortexa9_0/lib/
TRACE::2025-04-27.12:52:04::SCWBDomain::xil_mem.o ps7_cortexa9_0/lib/xil_misc_psreset_api.o ps7_cortexa9_0/lib/xil_mmu.o ps7_cortexa9_0/lib/xil_printf.o ps7_cortexa9_0
TRACE::2025-04-27.12:52:04::SCWBDomain::/lib/xil_sleepcommon.o ps7_cortexa9_0/lib/xil_sleeptimer.o ps7_cortexa9_0/lib/xil_spinlock.o ps7_cortexa9_0/lib/xil_testcache.o
TRACE::2025-04-27.12:52:04::SCWBDomain:: ps7_cortexa9_0/lib/xil_testio.o ps7_cortexa9_0/lib/xil_testmem.o ps7_cortexa9_0/lib/xil_util.o ps7_cortexa9_0/lib/xinterrupt_w
TRACE::2025-04-27.12:52:04::SCWBDomain::rap.o ps7_cortexa9_0/lib/xl2cc_counter.o ps7_cortexa9_0/lib/xplatform_info.o ps7_cortexa9_0/lib/xpm_counter.o ps7_cortexa9_0/li
TRACE::2025-04-27.12:52:04::SCWBDomain::b/xpm_init.o ps7_cortexa9_0/lib/xqspips.o ps7_cortexa9_0/lib/xqspips_g.o ps7_cortexa9_0/lib/xqspips_hw.o ps7_cortexa9_0/lib/xqs
TRACE::2025-04-27.12:52:04::SCWBDomain::pips_options.o ps7_cortexa9_0/lib/xqspips_selftest.o ps7_cortexa9_0/lib/xqspips_sinit.o ps7_cortexa9_0/lib/xscugic.o ps7_cortex
TRACE::2025-04-27.12:52:04::SCWBDomain::a9_0/lib/xscugic_g.o ps7_cortexa9_0/lib/xscugic_hw.o ps7_cortexa9_0/lib/xscugic_intr.o ps7_cortexa9_0/lib/xscugic_selftest.o ps
TRACE::2025-04-27.12:52:04::SCWBDomain::7_cortexa9_0/lib/xscugic_sinit.o ps7_cortexa9_0/lib/xscutimer.o ps7_cortexa9_0/lib/xscutimer_g.o ps7_cortexa9_0/lib/xscutimer_s
TRACE::2025-04-27.12:52:04::SCWBDomain::elftest.o ps7_cortexa9_0/lib/xscutimer_sinit.o ps7_cortexa9_0/lib/xscuwdt.o ps7_cortexa9_0/lib/xscuwdt_g.o ps7_cortexa9_0/lib/x
TRACE::2025-04-27.12:52:04::SCWBDomain::scuwdt_selftest.o ps7_cortexa9_0/lib/xscuwdt_sinit.o ps7_cortexa9_0/lib/xsdps.o ps7_cortexa9_0/lib/xsdps_card.o ps7_cortexa9_0/
TRACE::2025-04-27.12:52:04::SCWBDomain::lib/xsdps_g.o ps7_cortexa9_0/lib/xsdps_host.o ps7_cortexa9_0/lib/xsdps_options.o ps7_cortexa9_0/lib/xsdps_sinit.o ps7_cortexa9_
TRACE::2025-04-27.12:52:04::SCWBDomain::0/lib/xtime_l.o ps7_cortexa9_0/lib/xtmrctr.o ps7_cortexa9_0/lib/xtmrctr_g.o ps7_cortexa9_0/lib/xtmrctr_intr.o ps7_cortexa9_0/li
TRACE::2025-04-27.12:52:04::SCWBDomain::b/xtmrctr_l.o ps7_cortexa9_0/lib/xtmrctr_options.o ps7_cortexa9_0/lib/xtmrctr_selftest.o ps7_cortexa9_0/lib/xtmrctr_sinit.o ps7
TRACE::2025-04-27.12:52:04::SCWBDomain::_cortexa9_0/lib/xtmrctr_stats.o ps7_cortexa9_0/lib/xuartps.o ps7_cortexa9_0/lib/xuartps_g.o ps7_cortexa9_0/lib/xuartps_hw.o ps7
TRACE::2025-04-27.12:52:04::SCWBDomain::_cortexa9_0/lib/xuartps_intr.o ps7_cortexa9_0/lib/xuartps_options.o ps7_cortexa9_0/lib/xuartps_selftest.o ps7_cortexa9_0/lib/xu
TRACE::2025-04-27.12:52:04::SCWBDomain::artps_sinit.o ps7_cortexa9_0/lib/xusbps.o ps7_cortexa9_0/lib/xusbps_endpoint.o ps7_cortexa9_0/lib/xusbps_g.o ps7_cortexa9_0/lib
TRACE::2025-04-27.12:52:04::SCWBDomain::/xusbps_hw.o ps7_cortexa9_0/lib/xusbps_intr.o ps7_cortexa9_0/lib/xusbps_sinit.o

TRACE::2025-04-27.12:52:04::SCWBDomain::'Finished building libraries'

TRACE::2025-04-27.12:52:04::SCWBDomain::make: Leaving directory 'C:/PXL/devWorks/devWorks2/CAR/MotorControl/Vitis/MotorControl/zynq_fsbl/zynq_fsbl_bsp'

TRACE::2025-04-27.12:52:04::SCWBDomain::arm-none-eabi-gcc  -O2 -c -MMD -MP       -mcpu=cortex-a9 -mfpu=vfpv3 -mfloat-abi=hard  -c sd.c -o sd.o -Izynq_fsbl_bsp/ps7_cort
TRACE::2025-04-27.12:52:04::SCWBDomain::exa9_0/include -I.

TRACE::2025-04-27.12:52:05::SCWBDomain::arm-none-eabi-gcc  -O2 -c -MMD -MP       -mcpu=cortex-a9 -mfpu=vfpv3 -mfloat-abi=hard  -c nand.c -o nand.o -Izynq_fsbl_bsp/ps7_
TRACE::2025-04-27.12:52:05::SCWBDomain::cortexa9_0/include -I.

TRACE::2025-04-27.12:52:05::SCWBDomain::arm-none-eabi-gcc  -O2 -c -MMD -MP       -mcpu=cortex-a9 -mfpu=vfpv3 -mfloat-abi=hard  -c nor.c -o nor.o -Izynq_fsbl_bsp/ps7_co
TRACE::2025-04-27.12:52:05::SCWBDomain::rtexa9_0/include -I.

TRACE::2025-04-27.12:52:05::SCWBDomain::arm-none-eabi-gcc  -O2 -c -MMD -MP       -mcpu=cortex-a9 -mfpu=vfpv3 -mfloat-abi=hard  -c image_mover.c -o image_mover.o -Izynq
TRACE::2025-04-27.12:52:05::SCWBDomain::_fsbl_bsp/ps7_cortexa9_0/include -I.

TRACE::2025-04-27.12:52:05::SCWBDomain::arm-none-eabi-gcc  -O2 -c -MMD -MP       -mcpu=cortex-a9 -mfpu=vfpv3 -mfloat-abi=hard  -c md5.c -o md5.o -Izynq_fsbl_bsp/ps7_co
TRACE::2025-04-27.12:52:05::SCWBDomain::rtexa9_0/include -I.

TRACE::2025-04-27.12:52:05::SCWBDomain::arm-none-eabi-gcc  -O2 -c -MMD -MP       -mcpu=cortex-a9 -mfpu=vfpv3 -mfloat-abi=hard  -c fsbl_hooks.c -o fsbl_hooks.o -Izynq_f
TRACE::2025-04-27.12:52:05::SCWBDomain::sbl_bsp/ps7_cortexa9_0/include -I.

TRACE::2025-04-27.12:52:06::SCWBDomain::arm-none-eabi-gcc  -O2 -c -MMD -MP       -mcpu=cortex-a9 -mfpu=vfpv3 -mfloat-abi=hard  -c main.c -o main.o -Izynq_fsbl_bsp/ps7_
TRACE::2025-04-27.12:52:06::SCWBDomain::cortexa9_0/include -I.

TRACE::2025-04-27.12:52:06::SCWBDomain::arm-none-eabi-gcc  -O2 -c -MMD -MP       -mcpu=cortex-a9 -mfpu=vfpv3 -mfloat-abi=hard  -c rsa.c -o rsa.o -Izynq_fsbl_bsp/ps7_co
TRACE::2025-04-27.12:52:06::SCWBDomain::rtexa9_0/include -I.

TRACE::2025-04-27.12:52:06::SCWBDomain::arm-none-eabi-gcc  -O2 -c -MMD -MP       -mcpu=cortex-a9 -mfpu=vfpv3 -mfloat-abi=hard  -c qspi.c -o qspi.o -Izynq_fsbl_bsp/ps7_
TRACE::2025-04-27.12:52:06::SCWBDomain::cortexa9_0/include -I.

TRACE::2025-04-27.12:52:06::SCWBDomain::arm-none-eabi-gcc  -O2 -c -MMD -MP       -mcpu=cortex-a9 -mfpu=vfpv3 -mfloat-abi=hard  -c ps7_init.c -o ps7_init.o -Izynq_fsbl_
TRACE::2025-04-27.12:52:06::SCWBDomain::bsp/ps7_cortexa9_0/include -I.

TRACE::2025-04-27.12:52:06::SCWBDomain::arm-none-eabi-gcc  -O2 -c -MMD -MP       -mcpu=cortex-a9 -mfpu=vfpv3 -mfloat-abi=hard  -c pcap.c -o pcap.o -Izynq_fsbl_bsp/ps7_
TRACE::2025-04-27.12:52:06::SCWBDomain::cortexa9_0/include -I.

TRACE::2025-04-27.12:52:06::SCWBDomain::arm-none-eabi-gcc  -O2 -c -MMD -MP       -mcpu=cortex-a9 -mfpu=vfpv3 -mfloat-abi=hard  -c fsbl_handoff.S -o fsbl_handoff.o -Izy
TRACE::2025-04-27.12:52:06::SCWBDomain::nq_fsbl_bsp/ps7_cortexa9_0/include -I.

TRACE::2025-04-27.12:52:07::SCWBDomain::arm-none-eabi-gcc -o fsbl.elf fsbl_handoff.o fsbl_hooks.o image_mover.o main.o md5.o nand.o nor.o pcap.o ps7_init.o qspi.o rsa.
TRACE::2025-04-27.12:52:07::SCWBDomain::o sd.o -MMD -MP       -mcpu=cortex-a9 -mfpu=vfpv3 -mfloat-abi=hard   -mcpu=cortex-a9 -mfpu=vfpv3 -mfloat-abi=hard -Wl,-build-id
TRACE::2025-04-27.12:52:07::SCWBDomain::=none -specs=Xilinx.spec  -lrsa -Wl,--start-group,-lxil,-lgcc,-lc,--end-group -Wl,--start-group,-lxilffs,-lxil,-lgcc,-lc,--end-
TRACE::2025-04-27.12:52:07::SCWBDomain::group -Wl,--start-group,-lrsa,-lxil,-lgcc,-lc,--end-group                                       -Wl,--gc-sections -Lzynq_fsbl_b
TRACE::2025-04-27.12:52:07::SCWBDomain::sp/ps7_cortexa9_0/lib -L./ -Tlscript.ld

LOG::2025-04-27.12:52:07::SCWSystem::Checking the domain standalone_ps7_cortexa9_0
LOG::2025-04-27.12:52:07::SCWSystem::Not a boot domain 
LOG::2025-04-27.12:52:07::SCWSystem::Started Processing the domain standalone_ps7_cortexa9_0
TRACE::2025-04-27.12:52:07::SCWDomain::Generating domain artifcats
TRACE::2025-04-27.12:52:07::SCWMssOS::Generating standalone artifcats
TRACE::2025-04-27.12:52:07::SCWMssOS::Copying the qemu file from  C:/PXL/devWorks/devWorks2/CAR/MotorControl/Vitis/MotorControl/resources/MotorControl/standalone_ps7_cortexa9_0/qemu_args.txt To C:/PXL/devWorks/devWorks2/CAR/MotorControl/Vitis/MotorControl/export/MotorControl/sw/MotorControl/qemu/
TRACE::2025-04-27.12:52:07::SCWMssOS::Copying the qemu file from  C:/PXL/devWorks/devWorks2/CAR/MotorControl/Vitis/MotorControl/resources/MotorControl/standalone_ps7_cortexa9_0/qemu_args.txt To C:/PXL/devWorks/devWorks2/CAR/MotorControl/Vitis/MotorControl/export/MotorControl/sw/MotorControl/standalone_ps7_cortexa9_0/qemu/
TRACE::2025-04-27.12:52:07::SCWMssOS:: Copying the user libraries. 
TRACE::2025-04-27.12:52:07::SCWPlatform::Trying to open the hw design at C:/PXL/devWorks/devWorks2/CAR/MotorControl/Vitis/MotorControl/hw/MotorControl.xsa
TRACE::2025-04-27.12:52:07::SCWPlatform::DSA given C:/PXL/devWorks/devWorks2/CAR/MotorControl/Vitis/MotorControl/hw/MotorControl.xsa
TRACE::2025-04-27.12:52:07::SCWPlatform::DSA absoulate path C:/PXL/devWorks/devWorks2/CAR/MotorControl/Vitis/MotorControl/hw/MotorControl.xsa
TRACE::2025-04-27.12:52:07::SCWPlatform::DSA directory C:/PXL/devWorks/devWorks2/CAR/MotorControl/Vitis/MotorControl/hw
TRACE::2025-04-27.12:52:07::SCWPlatform:: Platform Path C:/PXL/devWorks/devWorks2/CAR/MotorControl/Vitis/MotorControl/hw/MotorControl.xsa
TRACE::2025-04-27.12:52:07::SCWPlatform:: Unique name xilinx:pynq-z2::0.0
TRACE::2025-04-27.12:52:07::SCWPlatform::Trying to set the existing hwdb with name design_1_wrapper_0
TRACE::2025-04-27.12:52:07::SCWPlatform::Opened existing hwdb design_1_wrapper_0
TRACE::2025-04-27.12:52:07::SCWPlatform::Found the Hw Db part of the input DSA
TRACE::2025-04-27.12:52:07::SCWMssOS::Checking the sw design at  C:/PXL/devWorks/devWorks2/CAR/MotorControl/Vitis/MotorControl/ps7_cortexa9_0/standalone_ps7_cortexa9_0/bsp/system.mss
TRACE::2025-04-27.12:52:07::SCWMssOS::DEBUG:  swdes dump  C:/PXL/devWorks/devWorks2/CAR/MotorControl/Vitis/MotorControl/ps7_cortexa9_0/standalone_ps7_cortexa9_0/bsp/system.mss|system_0||
C:/PXL/devWorks/devWorks2/CAR/MotorControl/Vitis/MotorControl/zynq_fsbl/zynq_fsbl_bsp/system.mss|system||

TRACE::2025-04-27.12:52:07::SCWMssOS::Sw design exists and opened at  C:/PXL/devWorks/devWorks2/CAR/MotorControl/Vitis/MotorControl/ps7_cortexa9_0/standalone_ps7_cortexa9_0/bsp/system.mss
TRACE::2025-04-27.12:52:07::SCWMssOS::Completed writing the mss file at C:/PXL/devWorks/devWorks2/CAR/MotorControl/Vitis/MotorControl/ps7_cortexa9_0/standalone_ps7_cortexa9_0/bsp
TRACE::2025-04-27.12:52:07::SCWMssOS::Mss edits present, copying mssfile into export location C:/PXL/devWorks/devWorks2/CAR/MotorControl/Vitis/MotorControl/ps7_cortexa9_0/standalone_ps7_cortexa9_0/bsp/system.mss
TRACE::2025-04-27.12:52:07::SCWMssOS::bsp generated is upto date with the mss file. Skipping bsp generation.
TRACE::2025-04-27.12:52:07::SCWMssOS::BSP is already built. skipping the bsp build ... 
TRACE::2025-04-27.12:52:07::SCWDomain::Building the domain as part of full build :  standalone_ps7_cortexa9_0
TRACE::2025-04-27.12:52:07::SCWMssOS::doing bsp build ... 
TRACE::2025-04-27.12:52:07::SCWMssOS::System Command Ran  C: & cd  C:/PXL/devWorks/devWorks2/CAR/MotorControl/Vitis/MotorControl/ps7_cortexa9_0/standalone_ps7_cortexa9_0/bsp & make 
TRACE::2025-04-27.12:52:07::SCWMssOS::make --no-print-directory seq_libs

TRACE::2025-04-27.12:52:07::SCWMssOS::'Finished building libraries sequentially.'

TRACE::2025-04-27.12:52:07::SCWMssOS::make -j 6 --no-print-directory par_libs

TRACE::2025-04-27.12:52:07::SCWMssOS::"Running Make include in ps7_cortexa9_0/libsrc/coresightps_dcc_v1_10/src"

TRACE::2025-04-27.12:52:07::SCWMssOS::make -C ps7_cortexa9_0/libsrc/coresightps_dcc_v1_10/src -s include  "SHELL=CMD" "COMPILER=arm-none-eabi-gcc" "ASSEMBLER=arm-non
TRACE::2025-04-27.12:52:07::SCWMssOS::e-eabi-as" "ARCHIVER=arm-none-eabi-ar" "COMPILER_FLAGS=  -O2 -c" "EXTRA_COMPILER_FLAGS=-mcpu=cortex-a9 -mfpu=vfpv3 -mfloat-abi=
TRACE::2025-04-27.12:52:07::SCWMssOS::hard -nostartfiles -g -Wall -Wextra -fno-tree-loop-distribute-patterns"

TRACE::2025-04-27.12:52:07::SCWMssOS::"Running Make include in ps7_cortexa9_0/libsrc/cpu_cortexa9_v2_12/src"

TRACE::2025-04-27.12:52:07::SCWMssOS::make -C ps7_cortexa9_0/libsrc/cpu_cortexa9_v2_12/src -s include  "SHELL=CMD" "COMPILER=arm-none-eabi-gcc" "ASSEMBLER=arm-none-e
TRACE::2025-04-27.12:52:07::SCWMssOS::abi-as" "ARCHIVER=arm-none-eabi-ar" "COMPILER_FLAGS=  -O2 -c" "EXTRA_COMPILER_FLAGS=-mcpu=cortex-a9 -mfpu=vfpv3 -mfloat-abi=har
TRACE::2025-04-27.12:52:07::SCWMssOS::d -nostartfiles -g -Wall -Wextra -fno-tree-loop-distribute-patterns"

TRACE::2025-04-27.12:52:07::SCWMssOS::"Running Make include in ps7_cortexa9_0/libsrc/ddrps_v1_2/src"

TRACE::2025-04-27.12:52:07::SCWMssOS::make -C ps7_cortexa9_0/libsrc/ddrps_v1_2/src -s include  "SHELL=CMD" "COMPILER=arm-none-eabi-gcc" "ASSEMBLER=arm-none-eabi-as" 
TRACE::2025-04-27.12:52:07::SCWMssOS::"ARCHIVER=arm-none-eabi-ar" "COMPILER_FLAGS=  -O2 -c" "EXTRA_COMPILER_FLAGS=-mcpu=cortex-a9 -mfpu=vfpv3 -mfloat-abi=hard -nosta
TRACE::2025-04-27.12:52:07::SCWMssOS::rtfiles -g -Wall -Wextra -fno-tree-loop-distribute-patterns"

TRACE::2025-04-27.12:52:07::SCWMssOS::"Running Make include in ps7_cortexa9_0/libsrc/devcfg_v3_8/src"

TRACE::2025-04-27.12:52:07::SCWMssOS::make -C ps7_cortexa9_0/libsrc/devcfg_v3_8/src -s include  "SHELL=CMD" "COMPILER=arm-none-eabi-gcc" "ASSEMBLER=arm-none-eabi-as"
TRACE::2025-04-27.12:52:07::SCWMssOS:: "ARCHIVER=arm-none-eabi-ar" "COMPILER_FLAGS=  -O2 -c" "EXTRA_COMPILER_FLAGS=-mcpu=cortex-a9 -mfpu=vfpv3 -mfloat-abi=hard -nost
TRACE::2025-04-27.12:52:07::SCWMssOS::artfiles -g -Wall -Wextra -fno-tree-loop-distribute-patterns"

TRACE::2025-04-27.12:52:07::SCWMssOS::"Running Make include in ps7_cortexa9_0/libsrc/dmaps_v2_10/src"

TRACE::2025-04-27.12:52:07::SCWMssOS::make -C ps7_cortexa9_0/libsrc/dmaps_v2_10/src -s include  "SHELL=CMD" "COMPILER=arm-none-eabi-gcc" "ASSEMBLER=arm-none-eabi-as"
TRACE::2025-04-27.12:52:07::SCWMssOS:: "ARCHIVER=arm-none-eabi-ar" "COMPILER_FLAGS=  -O2 -c" "EXTRA_COMPILER_FLAGS=-mcpu=cortex-a9 -mfpu=vfpv3 -mfloat-abi=hard -nost
TRACE::2025-04-27.12:52:07::SCWMssOS::artfiles -g -Wall -Wextra -fno-tree-loop-distribute-patterns"

TRACE::2025-04-27.12:52:07::SCWMssOS::"Running Make include in ps7_cortexa9_0/libsrc/emacps_v3_20/src"

TRACE::2025-04-27.12:52:07::SCWMssOS::make -C ps7_cortexa9_0/libsrc/emacps_v3_20/src -s include  "SHELL=CMD" "COMPILER=arm-none-eabi-gcc" "ASSEMBLER=arm-none-eabi-as
TRACE::2025-04-27.12:52:07::SCWMssOS::" "ARCHIVER=arm-none-eabi-ar" "COMPILER_FLAGS=  -O2 -c" "EXTRA_COMPILER_FLAGS=-mcpu=cortex-a9 -mfpu=vfpv3 -mfloat-abi=hard -nos
TRACE::2025-04-27.12:52:07::SCWMssOS::tartfiles -g -Wall -Wextra -fno-tree-loop-distribute-patterns"

TRACE::2025-04-27.12:52:07::SCWMssOS::"Running Make include in ps7_cortexa9_0/libsrc/gpiops_v3_13/src"

TRACE::2025-04-27.12:52:07::SCWMssOS::make -C ps7_cortexa9_0/libsrc/gpiops_v3_13/src -s include  "SHELL=CMD" "COMPILER=arm-none-eabi-gcc" "ASSEMBLER=arm-none-eabi-as
TRACE::2025-04-27.12:52:07::SCWMssOS::" "ARCHIVER=arm-none-eabi-ar" "COMPILER_FLAGS=  -O2 -c" "EXTRA_COMPILER_FLAGS=-mcpu=cortex-a9 -mfpu=vfpv3 -mfloat-abi=hard -nos
TRACE::2025-04-27.12:52:07::SCWMssOS::tartfiles -g -Wall -Wextra -fno-tree-loop-distribute-patterns"

TRACE::2025-04-27.12:52:07::SCWMssOS::"Running Make include in ps7_cortexa9_0/libsrc/gpio_v4_11/src"

TRACE::2025-04-27.12:52:07::SCWMssOS::make -C ps7_cortexa9_0/libsrc/gpio_v4_11/src -s include  "SHELL=CMD" "COMPILER=arm-none-eabi-gcc" "ASSEMBLER=arm-none-eabi-as" 
TRACE::2025-04-27.12:52:07::SCWMssOS::"ARCHIVER=arm-none-eabi-ar" "COMPILER_FLAGS=  -O2 -c" "EXTRA_COMPILER_FLAGS=-mcpu=cortex-a9 -mfpu=vfpv3 -mfloat-abi=hard -nosta
TRACE::2025-04-27.12:52:07::SCWMssOS::rtfiles -g -Wall -Wextra -fno-tree-loop-distribute-patterns"

TRACE::2025-04-27.12:52:07::SCWMssOS::"Running Make include in ps7_cortexa9_0/libsrc/qspips_v3_12/src"

TRACE::2025-04-27.12:52:07::SCWMssOS::make -C ps7_cortexa9_0/libsrc/qspips_v3_12/src -s include  "SHELL=CMD" "COMPILER=arm-none-eabi-gcc" "ASSEMBLER=arm-none-eabi-as
TRACE::2025-04-27.12:52:07::SCWMssOS::" "ARCHIVER=arm-none-eabi-ar" "COMPILER_FLAGS=  -O2 -c" "EXTRA_COMPILER_FLAGS=-mcpu=cortex-a9 -mfpu=vfpv3 -mfloat-abi=hard -nos
TRACE::2025-04-27.12:52:07::SCWMssOS::tartfiles -g -Wall -Wextra -fno-tree-loop-distribute-patterns"

TRACE::2025-04-27.12:52:07::SCWMssOS::"Running Make include in ps7_cortexa9_0/libsrc/scugic_v5_3/src"

TRACE::2025-04-27.12:52:07::SCWMssOS::make -C ps7_cortexa9_0/libsrc/scugic_v5_3/src -s include  "SHELL=CMD" "COMPILER=arm-none-eabi-gcc" "ASSEMBLER=arm-none-eabi-as"
TRACE::2025-04-27.12:52:07::SCWMssOS:: "ARCHIVER=arm-none-eabi-ar" "COMPILER_FLAGS=  -O2 -c" "EXTRA_COMPILER_FLAGS=-mcpu=cortex-a9 -mfpu=vfpv3 -mfloat-abi=hard -nost
TRACE::2025-04-27.12:52:07::SCWMssOS::artfiles -g -Wall -Wextra -fno-tree-loop-distribute-patterns"

TRACE::2025-04-27.12:52:07::SCWMssOS::"Running Make include in ps7_cortexa9_0/libsrc/scutimer_v2_6/src"

TRACE::2025-04-27.12:52:07::SCWMssOS::make -C ps7_cortexa9_0/libsrc/scutimer_v2_6/src -s include  "SHELL=CMD" "COMPILER=arm-none-eabi-gcc" "ASSEMBLER=arm-none-eabi-a
TRACE::2025-04-27.12:52:07::SCWMssOS::s" "ARCHIVER=arm-none-eabi-ar" "COMPILER_FLAGS=  -O2 -c" "EXTRA_COMPILER_FLAGS=-mcpu=cortex-a9 -mfpu=vfpv3 -mfloat-abi=hard -no
TRACE::2025-04-27.12:52:07::SCWMssOS::startfiles -g -Wall -Wextra -fno-tree-loop-distribute-patterns"

TRACE::2025-04-27.12:52:07::SCWMssOS::"Running Make include in ps7_cortexa9_0/libsrc/scuwdt_v2_5/src"

TRACE::2025-04-27.12:52:07::SCWMssOS::"Running Make include in ps7_cortexa9_0/libsrc/sdps_v4_3/src"

TRACE::2025-04-27.12:52:07::SCWMssOS::make -C ps7_cortexa9_0/libsrc/scuwdt_v2_5/src -s include  "SHELL=CMD" "COMPILER=arm-none-eabi-gcc" "ASSEMBLER=arm-none-eabi-as"
TRACE::2025-04-27.12:52:07::SCWMssOS:: "ARCHIVER=arm-none-eabi-ar" "COMPILER_FLAGS=  -O2 -c" "EXTRA_COMPILER_FLAGS=-mcpu=cortex-a9 -mfpu=vfpv3 -mfloat-abi=hard -nost
TRACE::2025-04-27.12:52:07::SCWMssOS::artfiles -g -Wall -Wextra -fno-tree-loop-distribute-patterns"

TRACE::2025-04-27.12:52:07::SCWMssOS::make -C ps7_cortexa9_0/libsrc/sdps_v4_3/src -s include  "SHELL=CMD" "COMPILER=arm-none-eabi-gcc" "ASSEMBLER=arm-none-eabi-as" "
TRACE::2025-04-27.12:52:07::SCWMssOS::ARCHIVER=arm-none-eabi-ar" "COMPILER_FLAGS=  -O2 -c" "EXTRA_COMPILER_FLAGS=-mcpu=cortex-a9 -mfpu=vfpv3 -mfloat-abi=hard -nostar
TRACE::2025-04-27.12:52:07::SCWMssOS::tfiles -g -Wall -Wextra -fno-tree-loop-distribute-patterns"

TRACE::2025-04-27.12:52:07::SCWMssOS::"Running Make include in ps7_cortexa9_0/libsrc/standalone_v9_1/src"

TRACE::2025-04-27.12:52:07::SCWMssOS::make -C ps7_cortexa9_0/libsrc/standalone_v9_1/src -s include  "SHELL=CMD" "COMPILER=arm-none-eabi-gcc" "ASSEMBLER=arm-none-eabi
TRACE::2025-04-27.12:52:07::SCWMssOS::-as" "ARCHIVER=arm-none-eabi-ar" "COMPILER_FLAGS=  -O2 -c" "EXTRA_COMPILER_FLAGS=-mcpu=cortex-a9 -mfpu=vfpv3 -mfloat-abi=hard -
TRACE::2025-04-27.12:52:07::SCWMssOS::nostartfiles -g -Wall -Wextra -fno-tree-loop-distribute-patterns"

TRACE::2025-04-27.12:52:07::SCWMssOS::"Running Make include in ps7_cortexa9_0/libsrc/tmrctr_v4_12/src"

TRACE::2025-04-27.12:52:07::SCWMssOS::make -C ps7_cortexa9_0/libsrc/tmrctr_v4_12/src -s include  "SHELL=CMD" "COMPILER=arm-none-eabi-gcc" "ASSEMBLER=arm-none-eabi-as
TRACE::2025-04-27.12:52:07::SCWMssOS::" "ARCHIVER=arm-none-eabi-ar" "COMPILER_FLAGS=  -O2 -c" "EXTRA_COMPILER_FLAGS=-mcpu=cortex-a9 -mfpu=vfpv3 -mfloat-abi=hard -nos
TRACE::2025-04-27.12:52:07::SCWMssOS::tartfiles -g -Wall -Wextra -fno-tree-loop-distribute-patterns"

TRACE::2025-04-27.12:52:08::SCWMssOS::"Running Make include in ps7_cortexa9_0/libsrc/uartps_v3_14/src"

TRACE::2025-04-27.12:52:08::SCWMssOS::make -C ps7_cortexa9_0/libsrc/uartps_v3_14/src -s include  "SHELL=CMD" "COMPILER=arm-none-eabi-gcc" "ASSEMBLER=arm-none-eabi-as
TRACE::2025-04-27.12:52:08::SCWMssOS::" "ARCHIVER=arm-none-eabi-ar" "COMPILER_FLAGS=  -O2 -c" "EXTRA_COMPILER_FLAGS=-mcpu=cortex-a9 -mfpu=vfpv3 -mfloat-abi=hard -nos
TRACE::2025-04-27.12:52:08::SCWMssOS::tartfiles -g -Wall -Wextra -fno-tree-loop-distribute-patterns"

TRACE::2025-04-27.12:52:08::SCWMssOS::"Running Make include in ps7_cortexa9_0/libsrc/usbps_v2_9/src"

TRACE::2025-04-27.12:52:08::SCWMssOS::make -C ps7_cortexa9_0/libsrc/usbps_v2_9/src -s include  "SHELL=CMD" "COMPILER=arm-none-eabi-gcc" "ASSEMBLER=arm-none-eabi-as" 
TRACE::2025-04-27.12:52:08::SCWMssOS::"ARCHIVER=arm-none-eabi-ar" "COMPILER_FLAGS=  -O2 -c" "EXTRA_COMPILER_FLAGS=-mcpu=cortex-a9 -mfpu=vfpv3 -mfloat-abi=hard -nosta
TRACE::2025-04-27.12:52:08::SCWMssOS::rtfiles -g -Wall -Wextra -fno-tree-loop-distribute-patterns"

TRACE::2025-04-27.12:52:08::SCWMssOS::"Running Make include in ps7_cortexa9_0/libsrc/xadcps_v2_7/src"

TRACE::2025-04-27.12:52:08::SCWMssOS::make -C ps7_cortexa9_0/libsrc/xadcps_v2_7/src -s include  "SHELL=CMD" "COMPILER=arm-none-eabi-gcc" "ASSEMBLER=arm-none-eabi-as"
TRACE::2025-04-27.12:52:08::SCWMssOS:: "ARCHIVER=arm-none-eabi-ar" "COMPILER_FLAGS=  -O2 -c" "EXTRA_COMPILER_FLAGS=-mcpu=cortex-a9 -mfpu=vfpv3 -mfloat-abi=hard -nost
TRACE::2025-04-27.12:52:08::SCWMssOS::artfiles -g -Wall -Wextra -fno-tree-loop-distribute-patterns"

TRACE::2025-04-27.12:52:08::SCWMssOS::"Running Make libs in ps7_cortexa9_0/libsrc/coresightps_dcc_v1_10/src"

TRACE::2025-04-27.12:52:08::SCWMssOS::make -C ps7_cortexa9_0/libsrc/coresightps_dcc_v1_10/src -s libs  "SHELL=CMD" "COMPILER=arm-none-eabi-gcc" "ASSEMBLER=arm-none-e
TRACE::2025-04-27.12:52:08::SCWMssOS::abi-as" "ARCHIVER=arm-none-eabi-ar" "COMPILER_FLAGS=  -O2 -c" "EXTRA_COMPILER_FLAGS=-mcpu=cortex-a9 -mfpu=vfpv3 -mfloat-abi=har
TRACE::2025-04-27.12:52:08::SCWMssOS::d -nostartfiles -g -Wall -Wextra -fno-tree-loop-distribute-patterns"

TRACE::2025-04-27.12:52:08::SCWMssOS::"Running Make libs in ps7_cortexa9_0/libsrc/cpu_cortexa9_v2_12/src"

TRACE::2025-04-27.12:52:08::SCWMssOS::make -C ps7_cortexa9_0/libsrc/cpu_cortexa9_v2_12/src -s libs  "SHELL=CMD" "COMPILER=arm-none-eabi-gcc" "ASSEMBLER=arm-none-eabi
TRACE::2025-04-27.12:52:08::SCWMssOS::-as" "ARCHIVER=arm-none-eabi-ar" "COMPILER_FLAGS=  -O2 -c" "EXTRA_COMPILER_FLAGS=-mcpu=cortex-a9 -mfpu=vfpv3 -mfloat-abi=hard -
TRACE::2025-04-27.12:52:08::SCWMssOS::nostartfiles -g -Wall -Wextra -fno-tree-loop-distribute-patterns"

TRACE::2025-04-27.12:52:08::SCWMssOS::"Running Make libs in ps7_cortexa9_0/libsrc/ddrps_v1_2/src"

TRACE::2025-04-27.12:52:08::SCWMssOS::make -C ps7_cortexa9_0/libsrc/ddrps_v1_2/src -s libs  "SHELL=CMD" "COMPILER=arm-none-eabi-gcc" "ASSEMBLER=arm-none-eabi-as" "AR
TRACE::2025-04-27.12:52:08::SCWMssOS::CHIVER=arm-none-eabi-ar" "COMPILER_FLAGS=  -O2 -c" "EXTRA_COMPILER_FLAGS=-mcpu=cortex-a9 -mfpu=vfpv3 -mfloat-abi=hard -nostartf
TRACE::2025-04-27.12:52:08::SCWMssOS::iles -g -Wall -Wextra -fno-tree-loop-distribute-patterns"

TRACE::2025-04-27.12:52:08::SCWMssOS::"Running Make libs in ps7_cortexa9_0/libsrc/devcfg_v3_8/src"

TRACE::2025-04-27.12:52:08::SCWMssOS::make -C ps7_cortexa9_0/libsrc/devcfg_v3_8/src -s libs  "SHELL=CMD" "COMPILER=arm-none-eabi-gcc" "ASSEMBLER=arm-none-eabi-as" "A
TRACE::2025-04-27.12:52:08::SCWMssOS::RCHIVER=arm-none-eabi-ar" "COMPILER_FLAGS=  -O2 -c" "EXTRA_COMPILER_FLAGS=-mcpu=cortex-a9 -mfpu=vfpv3 -mfloat-abi=hard -nostart
TRACE::2025-04-27.12:52:08::SCWMssOS::files -g -Wall -Wextra -fno-tree-loop-distribute-patterns"

TRACE::2025-04-27.12:52:08::SCWMssOS::"Running Make libs in ps7_cortexa9_0/libsrc/dmaps_v2_10/src"

TRACE::2025-04-27.12:52:08::SCWMssOS::make -C ps7_cortexa9_0/libsrc/dmaps_v2_10/src -s libs  "SHELL=CMD" "COMPILER=arm-none-eabi-gcc" "ASSEMBLER=arm-none-eabi-as" "A
TRACE::2025-04-27.12:52:08::SCWMssOS::RCHIVER=arm-none-eabi-ar" "COMPILER_FLAGS=  -O2 -c" "EXTRA_COMPILER_FLAGS=-mcpu=cortex-a9 -mfpu=vfpv3 -mfloat-abi=hard -nostart
TRACE::2025-04-27.12:52:08::SCWMssOS::files -g -Wall -Wextra -fno-tree-loop-distribute-patterns"

TRACE::2025-04-27.12:52:08::SCWMssOS::"Running Make libs in ps7_cortexa9_0/libsrc/emacps_v3_20/src"

TRACE::2025-04-27.12:52:08::SCWMssOS::make -C ps7_cortexa9_0/libsrc/emacps_v3_20/src -s libs  "SHELL=CMD" "COMPILER=arm-none-eabi-gcc" "ASSEMBLER=arm-none-eabi-as" "
TRACE::2025-04-27.12:52:08::SCWMssOS::ARCHIVER=arm-none-eabi-ar" "COMPILER_FLAGS=  -O2 -c" "EXTRA_COMPILER_FLAGS=-mcpu=cortex-a9 -mfpu=vfpv3 -mfloat-abi=hard -nostar
TRACE::2025-04-27.12:52:08::SCWMssOS::tfiles -g -Wall -Wextra -fno-tree-loop-distribute-patterns"

TRACE::2025-04-27.12:52:08::SCWMssOS::"Running Make libs in ps7_cortexa9_0/libsrc/gpiops_v3_13/src"

TRACE::2025-04-27.12:52:08::SCWMssOS::make -C ps7_cortexa9_0/libsrc/gpiops_v3_13/src -s libs  "SHELL=CMD" "COMPILER=arm-none-eabi-gcc" "ASSEMBLER=arm-none-eabi-as" "
TRACE::2025-04-27.12:52:08::SCWMssOS::ARCHIVER=arm-none-eabi-ar" "COMPILER_FLAGS=  -O2 -c" "EXTRA_COMPILER_FLAGS=-mcpu=cortex-a9 -mfpu=vfpv3 -mfloat-abi=hard -nostar
TRACE::2025-04-27.12:52:08::SCWMssOS::tfiles -g -Wall -Wextra -fno-tree-loop-distribute-patterns"

TRACE::2025-04-27.12:52:08::SCWMssOS::"Running Make libs in ps7_cortexa9_0/libsrc/gpio_v4_11/src"

TRACE::2025-04-27.12:52:08::SCWMssOS::make -C ps7_cortexa9_0/libsrc/gpio_v4_11/src -s libs  "SHELL=CMD" "COMPILER=arm-none-eabi-gcc" "ASSEMBLER=arm-none-eabi-as" "AR
TRACE::2025-04-27.12:52:08::SCWMssOS::CHIVER=arm-none-eabi-ar" "COMPILER_FLAGS=  -O2 -c" "EXTRA_COMPILER_FLAGS=-mcpu=cortex-a9 -mfpu=vfpv3 -mfloat-abi=hard -nostartf
TRACE::2025-04-27.12:52:08::SCWMssOS::iles -g -Wall -Wextra -fno-tree-loop-distribute-patterns"

TRACE::2025-04-27.12:52:09::SCWMssOS::"Running Make libs in ps7_cortexa9_0/libsrc/qspips_v3_12/src"

TRACE::2025-04-27.12:52:09::SCWMssOS::make -C ps7_cortexa9_0/libsrc/qspips_v3_12/src -s libs  "SHELL=CMD" "COMPILER=arm-none-eabi-gcc" "ASSEMBLER=arm-none-eabi-as" "
TRACE::2025-04-27.12:52:09::SCWMssOS::ARCHIVER=arm-none-eabi-ar" "COMPILER_FLAGS=  -O2 -c" "EXTRA_COMPILER_FLAGS=-mcpu=cortex-a9 -mfpu=vfpv3 -mfloat-abi=hard -nostar
TRACE::2025-04-27.12:52:09::SCWMssOS::tfiles -g -Wall -Wextra -fno-tree-loop-distribute-patterns"

TRACE::2025-04-27.12:52:10::SCWMssOS::"Running Make libs in ps7_cortexa9_0/libsrc/scugic_v5_3/src"

TRACE::2025-04-27.12:52:10::SCWMssOS::make -C ps7_cortexa9_0/libsrc/scugic_v5_3/src -s libs  "SHELL=CMD" "COMPILER=arm-none-eabi-gcc" "ASSEMBLER=arm-none-eabi-as" "A
TRACE::2025-04-27.12:52:10::SCWMssOS::RCHIVER=arm-none-eabi-ar" "COMPILER_FLAGS=  -O2 -c" "EXTRA_COMPILER_FLAGS=-mcpu=cortex-a9 -mfpu=vfpv3 -mfloat-abi=hard -nostart
TRACE::2025-04-27.12:52:10::SCWMssOS::files -g -Wall -Wextra -fno-tree-loop-distribute-patterns"

TRACE::2025-04-27.12:52:10::SCWMssOS::"Running Make libs in ps7_cortexa9_0/libsrc/scutimer_v2_6/src"

TRACE::2025-04-27.12:52:10::SCWMssOS::make -C ps7_cortexa9_0/libsrc/scutimer_v2_6/src -s libs  "SHELL=CMD" "COMPILER=arm-none-eabi-gcc" "ASSEMBLER=arm-none-eabi-as" 
TRACE::2025-04-27.12:52:10::SCWMssOS::"ARCHIVER=arm-none-eabi-ar" "COMPILER_FLAGS=  -O2 -c" "EXTRA_COMPILER_FLAGS=-mcpu=cortex-a9 -mfpu=vfpv3 -mfloat-abi=hard -nosta
TRACE::2025-04-27.12:52:10::SCWMssOS::rtfiles -g -Wall -Wextra -fno-tree-loop-distribute-patterns"

TRACE::2025-04-27.12:52:10::SCWMssOS::"Running Make libs in ps7_cortexa9_0/libsrc/scuwdt_v2_5/src"

TRACE::2025-04-27.12:52:10::SCWMssOS::make -C ps7_cortexa9_0/libsrc/scuwdt_v2_5/src -s libs  "SHELL=CMD" "COMPILER=arm-none-eabi-gcc" "ASSEMBLER=arm-none-eabi-as" "A
TRACE::2025-04-27.12:52:10::SCWMssOS::RCHIVER=arm-none-eabi-ar" "COMPILER_FLAGS=  -O2 -c" "EXTRA_COMPILER_FLAGS=-mcpu=cortex-a9 -mfpu=vfpv3 -mfloat-abi=hard -nostart
TRACE::2025-04-27.12:52:10::SCWMssOS::files -g -Wall -Wextra -fno-tree-loop-distribute-patterns"

TRACE::2025-04-27.12:52:10::SCWMssOS::"Running Make libs in ps7_cortexa9_0/libsrc/sdps_v4_3/src"

TRACE::2025-04-27.12:52:10::SCWMssOS::make -C ps7_cortexa9_0/libsrc/sdps_v4_3/src -s libs  "SHELL=CMD" "COMPILER=arm-none-eabi-gcc" "ASSEMBLER=arm-none-eabi-as" "ARC
TRACE::2025-04-27.12:52:10::SCWMssOS::HIVER=arm-none-eabi-ar" "COMPILER_FLAGS=  -O2 -c" "EXTRA_COMPILER_FLAGS=-mcpu=cortex-a9 -mfpu=vfpv3 -mfloat-abi=hard -nostartfi
TRACE::2025-04-27.12:52:10::SCWMssOS::les -g -Wall -Wextra -fno-tree-loop-distribute-patterns"

TRACE::2025-04-27.12:52:10::SCWMssOS::"Running Make libs in ps7_cortexa9_0/libsrc/standalone_v9_1/src"

TRACE::2025-04-27.12:52:10::SCWMssOS::make -C ps7_cortexa9_0/libsrc/standalone_v9_1/src -s libs  "SHELL=CMD" "COMPILER=arm-none-eabi-gcc" "ASSEMBLER=arm-none-eabi-as
TRACE::2025-04-27.12:52:10::SCWMssOS::" "ARCHIVER=arm-none-eabi-ar" "COMPILER_FLAGS=  -O2 -c" "EXTRA_COMPILER_FLAGS=-mcpu=cortex-a9 -mfpu=vfpv3 -mfloat-abi=hard -nos
TRACE::2025-04-27.12:52:10::SCWMssOS::tartfiles -g -Wall -Wextra -fno-tree-loop-distribute-patterns"

TRACE::2025-04-27.12:52:10::SCWMssOS::"Running Make libs in ps7_cortexa9_0/libsrc/tmrctr_v4_12/src"

TRACE::2025-04-27.12:52:10::SCWMssOS::make -C ps7_cortexa9_0/libsrc/tmrctr_v4_12/src -s libs  "SHELL=CMD" "COMPILER=arm-none-eabi-gcc" "ASSEMBLER=arm-none-eabi-as" "
TRACE::2025-04-27.12:52:10::SCWMssOS::ARCHIVER=arm-none-eabi-ar" "COMPILER_FLAGS=  -O2 -c" "EXTRA_COMPILER_FLAGS=-mcpu=cortex-a9 -mfpu=vfpv3 -mfloat-abi=hard -nostar
TRACE::2025-04-27.12:52:10::SCWMssOS::tfiles -g -Wall -Wextra -fno-tree-loop-distribute-patterns"

TRACE::2025-04-27.12:52:11::SCWMssOS::"Running Make libs in ps7_cortexa9_0/libsrc/uartps_v3_14/src"

TRACE::2025-04-27.12:52:11::SCWMssOS::make -C ps7_cortexa9_0/libsrc/uartps_v3_14/src -s libs  "SHELL=CMD" "COMPILER=arm-none-eabi-gcc" "ASSEMBLER=arm-none-eabi-as" "
TRACE::2025-04-27.12:52:11::SCWMssOS::ARCHIVER=arm-none-eabi-ar" "COMPILER_FLAGS=  -O2 -c" "EXTRA_COMPILER_FLAGS=-mcpu=cortex-a9 -mfpu=vfpv3 -mfloat-abi=hard -nostar
TRACE::2025-04-27.12:52:11::SCWMssOS::tfiles -g -Wall -Wextra -fno-tree-loop-distribute-patterns"

TRACE::2025-04-27.12:52:11::SCWMssOS::"Running Make libs in ps7_cortexa9_0/libsrc/usbps_v2_9/src"

TRACE::2025-04-27.12:52:11::SCWMssOS::make -C ps7_cortexa9_0/libsrc/usbps_v2_9/src -s libs  "SHELL=CMD" "COMPILER=arm-none-eabi-gcc" "ASSEMBLER=arm-none-eabi-as" "AR
TRACE::2025-04-27.12:52:11::SCWMssOS::CHIVER=arm-none-eabi-ar" "COMPILER_FLAGS=  -O2 -c" "EXTRA_COMPILER_FLAGS=-mcpu=cortex-a9 -mfpu=vfpv3 -mfloat-abi=hard -nostartf
TRACE::2025-04-27.12:52:11::SCWMssOS::iles -g -Wall -Wextra -fno-tree-loop-distribute-patterns"

TRACE::2025-04-27.12:52:11::SCWMssOS::"Running Make libs in ps7_cortexa9_0/libsrc/xadcps_v2_7/src"

TRACE::2025-04-27.12:52:11::SCWMssOS::make -C ps7_cortexa9_0/libsrc/xadcps_v2_7/src -s libs  "SHELL=CMD" "COMPILER=arm-none-eabi-gcc" "ASSEMBLER=arm-none-eabi-as" "A
TRACE::2025-04-27.12:52:11::SCWMssOS::RCHIVER=arm-none-eabi-ar" "COMPILER_FLAGS=  -O2 -c" "EXTRA_COMPILER_FLAGS=-mcpu=cortex-a9 -mfpu=vfpv3 -mfloat-abi=hard -nostart
TRACE::2025-04-27.12:52:11::SCWMssOS::files -g -Wall -Wextra -fno-tree-loop-distribute-patterns"

TRACE::2025-04-27.12:52:14::SCWMssOS::'Finished building libraries parallelly.'

TRACE::2025-04-27.12:52:14::SCWMssOS::make --no-print-directory archive

TRACE::2025-04-27.12:52:14::SCWMssOS::arm-none-eabi-ar -r  ps7_cortexa9_0/lib/libxil.a ps7_cortexa9_0/lib/_exit.o ps7_cortexa9_0/lib/_open.o ps7_cortexa9_0/lib/_sbrk
TRACE::2025-04-27.12:52:14::SCWMssOS::.o ps7_cortexa9_0/lib/abort.o ps7_cortexa9_0/lib/asm_vectors.o ps7_cortexa9_0/lib/boot.o ps7_cortexa9_0/lib/close.o ps7_cortexa
TRACE::2025-04-27.12:52:14::SCWMssOS::9_0/lib/cpputest_time.o ps7_cortexa9_0/lib/cpu_init.o ps7_cortexa9_0/lib/errno.o ps7_cortexa9_0/lib/fcntl.o ps7_cortexa9_0/lib/
TRACE::2025-04-27.12:52:14::SCWMssOS::fstat.o ps7_cortexa9_0/lib/getentropy.o ps7_cortexa9_0/lib/getpid.o ps7_cortexa9_0/lib/inbyte.o ps7_cortexa9_0/lib/isatty.o ps7
TRACE::2025-04-27.12:52:14::SCWMssOS::_cortexa9_0/lib/kill.o ps7_cortexa9_0/lib/lseek.o ps7_cortexa9_0/lib/open.o ps7_cortexa9_0/lib/outbyte.o ps7_cortexa9_0/lib/pri
TRACE::2025-04-27.12:52:14::SCWMssOS::nt.o ps7_cortexa9_0/lib/putnum.o ps7_cortexa9_0/lib/read.o ps7_cortexa9_0/lib/sbrk.o ps7_cortexa9_0/lib/sleep.o ps7_cortexa9_0/
TRACE::2025-04-27.12:52:14::SCWMssOS::lib/time.o ps7_cortexa9_0/lib/translation_table.o ps7_cortexa9_0/lib/unlink.o ps7_cortexa9_0/lib/usleep.o ps7_cortexa9_0/lib/ve
TRACE::2025-04-27.12:52:14::SCWMssOS::ctors.o ps7_cortexa9_0/lib/write.o ps7_cortexa9_0/lib/xadcps.o ps7_cortexa9_0/lib/xadcps_g.o ps7_cortexa9_0/lib/xadcps_intr.o p
TRACE::2025-04-27.12:52:14::SCWMssOS::s7_cortexa9_0/lib/xadcps_selftest.o ps7_cortexa9_0/lib/xadcps_sinit.o ps7_cortexa9_0/lib/xcoresightpsdcc.o ps7_cortexa9_0/lib/x
TRACE::2025-04-27.12:52:14::SCWMssOS::devcfg.o ps7_cortexa9_0/lib/xdevcfg_g.o ps7_cortexa9_0/lib/xdevcfg_hw.o ps7_cortexa9_0/lib/xdevcfg_intr.o ps7_cortexa9_0/lib/xd
TRACE::2025-04-27.12:52:14::SCWMssOS::evcfg_selftest.o ps7_cortexa9_0/lib/xdevcfg_sinit.o ps7_cortexa9_0/lib/xdmaps.o ps7_cortexa9_0/lib/xdmaps_g.o ps7_cortexa9_0/li
TRACE::2025-04-27.12:52:14::SCWMssOS::b/xdmaps_hw.o ps7_cortexa9_0/lib/xdmaps_selftest.o ps7_cortexa9_0/lib/xdmaps_sinit.o ps7_cortexa9_0/lib/xemacps.o ps7_cortexa9_
TRACE::2025-04-27.12:52:14::SCWMssOS::0/lib/xemacps_bdring.o ps7_cortexa9_0/lib/xemacps_control.o ps7_cortexa9_0/lib/xemacps_g.o ps7_cortexa9_0/lib/xemacps_hw.o ps7_
TRACE::2025-04-27.12:52:14::SCWMssOS::cortexa9_0/lib/xemacps_intr.o ps7_cortexa9_0/lib/xemacps_sinit.o ps7_cortexa9_0/lib/xgpio.o ps7_cortexa9_0/lib/xgpio_extra.o ps
TRACE::2025-04-27.12:52:14::SCWMssOS::7_cortexa9_0/lib/xgpio_g.o ps7_cortexa9_0/lib/xgpio_intr.o ps7_cortexa9_0/lib/xgpio_selftest.o ps7_cortexa9_0/lib/xgpio_sinit.o
TRACE::2025-04-27.12:52:14::SCWMssOS:: ps7_cortexa9_0/lib/xgpiops.o ps7_cortexa9_0/lib/xgpiops_g.o ps7_cortexa9_0/lib/xgpiops_hw.o ps7_cortexa9_0/lib/xgpiops_intr.o 
TRACE::2025-04-27.12:52:14::SCWMssOS::ps7_cortexa9_0/lib/xgpiops_selftest.o ps7_cortexa9_0/lib/xgpiops_sinit.o ps7_cortexa9_0/lib/xil-crt0.o ps7_cortexa9_0/lib/xil_a
TRACE::2025-04-27.12:52:14::SCWMssOS::ssert.o ps7_cortexa9_0/lib/xil_cache.o ps7_cortexa9_0/lib/xil_clocking.o ps7_cortexa9_0/lib/xil_exception.o ps7_cortexa9_0/lib/
TRACE::2025-04-27.12:52:14::SCWMssOS::xil_mem.o ps7_cortexa9_0/lib/xil_misc_psreset_api.o ps7_cortexa9_0/lib/xil_mmu.o ps7_cortexa9_0/lib/xil_printf.o ps7_cortexa9_0
TRACE::2025-04-27.12:52:14::SCWMssOS::/lib/xil_sleepcommon.o ps7_cortexa9_0/lib/xil_sleeptimer.o ps7_cortexa9_0/lib/xil_spinlock.o ps7_cortexa9_0/lib/xil_testcache.o
TRACE::2025-04-27.12:52:14::SCWMssOS:: ps7_cortexa9_0/lib/xil_testio.o ps7_cortexa9_0/lib/xil_testmem.o ps7_cortexa9_0/lib/xil_util.o ps7_cortexa9_0/lib/xinterrupt_w
TRACE::2025-04-27.12:52:14::SCWMssOS::rap.o ps7_cortexa9_0/lib/xl2cc_counter.o ps7_cortexa9_0/lib/xplatform_info.o ps7_cortexa9_0/lib/xpm_counter.o ps7_cortexa9_0/li
TRACE::2025-04-27.12:52:14::SCWMssOS::b/xpm_init.o ps7_cortexa9_0/lib/xqspips.o ps7_cortexa9_0/lib/xqspips_g.o ps7_cortexa9_0/lib/xqspips_hw.o ps7_cortexa9_0/lib/xqs
TRACE::2025-04-27.12:52:14::SCWMssOS::pips_options.o ps7_cortexa9_0/lib/xqspips_selftest.o ps7_cortexa9_0/lib/xqspips_sinit.o ps7_cortexa9_0/lib/xscugic.o ps7_cortex
TRACE::2025-04-27.12:52:14::SCWMssOS::a9_0/lib/xscugic_g.o ps7_cortexa9_0/lib/xscugic_hw.o ps7_cortexa9_0/lib/xscugic_intr.o ps7_cortexa9_0/lib/xscugic_selftest.o ps
TRACE::2025-04-27.12:52:14::SCWMssOS::7_cortexa9_0/lib/xscugic_sinit.o ps7_cortexa9_0/lib/xscutimer.o ps7_cortexa9_0/lib/xscutimer_g.o ps7_cortexa9_0/lib/xscutimer_s
TRACE::2025-04-27.12:52:14::SCWMssOS::elftest.o ps7_cortexa9_0/lib/xscutimer_sinit.o ps7_cortexa9_0/lib/xscuwdt.o ps7_cortexa9_0/lib/xscuwdt_g.o ps7_cortexa9_0/lib/x
TRACE::2025-04-27.12:52:14::SCWMssOS::scuwdt_selftest.o ps7_cortexa9_0/lib/xscuwdt_sinit.o ps7_cortexa9_0/lib/xsdps.o ps7_cortexa9_0/lib/xsdps_card.o ps7_cortexa9_0/
TRACE::2025-04-27.12:52:14::SCWMssOS::lib/xsdps_g.o ps7_cortexa9_0/lib/xsdps_host.o ps7_cortexa9_0/lib/xsdps_options.o ps7_cortexa9_0/lib/xsdps_sinit.o ps7_cortexa9_
TRACE::2025-04-27.12:52:14::SCWMssOS::0/lib/xtime_l.o ps7_cortexa9_0/lib/xtmrctr.o ps7_cortexa9_0/lib/xtmrctr_g.o ps7_cortexa9_0/lib/xtmrctr_intr.o ps7_cortexa9_0/li
TRACE::2025-04-27.12:52:14::SCWMssOS::b/xtmrctr_l.o ps7_cortexa9_0/lib/xtmrctr_options.o ps7_cortexa9_0/lib/xtmrctr_selftest.o ps7_cortexa9_0/lib/xtmrctr_sinit.o ps7
TRACE::2025-04-27.12:52:14::SCWMssOS::_cortexa9_0/lib/xtmrctr_stats.o ps7_cortexa9_0/lib/xuartps.o ps7_cortexa9_0/lib/xuartps_g.o ps7_cortexa9_0/lib/xuartps_hw.o ps7
TRACE::2025-04-27.12:52:14::SCWMssOS::_cortexa9_0/lib/xuartps_intr.o ps7_cortexa9_0/lib/xuartps_options.o ps7_cortexa9_0/lib/xuartps_selftest.o ps7_cortexa9_0/lib/xu
TRACE::2025-04-27.12:52:14::SCWMssOS::artps_sinit.o ps7_cortexa9_0/lib/xusbps.o ps7_cortexa9_0/lib/xusbps_endpoint.o ps7_cortexa9_0/lib/xusbps_g.o ps7_cortexa9_0/lib
TRACE::2025-04-27.12:52:14::SCWMssOS::/xusbps_hw.o ps7_cortexa9_0/lib/xusbps_intr.o ps7_cortexa9_0/lib/xusbps_sinit.o

TRACE::2025-04-27.12:52:14::SCWMssOS::'Finished building libraries'

TRACE::2025-04-27.12:52:14::SCWMssOS::Copying to export directory.
TRACE::2025-04-27.12:52:14::SCWMssOS:: Checking if to create the Supporting Applications
TRACE::2025-04-27.12:52:14::SCWMssOS:: No Linux domain exists, trying to generate FSBL 
LOG::2025-04-27.12:52:14::SCWSystem::Completed Processing the domain standalone_ps7_cortexa9_0
LOG::2025-04-27.12:52:14::SCWSystem::Completed Processing the sysconfig MotorControl
LOG::2025-04-27.12:52:14::SCWPlatform::Completed generating the artifacts for system configuration MotorControl
TRACE::2025-04-27.12:52:14::SCWPlatform::Started preparing the platform 
TRACE::2025-04-27.12:52:14::SCWSystem::Writing the bif file for system config MotorControl
TRACE::2025-04-27.12:52:14::SCWSystem::dir created 
TRACE::2025-04-27.12:52:14::SCWSystem::Writing the bif 
TRACE::2025-04-27.12:52:14::SCWPlatform::Started writing the spfm file 
TRACE::2025-04-27.12:52:14::SCWPlatform::Started writing the xpfm file 
TRACE::2025-04-27.12:52:14::SCWPlatform::Completed generating the platform
TRACE::2025-04-27.12:52:14::SCWMssOS::Saving the mss changes C:/PXL/devWorks/devWorks2/CAR/MotorControl/Vitis/MotorControl/zynq_fsbl/zynq_fsbl_bsp/system.mss
TRACE::2025-04-27.12:52:14::SCWMssOS::Found a swdesign opened with the mssfile.
TRACE::2025-04-27.12:52:14::SCWMssOS::Completed writemss as part of save.
TRACE::2025-04-27.12:52:14::SCWMssOS::Commit changes completed.
TRACE::2025-04-27.12:52:14::SCWMssOS::Saving the mss changes C:/PXL/devWorks/devWorks2/CAR/MotorControl/Vitis/MotorControl/ps7_cortexa9_0/standalone_ps7_cortexa9_0/bsp/system.mss
TRACE::2025-04-27.12:52:14::SCWMssOS::Found a swdesign opened with the mssfile.
TRACE::2025-04-27.12:52:14::SCWMssOS::Completed writemss as part of save.
TRACE::2025-04-27.12:52:14::SCWMssOS::Commit changes completed.
TRACE::2025-04-27.12:52:14::SCWPlatform::Trying to open the hw design at C:/PXL/devWorks/devWorks2/CAR/MotorControl/Vitis/MotorControl/hw/MotorControl.xsa
TRACE::2025-04-27.12:52:14::SCWPlatform::DSA given C:/PXL/devWorks/devWorks2/CAR/MotorControl/Vitis/MotorControl/hw/MotorControl.xsa
TRACE::2025-04-27.12:52:14::SCWPlatform::DSA absoulate path C:/PXL/devWorks/devWorks2/CAR/MotorControl/Vitis/MotorControl/hw/MotorControl.xsa
TRACE::2025-04-27.12:52:14::SCWPlatform::DSA directory C:/PXL/devWorks/devWorks2/CAR/MotorControl/Vitis/MotorControl/hw
TRACE::2025-04-27.12:52:14::SCWPlatform:: Platform Path C:/PXL/devWorks/devWorks2/CAR/MotorControl/Vitis/MotorControl/hw/MotorControl.xsa
TRACE::2025-04-27.12:52:14::SCWPlatform:: Unique name xilinx:pynq-z2::0.0
TRACE::2025-04-27.12:52:14::SCWPlatform::Trying to set the existing hwdb with name design_1_wrapper_0
TRACE::2025-04-27.12:52:14::SCWPlatform::Opened existing hwdb design_1_wrapper_0
TRACE::2025-04-27.12:52:14::SCWPlatform::Found the Hw Db part of the input DSA
TRACE::2025-04-27.12:52:14::SCWMssOS::Checking the sw design at  C:/PXL/devWorks/devWorks2/CAR/MotorControl/Vitis/MotorControl/zynq_fsbl/zynq_fsbl_bsp/system.mss
TRACE::2025-04-27.12:52:14::SCWMssOS::DEBUG:  swdes dump  C:/PXL/devWorks/devWorks2/CAR/MotorControl/Vitis/MotorControl/ps7_cortexa9_0/standalone_ps7_cortexa9_0/bsp/system.mss|system_0||
C:/PXL/devWorks/devWorks2/CAR/MotorControl/Vitis/MotorControl/zynq_fsbl/zynq_fsbl_bsp/system.mss|system||

TRACE::2025-04-27.12:52:14::SCWMssOS::Sw design exists and opened at  C:/PXL/devWorks/devWorks2/CAR/MotorControl/Vitis/MotorControl/zynq_fsbl/zynq_fsbl_bsp/system.mss
TRACE::2025-04-27.12:52:14::SCWPlatform::Trying to open the hw design at C:/PXL/devWorks/devWorks2/CAR/MotorControl/Vitis/MotorControl/hw/MotorControl.xsa
TRACE::2025-04-27.12:52:14::SCWPlatform::DSA given C:/PXL/devWorks/devWorks2/CAR/MotorControl/Vitis/MotorControl/hw/MotorControl.xsa
TRACE::2025-04-27.12:52:14::SCWPlatform::DSA absoulate path C:/PXL/devWorks/devWorks2/CAR/MotorControl/Vitis/MotorControl/hw/MotorControl.xsa
TRACE::2025-04-27.12:52:14::SCWPlatform::DSA directory C:/PXL/devWorks/devWorks2/CAR/MotorControl/Vitis/MotorControl/hw
TRACE::2025-04-27.12:52:14::SCWPlatform:: Platform Path C:/PXL/devWorks/devWorks2/CAR/MotorControl/Vitis/MotorControl/hw/MotorControl.xsa
TRACE::2025-04-27.12:52:14::SCWPlatform:: Unique name xilinx:pynq-z2::0.0
TRACE::2025-04-27.12:52:14::SCWPlatform::Trying to set the existing hwdb with name design_1_wrapper_0
TRACE::2025-04-27.12:52:14::SCWPlatform::Opened existing hwdb design_1_wrapper_0
TRACE::2025-04-27.12:52:14::SCWPlatform::Found the Hw Db part of the input DSA
TRACE::2025-04-27.12:52:14::SCWMssOS::Checking the sw design at  C:/PXL/devWorks/devWorks2/CAR/MotorControl/Vitis/MotorControl/zynq_fsbl/zynq_fsbl_bsp/system.mss
TRACE::2025-04-27.12:52:14::SCWMssOS::DEBUG:  swdes dump  C:/PXL/devWorks/devWorks2/CAR/MotorControl/Vitis/MotorControl/ps7_cortexa9_0/standalone_ps7_cortexa9_0/bsp/system.mss|system_0||
C:/PXL/devWorks/devWorks2/CAR/MotorControl/Vitis/MotorControl/zynq_fsbl/zynq_fsbl_bsp/system.mss|system||

TRACE::2025-04-27.12:52:14::SCWMssOS::Sw design exists and opened at  C:/PXL/devWorks/devWorks2/CAR/MotorControl/Vitis/MotorControl/zynq_fsbl/zynq_fsbl_bsp/system.mss
TRACE::2025-04-27.12:52:14::SCWPlatform::Trying to open the hw design at C:/PXL/devWorks/devWorks2/CAR/MotorControl/Vitis/MotorControl/hw/MotorControl.xsa
TRACE::2025-04-27.12:52:14::SCWPlatform::DSA given C:/PXL/devWorks/devWorks2/CAR/MotorControl/Vitis/MotorControl/hw/MotorControl.xsa
TRACE::2025-04-27.12:52:14::SCWPlatform::DSA absoulate path C:/PXL/devWorks/devWorks2/CAR/MotorControl/Vitis/MotorControl/hw/MotorControl.xsa
TRACE::2025-04-27.12:52:14::SCWPlatform::DSA directory C:/PXL/devWorks/devWorks2/CAR/MotorControl/Vitis/MotorControl/hw
TRACE::2025-04-27.12:52:14::SCWPlatform:: Platform Path C:/PXL/devWorks/devWorks2/CAR/MotorControl/Vitis/MotorControl/hw/MotorControl.xsa
TRACE::2025-04-27.12:52:14::SCWPlatform:: Unique name xilinx:pynq-z2::0.0
TRACE::2025-04-27.12:52:14::SCWPlatform::Trying to set the existing hwdb with name design_1_wrapper_0
TRACE::2025-04-27.12:52:14::SCWPlatform::Opened existing hwdb design_1_wrapper_0
TRACE::2025-04-27.12:52:14::SCWPlatform::Found the Hw Db part of the input DSA
TRACE::2025-04-27.12:52:14::SCWMssOS::Checking the sw design at  C:/PXL/devWorks/devWorks2/CAR/MotorControl/Vitis/MotorControl/zynq_fsbl/zynq_fsbl_bsp/system.mss
TRACE::2025-04-27.12:52:14::SCWMssOS::DEBUG:  swdes dump  C:/PXL/devWorks/devWorks2/CAR/MotorControl/Vitis/MotorControl/ps7_cortexa9_0/standalone_ps7_cortexa9_0/bsp/system.mss|system_0||
C:/PXL/devWorks/devWorks2/CAR/MotorControl/Vitis/MotorControl/zynq_fsbl/zynq_fsbl_bsp/system.mss|system||

TRACE::2025-04-27.12:52:14::SCWMssOS::Sw design exists and opened at  C:/PXL/devWorks/devWorks2/CAR/MotorControl/Vitis/MotorControl/zynq_fsbl/zynq_fsbl_bsp/system.mss
TRACE::2025-04-27.12:52:14::SCWPlatform::Trying to open the hw design at C:/PXL/devWorks/devWorks2/CAR/MotorControl/Vitis/MotorControl/hw/MotorControl.xsa
TRACE::2025-04-27.12:52:14::SCWPlatform::DSA given C:/PXL/devWorks/devWorks2/CAR/MotorControl/Vitis/MotorControl/hw/MotorControl.xsa
TRACE::2025-04-27.12:52:14::SCWPlatform::DSA absoulate path C:/PXL/devWorks/devWorks2/CAR/MotorControl/Vitis/MotorControl/hw/MotorControl.xsa
TRACE::2025-04-27.12:52:14::SCWPlatform::DSA directory C:/PXL/devWorks/devWorks2/CAR/MotorControl/Vitis/MotorControl/hw
TRACE::2025-04-27.12:52:14::SCWPlatform:: Platform Path C:/PXL/devWorks/devWorks2/CAR/MotorControl/Vitis/MotorControl/hw/MotorControl.xsa
TRACE::2025-04-27.12:52:14::SCWPlatform:: Unique name xilinx:pynq-z2::0.0
TRACE::2025-04-27.12:52:14::SCWPlatform::Trying to set the existing hwdb with name design_1_wrapper_0
TRACE::2025-04-27.12:52:14::SCWPlatform::Opened existing hwdb design_1_wrapper_0
TRACE::2025-04-27.12:52:14::SCWPlatform::Found the Hw Db part of the input DSA
TRACE::2025-04-27.12:52:14::SCWMssOS::Checking the sw design at  C:/PXL/devWorks/devWorks2/CAR/MotorControl/Vitis/MotorControl/ps7_cortexa9_0/standalone_ps7_cortexa9_0/bsp/system.mss
TRACE::2025-04-27.12:52:14::SCWMssOS::DEBUG:  swdes dump  C:/PXL/devWorks/devWorks2/CAR/MotorControl/Vitis/MotorControl/ps7_cortexa9_0/standalone_ps7_cortexa9_0/bsp/system.mss|system_0||
C:/PXL/devWorks/devWorks2/CAR/MotorControl/Vitis/MotorControl/zynq_fsbl/zynq_fsbl_bsp/system.mss|system||

TRACE::2025-04-27.12:52:14::SCWMssOS::Sw design exists and opened at  C:/PXL/devWorks/devWorks2/CAR/MotorControl/Vitis/MotorControl/ps7_cortexa9_0/standalone_ps7_cortexa9_0/bsp/system.mss
TRACE::2025-04-27.12:52:14::SCWPlatform::Trying to open the hw design at C:/PXL/devWorks/devWorks2/CAR/MotorControl/Vitis/MotorControl/hw/MotorControl.xsa
TRACE::2025-04-27.12:52:14::SCWPlatform::DSA given C:/PXL/devWorks/devWorks2/CAR/MotorControl/Vitis/MotorControl/hw/MotorControl.xsa
TRACE::2025-04-27.12:52:14::SCWPlatform::DSA absoulate path C:/PXL/devWorks/devWorks2/CAR/MotorControl/Vitis/MotorControl/hw/MotorControl.xsa
TRACE::2025-04-27.12:52:14::SCWPlatform::DSA directory C:/PXL/devWorks/devWorks2/CAR/MotorControl/Vitis/MotorControl/hw
TRACE::2025-04-27.12:52:15::SCWPlatform:: Platform Path C:/PXL/devWorks/devWorks2/CAR/MotorControl/Vitis/MotorControl/hw/MotorControl.xsa
TRACE::2025-04-27.12:52:15::SCWPlatform:: Unique name xilinx:pynq-z2::0.0
TRACE::2025-04-27.12:52:15::SCWPlatform::Trying to set the existing hwdb with name design_1_wrapper_0
TRACE::2025-04-27.12:52:15::SCWPlatform::Opened existing hwdb design_1_wrapper_0
TRACE::2025-04-27.12:52:15::SCWPlatform::Found the Hw Db part of the input DSA
TRACE::2025-04-27.12:52:15::SCWMssOS::Checking the sw design at  C:/PXL/devWorks/devWorks2/CAR/MotorControl/Vitis/MotorControl/ps7_cortexa9_0/standalone_ps7_cortexa9_0/bsp/system.mss
TRACE::2025-04-27.12:52:15::SCWMssOS::DEBUG:  swdes dump  C:/PXL/devWorks/devWorks2/CAR/MotorControl/Vitis/MotorControl/ps7_cortexa9_0/standalone_ps7_cortexa9_0/bsp/system.mss|system_0||
C:/PXL/devWorks/devWorks2/CAR/MotorControl/Vitis/MotorControl/zynq_fsbl/zynq_fsbl_bsp/system.mss|system||

TRACE::2025-04-27.12:52:15::SCWMssOS::Sw design exists and opened at  C:/PXL/devWorks/devWorks2/CAR/MotorControl/Vitis/MotorControl/ps7_cortexa9_0/standalone_ps7_cortexa9_0/bsp/system.mss
TRACE::2025-04-27.12:52:15::SCWPlatform::Trying to open the hw design at C:/PXL/devWorks/devWorks2/CAR/MotorControl/Vitis/MotorControl/hw/MotorControl.xsa
TRACE::2025-04-27.12:52:15::SCWPlatform::DSA given C:/PXL/devWorks/devWorks2/CAR/MotorControl/Vitis/MotorControl/hw/MotorControl.xsa
TRACE::2025-04-27.12:52:15::SCWPlatform::DSA absoulate path C:/PXL/devWorks/devWorks2/CAR/MotorControl/Vitis/MotorControl/hw/MotorControl.xsa
TRACE::2025-04-27.12:52:15::SCWPlatform::DSA directory C:/PXL/devWorks/devWorks2/CAR/MotorControl/Vitis/MotorControl/hw
TRACE::2025-04-27.12:52:15::SCWPlatform:: Platform Path C:/PXL/devWorks/devWorks2/CAR/MotorControl/Vitis/MotorControl/hw/MotorControl.xsa
TRACE::2025-04-27.12:52:15::SCWPlatform:: Unique name xilinx:pynq-z2::0.0
TRACE::2025-04-27.12:52:15::SCWPlatform::Trying to set the existing hwdb with name design_1_wrapper_0
TRACE::2025-04-27.12:52:15::SCWPlatform::Opened existing hwdb design_1_wrapper_0
TRACE::2025-04-27.12:52:15::SCWPlatform::Found the Hw Db part of the input DSA
TRACE::2025-04-27.12:52:15::SCWMssOS::Checking the sw design at  C:/PXL/devWorks/devWorks2/CAR/MotorControl/Vitis/MotorControl/ps7_cortexa9_0/standalone_ps7_cortexa9_0/bsp/system.mss
TRACE::2025-04-27.12:52:15::SCWMssOS::DEBUG:  swdes dump  C:/PXL/devWorks/devWorks2/CAR/MotorControl/Vitis/MotorControl/ps7_cortexa9_0/standalone_ps7_cortexa9_0/bsp/system.mss|system_0||
C:/PXL/devWorks/devWorks2/CAR/MotorControl/Vitis/MotorControl/zynq_fsbl/zynq_fsbl_bsp/system.mss|system||

TRACE::2025-04-27.12:52:15::SCWMssOS::Sw design exists and opened at  C:/PXL/devWorks/devWorks2/CAR/MotorControl/Vitis/MotorControl/ps7_cortexa9_0/standalone_ps7_cortexa9_0/bsp/system.mss
TRACE::2025-04-27.12:52:15::SCWWriter::formatted JSON is {
	"platformName":	"MotorControl",
	"sprVersion":	"2.0",
	"mode":	"gui",
	"dsaType":	"Fixed",
	"platformDesc":	"MotorControl",
	"platHandOff":	"C:/PXL/devWorks/devWorks2/CAR/MotorControl/MotorControl.xsa",
	"platIntHandOff":	"<platformDir>/hw/MotorControl.xsa",
	"deviceType":	"zynq",
	"platIsPrebuiltAutogen":	"false",
	"platIsNoBootBsp":	"false",
	"platFsblTarget":	"ps7_cortexa9_0",
	"hasFsblMakeHasChanges":	"false",
	"hasPmufwMakeHasChanges":	"false",
	"fsblExtraCompilerFlags":	"-MMD -MP       -mcpu=cortex-a9 -mfpu=vfpv3 -mfloat-abi=hard ",
	"platPreBuiltFlag":	false,
	"platformSamplesDir":	"",
	"platActiveSys":	"MotorControl",
	"systems":	[{
			"systemName":	"MotorControl",
			"systemDesc":	"MotorControl",
			"sysIsBootAutoGen":	"true",
			"systemDispName":	"MotorControl",
			"sysActiveDom":	"standalone_ps7_cortexa9_0",
			"sysDefaultDom":	"standalone_ps7_cortexa9_0",
			"domains":	[{
					"domainName":	"zynq_fsbl",
					"domainDispName":	"zynq_fsbl",
					"domainDesc":	"FSBL Application BSP - Auto Generated.",
					"processors":	"ps7_cortexa9_0",
					"os":	"standalone",
					"sdxOs":	"standalone",
					"debugEnable":	"",
					"domRuntimes":	["cpp"],
					"swRepo":	"",
					"mssOsVer":	"9.1",
					"mssFile":	"",
					"md5Digest":	"a507be10d22be35b784abcde4511a094",
					"compatibleApp":	"zynq_fsbl",
					"domType":	"bootDomain",
					"arch":	"32-bit",
					"appSettings":	{
						"appCompilerFlags":	"",
						"appLinkerFlags":	""
					},
					"addedLibs":	["xilffs:5.2", "xilrsa:1.8"],
					"libOptions":	{
						"libsContainingOptions":	[]
					},
					"prebuiltLibs":	{
						"prebuiltIncPath":	[],
						"prebuiltLibPath":	[]
					},
					"isolation":	{
					}
				}, {
					"domainName":	"standalone_ps7_cortexa9_0",
					"domainDispName":	"standalone_ps7_cortexa9_0",
					"domainDesc":	"standalone_ps7_cortexa9_0",
					"processors":	"ps7_cortexa9_0",
					"os":	"standalone",
					"sdxOs":	"standalone",
					"qemuArgs":	"<platformDir>/resources/MotorControl/standalone_ps7_cortexa9_0/qemu_args.txt",
					"qemuData":	"<platformDir>/resources/MotorControl/standalone_ps7_cortexa9_0/qemu",
					"debugEnable":	"False",
					"domRuntimes":	["cpp"],
					"swRepo":	"",
					"mssOsVer":	"9.1",
					"mssFile":	"",
					"md5Digest":	"847c6cb0bae0a296df868e952e6cba16",
					"compatibleApp":	"hello_world",
					"domType":	"mssDomain",
					"arch":	"32-bit",
					"appSettings":	{
						"appCompilerFlags":	"",
						"appLinkerFlags":	""
					},
					"addedLibs":	[],
					"libOptions":	{
						"libsContainingOptions":	[]
					},
					"prebuiltLibs":	{
						"prebuiltIncPath":	[],
						"prebuiltLibPath":	[]
					},
					"isolation":	{
					}
				}]
		}]
}
KEYINFO::2025-04-27.12:52:15::SCWPlatform::updated the xpfm file.
TRACE::2025-04-27.12:52:15::SCWPlatform::Trying to open the hw design at C:/PXL/devWorks/devWorks2/CAR/MotorControl/Vitis/MotorControl/hw/MotorControl.xsa
TRACE::2025-04-27.12:52:15::SCWPlatform::DSA given C:/PXL/devWorks/devWorks2/CAR/MotorControl/Vitis/MotorControl/hw/MotorControl.xsa
TRACE::2025-04-27.12:52:15::SCWPlatform::DSA absoulate path C:/PXL/devWorks/devWorks2/CAR/MotorControl/Vitis/MotorControl/hw/MotorControl.xsa
TRACE::2025-04-27.12:52:15::SCWPlatform::DSA directory C:/PXL/devWorks/devWorks2/CAR/MotorControl/Vitis/MotorControl/hw
TRACE::2025-04-27.12:52:15::SCWPlatform:: Platform Path C:/PXL/devWorks/devWorks2/CAR/MotorControl/Vitis/MotorControl/hw/MotorControl.xsa
TRACE::2025-04-27.12:52:15::SCWPlatform:: Unique name xilinx:pynq-z2::0.0
TRACE::2025-04-27.12:52:15::SCWPlatform::Trying to set the existing hwdb with name design_1_wrapper_0
TRACE::2025-04-27.12:52:15::SCWPlatform::Opened existing hwdb design_1_wrapper_0
TRACE::2025-04-27.12:52:15::SCWPlatform::Found the Hw Db part of the input DSA
TRACE::2025-04-27.12:52:15::SCWMssOS::Checking the sw design at  C:/PXL/devWorks/devWorks2/CAR/MotorControl/Vitis/MotorControl/ps7_cortexa9_0/standalone_ps7_cortexa9_0/bsp/system.mss
TRACE::2025-04-27.12:52:15::SCWMssOS::DEBUG:  swdes dump  C:/PXL/devWorks/devWorks2/CAR/MotorControl/Vitis/MotorControl/ps7_cortexa9_0/standalone_ps7_cortexa9_0/bsp/system.mss|system_0||
C:/PXL/devWorks/devWorks2/CAR/MotorControl/Vitis/MotorControl/zynq_fsbl/zynq_fsbl_bsp/system.mss|system||

TRACE::2025-04-27.12:52:15::SCWMssOS::Sw design exists and opened at  C:/PXL/devWorks/devWorks2/CAR/MotorControl/Vitis/MotorControl/ps7_cortexa9_0/standalone_ps7_cortexa9_0/bsp/system.mss
