Copyright 1986-2022 Xilinx, Inc. All Rights Reserved. Copyright 2022-2024 Advanced Micro Devices, Inc. All Rights Reserved.
---------------------------------------------------------------------------------------------------------------------------------------------------------------------------------------------------------------------------------------------
| Tool Version : Vivado v.2024.1 (win64) Build 5076996 Wed May 22 18:37:14 MDT 2024
| Date         : Fri May  9 21:18:46 2025
| Host         : MSI-Katana running 64-bit major release  (build 9200)
| Command      : report_timing_summary -max_paths 10 -report_unconstrained -file design_1_wrapper_timing_summary_routed.rpt -pb design_1_wrapper_timing_summary_routed.pb -rpx design_1_wrapper_timing_summary_routed.rpx -warn_on_violation
| Design       : design_1_wrapper
| Device       : 7z020-clg400
| Speed File   : -1  PRODUCTION 1.12 2019-11-22
| Design State : Routed
---------------------------------------------------------------------------------------------------------------------------------------------------------------------------------------------------------------------------------------------

Timing Summary Report

------------------------------------------------------------------------------------------------
| Timer Settings
| --------------
------------------------------------------------------------------------------------------------

  Enable Multi Corner Analysis               :  Yes
  Enable Pessimism Removal                   :  Yes
  Pessimism Removal Resolution               :  Nearest Common Node
  Enable Input Delay Default Clock           :  No
  Enable Preset / Clear Arcs                 :  No
  Disable Flight Delays                      :  No
  Ignore I/O Paths                           :  No
  Timing Early Launch at Borrowing Latches   :  No
  Borrow Time for Max Delay Exceptions       :  Yes
  Merge Timing Exceptions                    :  Yes
  Inter-SLR Compensation                     :  Conservative

  Corner  Analyze    Analyze    
  Name    Max Paths  Min Paths  
  ------  ---------  ---------  
  Slow    Yes        Yes        
  Fast    Yes        Yes        


------------------------------------------------------------------------------------------------
| Report Methodology
| ------------------
------------------------------------------------------------------------------------------------

Rule       Severity  Description                    Violations  
---------  --------  -----------------------------  ----------  
TIMING-18  Warning   Missing input or output delay  4           

Note: This report is based on the most recent report_methodology run and may not be up-to-date. Run report_methodology on the current design for the latest report.



check_timing report

Table of Contents
-----------------
1. checking no_clock (0)
2. checking constant_clock (0)
3. checking pulse_width_clock (0)
4. checking unconstrained_internal_endpoints (0)
5. checking no_input_delay (2)
6. checking no_output_delay (2)
7. checking multiple_clock (0)
8. checking generated_clocks (0)
9. checking loops (0)
10. checking partial_input_delay (0)
11. checking partial_output_delay (0)
12. checking latch_loops (0)

1. checking no_clock (0)
------------------------
 There are 0 register/latch pins with no clock.


2. checking constant_clock (0)
------------------------------
 There are 0 register/latch pins with constant_clock.


3. checking pulse_width_clock (0)
---------------------------------
 There are 0 register/latch pins which need pulse_width check


4. checking unconstrained_internal_endpoints (0)
------------------------------------------------
 There are 0 pins that are not constrained for maximum delay.

 There are 0 pins that are not constrained for maximum delay due to constant clock.


5. checking no_input_delay (2)
------------------------------
 There are 2 input ports with no input delay specified. (HIGH)

 There are 0 input ports with no input delay but user has a false path constraint.


6. checking no_output_delay (2)
-------------------------------
 There are 2 ports with no output delay specified. (HIGH)

 There are 0 ports with no output delay but user has a false path constraint

 There are 0 ports with no output delay but with a timing clock defined on it or propagating through it


7. checking multiple_clock (0)
------------------------------
 There are 0 register/latch pins with multiple clocks.


8. checking generated_clocks (0)
--------------------------------
 There are 0 generated clocks that are not connected to a clock source.


9. checking loops (0)
---------------------
 There are 0 combinational loops in the design.


10. checking partial_input_delay (0)
------------------------------------
 There are 0 input ports with partial input delay specified.


11. checking partial_output_delay (0)
-------------------------------------
 There are 0 ports with partial output delay specified.


12. checking latch_loops (0)
----------------------------
 There are 0 combinational latch loops in the design through latch input



------------------------------------------------------------------------------------------------
| Design Timing Summary
| ---------------------
------------------------------------------------------------------------------------------------

    WNS(ns)      TNS(ns)  TNS Failing Endpoints  TNS Total Endpoints      WHS(ns)      THS(ns)  THS Failing Endpoints  THS Total Endpoints     WPWS(ns)     TPWS(ns)  TPWS Failing Endpoints  TPWS Total Endpoints  
    -------      -------  ---------------------  -------------------      -------      -------  ---------------------  -------------------     --------     --------  ----------------------  --------------------  
      3.387        0.000                      0                 1942        0.053        0.000                      0                 1942        4.020        0.000                       0                   896  


All user specified timing constraints are met.


------------------------------------------------------------------------------------------------
| Clock Summary
| -------------
------------------------------------------------------------------------------------------------

Clock       Waveform(ns)       Period(ns)      Frequency(MHz)
-----       ------------       ----------      --------------
clk_fpga_0  {0.000 5.000}      10.000          100.000         


------------------------------------------------------------------------------------------------
| Intra Clock Table
| -----------------
------------------------------------------------------------------------------------------------

Clock             WNS(ns)      TNS(ns)  TNS Failing Endpoints  TNS Total Endpoints      WHS(ns)      THS(ns)  THS Failing Endpoints  THS Total Endpoints     WPWS(ns)     TPWS(ns)  TPWS Failing Endpoints  TPWS Total Endpoints  
-----             -------      -------  ---------------------  -------------------      -------      -------  ---------------------  -------------------     --------     --------  ----------------------  --------------------  
clk_fpga_0          3.387        0.000                      0                 1942        0.053        0.000                      0                 1942        4.020        0.000                       0                   896  


------------------------------------------------------------------------------------------------
| Inter Clock Table
| -----------------
------------------------------------------------------------------------------------------------

From Clock    To Clock          WNS(ns)      TNS(ns)  TNS Failing Endpoints  TNS Total Endpoints      WHS(ns)      THS(ns)  THS Failing Endpoints  THS Total Endpoints  
----------    --------          -------      -------  ---------------------  -------------------      -------      -------  ---------------------  -------------------  


------------------------------------------------------------------------------------------------
| Other Path Groups Table
| -----------------------
------------------------------------------------------------------------------------------------

Path Group    From Clock    To Clock          WNS(ns)      TNS(ns)  TNS Failing Endpoints  TNS Total Endpoints      WHS(ns)      THS(ns)  THS Failing Endpoints  THS Total Endpoints  
----------    ----------    --------          -------      -------  ---------------------  -------------------      -------      -------  ---------------------  -------------------  


------------------------------------------------------------------------------------------------
| User Ignored Path Table
| -----------------------
------------------------------------------------------------------------------------------------

Path Group    From Clock    To Clock    
----------    ----------    --------    
(none)                      clk_fpga_0    


------------------------------------------------------------------------------------------------
| Unconstrained Path Table
| ------------------------
------------------------------------------------------------------------------------------------

Path Group    From Clock    To Clock    
----------    ----------    --------    
(none)        clk_fpga_0                  
(none)                      clk_fpga_0    


------------------------------------------------------------------------------------------------
| Timing Details
| --------------
------------------------------------------------------------------------------------------------


---------------------------------------------------------------------------------------------------
From Clock:  clk_fpga_0
  To Clock:  clk_fpga_0

Setup :            0  Failing Endpoints,  Worst Slack        3.387ns,  Total Violation        0.000ns
Hold  :            0  Failing Endpoints,  Worst Slack        0.053ns,  Total Violation        0.000ns
PW    :            0  Failing Endpoints,  Worst Slack        4.020ns,  Total Violation        0.000ns
---------------------------------------------------------------------------------------------------


Max Delay Paths
--------------------------------------------------------------------------------------
Slack (MET) :             3.387ns  (required time - arrival time)
  Source:                 design_1_i/axi_iic_0/U0/X_IIC/X_AXI_IPIF_SSP1/AXI_LITE_IPIF_I/I_SLAVE_ATTACHMENT/INCLUDE_DPHASE_TIMER.dpto_cnt_reg[2]/C
                            (rising edge-triggered cell FDRE clocked by clk_fpga_0  {rise@0.000ns fall@5.000ns period=10.000ns})
  Destination:            design_1_i/ps7_0_axi_periph/s00_couplers/auto_pc/inst/gen_axilite.gen_b2s_conv.axilite_b2s/WR.aw_channel_0/cmd_translator_0/incr_cmd_0/axaddr_incr_reg[7]/D
                            (rising edge-triggered cell FDRE clocked by clk_fpga_0  {rise@0.000ns fall@5.000ns period=10.000ns})
  Path Group:             clk_fpga_0
  Path Type:              Setup (Max at Slow Process Corner)
  Requirement:            10.000ns  (clk_fpga_0 rise@10.000ns - clk_fpga_0 rise@0.000ns)
  Data Path Delay:        6.518ns  (logic 2.274ns (34.887%)  route 4.244ns (65.113%))
  Logic Levels:           8  (CARRY4=2 LUT3=2 LUT4=3 LUT6=1)
  Clock Path Skew:        -0.016ns (DCD - SCD + CPR)
    Destination Clock Delay (DCD):    2.701ns = ( 12.701 - 10.000 ) 
    Source Clock Delay      (SCD):    2.946ns
    Clock Pessimism Removal (CPR):    0.229ns
  Clock Uncertainty:      0.154ns  ((TSJ^2 + TIJ^2)^1/2 + DJ) / 2 + PE
    Total System Jitter     (TSJ):    0.071ns
    Total Input Jitter      (TIJ):    0.300ns
    Discrete Jitter          (DJ):    0.000ns
    Phase Error              (PE):    0.000ns

    Location             Delay type                Incr(ns)  Path(ns)    Netlist Resource(s)
  -------------------------------------------------------------------    -------------------
                         (clock clk_fpga_0 rise edge)
                                                      0.000     0.000 r  
    PS7_X0Y0             PS7                          0.000     0.000 r  design_1_i/processing_system7_0/inst/PS7_i/FCLKCLK[0]
                         net (fo=1, routed)           1.193     1.193    design_1_i/processing_system7_0/inst/FCLK_CLK_unbuffered[0]
    BUFGCTRL_X0Y16       BUFG (Prop_bufg_I_O)         0.101     1.294 r  design_1_i/processing_system7_0/inst/buffer_fclk_clk_0.FCLK_CLK_0_BUFG/O
                         net (fo=896, routed)         1.652     2.946    design_1_i/axi_iic_0/U0/X_IIC/X_AXI_IPIF_SSP1/AXI_LITE_IPIF_I/I_SLAVE_ATTACHMENT/s_axi_aclk
    SLICE_X35Y94         FDRE                                         r  design_1_i/axi_iic_0/U0/X_IIC/X_AXI_IPIF_SSP1/AXI_LITE_IPIF_I/I_SLAVE_ATTACHMENT/INCLUDE_DPHASE_TIMER.dpto_cnt_reg[2]/C
  -------------------------------------------------------------------    -------------------
    SLICE_X35Y94         FDRE (Prop_fdre_C_Q)         0.456     3.402 f  design_1_i/axi_iic_0/U0/X_IIC/X_AXI_IPIF_SSP1/AXI_LITE_IPIF_I/I_SLAVE_ATTACHMENT/INCLUDE_DPHASE_TIMER.dpto_cnt_reg[2]/Q
                         net (fo=3, routed)           0.700     4.102    design_1_i/axi_iic_0/U0/X_IIC/X_AXI_IPIF_SSP1/AXI_LITE_IPIF_I/I_SLAVE_ATTACHMENT/I_DECODER/s_axi_awready_0[2]
    SLICE_X35Y94         LUT4 (Prop_lut4_I3_O)        0.124     4.226 f  design_1_i/axi_iic_0/U0/X_IIC/X_AXI_IPIF_SSP1/AXI_LITE_IPIF_I/I_SLAVE_ATTACHMENT/I_DECODER/s_axi_wready_INST_0_i_1/O
                         net (fo=2, routed)           0.302     4.528    design_1_i/axi_iic_0/U0/X_IIC/X_AXI_IPIF_SSP1/AXI_LITE_IPIF_I/I_SLAVE_ATTACHMENT/I_DECODER/s_axi_wready_INST_0_i_1_n_0
    SLICE_X35Y95         LUT4 (Prop_lut4_I0_O)        0.124     4.652 r  design_1_i/axi_iic_0/U0/X_IIC/X_AXI_IPIF_SSP1/AXI_LITE_IPIF_I/I_SLAVE_ATTACHMENT/I_DECODER/s_axi_wready_INST_0/O
                         net (fo=9, routed)           0.759     5.411    design_1_i/ps7_0_axi_periph/s00_couplers/auto_pc/inst/gen_axilite.gen_b2s_conv.axilite_b2s/WR.aw_channel_0/aw_cmd_fsm_0/m_axi_awready
    SLICE_X30Y99         LUT6 (Prop_lut6_I0_O)        0.124     5.535 r  design_1_i/ps7_0_axi_periph/s00_couplers/auto_pc/inst/gen_axilite.gen_b2s_conv.axilite_b2s/WR.aw_channel_0/aw_cmd_fsm_0/memory_reg[3][0]_srl4_i_1/O
                         net (fo=30, routed)          0.720     6.255    design_1_i/ps7_0_axi_periph/s00_couplers/auto_pc/inst/gen_axilite.gen_b2s_conv.axilite_b2s/WR.aw_channel_0/aw_cmd_fsm_0/m_axi_awready_0
    SLICE_X32Y99         LUT3 (Prop_lut3_I2_O)        0.124     6.379 r  design_1_i/ps7_0_axi_periph/s00_couplers/auto_pc/inst/gen_axilite.gen_b2s_conv.axilite_b2s/WR.aw_channel_0/aw_cmd_fsm_0/next_pending_r_i_3/O
                         net (fo=23, routed)          0.895     7.274    design_1_i/ps7_0_axi_periph/s00_couplers/auto_pc/inst/gen_axilite.gen_b2s_conv.axilite_b2s/WR.aw_channel_0/cmd_translator_0/incr_cmd_0/next
    SLICE_X27Y95         LUT4 (Prop_lut4_I3_O)        0.124     7.398 r  design_1_i/ps7_0_axi_periph/s00_couplers/auto_pc/inst/gen_axilite.gen_b2s_conv.axilite_b2s/WR.aw_channel_0/cmd_translator_0/incr_cmd_0/axaddr_incr[3]_i_9/O
                         net (fo=1, routed)           0.000     7.398    design_1_i/ps7_0_axi_periph/s00_couplers/auto_pc/inst/gen_axilite.gen_b2s_conv.axilite_b2s/SI_REG/aw.aw_pipe/axaddr_incr_reg[3][1]
    SLICE_X27Y95         CARRY4 (Prop_carry4_S[1]_CO[3])
                                                      0.550     7.948 r  design_1_i/ps7_0_axi_periph/s00_couplers/auto_pc/inst/gen_axilite.gen_b2s_conv.axilite_b2s/SI_REG/aw.aw_pipe/axaddr_incr_reg[3]_i_2/CO[3]
                         net (fo=1, routed)           0.000     7.948    design_1_i/ps7_0_axi_periph/s00_couplers/auto_pc/inst/gen_axilite.gen_b2s_conv.axilite_b2s/SI_REG/aw.aw_pipe/axaddr_incr_reg[3]_i_2_n_0
    SLICE_X27Y96         CARRY4 (Prop_carry4_CI_O[3])
                                                      0.313     8.261 r  design_1_i/ps7_0_axi_periph/s00_couplers/auto_pc/inst/gen_axilite.gen_b2s_conv.axilite_b2s/SI_REG/aw.aw_pipe/axaddr_incr_reg[7]_i_2/O[3]
                         net (fo=1, routed)           0.868     9.129    design_1_i/ps7_0_axi_periph/s00_couplers/auto_pc/inst/gen_axilite.gen_b2s_conv.axilite_b2s/WR.aw_channel_0/cmd_translator_0/incr_cmd_0/axaddr_incr[7]
    SLICE_X27Y98         LUT3 (Prop_lut3_I0_O)        0.335     9.464 r  design_1_i/ps7_0_axi_periph/s00_couplers/auto_pc/inst/gen_axilite.gen_b2s_conv.axilite_b2s/WR.aw_channel_0/cmd_translator_0/incr_cmd_0/axaddr_incr[7]_i_1/O
                         net (fo=1, routed)           0.000     9.464    design_1_i/ps7_0_axi_periph/s00_couplers/auto_pc/inst/gen_axilite.gen_b2s_conv.axilite_b2s/WR.aw_channel_0/cmd_translator_0/incr_cmd_0/p_1_in[7]
    SLICE_X27Y98         FDRE                                         r  design_1_i/ps7_0_axi_periph/s00_couplers/auto_pc/inst/gen_axilite.gen_b2s_conv.axilite_b2s/WR.aw_channel_0/cmd_translator_0/incr_cmd_0/axaddr_incr_reg[7]/D
  -------------------------------------------------------------------    -------------------

                         (clock clk_fpga_0 rise edge)
                                                     10.000    10.000 r  
    PS7_X0Y0             PS7                          0.000    10.000 r  design_1_i/processing_system7_0/inst/PS7_i/FCLKCLK[0]
                         net (fo=1, routed)           1.088    11.088    design_1_i/processing_system7_0/inst/FCLK_CLK_unbuffered[0]
    BUFGCTRL_X0Y16       BUFG (Prop_bufg_I_O)         0.091    11.179 r  design_1_i/processing_system7_0/inst/buffer_fclk_clk_0.FCLK_CLK_0_BUFG/O
                         net (fo=896, routed)         1.522    12.701    design_1_i/ps7_0_axi_periph/s00_couplers/auto_pc/inst/gen_axilite.gen_b2s_conv.axilite_b2s/WR.aw_channel_0/cmd_translator_0/incr_cmd_0/aclk
    SLICE_X27Y98         FDRE                                         r  design_1_i/ps7_0_axi_periph/s00_couplers/auto_pc/inst/gen_axilite.gen_b2s_conv.axilite_b2s/WR.aw_channel_0/cmd_translator_0/incr_cmd_0/axaddr_incr_reg[7]/C
                         clock pessimism              0.229    12.930    
                         clock uncertainty           -0.154    12.776    
    SLICE_X27Y98         FDRE (Setup_fdre_C_D)        0.075    12.851    design_1_i/ps7_0_axi_periph/s00_couplers/auto_pc/inst/gen_axilite.gen_b2s_conv.axilite_b2s/WR.aw_channel_0/cmd_translator_0/incr_cmd_0/axaddr_incr_reg[7]
  -------------------------------------------------------------------
                         required time                         12.851    
                         arrival time                          -9.464    
  -------------------------------------------------------------------
                         slack                                  3.387    

Slack (MET) :             3.454ns  (required time - arrival time)
  Source:                 design_1_i/axi_iic_0/U0/X_IIC/X_AXI_IPIF_SSP1/AXI_LITE_IPIF_I/I_SLAVE_ATTACHMENT/INCLUDE_DPHASE_TIMER.dpto_cnt_reg[2]/C
                            (rising edge-triggered cell FDRE clocked by clk_fpga_0  {rise@0.000ns fall@5.000ns period=10.000ns})
  Destination:            design_1_i/ps7_0_axi_periph/s00_couplers/auto_pc/inst/gen_axilite.gen_b2s_conv.axilite_b2s/WR.aw_channel_0/cmd_translator_0/incr_cmd_0/axaddr_incr_reg[9]/D
                            (rising edge-triggered cell FDRE clocked by clk_fpga_0  {rise@0.000ns fall@5.000ns period=10.000ns})
  Path Group:             clk_fpga_0
  Path Type:              Setup (Max at Slow Process Corner)
  Requirement:            10.000ns  (clk_fpga_0 rise@10.000ns - clk_fpga_0 rise@0.000ns)
  Data Path Delay:        6.451ns  (logic 2.372ns (36.771%)  route 4.079ns (63.229%))
  Logic Levels:           9  (CARRY4=3 LUT3=2 LUT4=3 LUT6=1)
  Clock Path Skew:        -0.016ns (DCD - SCD + CPR)
    Destination Clock Delay (DCD):    2.701ns = ( 12.701 - 10.000 ) 
    Source Clock Delay      (SCD):    2.946ns
    Clock Pessimism Removal (CPR):    0.229ns
  Clock Uncertainty:      0.154ns  ((TSJ^2 + TIJ^2)^1/2 + DJ) / 2 + PE
    Total System Jitter     (TSJ):    0.071ns
    Total Input Jitter      (TIJ):    0.300ns
    Discrete Jitter          (DJ):    0.000ns
    Phase Error              (PE):    0.000ns

    Location             Delay type                Incr(ns)  Path(ns)    Netlist Resource(s)
  -------------------------------------------------------------------    -------------------
                         (clock clk_fpga_0 rise edge)
                                                      0.000     0.000 r  
    PS7_X0Y0             PS7                          0.000     0.000 r  design_1_i/processing_system7_0/inst/PS7_i/FCLKCLK[0]
                         net (fo=1, routed)           1.193     1.193    design_1_i/processing_system7_0/inst/FCLK_CLK_unbuffered[0]
    BUFGCTRL_X0Y16       BUFG (Prop_bufg_I_O)         0.101     1.294 r  design_1_i/processing_system7_0/inst/buffer_fclk_clk_0.FCLK_CLK_0_BUFG/O
                         net (fo=896, routed)         1.652     2.946    design_1_i/axi_iic_0/U0/X_IIC/X_AXI_IPIF_SSP1/AXI_LITE_IPIF_I/I_SLAVE_ATTACHMENT/s_axi_aclk
    SLICE_X35Y94         FDRE                                         r  design_1_i/axi_iic_0/U0/X_IIC/X_AXI_IPIF_SSP1/AXI_LITE_IPIF_I/I_SLAVE_ATTACHMENT/INCLUDE_DPHASE_TIMER.dpto_cnt_reg[2]/C
  -------------------------------------------------------------------    -------------------
    SLICE_X35Y94         FDRE (Prop_fdre_C_Q)         0.456     3.402 f  design_1_i/axi_iic_0/U0/X_IIC/X_AXI_IPIF_SSP1/AXI_LITE_IPIF_I/I_SLAVE_ATTACHMENT/INCLUDE_DPHASE_TIMER.dpto_cnt_reg[2]/Q
                         net (fo=3, routed)           0.700     4.102    design_1_i/axi_iic_0/U0/X_IIC/X_AXI_IPIF_SSP1/AXI_LITE_IPIF_I/I_SLAVE_ATTACHMENT/I_DECODER/s_axi_awready_0[2]
    SLICE_X35Y94         LUT4 (Prop_lut4_I3_O)        0.124     4.226 f  design_1_i/axi_iic_0/U0/X_IIC/X_AXI_IPIF_SSP1/AXI_LITE_IPIF_I/I_SLAVE_ATTACHMENT/I_DECODER/s_axi_wready_INST_0_i_1/O
                         net (fo=2, routed)           0.302     4.528    design_1_i/axi_iic_0/U0/X_IIC/X_AXI_IPIF_SSP1/AXI_LITE_IPIF_I/I_SLAVE_ATTACHMENT/I_DECODER/s_axi_wready_INST_0_i_1_n_0
    SLICE_X35Y95         LUT4 (Prop_lut4_I0_O)        0.124     4.652 r  design_1_i/axi_iic_0/U0/X_IIC/X_AXI_IPIF_SSP1/AXI_LITE_IPIF_I/I_SLAVE_ATTACHMENT/I_DECODER/s_axi_wready_INST_0/O
                         net (fo=9, routed)           0.759     5.411    design_1_i/ps7_0_axi_periph/s00_couplers/auto_pc/inst/gen_axilite.gen_b2s_conv.axilite_b2s/WR.aw_channel_0/aw_cmd_fsm_0/m_axi_awready
    SLICE_X30Y99         LUT6 (Prop_lut6_I0_O)        0.124     5.535 r  design_1_i/ps7_0_axi_periph/s00_couplers/auto_pc/inst/gen_axilite.gen_b2s_conv.axilite_b2s/WR.aw_channel_0/aw_cmd_fsm_0/memory_reg[3][0]_srl4_i_1/O
                         net (fo=30, routed)          0.720     6.255    design_1_i/ps7_0_axi_periph/s00_couplers/auto_pc/inst/gen_axilite.gen_b2s_conv.axilite_b2s/WR.aw_channel_0/aw_cmd_fsm_0/m_axi_awready_0
    SLICE_X32Y99         LUT3 (Prop_lut3_I2_O)        0.124     6.379 r  design_1_i/ps7_0_axi_periph/s00_couplers/auto_pc/inst/gen_axilite.gen_b2s_conv.axilite_b2s/WR.aw_channel_0/aw_cmd_fsm_0/next_pending_r_i_3/O
                         net (fo=23, routed)          0.895     7.274    design_1_i/ps7_0_axi_periph/s00_couplers/auto_pc/inst/gen_axilite.gen_b2s_conv.axilite_b2s/WR.aw_channel_0/cmd_translator_0/incr_cmd_0/next
    SLICE_X27Y95         LUT4 (Prop_lut4_I3_O)        0.124     7.398 r  design_1_i/ps7_0_axi_periph/s00_couplers/auto_pc/inst/gen_axilite.gen_b2s_conv.axilite_b2s/WR.aw_channel_0/cmd_translator_0/incr_cmd_0/axaddr_incr[3]_i_9/O
                         net (fo=1, routed)           0.000     7.398    design_1_i/ps7_0_axi_periph/s00_couplers/auto_pc/inst/gen_axilite.gen_b2s_conv.axilite_b2s/SI_REG/aw.aw_pipe/axaddr_incr_reg[3][1]
    SLICE_X27Y95         CARRY4 (Prop_carry4_S[1]_CO[3])
                                                      0.550     7.948 r  design_1_i/ps7_0_axi_periph/s00_couplers/auto_pc/inst/gen_axilite.gen_b2s_conv.axilite_b2s/SI_REG/aw.aw_pipe/axaddr_incr_reg[3]_i_2/CO[3]
                         net (fo=1, routed)           0.000     7.948    design_1_i/ps7_0_axi_periph/s00_couplers/auto_pc/inst/gen_axilite.gen_b2s_conv.axilite_b2s/SI_REG/aw.aw_pipe/axaddr_incr_reg[3]_i_2_n_0
    SLICE_X27Y96         CARRY4 (Prop_carry4_CI_CO[3])
                                                      0.114     8.062 r  design_1_i/ps7_0_axi_periph/s00_couplers/auto_pc/inst/gen_axilite.gen_b2s_conv.axilite_b2s/SI_REG/aw.aw_pipe/axaddr_incr_reg[7]_i_2/CO[3]
                         net (fo=1, routed)           0.000     8.062    design_1_i/ps7_0_axi_periph/s00_couplers/auto_pc/inst/gen_axilite.gen_b2s_conv.axilite_b2s/SI_REG/aw.aw_pipe/axaddr_incr_reg[7]_i_2_n_0
    SLICE_X27Y97         CARRY4 (Prop_carry4_CI_O[1])
                                                      0.334     8.396 r  design_1_i/ps7_0_axi_periph/s00_couplers/auto_pc/inst/gen_axilite.gen_b2s_conv.axilite_b2s/SI_REG/aw.aw_pipe/axaddr_incr_reg[11]_i_3/O[1]
                         net (fo=1, routed)           0.703     9.099    design_1_i/ps7_0_axi_periph/s00_couplers/auto_pc/inst/gen_axilite.gen_b2s_conv.axilite_b2s/WR.aw_channel_0/cmd_translator_0/incr_cmd_0/axaddr_incr[9]
    SLICE_X27Y98         LUT3 (Prop_lut3_I0_O)        0.298     9.397 r  design_1_i/ps7_0_axi_periph/s00_couplers/auto_pc/inst/gen_axilite.gen_b2s_conv.axilite_b2s/WR.aw_channel_0/cmd_translator_0/incr_cmd_0/axaddr_incr[9]_i_1/O
                         net (fo=1, routed)           0.000     9.397    design_1_i/ps7_0_axi_periph/s00_couplers/auto_pc/inst/gen_axilite.gen_b2s_conv.axilite_b2s/WR.aw_channel_0/cmd_translator_0/incr_cmd_0/p_1_in[9]
    SLICE_X27Y98         FDRE                                         r  design_1_i/ps7_0_axi_periph/s00_couplers/auto_pc/inst/gen_axilite.gen_b2s_conv.axilite_b2s/WR.aw_channel_0/cmd_translator_0/incr_cmd_0/axaddr_incr_reg[9]/D
  -------------------------------------------------------------------    -------------------

                         (clock clk_fpga_0 rise edge)
                                                     10.000    10.000 r  
    PS7_X0Y0             PS7                          0.000    10.000 r  design_1_i/processing_system7_0/inst/PS7_i/FCLKCLK[0]
                         net (fo=1, routed)           1.088    11.088    design_1_i/processing_system7_0/inst/FCLK_CLK_unbuffered[0]
    BUFGCTRL_X0Y16       BUFG (Prop_bufg_I_O)         0.091    11.179 r  design_1_i/processing_system7_0/inst/buffer_fclk_clk_0.FCLK_CLK_0_BUFG/O
                         net (fo=896, routed)         1.522    12.701    design_1_i/ps7_0_axi_periph/s00_couplers/auto_pc/inst/gen_axilite.gen_b2s_conv.axilite_b2s/WR.aw_channel_0/cmd_translator_0/incr_cmd_0/aclk
    SLICE_X27Y98         FDRE                                         r  design_1_i/ps7_0_axi_periph/s00_couplers/auto_pc/inst/gen_axilite.gen_b2s_conv.axilite_b2s/WR.aw_channel_0/cmd_translator_0/incr_cmd_0/axaddr_incr_reg[9]/C
                         clock pessimism              0.229    12.930    
                         clock uncertainty           -0.154    12.776    
    SLICE_X27Y98         FDRE (Setup_fdre_C_D)        0.075    12.851    design_1_i/ps7_0_axi_periph/s00_couplers/auto_pc/inst/gen_axilite.gen_b2s_conv.axilite_b2s/WR.aw_channel_0/cmd_translator_0/incr_cmd_0/axaddr_incr_reg[9]
  -------------------------------------------------------------------
                         required time                         12.851    
                         arrival time                          -9.397    
  -------------------------------------------------------------------
                         slack                                  3.454    

Slack (MET) :             3.546ns  (required time - arrival time)
  Source:                 design_1_i/axi_iic_0/U0/X_IIC/X_AXI_IPIF_SSP1/AXI_LITE_IPIF_I/I_SLAVE_ATTACHMENT/INCLUDE_DPHASE_TIMER.dpto_cnt_reg[2]/C
                            (rising edge-triggered cell FDRE clocked by clk_fpga_0  {rise@0.000ns fall@5.000ns period=10.000ns})
  Destination:            design_1_i/ps7_0_axi_periph/s00_couplers/auto_pc/inst/gen_axilite.gen_b2s_conv.axilite_b2s/WR.aw_channel_0/cmd_translator_0/incr_cmd_0/axaddr_incr_reg[6]/D
                            (rising edge-triggered cell FDRE clocked by clk_fpga_0  {rise@0.000ns fall@5.000ns period=10.000ns})
  Path Group:             clk_fpga_0
  Path Type:              Setup (Max at Slow Process Corner)
  Requirement:            10.000ns  (clk_fpga_0 rise@10.000ns - clk_fpga_0 rise@0.000ns)
  Data Path Delay:        6.362ns  (logic 2.196ns (34.517%)  route 4.166ns (65.483%))
  Logic Levels:           8  (CARRY4=2 LUT3=2 LUT4=3 LUT6=1)
  Clock Path Skew:        -0.013ns (DCD - SCD + CPR)
    Destination Clock Delay (DCD):    2.704ns = ( 12.704 - 10.000 ) 
    Source Clock Delay      (SCD):    2.946ns
    Clock Pessimism Removal (CPR):    0.229ns
  Clock Uncertainty:      0.154ns  ((TSJ^2 + TIJ^2)^1/2 + DJ) / 2 + PE
    Total System Jitter     (TSJ):    0.071ns
    Total Input Jitter      (TIJ):    0.300ns
    Discrete Jitter          (DJ):    0.000ns
    Phase Error              (PE):    0.000ns

    Location             Delay type                Incr(ns)  Path(ns)    Netlist Resource(s)
  -------------------------------------------------------------------    -------------------
                         (clock clk_fpga_0 rise edge)
                                                      0.000     0.000 r  
    PS7_X0Y0             PS7                          0.000     0.000 r  design_1_i/processing_system7_0/inst/PS7_i/FCLKCLK[0]
                         net (fo=1, routed)           1.193     1.193    design_1_i/processing_system7_0/inst/FCLK_CLK_unbuffered[0]
    BUFGCTRL_X0Y16       BUFG (Prop_bufg_I_O)         0.101     1.294 r  design_1_i/processing_system7_0/inst/buffer_fclk_clk_0.FCLK_CLK_0_BUFG/O
                         net (fo=896, routed)         1.652     2.946    design_1_i/axi_iic_0/U0/X_IIC/X_AXI_IPIF_SSP1/AXI_LITE_IPIF_I/I_SLAVE_ATTACHMENT/s_axi_aclk
    SLICE_X35Y94         FDRE                                         r  design_1_i/axi_iic_0/U0/X_IIC/X_AXI_IPIF_SSP1/AXI_LITE_IPIF_I/I_SLAVE_ATTACHMENT/INCLUDE_DPHASE_TIMER.dpto_cnt_reg[2]/C
  -------------------------------------------------------------------    -------------------
    SLICE_X35Y94         FDRE (Prop_fdre_C_Q)         0.456     3.402 f  design_1_i/axi_iic_0/U0/X_IIC/X_AXI_IPIF_SSP1/AXI_LITE_IPIF_I/I_SLAVE_ATTACHMENT/INCLUDE_DPHASE_TIMER.dpto_cnt_reg[2]/Q
                         net (fo=3, routed)           0.700     4.102    design_1_i/axi_iic_0/U0/X_IIC/X_AXI_IPIF_SSP1/AXI_LITE_IPIF_I/I_SLAVE_ATTACHMENT/I_DECODER/s_axi_awready_0[2]
    SLICE_X35Y94         LUT4 (Prop_lut4_I3_O)        0.124     4.226 f  design_1_i/axi_iic_0/U0/X_IIC/X_AXI_IPIF_SSP1/AXI_LITE_IPIF_I/I_SLAVE_ATTACHMENT/I_DECODER/s_axi_wready_INST_0_i_1/O
                         net (fo=2, routed)           0.302     4.528    design_1_i/axi_iic_0/U0/X_IIC/X_AXI_IPIF_SSP1/AXI_LITE_IPIF_I/I_SLAVE_ATTACHMENT/I_DECODER/s_axi_wready_INST_0_i_1_n_0
    SLICE_X35Y95         LUT4 (Prop_lut4_I0_O)        0.124     4.652 r  design_1_i/axi_iic_0/U0/X_IIC/X_AXI_IPIF_SSP1/AXI_LITE_IPIF_I/I_SLAVE_ATTACHMENT/I_DECODER/s_axi_wready_INST_0/O
                         net (fo=9, routed)           0.759     5.411    design_1_i/ps7_0_axi_periph/s00_couplers/auto_pc/inst/gen_axilite.gen_b2s_conv.axilite_b2s/WR.aw_channel_0/aw_cmd_fsm_0/m_axi_awready
    SLICE_X30Y99         LUT6 (Prop_lut6_I0_O)        0.124     5.535 r  design_1_i/ps7_0_axi_periph/s00_couplers/auto_pc/inst/gen_axilite.gen_b2s_conv.axilite_b2s/WR.aw_channel_0/aw_cmd_fsm_0/memory_reg[3][0]_srl4_i_1/O
                         net (fo=30, routed)          0.720     6.255    design_1_i/ps7_0_axi_periph/s00_couplers/auto_pc/inst/gen_axilite.gen_b2s_conv.axilite_b2s/WR.aw_channel_0/aw_cmd_fsm_0/m_axi_awready_0
    SLICE_X32Y99         LUT3 (Prop_lut3_I2_O)        0.124     6.379 r  design_1_i/ps7_0_axi_periph/s00_couplers/auto_pc/inst/gen_axilite.gen_b2s_conv.axilite_b2s/WR.aw_channel_0/aw_cmd_fsm_0/next_pending_r_i_3/O
                         net (fo=23, routed)          0.895     7.274    design_1_i/ps7_0_axi_periph/s00_couplers/auto_pc/inst/gen_axilite.gen_b2s_conv.axilite_b2s/WR.aw_channel_0/cmd_translator_0/incr_cmd_0/next
    SLICE_X27Y95         LUT4 (Prop_lut4_I3_O)        0.124     7.398 r  design_1_i/ps7_0_axi_periph/s00_couplers/auto_pc/inst/gen_axilite.gen_b2s_conv.axilite_b2s/WR.aw_channel_0/cmd_translator_0/incr_cmd_0/axaddr_incr[3]_i_9/O
                         net (fo=1, routed)           0.000     7.398    design_1_i/ps7_0_axi_periph/s00_couplers/auto_pc/inst/gen_axilite.gen_b2s_conv.axilite_b2s/SI_REG/aw.aw_pipe/axaddr_incr_reg[3][1]
    SLICE_X27Y95         CARRY4 (Prop_carry4_S[1]_CO[3])
                                                      0.550     7.948 r  design_1_i/ps7_0_axi_periph/s00_couplers/auto_pc/inst/gen_axilite.gen_b2s_conv.axilite_b2s/SI_REG/aw.aw_pipe/axaddr_incr_reg[3]_i_2/CO[3]
                         net (fo=1, routed)           0.000     7.948    design_1_i/ps7_0_axi_periph/s00_couplers/auto_pc/inst/gen_axilite.gen_b2s_conv.axilite_b2s/SI_REG/aw.aw_pipe/axaddr_incr_reg[3]_i_2_n_0
    SLICE_X27Y96         CARRY4 (Prop_carry4_CI_O[2])
                                                      0.239     8.187 r  design_1_i/ps7_0_axi_periph/s00_couplers/auto_pc/inst/gen_axilite.gen_b2s_conv.axilite_b2s/SI_REG/aw.aw_pipe/axaddr_incr_reg[7]_i_2/O[2]
                         net (fo=1, routed)           0.790     8.977    design_1_i/ps7_0_axi_periph/s00_couplers/auto_pc/inst/gen_axilite.gen_b2s_conv.axilite_b2s/WR.aw_channel_0/cmd_translator_0/incr_cmd_0/axaddr_incr[6]
    SLICE_X29Y96         LUT3 (Prop_lut3_I0_O)        0.331     9.308 r  design_1_i/ps7_0_axi_periph/s00_couplers/auto_pc/inst/gen_axilite.gen_b2s_conv.axilite_b2s/WR.aw_channel_0/cmd_translator_0/incr_cmd_0/axaddr_incr[6]_i_1/O
                         net (fo=1, routed)           0.000     9.308    design_1_i/ps7_0_axi_periph/s00_couplers/auto_pc/inst/gen_axilite.gen_b2s_conv.axilite_b2s/WR.aw_channel_0/cmd_translator_0/incr_cmd_0/p_1_in[6]
    SLICE_X29Y96         FDRE                                         r  design_1_i/ps7_0_axi_periph/s00_couplers/auto_pc/inst/gen_axilite.gen_b2s_conv.axilite_b2s/WR.aw_channel_0/cmd_translator_0/incr_cmd_0/axaddr_incr_reg[6]/D
  -------------------------------------------------------------------    -------------------

                         (clock clk_fpga_0 rise edge)
                                                     10.000    10.000 r  
    PS7_X0Y0             PS7                          0.000    10.000 r  design_1_i/processing_system7_0/inst/PS7_i/FCLKCLK[0]
                         net (fo=1, routed)           1.088    11.088    design_1_i/processing_system7_0/inst/FCLK_CLK_unbuffered[0]
    BUFGCTRL_X0Y16       BUFG (Prop_bufg_I_O)         0.091    11.179 r  design_1_i/processing_system7_0/inst/buffer_fclk_clk_0.FCLK_CLK_0_BUFG/O
                         net (fo=896, routed)         1.525    12.704    design_1_i/ps7_0_axi_periph/s00_couplers/auto_pc/inst/gen_axilite.gen_b2s_conv.axilite_b2s/WR.aw_channel_0/cmd_translator_0/incr_cmd_0/aclk
    SLICE_X29Y96         FDRE                                         r  design_1_i/ps7_0_axi_periph/s00_couplers/auto_pc/inst/gen_axilite.gen_b2s_conv.axilite_b2s/WR.aw_channel_0/cmd_translator_0/incr_cmd_0/axaddr_incr_reg[6]/C
                         clock pessimism              0.229    12.933    
                         clock uncertainty           -0.154    12.779    
    SLICE_X29Y96         FDRE (Setup_fdre_C_D)        0.075    12.854    design_1_i/ps7_0_axi_periph/s00_couplers/auto_pc/inst/gen_axilite.gen_b2s_conv.axilite_b2s/WR.aw_channel_0/cmd_translator_0/incr_cmd_0/axaddr_incr_reg[6]
  -------------------------------------------------------------------
                         required time                         12.854    
                         arrival time                          -9.308    
  -------------------------------------------------------------------
                         slack                                  3.546    

Slack (MET) :             3.550ns  (required time - arrival time)
  Source:                 design_1_i/axi_iic_0/U0/X_IIC/X_AXI_IPIF_SSP1/AXI_LITE_IPIF_I/I_SLAVE_ATTACHMENT/INCLUDE_DPHASE_TIMER.dpto_cnt_reg[2]/C
                            (rising edge-triggered cell FDRE clocked by clk_fpga_0  {rise@0.000ns fall@5.000ns period=10.000ns})
  Destination:            design_1_i/ps7_0_axi_periph/s00_couplers/auto_pc/inst/gen_axilite.gen_b2s_conv.axilite_b2s/WR.aw_channel_0/cmd_translator_0/incr_cmd_0/axaddr_incr_reg[11]/D
                            (rising edge-triggered cell FDRE clocked by clk_fpga_0  {rise@0.000ns fall@5.000ns period=10.000ns})
  Path Group:             clk_fpga_0
  Path Type:              Setup (Max at Slow Process Corner)
  Requirement:            10.000ns  (clk_fpga_0 rise@10.000ns - clk_fpga_0 rise@0.000ns)
  Data Path Delay:        6.311ns  (logic 2.359ns (37.377%)  route 3.952ns (62.623%))
  Logic Levels:           9  (CARRY4=3 LUT3=2 LUT4=3 LUT6=1)
  Clock Path Skew:        -0.016ns (DCD - SCD + CPR)
    Destination Clock Delay (DCD):    2.701ns = ( 12.701 - 10.000 ) 
    Source Clock Delay      (SCD):    2.946ns
    Clock Pessimism Removal (CPR):    0.229ns
  Clock Uncertainty:      0.154ns  ((TSJ^2 + TIJ^2)^1/2 + DJ) / 2 + PE
    Total System Jitter     (TSJ):    0.071ns
    Total Input Jitter      (TIJ):    0.300ns
    Discrete Jitter          (DJ):    0.000ns
    Phase Error              (PE):    0.000ns

    Location             Delay type                Incr(ns)  Path(ns)    Netlist Resource(s)
  -------------------------------------------------------------------    -------------------
                         (clock clk_fpga_0 rise edge)
                                                      0.000     0.000 r  
    PS7_X0Y0             PS7                          0.000     0.000 r  design_1_i/processing_system7_0/inst/PS7_i/FCLKCLK[0]
                         net (fo=1, routed)           1.193     1.193    design_1_i/processing_system7_0/inst/FCLK_CLK_unbuffered[0]
    BUFGCTRL_X0Y16       BUFG (Prop_bufg_I_O)         0.101     1.294 r  design_1_i/processing_system7_0/inst/buffer_fclk_clk_0.FCLK_CLK_0_BUFG/O
                         net (fo=896, routed)         1.652     2.946    design_1_i/axi_iic_0/U0/X_IIC/X_AXI_IPIF_SSP1/AXI_LITE_IPIF_I/I_SLAVE_ATTACHMENT/s_axi_aclk
    SLICE_X35Y94         FDRE                                         r  design_1_i/axi_iic_0/U0/X_IIC/X_AXI_IPIF_SSP1/AXI_LITE_IPIF_I/I_SLAVE_ATTACHMENT/INCLUDE_DPHASE_TIMER.dpto_cnt_reg[2]/C
  -------------------------------------------------------------------    -------------------
    SLICE_X35Y94         FDRE (Prop_fdre_C_Q)         0.456     3.402 f  design_1_i/axi_iic_0/U0/X_IIC/X_AXI_IPIF_SSP1/AXI_LITE_IPIF_I/I_SLAVE_ATTACHMENT/INCLUDE_DPHASE_TIMER.dpto_cnt_reg[2]/Q
                         net (fo=3, routed)           0.700     4.102    design_1_i/axi_iic_0/U0/X_IIC/X_AXI_IPIF_SSP1/AXI_LITE_IPIF_I/I_SLAVE_ATTACHMENT/I_DECODER/s_axi_awready_0[2]
    SLICE_X35Y94         LUT4 (Prop_lut4_I3_O)        0.124     4.226 f  design_1_i/axi_iic_0/U0/X_IIC/X_AXI_IPIF_SSP1/AXI_LITE_IPIF_I/I_SLAVE_ATTACHMENT/I_DECODER/s_axi_wready_INST_0_i_1/O
                         net (fo=2, routed)           0.302     4.528    design_1_i/axi_iic_0/U0/X_IIC/X_AXI_IPIF_SSP1/AXI_LITE_IPIF_I/I_SLAVE_ATTACHMENT/I_DECODER/s_axi_wready_INST_0_i_1_n_0
    SLICE_X35Y95         LUT4 (Prop_lut4_I0_O)        0.124     4.652 r  design_1_i/axi_iic_0/U0/X_IIC/X_AXI_IPIF_SSP1/AXI_LITE_IPIF_I/I_SLAVE_ATTACHMENT/I_DECODER/s_axi_wready_INST_0/O
                         net (fo=9, routed)           0.759     5.411    design_1_i/ps7_0_axi_periph/s00_couplers/auto_pc/inst/gen_axilite.gen_b2s_conv.axilite_b2s/WR.aw_channel_0/aw_cmd_fsm_0/m_axi_awready
    SLICE_X30Y99         LUT6 (Prop_lut6_I0_O)        0.124     5.535 r  design_1_i/ps7_0_axi_periph/s00_couplers/auto_pc/inst/gen_axilite.gen_b2s_conv.axilite_b2s/WR.aw_channel_0/aw_cmd_fsm_0/memory_reg[3][0]_srl4_i_1/O
                         net (fo=30, routed)          0.720     6.255    design_1_i/ps7_0_axi_periph/s00_couplers/auto_pc/inst/gen_axilite.gen_b2s_conv.axilite_b2s/WR.aw_channel_0/aw_cmd_fsm_0/m_axi_awready_0
    SLICE_X32Y99         LUT3 (Prop_lut3_I2_O)        0.124     6.379 r  design_1_i/ps7_0_axi_periph/s00_couplers/auto_pc/inst/gen_axilite.gen_b2s_conv.axilite_b2s/WR.aw_channel_0/aw_cmd_fsm_0/next_pending_r_i_3/O
                         net (fo=23, routed)          0.895     7.274    design_1_i/ps7_0_axi_periph/s00_couplers/auto_pc/inst/gen_axilite.gen_b2s_conv.axilite_b2s/WR.aw_channel_0/cmd_translator_0/incr_cmd_0/next
    SLICE_X27Y95         LUT4 (Prop_lut4_I3_O)        0.124     7.398 r  design_1_i/ps7_0_axi_periph/s00_couplers/auto_pc/inst/gen_axilite.gen_b2s_conv.axilite_b2s/WR.aw_channel_0/cmd_translator_0/incr_cmd_0/axaddr_incr[3]_i_9/O
                         net (fo=1, routed)           0.000     7.398    design_1_i/ps7_0_axi_periph/s00_couplers/auto_pc/inst/gen_axilite.gen_b2s_conv.axilite_b2s/SI_REG/aw.aw_pipe/axaddr_incr_reg[3][1]
    SLICE_X27Y95         CARRY4 (Prop_carry4_S[1]_CO[3])
                                                      0.550     7.948 r  design_1_i/ps7_0_axi_periph/s00_couplers/auto_pc/inst/gen_axilite.gen_b2s_conv.axilite_b2s/SI_REG/aw.aw_pipe/axaddr_incr_reg[3]_i_2/CO[3]
                         net (fo=1, routed)           0.000     7.948    design_1_i/ps7_0_axi_periph/s00_couplers/auto_pc/inst/gen_axilite.gen_b2s_conv.axilite_b2s/SI_REG/aw.aw_pipe/axaddr_incr_reg[3]_i_2_n_0
    SLICE_X27Y96         CARRY4 (Prop_carry4_CI_CO[3])
                                                      0.114     8.062 r  design_1_i/ps7_0_axi_periph/s00_couplers/auto_pc/inst/gen_axilite.gen_b2s_conv.axilite_b2s/SI_REG/aw.aw_pipe/axaddr_incr_reg[7]_i_2/CO[3]
                         net (fo=1, routed)           0.000     8.062    design_1_i/ps7_0_axi_periph/s00_couplers/auto_pc/inst/gen_axilite.gen_b2s_conv.axilite_b2s/SI_REG/aw.aw_pipe/axaddr_incr_reg[7]_i_2_n_0
    SLICE_X27Y97         CARRY4 (Prop_carry4_CI_O[3])
                                                      0.313     8.375 r  design_1_i/ps7_0_axi_periph/s00_couplers/auto_pc/inst/gen_axilite.gen_b2s_conv.axilite_b2s/SI_REG/aw.aw_pipe/axaddr_incr_reg[11]_i_3/O[3]
                         net (fo=1, routed)           0.577     8.951    design_1_i/ps7_0_axi_periph/s00_couplers/auto_pc/inst/gen_axilite.gen_b2s_conv.axilite_b2s/WR.aw_channel_0/cmd_translator_0/incr_cmd_0/axaddr_incr[11]
    SLICE_X27Y98         LUT3 (Prop_lut3_I0_O)        0.306     9.257 r  design_1_i/ps7_0_axi_periph/s00_couplers/auto_pc/inst/gen_axilite.gen_b2s_conv.axilite_b2s/WR.aw_channel_0/cmd_translator_0/incr_cmd_0/axaddr_incr[11]_i_2/O
                         net (fo=1, routed)           0.000     9.257    design_1_i/ps7_0_axi_periph/s00_couplers/auto_pc/inst/gen_axilite.gen_b2s_conv.axilite_b2s/WR.aw_channel_0/cmd_translator_0/incr_cmd_0/p_1_in[11]
    SLICE_X27Y98         FDRE                                         r  design_1_i/ps7_0_axi_periph/s00_couplers/auto_pc/inst/gen_axilite.gen_b2s_conv.axilite_b2s/WR.aw_channel_0/cmd_translator_0/incr_cmd_0/axaddr_incr_reg[11]/D
  -------------------------------------------------------------------    -------------------

                         (clock clk_fpga_0 rise edge)
                                                     10.000    10.000 r  
    PS7_X0Y0             PS7                          0.000    10.000 r  design_1_i/processing_system7_0/inst/PS7_i/FCLKCLK[0]
                         net (fo=1, routed)           1.088    11.088    design_1_i/processing_system7_0/inst/FCLK_CLK_unbuffered[0]
    BUFGCTRL_X0Y16       BUFG (Prop_bufg_I_O)         0.091    11.179 r  design_1_i/processing_system7_0/inst/buffer_fclk_clk_0.FCLK_CLK_0_BUFG/O
                         net (fo=896, routed)         1.522    12.701    design_1_i/ps7_0_axi_periph/s00_couplers/auto_pc/inst/gen_axilite.gen_b2s_conv.axilite_b2s/WR.aw_channel_0/cmd_translator_0/incr_cmd_0/aclk
    SLICE_X27Y98         FDRE                                         r  design_1_i/ps7_0_axi_periph/s00_couplers/auto_pc/inst/gen_axilite.gen_b2s_conv.axilite_b2s/WR.aw_channel_0/cmd_translator_0/incr_cmd_0/axaddr_incr_reg[11]/C
                         clock pessimism              0.229    12.930    
                         clock uncertainty           -0.154    12.776    
    SLICE_X27Y98         FDRE (Setup_fdre_C_D)        0.031    12.807    design_1_i/ps7_0_axi_periph/s00_couplers/auto_pc/inst/gen_axilite.gen_b2s_conv.axilite_b2s/WR.aw_channel_0/cmd_translator_0/incr_cmd_0/axaddr_incr_reg[11]
  -------------------------------------------------------------------
                         required time                         12.807    
                         arrival time                          -9.257    
  -------------------------------------------------------------------
                         slack                                  3.550    

Slack (MET) :             3.665ns  (required time - arrival time)
  Source:                 design_1_i/axi_iic_0/U0/X_IIC/X_AXI_IPIF_SSP1/AXI_LITE_IPIF_I/I_SLAVE_ATTACHMENT/INCLUDE_DPHASE_TIMER.dpto_cnt_reg[2]/C
                            (rising edge-triggered cell FDRE clocked by clk_fpga_0  {rise@0.000ns fall@5.000ns period=10.000ns})
  Destination:            design_1_i/ps7_0_axi_periph/s00_couplers/auto_pc/inst/gen_axilite.gen_b2s_conv.axilite_b2s/WR.aw_channel_0/cmd_translator_0/incr_cmd_0/axaddr_incr_reg[8]/D
                            (rising edge-triggered cell FDRE clocked by clk_fpga_0  {rise@0.000ns fall@5.000ns period=10.000ns})
  Path Group:             clk_fpga_0
  Path Type:              Setup (Max at Slow Process Corner)
  Requirement:            10.000ns  (clk_fpga_0 rise@10.000ns - clk_fpga_0 rise@0.000ns)
  Data Path Delay:        6.240ns  (logic 2.287ns (36.653%)  route 3.953ns (63.347%))
  Logic Levels:           9  (CARRY4=3 LUT3=2 LUT4=3 LUT6=1)
  Clock Path Skew:        -0.016ns (DCD - SCD + CPR)
    Destination Clock Delay (DCD):    2.701ns = ( 12.701 - 10.000 ) 
    Source Clock Delay      (SCD):    2.946ns
    Clock Pessimism Removal (CPR):    0.229ns
  Clock Uncertainty:      0.154ns  ((TSJ^2 + TIJ^2)^1/2 + DJ) / 2 + PE
    Total System Jitter     (TSJ):    0.071ns
    Total Input Jitter      (TIJ):    0.300ns
    Discrete Jitter          (DJ):    0.000ns
    Phase Error              (PE):    0.000ns

    Location             Delay type                Incr(ns)  Path(ns)    Netlist Resource(s)
  -------------------------------------------------------------------    -------------------
                         (clock clk_fpga_0 rise edge)
                                                      0.000     0.000 r  
    PS7_X0Y0             PS7                          0.000     0.000 r  design_1_i/processing_system7_0/inst/PS7_i/FCLKCLK[0]
                         net (fo=1, routed)           1.193     1.193    design_1_i/processing_system7_0/inst/FCLK_CLK_unbuffered[0]
    BUFGCTRL_X0Y16       BUFG (Prop_bufg_I_O)         0.101     1.294 r  design_1_i/processing_system7_0/inst/buffer_fclk_clk_0.FCLK_CLK_0_BUFG/O
                         net (fo=896, routed)         1.652     2.946    design_1_i/axi_iic_0/U0/X_IIC/X_AXI_IPIF_SSP1/AXI_LITE_IPIF_I/I_SLAVE_ATTACHMENT/s_axi_aclk
    SLICE_X35Y94         FDRE                                         r  design_1_i/axi_iic_0/U0/X_IIC/X_AXI_IPIF_SSP1/AXI_LITE_IPIF_I/I_SLAVE_ATTACHMENT/INCLUDE_DPHASE_TIMER.dpto_cnt_reg[2]/C
  -------------------------------------------------------------------    -------------------
    SLICE_X35Y94         FDRE (Prop_fdre_C_Q)         0.456     3.402 f  design_1_i/axi_iic_0/U0/X_IIC/X_AXI_IPIF_SSP1/AXI_LITE_IPIF_I/I_SLAVE_ATTACHMENT/INCLUDE_DPHASE_TIMER.dpto_cnt_reg[2]/Q
                         net (fo=3, routed)           0.700     4.102    design_1_i/axi_iic_0/U0/X_IIC/X_AXI_IPIF_SSP1/AXI_LITE_IPIF_I/I_SLAVE_ATTACHMENT/I_DECODER/s_axi_awready_0[2]
    SLICE_X35Y94         LUT4 (Prop_lut4_I3_O)        0.124     4.226 f  design_1_i/axi_iic_0/U0/X_IIC/X_AXI_IPIF_SSP1/AXI_LITE_IPIF_I/I_SLAVE_ATTACHMENT/I_DECODER/s_axi_wready_INST_0_i_1/O
                         net (fo=2, routed)           0.302     4.528    design_1_i/axi_iic_0/U0/X_IIC/X_AXI_IPIF_SSP1/AXI_LITE_IPIF_I/I_SLAVE_ATTACHMENT/I_DECODER/s_axi_wready_INST_0_i_1_n_0
    SLICE_X35Y95         LUT4 (Prop_lut4_I0_O)        0.124     4.652 r  design_1_i/axi_iic_0/U0/X_IIC/X_AXI_IPIF_SSP1/AXI_LITE_IPIF_I/I_SLAVE_ATTACHMENT/I_DECODER/s_axi_wready_INST_0/O
                         net (fo=9, routed)           0.759     5.411    design_1_i/ps7_0_axi_periph/s00_couplers/auto_pc/inst/gen_axilite.gen_b2s_conv.axilite_b2s/WR.aw_channel_0/aw_cmd_fsm_0/m_axi_awready
    SLICE_X30Y99         LUT6 (Prop_lut6_I0_O)        0.124     5.535 r  design_1_i/ps7_0_axi_periph/s00_couplers/auto_pc/inst/gen_axilite.gen_b2s_conv.axilite_b2s/WR.aw_channel_0/aw_cmd_fsm_0/memory_reg[3][0]_srl4_i_1/O
                         net (fo=30, routed)          0.720     6.255    design_1_i/ps7_0_axi_periph/s00_couplers/auto_pc/inst/gen_axilite.gen_b2s_conv.axilite_b2s/WR.aw_channel_0/aw_cmd_fsm_0/m_axi_awready_0
    SLICE_X32Y99         LUT3 (Prop_lut3_I2_O)        0.124     6.379 r  design_1_i/ps7_0_axi_periph/s00_couplers/auto_pc/inst/gen_axilite.gen_b2s_conv.axilite_b2s/WR.aw_channel_0/aw_cmd_fsm_0/next_pending_r_i_3/O
                         net (fo=23, routed)          0.895     7.274    design_1_i/ps7_0_axi_periph/s00_couplers/auto_pc/inst/gen_axilite.gen_b2s_conv.axilite_b2s/WR.aw_channel_0/cmd_translator_0/incr_cmd_0/next
    SLICE_X27Y95         LUT4 (Prop_lut4_I3_O)        0.124     7.398 r  design_1_i/ps7_0_axi_periph/s00_couplers/auto_pc/inst/gen_axilite.gen_b2s_conv.axilite_b2s/WR.aw_channel_0/cmd_translator_0/incr_cmd_0/axaddr_incr[3]_i_9/O
                         net (fo=1, routed)           0.000     7.398    design_1_i/ps7_0_axi_periph/s00_couplers/auto_pc/inst/gen_axilite.gen_b2s_conv.axilite_b2s/SI_REG/aw.aw_pipe/axaddr_incr_reg[3][1]
    SLICE_X27Y95         CARRY4 (Prop_carry4_S[1]_CO[3])
                                                      0.550     7.948 r  design_1_i/ps7_0_axi_periph/s00_couplers/auto_pc/inst/gen_axilite.gen_b2s_conv.axilite_b2s/SI_REG/aw.aw_pipe/axaddr_incr_reg[3]_i_2/CO[3]
                         net (fo=1, routed)           0.000     7.948    design_1_i/ps7_0_axi_periph/s00_couplers/auto_pc/inst/gen_axilite.gen_b2s_conv.axilite_b2s/SI_REG/aw.aw_pipe/axaddr_incr_reg[3]_i_2_n_0
    SLICE_X27Y96         CARRY4 (Prop_carry4_CI_CO[3])
                                                      0.114     8.062 r  design_1_i/ps7_0_axi_periph/s00_couplers/auto_pc/inst/gen_axilite.gen_b2s_conv.axilite_b2s/SI_REG/aw.aw_pipe/axaddr_incr_reg[7]_i_2/CO[3]
                         net (fo=1, routed)           0.000     8.062    design_1_i/ps7_0_axi_periph/s00_couplers/auto_pc/inst/gen_axilite.gen_b2s_conv.axilite_b2s/SI_REG/aw.aw_pipe/axaddr_incr_reg[7]_i_2_n_0
    SLICE_X27Y97         CARRY4 (Prop_carry4_CI_O[0])
                                                      0.222     8.284 r  design_1_i/ps7_0_axi_periph/s00_couplers/auto_pc/inst/gen_axilite.gen_b2s_conv.axilite_b2s/SI_REG/aw.aw_pipe/axaddr_incr_reg[11]_i_3/O[0]
                         net (fo=1, routed)           0.577     8.861    design_1_i/ps7_0_axi_periph/s00_couplers/auto_pc/inst/gen_axilite.gen_b2s_conv.axilite_b2s/WR.aw_channel_0/cmd_translator_0/incr_cmd_0/axaddr_incr[8]
    SLICE_X27Y98         LUT3 (Prop_lut3_I0_O)        0.325     9.186 r  design_1_i/ps7_0_axi_periph/s00_couplers/auto_pc/inst/gen_axilite.gen_b2s_conv.axilite_b2s/WR.aw_channel_0/cmd_translator_0/incr_cmd_0/axaddr_incr[8]_i_1/O
                         net (fo=1, routed)           0.000     9.186    design_1_i/ps7_0_axi_periph/s00_couplers/auto_pc/inst/gen_axilite.gen_b2s_conv.axilite_b2s/WR.aw_channel_0/cmd_translator_0/incr_cmd_0/p_1_in[8]
    SLICE_X27Y98         FDRE                                         r  design_1_i/ps7_0_axi_periph/s00_couplers/auto_pc/inst/gen_axilite.gen_b2s_conv.axilite_b2s/WR.aw_channel_0/cmd_translator_0/incr_cmd_0/axaddr_incr_reg[8]/D
  -------------------------------------------------------------------    -------------------

                         (clock clk_fpga_0 rise edge)
                                                     10.000    10.000 r  
    PS7_X0Y0             PS7                          0.000    10.000 r  design_1_i/processing_system7_0/inst/PS7_i/FCLKCLK[0]
                         net (fo=1, routed)           1.088    11.088    design_1_i/processing_system7_0/inst/FCLK_CLK_unbuffered[0]
    BUFGCTRL_X0Y16       BUFG (Prop_bufg_I_O)         0.091    11.179 r  design_1_i/processing_system7_0/inst/buffer_fclk_clk_0.FCLK_CLK_0_BUFG/O
                         net (fo=896, routed)         1.522    12.701    design_1_i/ps7_0_axi_periph/s00_couplers/auto_pc/inst/gen_axilite.gen_b2s_conv.axilite_b2s/WR.aw_channel_0/cmd_translator_0/incr_cmd_0/aclk
    SLICE_X27Y98         FDRE                                         r  design_1_i/ps7_0_axi_periph/s00_couplers/auto_pc/inst/gen_axilite.gen_b2s_conv.axilite_b2s/WR.aw_channel_0/cmd_translator_0/incr_cmd_0/axaddr_incr_reg[8]/C
                         clock pessimism              0.229    12.930    
                         clock uncertainty           -0.154    12.776    
    SLICE_X27Y98         FDRE (Setup_fdre_C_D)        0.075    12.851    design_1_i/ps7_0_axi_periph/s00_couplers/auto_pc/inst/gen_axilite.gen_b2s_conv.axilite_b2s/WR.aw_channel_0/cmd_translator_0/incr_cmd_0/axaddr_incr_reg[8]
  -------------------------------------------------------------------
                         required time                         12.851    
                         arrival time                          -9.186    
  -------------------------------------------------------------------
                         slack                                  3.665    

Slack (MET) :             3.796ns  (required time - arrival time)
  Source:                 design_1_i/axi_iic_0/U0/X_IIC/X_AXI_IPIF_SSP1/AXI_LITE_IPIF_I/I_SLAVE_ATTACHMENT/INCLUDE_DPHASE_TIMER.dpto_cnt_reg[2]/C
                            (rising edge-triggered cell FDRE clocked by clk_fpga_0  {rise@0.000ns fall@5.000ns period=10.000ns})
  Destination:            design_1_i/ps7_0_axi_periph/s00_couplers/auto_pc/inst/gen_axilite.gen_b2s_conv.axilite_b2s/WR.aw_channel_0/cmd_translator_0/incr_cmd_0/axaddr_incr_reg[10]/D
                            (rising edge-triggered cell FDRE clocked by clk_fpga_0  {rise@0.000ns fall@5.000ns period=10.000ns})
  Path Group:             clk_fpga_0
  Path Type:              Setup (Max at Slow Process Corner)
  Requirement:            10.000ns  (clk_fpga_0 rise@10.000ns - clk_fpga_0 rise@0.000ns)
  Data Path Delay:        6.063ns  (logic 2.281ns (37.619%)  route 3.782ns (62.381%))
  Logic Levels:           9  (CARRY4=3 LUT3=2 LUT4=3 LUT6=1)
  Clock Path Skew:        -0.016ns (DCD - SCD + CPR)
    Destination Clock Delay (DCD):    2.701ns = ( 12.701 - 10.000 ) 
    Source Clock Delay      (SCD):    2.946ns
    Clock Pessimism Removal (CPR):    0.229ns
  Clock Uncertainty:      0.154ns  ((TSJ^2 + TIJ^2)^1/2 + DJ) / 2 + PE
    Total System Jitter     (TSJ):    0.071ns
    Total Input Jitter      (TIJ):    0.300ns
    Discrete Jitter          (DJ):    0.000ns
    Phase Error              (PE):    0.000ns

    Location             Delay type                Incr(ns)  Path(ns)    Netlist Resource(s)
  -------------------------------------------------------------------    -------------------
                         (clock clk_fpga_0 rise edge)
                                                      0.000     0.000 r  
    PS7_X0Y0             PS7                          0.000     0.000 r  design_1_i/processing_system7_0/inst/PS7_i/FCLKCLK[0]
                         net (fo=1, routed)           1.193     1.193    design_1_i/processing_system7_0/inst/FCLK_CLK_unbuffered[0]
    BUFGCTRL_X0Y16       BUFG (Prop_bufg_I_O)         0.101     1.294 r  design_1_i/processing_system7_0/inst/buffer_fclk_clk_0.FCLK_CLK_0_BUFG/O
                         net (fo=896, routed)         1.652     2.946    design_1_i/axi_iic_0/U0/X_IIC/X_AXI_IPIF_SSP1/AXI_LITE_IPIF_I/I_SLAVE_ATTACHMENT/s_axi_aclk
    SLICE_X35Y94         FDRE                                         r  design_1_i/axi_iic_0/U0/X_IIC/X_AXI_IPIF_SSP1/AXI_LITE_IPIF_I/I_SLAVE_ATTACHMENT/INCLUDE_DPHASE_TIMER.dpto_cnt_reg[2]/C
  -------------------------------------------------------------------    -------------------
    SLICE_X35Y94         FDRE (Prop_fdre_C_Q)         0.456     3.402 f  design_1_i/axi_iic_0/U0/X_IIC/X_AXI_IPIF_SSP1/AXI_LITE_IPIF_I/I_SLAVE_ATTACHMENT/INCLUDE_DPHASE_TIMER.dpto_cnt_reg[2]/Q
                         net (fo=3, routed)           0.700     4.102    design_1_i/axi_iic_0/U0/X_IIC/X_AXI_IPIF_SSP1/AXI_LITE_IPIF_I/I_SLAVE_ATTACHMENT/I_DECODER/s_axi_awready_0[2]
    SLICE_X35Y94         LUT4 (Prop_lut4_I3_O)        0.124     4.226 f  design_1_i/axi_iic_0/U0/X_IIC/X_AXI_IPIF_SSP1/AXI_LITE_IPIF_I/I_SLAVE_ATTACHMENT/I_DECODER/s_axi_wready_INST_0_i_1/O
                         net (fo=2, routed)           0.302     4.528    design_1_i/axi_iic_0/U0/X_IIC/X_AXI_IPIF_SSP1/AXI_LITE_IPIF_I/I_SLAVE_ATTACHMENT/I_DECODER/s_axi_wready_INST_0_i_1_n_0
    SLICE_X35Y95         LUT4 (Prop_lut4_I0_O)        0.124     4.652 r  design_1_i/axi_iic_0/U0/X_IIC/X_AXI_IPIF_SSP1/AXI_LITE_IPIF_I/I_SLAVE_ATTACHMENT/I_DECODER/s_axi_wready_INST_0/O
                         net (fo=9, routed)           0.759     5.411    design_1_i/ps7_0_axi_periph/s00_couplers/auto_pc/inst/gen_axilite.gen_b2s_conv.axilite_b2s/WR.aw_channel_0/aw_cmd_fsm_0/m_axi_awready
    SLICE_X30Y99         LUT6 (Prop_lut6_I0_O)        0.124     5.535 r  design_1_i/ps7_0_axi_periph/s00_couplers/auto_pc/inst/gen_axilite.gen_b2s_conv.axilite_b2s/WR.aw_channel_0/aw_cmd_fsm_0/memory_reg[3][0]_srl4_i_1/O
                         net (fo=30, routed)          0.720     6.255    design_1_i/ps7_0_axi_periph/s00_couplers/auto_pc/inst/gen_axilite.gen_b2s_conv.axilite_b2s/WR.aw_channel_0/aw_cmd_fsm_0/m_axi_awready_0
    SLICE_X32Y99         LUT3 (Prop_lut3_I2_O)        0.124     6.379 r  design_1_i/ps7_0_axi_periph/s00_couplers/auto_pc/inst/gen_axilite.gen_b2s_conv.axilite_b2s/WR.aw_channel_0/aw_cmd_fsm_0/next_pending_r_i_3/O
                         net (fo=23, routed)          0.895     7.274    design_1_i/ps7_0_axi_periph/s00_couplers/auto_pc/inst/gen_axilite.gen_b2s_conv.axilite_b2s/WR.aw_channel_0/cmd_translator_0/incr_cmd_0/next
    SLICE_X27Y95         LUT4 (Prop_lut4_I3_O)        0.124     7.398 r  design_1_i/ps7_0_axi_periph/s00_couplers/auto_pc/inst/gen_axilite.gen_b2s_conv.axilite_b2s/WR.aw_channel_0/cmd_translator_0/incr_cmd_0/axaddr_incr[3]_i_9/O
                         net (fo=1, routed)           0.000     7.398    design_1_i/ps7_0_axi_periph/s00_couplers/auto_pc/inst/gen_axilite.gen_b2s_conv.axilite_b2s/SI_REG/aw.aw_pipe/axaddr_incr_reg[3][1]
    SLICE_X27Y95         CARRY4 (Prop_carry4_S[1]_CO[3])
                                                      0.550     7.948 r  design_1_i/ps7_0_axi_periph/s00_couplers/auto_pc/inst/gen_axilite.gen_b2s_conv.axilite_b2s/SI_REG/aw.aw_pipe/axaddr_incr_reg[3]_i_2/CO[3]
                         net (fo=1, routed)           0.000     7.948    design_1_i/ps7_0_axi_periph/s00_couplers/auto_pc/inst/gen_axilite.gen_b2s_conv.axilite_b2s/SI_REG/aw.aw_pipe/axaddr_incr_reg[3]_i_2_n_0
    SLICE_X27Y96         CARRY4 (Prop_carry4_CI_CO[3])
                                                      0.114     8.062 r  design_1_i/ps7_0_axi_periph/s00_couplers/auto_pc/inst/gen_axilite.gen_b2s_conv.axilite_b2s/SI_REG/aw.aw_pipe/axaddr_incr_reg[7]_i_2/CO[3]
                         net (fo=1, routed)           0.000     8.062    design_1_i/ps7_0_axi_periph/s00_couplers/auto_pc/inst/gen_axilite.gen_b2s_conv.axilite_b2s/SI_REG/aw.aw_pipe/axaddr_incr_reg[7]_i_2_n_0
    SLICE_X27Y97         CARRY4 (Prop_carry4_CI_O[2])
                                                      0.239     8.301 r  design_1_i/ps7_0_axi_periph/s00_couplers/auto_pc/inst/gen_axilite.gen_b2s_conv.axilite_b2s/SI_REG/aw.aw_pipe/axaddr_incr_reg[11]_i_3/O[2]
                         net (fo=1, routed)           0.407     8.707    design_1_i/ps7_0_axi_periph/s00_couplers/auto_pc/inst/gen_axilite.gen_b2s_conv.axilite_b2s/WR.aw_channel_0/cmd_translator_0/incr_cmd_0/axaddr_incr[10]
    SLICE_X27Y98         LUT3 (Prop_lut3_I0_O)        0.302     9.009 r  design_1_i/ps7_0_axi_periph/s00_couplers/auto_pc/inst/gen_axilite.gen_b2s_conv.axilite_b2s/WR.aw_channel_0/cmd_translator_0/incr_cmd_0/axaddr_incr[10]_i_1/O
                         net (fo=1, routed)           0.000     9.009    design_1_i/ps7_0_axi_periph/s00_couplers/auto_pc/inst/gen_axilite.gen_b2s_conv.axilite_b2s/WR.aw_channel_0/cmd_translator_0/incr_cmd_0/p_1_in[10]
    SLICE_X27Y98         FDRE                                         r  design_1_i/ps7_0_axi_periph/s00_couplers/auto_pc/inst/gen_axilite.gen_b2s_conv.axilite_b2s/WR.aw_channel_0/cmd_translator_0/incr_cmd_0/axaddr_incr_reg[10]/D
  -------------------------------------------------------------------    -------------------

                         (clock clk_fpga_0 rise edge)
                                                     10.000    10.000 r  
    PS7_X0Y0             PS7                          0.000    10.000 r  design_1_i/processing_system7_0/inst/PS7_i/FCLKCLK[0]
                         net (fo=1, routed)           1.088    11.088    design_1_i/processing_system7_0/inst/FCLK_CLK_unbuffered[0]
    BUFGCTRL_X0Y16       BUFG (Prop_bufg_I_O)         0.091    11.179 r  design_1_i/processing_system7_0/inst/buffer_fclk_clk_0.FCLK_CLK_0_BUFG/O
                         net (fo=896, routed)         1.522    12.701    design_1_i/ps7_0_axi_periph/s00_couplers/auto_pc/inst/gen_axilite.gen_b2s_conv.axilite_b2s/WR.aw_channel_0/cmd_translator_0/incr_cmd_0/aclk
    SLICE_X27Y98         FDRE                                         r  design_1_i/ps7_0_axi_periph/s00_couplers/auto_pc/inst/gen_axilite.gen_b2s_conv.axilite_b2s/WR.aw_channel_0/cmd_translator_0/incr_cmd_0/axaddr_incr_reg[10]/C
                         clock pessimism              0.229    12.930    
                         clock uncertainty           -0.154    12.776    
    SLICE_X27Y98         FDRE (Setup_fdre_C_D)        0.029    12.805    design_1_i/ps7_0_axi_periph/s00_couplers/auto_pc/inst/gen_axilite.gen_b2s_conv.axilite_b2s/WR.aw_channel_0/cmd_translator_0/incr_cmd_0/axaddr_incr_reg[10]
  -------------------------------------------------------------------
                         required time                         12.805    
                         arrival time                          -9.009    
  -------------------------------------------------------------------
                         slack                                  3.796    

Slack (MET) :             3.812ns  (required time - arrival time)
  Source:                 design_1_i/axi_iic_0/U0/X_IIC/X_AXI_IPIF_SSP1/AXI_LITE_IPIF_I/I_SLAVE_ATTACHMENT/INCLUDE_DPHASE_TIMER.dpto_cnt_reg[2]/C
                            (rising edge-triggered cell FDRE clocked by clk_fpga_0  {rise@0.000ns fall@5.000ns period=10.000ns})
  Destination:            design_1_i/ps7_0_axi_periph/s00_couplers/auto_pc/inst/gen_axilite.gen_b2s_conv.axilite_b2s/WR.aw_channel_0/cmd_translator_0/incr_cmd_0/axaddr_incr_reg[5]/D
                            (rising edge-triggered cell FDRE clocked by clk_fpga_0  {rise@0.000ns fall@5.000ns period=10.000ns})
  Path Group:             clk_fpga_0
  Path Type:              Setup (Max at Slow Process Corner)
  Requirement:            10.000ns  (clk_fpga_0 rise@10.000ns - clk_fpga_0 rise@0.000ns)
  Data Path Delay:        6.049ns  (logic 2.263ns (37.411%)  route 3.786ns (62.589%))
  Logic Levels:           8  (CARRY4=2 LUT3=2 LUT4=3 LUT6=1)
  Clock Path Skew:        -0.016ns (DCD - SCD + CPR)
    Destination Clock Delay (DCD):    2.701ns = ( 12.701 - 10.000 ) 
    Source Clock Delay      (SCD):    2.946ns
    Clock Pessimism Removal (CPR):    0.229ns
  Clock Uncertainty:      0.154ns  ((TSJ^2 + TIJ^2)^1/2 + DJ) / 2 + PE
    Total System Jitter     (TSJ):    0.071ns
    Total Input Jitter      (TIJ):    0.300ns
    Discrete Jitter          (DJ):    0.000ns
    Phase Error              (PE):    0.000ns

    Location             Delay type                Incr(ns)  Path(ns)    Netlist Resource(s)
  -------------------------------------------------------------------    -------------------
                         (clock clk_fpga_0 rise edge)
                                                      0.000     0.000 r  
    PS7_X0Y0             PS7                          0.000     0.000 r  design_1_i/processing_system7_0/inst/PS7_i/FCLKCLK[0]
                         net (fo=1, routed)           1.193     1.193    design_1_i/processing_system7_0/inst/FCLK_CLK_unbuffered[0]
    BUFGCTRL_X0Y16       BUFG (Prop_bufg_I_O)         0.101     1.294 r  design_1_i/processing_system7_0/inst/buffer_fclk_clk_0.FCLK_CLK_0_BUFG/O
                         net (fo=896, routed)         1.652     2.946    design_1_i/axi_iic_0/U0/X_IIC/X_AXI_IPIF_SSP1/AXI_LITE_IPIF_I/I_SLAVE_ATTACHMENT/s_axi_aclk
    SLICE_X35Y94         FDRE                                         r  design_1_i/axi_iic_0/U0/X_IIC/X_AXI_IPIF_SSP1/AXI_LITE_IPIF_I/I_SLAVE_ATTACHMENT/INCLUDE_DPHASE_TIMER.dpto_cnt_reg[2]/C
  -------------------------------------------------------------------    -------------------
    SLICE_X35Y94         FDRE (Prop_fdre_C_Q)         0.456     3.402 f  design_1_i/axi_iic_0/U0/X_IIC/X_AXI_IPIF_SSP1/AXI_LITE_IPIF_I/I_SLAVE_ATTACHMENT/INCLUDE_DPHASE_TIMER.dpto_cnt_reg[2]/Q
                         net (fo=3, routed)           0.700     4.102    design_1_i/axi_iic_0/U0/X_IIC/X_AXI_IPIF_SSP1/AXI_LITE_IPIF_I/I_SLAVE_ATTACHMENT/I_DECODER/s_axi_awready_0[2]
    SLICE_X35Y94         LUT4 (Prop_lut4_I3_O)        0.124     4.226 f  design_1_i/axi_iic_0/U0/X_IIC/X_AXI_IPIF_SSP1/AXI_LITE_IPIF_I/I_SLAVE_ATTACHMENT/I_DECODER/s_axi_wready_INST_0_i_1/O
                         net (fo=2, routed)           0.302     4.528    design_1_i/axi_iic_0/U0/X_IIC/X_AXI_IPIF_SSP1/AXI_LITE_IPIF_I/I_SLAVE_ATTACHMENT/I_DECODER/s_axi_wready_INST_0_i_1_n_0
    SLICE_X35Y95         LUT4 (Prop_lut4_I0_O)        0.124     4.652 r  design_1_i/axi_iic_0/U0/X_IIC/X_AXI_IPIF_SSP1/AXI_LITE_IPIF_I/I_SLAVE_ATTACHMENT/I_DECODER/s_axi_wready_INST_0/O
                         net (fo=9, routed)           0.759     5.411    design_1_i/ps7_0_axi_periph/s00_couplers/auto_pc/inst/gen_axilite.gen_b2s_conv.axilite_b2s/WR.aw_channel_0/aw_cmd_fsm_0/m_axi_awready
    SLICE_X30Y99         LUT6 (Prop_lut6_I0_O)        0.124     5.535 r  design_1_i/ps7_0_axi_periph/s00_couplers/auto_pc/inst/gen_axilite.gen_b2s_conv.axilite_b2s/WR.aw_channel_0/aw_cmd_fsm_0/memory_reg[3][0]_srl4_i_1/O
                         net (fo=30, routed)          0.720     6.255    design_1_i/ps7_0_axi_periph/s00_couplers/auto_pc/inst/gen_axilite.gen_b2s_conv.axilite_b2s/WR.aw_channel_0/aw_cmd_fsm_0/m_axi_awready_0
    SLICE_X32Y99         LUT3 (Prop_lut3_I2_O)        0.124     6.379 r  design_1_i/ps7_0_axi_periph/s00_couplers/auto_pc/inst/gen_axilite.gen_b2s_conv.axilite_b2s/WR.aw_channel_0/aw_cmd_fsm_0/next_pending_r_i_3/O
                         net (fo=23, routed)          0.895     7.274    design_1_i/ps7_0_axi_periph/s00_couplers/auto_pc/inst/gen_axilite.gen_b2s_conv.axilite_b2s/WR.aw_channel_0/cmd_translator_0/incr_cmd_0/next
    SLICE_X27Y95         LUT4 (Prop_lut4_I3_O)        0.124     7.398 r  design_1_i/ps7_0_axi_periph/s00_couplers/auto_pc/inst/gen_axilite.gen_b2s_conv.axilite_b2s/WR.aw_channel_0/cmd_translator_0/incr_cmd_0/axaddr_incr[3]_i_9/O
                         net (fo=1, routed)           0.000     7.398    design_1_i/ps7_0_axi_periph/s00_couplers/auto_pc/inst/gen_axilite.gen_b2s_conv.axilite_b2s/SI_REG/aw.aw_pipe/axaddr_incr_reg[3][1]
    SLICE_X27Y95         CARRY4 (Prop_carry4_S[1]_CO[3])
                                                      0.550     7.948 r  design_1_i/ps7_0_axi_periph/s00_couplers/auto_pc/inst/gen_axilite.gen_b2s_conv.axilite_b2s/SI_REG/aw.aw_pipe/axaddr_incr_reg[3]_i_2/CO[3]
                         net (fo=1, routed)           0.000     7.948    design_1_i/ps7_0_axi_periph/s00_couplers/auto_pc/inst/gen_axilite.gen_b2s_conv.axilite_b2s/SI_REG/aw.aw_pipe/axaddr_incr_reg[3]_i_2_n_0
    SLICE_X27Y96         CARRY4 (Prop_carry4_CI_O[1])
                                                      0.334     8.282 r  design_1_i/ps7_0_axi_periph/s00_couplers/auto_pc/inst/gen_axilite.gen_b2s_conv.axilite_b2s/SI_REG/aw.aw_pipe/axaddr_incr_reg[7]_i_2/O[1]
                         net (fo=1, routed)           0.410     8.692    design_1_i/ps7_0_axi_periph/s00_couplers/auto_pc/inst/gen_axilite.gen_b2s_conv.axilite_b2s/WR.aw_channel_0/cmd_translator_0/incr_cmd_0/axaddr_incr[5]
    SLICE_X27Y98         LUT3 (Prop_lut3_I0_O)        0.303     8.995 r  design_1_i/ps7_0_axi_periph/s00_couplers/auto_pc/inst/gen_axilite.gen_b2s_conv.axilite_b2s/WR.aw_channel_0/cmd_translator_0/incr_cmd_0/axaddr_incr[5]_i_1/O
                         net (fo=1, routed)           0.000     8.995    design_1_i/ps7_0_axi_periph/s00_couplers/auto_pc/inst/gen_axilite.gen_b2s_conv.axilite_b2s/WR.aw_channel_0/cmd_translator_0/incr_cmd_0/p_1_in[5]
    SLICE_X27Y98         FDRE                                         r  design_1_i/ps7_0_axi_periph/s00_couplers/auto_pc/inst/gen_axilite.gen_b2s_conv.axilite_b2s/WR.aw_channel_0/cmd_translator_0/incr_cmd_0/axaddr_incr_reg[5]/D
  -------------------------------------------------------------------    -------------------

                         (clock clk_fpga_0 rise edge)
                                                     10.000    10.000 r  
    PS7_X0Y0             PS7                          0.000    10.000 r  design_1_i/processing_system7_0/inst/PS7_i/FCLKCLK[0]
                         net (fo=1, routed)           1.088    11.088    design_1_i/processing_system7_0/inst/FCLK_CLK_unbuffered[0]
    BUFGCTRL_X0Y16       BUFG (Prop_bufg_I_O)         0.091    11.179 r  design_1_i/processing_system7_0/inst/buffer_fclk_clk_0.FCLK_CLK_0_BUFG/O
                         net (fo=896, routed)         1.522    12.701    design_1_i/ps7_0_axi_periph/s00_couplers/auto_pc/inst/gen_axilite.gen_b2s_conv.axilite_b2s/WR.aw_channel_0/cmd_translator_0/incr_cmd_0/aclk
    SLICE_X27Y98         FDRE                                         r  design_1_i/ps7_0_axi_periph/s00_couplers/auto_pc/inst/gen_axilite.gen_b2s_conv.axilite_b2s/WR.aw_channel_0/cmd_translator_0/incr_cmd_0/axaddr_incr_reg[5]/C
                         clock pessimism              0.229    12.930    
                         clock uncertainty           -0.154    12.776    
    SLICE_X27Y98         FDRE (Setup_fdre_C_D)        0.031    12.807    design_1_i/ps7_0_axi_periph/s00_couplers/auto_pc/inst/gen_axilite.gen_b2s_conv.axilite_b2s/WR.aw_channel_0/cmd_translator_0/incr_cmd_0/axaddr_incr_reg[5]
  -------------------------------------------------------------------
                         required time                         12.807    
                         arrival time                          -8.995    
  -------------------------------------------------------------------
                         slack                                  3.812    

Slack (MET) :             3.869ns  (required time - arrival time)
  Source:                 design_1_i/axi_iic_0/U0/X_IIC/X_AXI_IPIF_SSP1/AXI_LITE_IPIF_I/I_SLAVE_ATTACHMENT/INCLUDE_DPHASE_TIMER.dpto_cnt_reg[2]/C
                            (rising edge-triggered cell FDRE clocked by clk_fpga_0  {rise@0.000ns fall@5.000ns period=10.000ns})
  Destination:            design_1_i/ps7_0_axi_periph/s00_couplers/auto_pc/inst/gen_axilite.gen_b2s_conv.axilite_b2s/WR.aw_channel_0/cmd_translator_0/incr_cmd_0/axaddr_incr_reg[2]/D
                            (rising edge-triggered cell FDRE clocked by clk_fpga_0  {rise@0.000ns fall@5.000ns period=10.000ns})
  Path Group:             clk_fpga_0
  Path Type:              Setup (Max at Slow Process Corner)
  Requirement:            10.000ns  (clk_fpga_0 rise@10.000ns - clk_fpga_0 rise@0.000ns)
  Data Path Delay:        5.995ns  (logic 1.958ns (32.663%)  route 4.037ns (67.337%))
  Logic Levels:           7  (CARRY4=1 LUT3=2 LUT4=3 LUT6=1)
  Clock Path Skew:        -0.013ns (DCD - SCD + CPR)
    Destination Clock Delay (DCD):    2.704ns = ( 12.704 - 10.000 ) 
    Source Clock Delay      (SCD):    2.946ns
    Clock Pessimism Removal (CPR):    0.229ns
  Clock Uncertainty:      0.154ns  ((TSJ^2 + TIJ^2)^1/2 + DJ) / 2 + PE
    Total System Jitter     (TSJ):    0.071ns
    Total Input Jitter      (TIJ):    0.300ns
    Discrete Jitter          (DJ):    0.000ns
    Phase Error              (PE):    0.000ns

    Location             Delay type                Incr(ns)  Path(ns)    Netlist Resource(s)
  -------------------------------------------------------------------    -------------------
                         (clock clk_fpga_0 rise edge)
                                                      0.000     0.000 r  
    PS7_X0Y0             PS7                          0.000     0.000 r  design_1_i/processing_system7_0/inst/PS7_i/FCLKCLK[0]
                         net (fo=1, routed)           1.193     1.193    design_1_i/processing_system7_0/inst/FCLK_CLK_unbuffered[0]
    BUFGCTRL_X0Y16       BUFG (Prop_bufg_I_O)         0.101     1.294 r  design_1_i/processing_system7_0/inst/buffer_fclk_clk_0.FCLK_CLK_0_BUFG/O
                         net (fo=896, routed)         1.652     2.946    design_1_i/axi_iic_0/U0/X_IIC/X_AXI_IPIF_SSP1/AXI_LITE_IPIF_I/I_SLAVE_ATTACHMENT/s_axi_aclk
    SLICE_X35Y94         FDRE                                         r  design_1_i/axi_iic_0/U0/X_IIC/X_AXI_IPIF_SSP1/AXI_LITE_IPIF_I/I_SLAVE_ATTACHMENT/INCLUDE_DPHASE_TIMER.dpto_cnt_reg[2]/C
  -------------------------------------------------------------------    -------------------
    SLICE_X35Y94         FDRE (Prop_fdre_C_Q)         0.456     3.402 f  design_1_i/axi_iic_0/U0/X_IIC/X_AXI_IPIF_SSP1/AXI_LITE_IPIF_I/I_SLAVE_ATTACHMENT/INCLUDE_DPHASE_TIMER.dpto_cnt_reg[2]/Q
                         net (fo=3, routed)           0.700     4.102    design_1_i/axi_iic_0/U0/X_IIC/X_AXI_IPIF_SSP1/AXI_LITE_IPIF_I/I_SLAVE_ATTACHMENT/I_DECODER/s_axi_awready_0[2]
    SLICE_X35Y94         LUT4 (Prop_lut4_I3_O)        0.124     4.226 f  design_1_i/axi_iic_0/U0/X_IIC/X_AXI_IPIF_SSP1/AXI_LITE_IPIF_I/I_SLAVE_ATTACHMENT/I_DECODER/s_axi_wready_INST_0_i_1/O
                         net (fo=2, routed)           0.302     4.528    design_1_i/axi_iic_0/U0/X_IIC/X_AXI_IPIF_SSP1/AXI_LITE_IPIF_I/I_SLAVE_ATTACHMENT/I_DECODER/s_axi_wready_INST_0_i_1_n_0
    SLICE_X35Y95         LUT4 (Prop_lut4_I0_O)        0.124     4.652 r  design_1_i/axi_iic_0/U0/X_IIC/X_AXI_IPIF_SSP1/AXI_LITE_IPIF_I/I_SLAVE_ATTACHMENT/I_DECODER/s_axi_wready_INST_0/O
                         net (fo=9, routed)           0.759     5.411    design_1_i/ps7_0_axi_periph/s00_couplers/auto_pc/inst/gen_axilite.gen_b2s_conv.axilite_b2s/WR.aw_channel_0/aw_cmd_fsm_0/m_axi_awready
    SLICE_X30Y99         LUT6 (Prop_lut6_I0_O)        0.124     5.535 r  design_1_i/ps7_0_axi_periph/s00_couplers/auto_pc/inst/gen_axilite.gen_b2s_conv.axilite_b2s/WR.aw_channel_0/aw_cmd_fsm_0/memory_reg[3][0]_srl4_i_1/O
                         net (fo=30, routed)          0.720     6.255    design_1_i/ps7_0_axi_periph/s00_couplers/auto_pc/inst/gen_axilite.gen_b2s_conv.axilite_b2s/WR.aw_channel_0/aw_cmd_fsm_0/m_axi_awready_0
    SLICE_X32Y99         LUT3 (Prop_lut3_I2_O)        0.124     6.379 r  design_1_i/ps7_0_axi_periph/s00_couplers/auto_pc/inst/gen_axilite.gen_b2s_conv.axilite_b2s/WR.aw_channel_0/aw_cmd_fsm_0/next_pending_r_i_3/O
                         net (fo=23, routed)          0.895     7.274    design_1_i/ps7_0_axi_periph/s00_couplers/auto_pc/inst/gen_axilite.gen_b2s_conv.axilite_b2s/WR.aw_channel_0/cmd_translator_0/incr_cmd_0/next
    SLICE_X27Y95         LUT4 (Prop_lut4_I3_O)        0.124     7.398 r  design_1_i/ps7_0_axi_periph/s00_couplers/auto_pc/inst/gen_axilite.gen_b2s_conv.axilite_b2s/WR.aw_channel_0/cmd_translator_0/incr_cmd_0/axaddr_incr[3]_i_9/O
                         net (fo=1, routed)           0.000     7.398    design_1_i/ps7_0_axi_periph/s00_couplers/auto_pc/inst/gen_axilite.gen_b2s_conv.axilite_b2s/SI_REG/aw.aw_pipe/axaddr_incr_reg[3][1]
    SLICE_X27Y95         CARRY4 (Prop_carry4_S[1]_O[2])
                                                      0.580     7.978 r  design_1_i/ps7_0_axi_periph/s00_couplers/auto_pc/inst/gen_axilite.gen_b2s_conv.axilite_b2s/SI_REG/aw.aw_pipe/axaddr_incr_reg[3]_i_2/O[2]
                         net (fo=1, routed)           0.661     8.639    design_1_i/ps7_0_axi_periph/s00_couplers/auto_pc/inst/gen_axilite.gen_b2s_conv.axilite_b2s/WR.aw_channel_0/cmd_translator_0/incr_cmd_0/axaddr_incr[2]
    SLICE_X29Y96         LUT3 (Prop_lut3_I0_O)        0.302     8.941 r  design_1_i/ps7_0_axi_periph/s00_couplers/auto_pc/inst/gen_axilite.gen_b2s_conv.axilite_b2s/WR.aw_channel_0/cmd_translator_0/incr_cmd_0/axaddr_incr[2]_i_1/O
                         net (fo=1, routed)           0.000     8.941    design_1_i/ps7_0_axi_periph/s00_couplers/auto_pc/inst/gen_axilite.gen_b2s_conv.axilite_b2s/WR.aw_channel_0/cmd_translator_0/incr_cmd_0/p_1_in[2]
    SLICE_X29Y96         FDRE                                         r  design_1_i/ps7_0_axi_periph/s00_couplers/auto_pc/inst/gen_axilite.gen_b2s_conv.axilite_b2s/WR.aw_channel_0/cmd_translator_0/incr_cmd_0/axaddr_incr_reg[2]/D
  -------------------------------------------------------------------    -------------------

                         (clock clk_fpga_0 rise edge)
                                                     10.000    10.000 r  
    PS7_X0Y0             PS7                          0.000    10.000 r  design_1_i/processing_system7_0/inst/PS7_i/FCLKCLK[0]
                         net (fo=1, routed)           1.088    11.088    design_1_i/processing_system7_0/inst/FCLK_CLK_unbuffered[0]
    BUFGCTRL_X0Y16       BUFG (Prop_bufg_I_O)         0.091    11.179 r  design_1_i/processing_system7_0/inst/buffer_fclk_clk_0.FCLK_CLK_0_BUFG/O
                         net (fo=896, routed)         1.525    12.704    design_1_i/ps7_0_axi_periph/s00_couplers/auto_pc/inst/gen_axilite.gen_b2s_conv.axilite_b2s/WR.aw_channel_0/cmd_translator_0/incr_cmd_0/aclk
    SLICE_X29Y96         FDRE                                         r  design_1_i/ps7_0_axi_periph/s00_couplers/auto_pc/inst/gen_axilite.gen_b2s_conv.axilite_b2s/WR.aw_channel_0/cmd_translator_0/incr_cmd_0/axaddr_incr_reg[2]/C
                         clock pessimism              0.229    12.933    
                         clock uncertainty           -0.154    12.779    
    SLICE_X29Y96         FDRE (Setup_fdre_C_D)        0.031    12.810    design_1_i/ps7_0_axi_periph/s00_couplers/auto_pc/inst/gen_axilite.gen_b2s_conv.axilite_b2s/WR.aw_channel_0/cmd_translator_0/incr_cmd_0/axaddr_incr_reg[2]
  -------------------------------------------------------------------
                         required time                         12.810    
                         arrival time                          -8.941    
  -------------------------------------------------------------------
                         slack                                  3.869    

Slack (MET) :             3.928ns  (required time - arrival time)
  Source:                 design_1_i/axi_iic_0/U0/X_IIC/X_AXI_IPIF_SSP1/AXI_LITE_IPIF_I/I_SLAVE_ATTACHMENT/INCLUDE_DPHASE_TIMER.dpto_cnt_reg[2]/C
                            (rising edge-triggered cell FDRE clocked by clk_fpga_0  {rise@0.000ns fall@5.000ns period=10.000ns})
  Destination:            design_1_i/ps7_0_axi_periph/s00_couplers/auto_pc/inst/gen_axilite.gen_b2s_conv.axilite_b2s/WR.aw_channel_0/cmd_translator_0/incr_cmd_0/axaddr_incr_reg[4]/D
                            (rising edge-triggered cell FDRE clocked by clk_fpga_0  {rise@0.000ns fall@5.000ns period=10.000ns})
  Path Group:             clk_fpga_0
  Path Type:              Setup (Max at Slow Process Corner)
  Requirement:            10.000ns  (clk_fpga_0 rise@10.000ns - clk_fpga_0 rise@0.000ns)
  Data Path Delay:        5.936ns  (logic 2.147ns (36.167%)  route 3.789ns (63.833%))
  Logic Levels:           8  (CARRY4=2 LUT3=2 LUT4=3 LUT6=1)
  Clock Path Skew:        -0.013ns (DCD - SCD + CPR)
    Destination Clock Delay (DCD):    2.704ns = ( 12.704 - 10.000 ) 
    Source Clock Delay      (SCD):    2.946ns
    Clock Pessimism Removal (CPR):    0.229ns
  Clock Uncertainty:      0.154ns  ((TSJ^2 + TIJ^2)^1/2 + DJ) / 2 + PE
    Total System Jitter     (TSJ):    0.071ns
    Total Input Jitter      (TIJ):    0.300ns
    Discrete Jitter          (DJ):    0.000ns
    Phase Error              (PE):    0.000ns

    Location             Delay type                Incr(ns)  Path(ns)    Netlist Resource(s)
  -------------------------------------------------------------------    -------------------
                         (clock clk_fpga_0 rise edge)
                                                      0.000     0.000 r  
    PS7_X0Y0             PS7                          0.000     0.000 r  design_1_i/processing_system7_0/inst/PS7_i/FCLKCLK[0]
                         net (fo=1, routed)           1.193     1.193    design_1_i/processing_system7_0/inst/FCLK_CLK_unbuffered[0]
    BUFGCTRL_X0Y16       BUFG (Prop_bufg_I_O)         0.101     1.294 r  design_1_i/processing_system7_0/inst/buffer_fclk_clk_0.FCLK_CLK_0_BUFG/O
                         net (fo=896, routed)         1.652     2.946    design_1_i/axi_iic_0/U0/X_IIC/X_AXI_IPIF_SSP1/AXI_LITE_IPIF_I/I_SLAVE_ATTACHMENT/s_axi_aclk
    SLICE_X35Y94         FDRE                                         r  design_1_i/axi_iic_0/U0/X_IIC/X_AXI_IPIF_SSP1/AXI_LITE_IPIF_I/I_SLAVE_ATTACHMENT/INCLUDE_DPHASE_TIMER.dpto_cnt_reg[2]/C
  -------------------------------------------------------------------    -------------------
    SLICE_X35Y94         FDRE (Prop_fdre_C_Q)         0.456     3.402 f  design_1_i/axi_iic_0/U0/X_IIC/X_AXI_IPIF_SSP1/AXI_LITE_IPIF_I/I_SLAVE_ATTACHMENT/INCLUDE_DPHASE_TIMER.dpto_cnt_reg[2]/Q
                         net (fo=3, routed)           0.700     4.102    design_1_i/axi_iic_0/U0/X_IIC/X_AXI_IPIF_SSP1/AXI_LITE_IPIF_I/I_SLAVE_ATTACHMENT/I_DECODER/s_axi_awready_0[2]
    SLICE_X35Y94         LUT4 (Prop_lut4_I3_O)        0.124     4.226 f  design_1_i/axi_iic_0/U0/X_IIC/X_AXI_IPIF_SSP1/AXI_LITE_IPIF_I/I_SLAVE_ATTACHMENT/I_DECODER/s_axi_wready_INST_0_i_1/O
                         net (fo=2, routed)           0.302     4.528    design_1_i/axi_iic_0/U0/X_IIC/X_AXI_IPIF_SSP1/AXI_LITE_IPIF_I/I_SLAVE_ATTACHMENT/I_DECODER/s_axi_wready_INST_0_i_1_n_0
    SLICE_X35Y95         LUT4 (Prop_lut4_I0_O)        0.124     4.652 r  design_1_i/axi_iic_0/U0/X_IIC/X_AXI_IPIF_SSP1/AXI_LITE_IPIF_I/I_SLAVE_ATTACHMENT/I_DECODER/s_axi_wready_INST_0/O
                         net (fo=9, routed)           0.759     5.411    design_1_i/ps7_0_axi_periph/s00_couplers/auto_pc/inst/gen_axilite.gen_b2s_conv.axilite_b2s/WR.aw_channel_0/aw_cmd_fsm_0/m_axi_awready
    SLICE_X30Y99         LUT6 (Prop_lut6_I0_O)        0.124     5.535 r  design_1_i/ps7_0_axi_periph/s00_couplers/auto_pc/inst/gen_axilite.gen_b2s_conv.axilite_b2s/WR.aw_channel_0/aw_cmd_fsm_0/memory_reg[3][0]_srl4_i_1/O
                         net (fo=30, routed)          0.720     6.255    design_1_i/ps7_0_axi_periph/s00_couplers/auto_pc/inst/gen_axilite.gen_b2s_conv.axilite_b2s/WR.aw_channel_0/aw_cmd_fsm_0/m_axi_awready_0
    SLICE_X32Y99         LUT3 (Prop_lut3_I2_O)        0.124     6.379 r  design_1_i/ps7_0_axi_periph/s00_couplers/auto_pc/inst/gen_axilite.gen_b2s_conv.axilite_b2s/WR.aw_channel_0/aw_cmd_fsm_0/next_pending_r_i_3/O
                         net (fo=23, routed)          0.895     7.274    design_1_i/ps7_0_axi_periph/s00_couplers/auto_pc/inst/gen_axilite.gen_b2s_conv.axilite_b2s/WR.aw_channel_0/cmd_translator_0/incr_cmd_0/next
    SLICE_X27Y95         LUT4 (Prop_lut4_I3_O)        0.124     7.398 r  design_1_i/ps7_0_axi_periph/s00_couplers/auto_pc/inst/gen_axilite.gen_b2s_conv.axilite_b2s/WR.aw_channel_0/cmd_translator_0/incr_cmd_0/axaddr_incr[3]_i_9/O
                         net (fo=1, routed)           0.000     7.398    design_1_i/ps7_0_axi_periph/s00_couplers/auto_pc/inst/gen_axilite.gen_b2s_conv.axilite_b2s/SI_REG/aw.aw_pipe/axaddr_incr_reg[3][1]
    SLICE_X27Y95         CARRY4 (Prop_carry4_S[1]_CO[3])
                                                      0.550     7.948 r  design_1_i/ps7_0_axi_periph/s00_couplers/auto_pc/inst/gen_axilite.gen_b2s_conv.axilite_b2s/SI_REG/aw.aw_pipe/axaddr_incr_reg[3]_i_2/CO[3]
                         net (fo=1, routed)           0.000     7.948    design_1_i/ps7_0_axi_periph/s00_couplers/auto_pc/inst/gen_axilite.gen_b2s_conv.axilite_b2s/SI_REG/aw.aw_pipe/axaddr_incr_reg[3]_i_2_n_0
    SLICE_X27Y96         CARRY4 (Prop_carry4_CI_O[0])
                                                      0.222     8.170 r  design_1_i/ps7_0_axi_periph/s00_couplers/auto_pc/inst/gen_axilite.gen_b2s_conv.axilite_b2s/SI_REG/aw.aw_pipe/axaddr_incr_reg[7]_i_2/O[0]
                         net (fo=1, routed)           0.414     8.583    design_1_i/ps7_0_axi_periph/s00_couplers/auto_pc/inst/gen_axilite.gen_b2s_conv.axilite_b2s/WR.aw_channel_0/cmd_translator_0/incr_cmd_0/axaddr_incr[4]
    SLICE_X29Y96         LUT3 (Prop_lut3_I0_O)        0.299     8.882 r  design_1_i/ps7_0_axi_periph/s00_couplers/auto_pc/inst/gen_axilite.gen_b2s_conv.axilite_b2s/WR.aw_channel_0/cmd_translator_0/incr_cmd_0/axaddr_incr[4]_i_1/O
                         net (fo=1, routed)           0.000     8.882    design_1_i/ps7_0_axi_periph/s00_couplers/auto_pc/inst/gen_axilite.gen_b2s_conv.axilite_b2s/WR.aw_channel_0/cmd_translator_0/incr_cmd_0/p_1_in[4]
    SLICE_X29Y96         FDRE                                         r  design_1_i/ps7_0_axi_periph/s00_couplers/auto_pc/inst/gen_axilite.gen_b2s_conv.axilite_b2s/WR.aw_channel_0/cmd_translator_0/incr_cmd_0/axaddr_incr_reg[4]/D
  -------------------------------------------------------------------    -------------------

                         (clock clk_fpga_0 rise edge)
                                                     10.000    10.000 r  
    PS7_X0Y0             PS7                          0.000    10.000 r  design_1_i/processing_system7_0/inst/PS7_i/FCLKCLK[0]
                         net (fo=1, routed)           1.088    11.088    design_1_i/processing_system7_0/inst/FCLK_CLK_unbuffered[0]
    BUFGCTRL_X0Y16       BUFG (Prop_bufg_I_O)         0.091    11.179 r  design_1_i/processing_system7_0/inst/buffer_fclk_clk_0.FCLK_CLK_0_BUFG/O
                         net (fo=896, routed)         1.525    12.704    design_1_i/ps7_0_axi_periph/s00_couplers/auto_pc/inst/gen_axilite.gen_b2s_conv.axilite_b2s/WR.aw_channel_0/cmd_translator_0/incr_cmd_0/aclk
    SLICE_X29Y96         FDRE                                         r  design_1_i/ps7_0_axi_periph/s00_couplers/auto_pc/inst/gen_axilite.gen_b2s_conv.axilite_b2s/WR.aw_channel_0/cmd_translator_0/incr_cmd_0/axaddr_incr_reg[4]/C
                         clock pessimism              0.229    12.933    
                         clock uncertainty           -0.154    12.779    
    SLICE_X29Y96         FDRE (Setup_fdre_C_D)        0.031    12.810    design_1_i/ps7_0_axi_periph/s00_couplers/auto_pc/inst/gen_axilite.gen_b2s_conv.axilite_b2s/WR.aw_channel_0/cmd_translator_0/incr_cmd_0/axaddr_incr_reg[4]
  -------------------------------------------------------------------
                         required time                         12.810    
                         arrival time                          -8.882    
  -------------------------------------------------------------------
                         slack                                  3.928    

Slack (MET) :             4.056ns  (required time - arrival time)
  Source:                 design_1_i/ps7_0_axi_periph/s00_couplers/auto_pc/inst/gen_axilite.gen_b2s_conv.axilite_b2s/SI_REG/ar.ar_pipe/m_valid_i_reg/C
                            (rising edge-triggered cell FDRE clocked by clk_fpga_0  {rise@0.000ns fall@5.000ns period=10.000ns})
  Destination:            design_1_i/ps7_0_axi_periph/s00_couplers/auto_pc/inst/gen_axilite.gen_b2s_conv.axilite_b2s/RD.ar_channel_0/cmd_translator_0/s_axburst_eq0_reg/D
                            (rising edge-triggered cell FDRE clocked by clk_fpga_0  {rise@0.000ns fall@5.000ns period=10.000ns})
  Path Group:             clk_fpga_0
  Path Type:              Setup (Max at Slow Process Corner)
  Requirement:            10.000ns  (clk_fpga_0 rise@10.000ns - clk_fpga_0 rise@0.000ns)
  Data Path Delay:        5.762ns  (logic 1.186ns (20.582%)  route 4.576ns (79.418%))
  Logic Levels:           4  (LUT3=1 LUT4=2 LUT5=1)
  Clock Path Skew:        -0.109ns (DCD - SCD + CPR)
    Destination Clock Delay (DCD):    2.655ns = ( 12.655 - 10.000 ) 
    Source Clock Delay      (SCD):    2.993ns
    Clock Pessimism Removal (CPR):    0.229ns
  Clock Uncertainty:      0.154ns  ((TSJ^2 + TIJ^2)^1/2 + DJ) / 2 + PE
    Total System Jitter     (TSJ):    0.071ns
    Total Input Jitter      (TIJ):    0.300ns
    Discrete Jitter          (DJ):    0.000ns
    Phase Error              (PE):    0.000ns

    Location             Delay type                Incr(ns)  Path(ns)    Netlist Resource(s)
  -------------------------------------------------------------------    -------------------
                         (clock clk_fpga_0 rise edge)
                                                      0.000     0.000 r  
    PS7_X0Y0             PS7                          0.000     0.000 r  design_1_i/processing_system7_0/inst/PS7_i/FCLKCLK[0]
                         net (fo=1, routed)           1.193     1.193    design_1_i/processing_system7_0/inst/FCLK_CLK_unbuffered[0]
    BUFGCTRL_X0Y16       BUFG (Prop_bufg_I_O)         0.101     1.294 r  design_1_i/processing_system7_0/inst/buffer_fclk_clk_0.FCLK_CLK_0_BUFG/O
                         net (fo=896, routed)         1.699     2.993    design_1_i/ps7_0_axi_periph/s00_couplers/auto_pc/inst/gen_axilite.gen_b2s_conv.axilite_b2s/SI_REG/ar.ar_pipe/aclk
    SLICE_X28Y93         FDRE                                         r  design_1_i/ps7_0_axi_periph/s00_couplers/auto_pc/inst/gen_axilite.gen_b2s_conv.axilite_b2s/SI_REG/ar.ar_pipe/m_valid_i_reg/C
  -------------------------------------------------------------------    -------------------
    SLICE_X28Y93         FDRE (Prop_fdre_C_Q)         0.456     3.449 f  design_1_i/ps7_0_axi_periph/s00_couplers/auto_pc/inst/gen_axilite.gen_b2s_conv.axilite_b2s/SI_REG/ar.ar_pipe/m_valid_i_reg/Q
                         net (fo=20, routed)          1.357     4.806    design_1_i/ps7_0_axi_periph/s00_couplers/auto_pc/inst/gen_axilite.gen_b2s_conv.axilite_b2s/RD.ar_channel_0/ar_cmd_fsm_0/si_rs_arvalid
    SLICE_X33Y89         LUT3 (Prop_lut3_I2_O)        0.150     4.956 r  design_1_i/ps7_0_axi_periph/s00_couplers/auto_pc/inst/gen_axilite.gen_b2s_conv.axilite_b2s/RD.ar_channel_0/ar_cmd_fsm_0/axlen_cnt[2]_i_2__0/O
                         net (fo=15, routed)          1.449     6.405    design_1_i/ps7_0_axi_periph/s00_couplers/auto_pc/inst/gen_axilite.gen_b2s_conv.axilite_b2s/RD.ar_channel_0/cmd_translator_0/wrap_cmd_0/axlen_cnt_reg[1]_0
    SLICE_X31Y86         LUT5 (Prop_lut5_I0_O)        0.332     6.737 r  design_1_i/ps7_0_axi_periph/s00_couplers/auto_pc/inst/gen_axilite.gen_b2s_conv.axilite_b2s/RD.ar_channel_0/cmd_translator_0/wrap_cmd_0/axlen_cnt[3]_i_2__1/O
                         net (fo=5, routed)           1.100     7.837    design_1_i/ps7_0_axi_periph/s00_couplers/auto_pc/inst/gen_axilite.gen_b2s_conv.axilite_b2s/RD.ar_channel_0/cmd_translator_0/wrap_cmd_0/axlen_cnt[3]_i_2__1_n_0
    SLICE_X32Y88         LUT4 (Prop_lut4_I0_O)        0.124     7.961 r  design_1_i/ps7_0_axi_periph/s00_couplers/auto_pc/inst/gen_axilite.gen_b2s_conv.axilite_b2s/RD.ar_channel_0/cmd_translator_0/wrap_cmd_0/next_pending_r_i_1__2/O
                         net (fo=3, routed)           0.670     8.631    design_1_i/ps7_0_axi_periph/s00_couplers/auto_pc/inst/gen_axilite.gen_b2s_conv.axilite_b2s/RD.ar_channel_0/cmd_translator_0/wrap_cmd_0/wrap_next_pending
    SLICE_X32Y88         LUT4 (Prop_lut4_I0_O)        0.124     8.755 r  design_1_i/ps7_0_axi_periph/s00_couplers/auto_pc/inst/gen_axilite.gen_b2s_conv.axilite_b2s/RD.ar_channel_0/cmd_translator_0/wrap_cmd_0/s_axburst_eq0_i_1__0/O
                         net (fo=1, routed)           0.000     8.755    design_1_i/ps7_0_axi_periph/s00_couplers/auto_pc/inst/gen_axilite.gen_b2s_conv.axilite_b2s/RD.ar_channel_0/cmd_translator_0/wrap_cmd_0_n_25
    SLICE_X32Y88         FDRE                                         r  design_1_i/ps7_0_axi_periph/s00_couplers/auto_pc/inst/gen_axilite.gen_b2s_conv.axilite_b2s/RD.ar_channel_0/cmd_translator_0/s_axburst_eq0_reg/D
  -------------------------------------------------------------------    -------------------

                         (clock clk_fpga_0 rise edge)
                                                     10.000    10.000 r  
    PS7_X0Y0             PS7                          0.000    10.000 r  design_1_i/processing_system7_0/inst/PS7_i/FCLKCLK[0]
                         net (fo=1, routed)           1.088    11.088    design_1_i/processing_system7_0/inst/FCLK_CLK_unbuffered[0]
    BUFGCTRL_X0Y16       BUFG (Prop_bufg_I_O)         0.091    11.179 r  design_1_i/processing_system7_0/inst/buffer_fclk_clk_0.FCLK_CLK_0_BUFG/O
                         net (fo=896, routed)         1.476    12.655    design_1_i/ps7_0_axi_periph/s00_couplers/auto_pc/inst/gen_axilite.gen_b2s_conv.axilite_b2s/RD.ar_channel_0/cmd_translator_0/aclk
    SLICE_X32Y88         FDRE                                         r  design_1_i/ps7_0_axi_periph/s00_couplers/auto_pc/inst/gen_axilite.gen_b2s_conv.axilite_b2s/RD.ar_channel_0/cmd_translator_0/s_axburst_eq0_reg/C
                         clock pessimism              0.229    12.884    
                         clock uncertainty           -0.154    12.730    
    SLICE_X32Y88         FDRE (Setup_fdre_C_D)        0.081    12.811    design_1_i/ps7_0_axi_periph/s00_couplers/auto_pc/inst/gen_axilite.gen_b2s_conv.axilite_b2s/RD.ar_channel_0/cmd_translator_0/s_axburst_eq0_reg
  -------------------------------------------------------------------
                         required time                         12.811    
                         arrival time                          -8.755    
  -------------------------------------------------------------------
                         slack                                  4.056    





Min Delay Paths
--------------------------------------------------------------------------------------
Slack (MET) :             0.053ns  (arrival time - required time)
  Source:                 design_1_i/axi_iic_0/U0/X_IIC/IIC_CONTROL_I/txer_edge_reg/C
                            (rising edge-triggered cell FDRE clocked by clk_fpga_0  {rise@0.000ns fall@5.000ns period=10.000ns})
  Destination:            design_1_i/axi_iic_0/U0/X_IIC/REG_INTERFACE_I/IIC2Bus_IntrEvent_reg[1]/D
                            (rising edge-triggered cell FDRE clocked by clk_fpga_0  {rise@0.000ns fall@5.000ns period=10.000ns})
  Path Group:             clk_fpga_0
  Path Type:              Hold (Min at Fast Process Corner)
  Requirement:            0.000ns  (clk_fpga_0 rise@0.000ns - clk_fpga_0 rise@0.000ns)
  Data Path Delay:        0.385ns  (logic 0.141ns (36.618%)  route 0.244ns (63.382%))
  Logic Levels:           0  
  Clock Path Skew:        0.266ns (DCD - SCD - CPR)
    Destination Clock Delay (DCD):    1.190ns
    Source Clock Delay      (SCD):    0.889ns
    Clock Pessimism Removal (CPR):    0.035ns

    Location             Delay type                Incr(ns)  Path(ns)    Netlist Resource(s)
  -------------------------------------------------------------------    -------------------
                         (clock clk_fpga_0 rise edge)
                                                      0.000     0.000 r  
    PS7_X0Y0             PS7                          0.000     0.000 r  design_1_i/processing_system7_0/inst/PS7_i/FCLKCLK[0]
                         net (fo=1, routed)           0.310     0.310    design_1_i/processing_system7_0/inst/FCLK_CLK_unbuffered[0]
    BUFGCTRL_X0Y16       BUFG (Prop_bufg_I_O)         0.026     0.336 r  design_1_i/processing_system7_0/inst/buffer_fclk_clk_0.FCLK_CLK_0_BUFG/O
                         net (fo=896, routed)         0.553     0.889    design_1_i/axi_iic_0/U0/X_IIC/IIC_CONTROL_I/s_axi_aclk
    SLICE_X51Y97         FDRE                                         r  design_1_i/axi_iic_0/U0/X_IIC/IIC_CONTROL_I/txer_edge_reg/C
  -------------------------------------------------------------------    -------------------
    SLICE_X51Y97         FDRE (Prop_fdre_C_Q)         0.141     1.030 r  design_1_i/axi_iic_0/U0/X_IIC/IIC_CONTROL_I/txer_edge_reg/Q
                         net (fo=2, routed)           0.244     1.274    design_1_i/axi_iic_0/U0/X_IIC/REG_INTERFACE_I/IIC2Bus_IntrEvent_reg[0]_0[3]
    SLICE_X47Y95         FDRE                                         r  design_1_i/axi_iic_0/U0/X_IIC/REG_INTERFACE_I/IIC2Bus_IntrEvent_reg[1]/D
  -------------------------------------------------------------------    -------------------

                         (clock clk_fpga_0 rise edge)
                                                      0.000     0.000 r  
    PS7_X0Y0             PS7                          0.000     0.000 r  design_1_i/processing_system7_0/inst/PS7_i/FCLKCLK[0]
                         net (fo=1, routed)           0.337     0.337    design_1_i/processing_system7_0/inst/FCLK_CLK_unbuffered[0]
    BUFGCTRL_X0Y16       BUFG (Prop_bufg_I_O)         0.029     0.366 r  design_1_i/processing_system7_0/inst/buffer_fclk_clk_0.FCLK_CLK_0_BUFG/O
                         net (fo=896, routed)         0.824     1.190    design_1_i/axi_iic_0/U0/X_IIC/REG_INTERFACE_I/s_axi_aclk
    SLICE_X47Y95         FDRE                                         r  design_1_i/axi_iic_0/U0/X_IIC/REG_INTERFACE_I/IIC2Bus_IntrEvent_reg[1]/C
                         clock pessimism             -0.035     1.155    
    SLICE_X47Y95         FDRE (Hold_fdre_C_D)         0.066     1.221    design_1_i/axi_iic_0/U0/X_IIC/REG_INTERFACE_I/IIC2Bus_IntrEvent_reg[1]
  -------------------------------------------------------------------
                         required time                         -1.221    
                         arrival time                           1.274    
  -------------------------------------------------------------------
                         slack                                  0.053    

Slack (MET) :             0.071ns  (arrival time - required time)
  Source:                 design_1_i/ps7_0_axi_periph/s00_couplers/auto_pc/inst/gen_axilite.gen_b2s_conv.axilite_b2s/WR.b_channel_0/mhandshake_r_reg/C
                            (rising edge-triggered cell FDRE clocked by clk_fpga_0  {rise@0.000ns fall@5.000ns period=10.000ns})
  Destination:            design_1_i/ps7_0_axi_periph/s00_couplers/auto_pc/inst/gen_axilite.gen_b2s_conv.axilite_b2s/WR.b_channel_0/bresp_cnt_reg[5]/CE
                            (rising edge-triggered cell FDRE clocked by clk_fpga_0  {rise@0.000ns fall@5.000ns period=10.000ns})
  Path Group:             clk_fpga_0
  Path Type:              Hold (Min at Fast Process Corner)
  Requirement:            0.000ns  (clk_fpga_0 rise@0.000ns - clk_fpga_0 rise@0.000ns)
  Data Path Delay:        0.327ns  (logic 0.128ns (39.109%)  route 0.199ns (60.891%))
  Logic Levels:           0  
  Clock Path Skew:        0.349ns (DCD - SCD - CPR)
    Destination Clock Delay (DCD):    1.297ns
    Source Clock Delay      (SCD):    0.913ns
    Clock Pessimism Removal (CPR):    0.035ns

    Location             Delay type                Incr(ns)  Path(ns)    Netlist Resource(s)
  -------------------------------------------------------------------    -------------------
                         (clock clk_fpga_0 rise edge)
                                                      0.000     0.000 r  
    PS7_X0Y0             PS7                          0.000     0.000 r  design_1_i/processing_system7_0/inst/PS7_i/FCLKCLK[0]
                         net (fo=1, routed)           0.310     0.310    design_1_i/processing_system7_0/inst/FCLK_CLK_unbuffered[0]
    BUFGCTRL_X0Y16       BUFG (Prop_bufg_I_O)         0.026     0.336 r  design_1_i/processing_system7_0/inst/buffer_fclk_clk_0.FCLK_CLK_0_BUFG/O
                         net (fo=896, routed)         0.577     0.913    design_1_i/ps7_0_axi_periph/s00_couplers/auto_pc/inst/gen_axilite.gen_b2s_conv.axilite_b2s/WR.b_channel_0/aclk
    SLICE_X31Y99         FDRE                                         r  design_1_i/ps7_0_axi_periph/s00_couplers/auto_pc/inst/gen_axilite.gen_b2s_conv.axilite_b2s/WR.b_channel_0/mhandshake_r_reg/C
  -------------------------------------------------------------------    -------------------
    SLICE_X31Y99         FDRE (Prop_fdre_C_Q)         0.128     1.041 r  design_1_i/ps7_0_axi_periph/s00_couplers/auto_pc/inst/gen_axilite.gen_b2s_conv.axilite_b2s/WR.b_channel_0/mhandshake_r_reg/Q
                         net (fo=12, routed)          0.199     1.240    design_1_i/ps7_0_axi_periph/s00_couplers/auto_pc/inst/gen_axilite.gen_b2s_conv.axilite_b2s/WR.b_channel_0/mhandshake_r
    SLICE_X28Y101        FDRE                                         r  design_1_i/ps7_0_axi_periph/s00_couplers/auto_pc/inst/gen_axilite.gen_b2s_conv.axilite_b2s/WR.b_channel_0/bresp_cnt_reg[5]/CE
  -------------------------------------------------------------------    -------------------

                         (clock clk_fpga_0 rise edge)
                                                      0.000     0.000 r  
    PS7_X0Y0             PS7                          0.000     0.000 r  design_1_i/processing_system7_0/inst/PS7_i/FCLKCLK[0]
                         net (fo=1, routed)           0.337     0.337    design_1_i/processing_system7_0/inst/FCLK_CLK_unbuffered[0]
    BUFGCTRL_X0Y16       BUFG (Prop_bufg_I_O)         0.029     0.366 r  design_1_i/processing_system7_0/inst/buffer_fclk_clk_0.FCLK_CLK_0_BUFG/O
                         net (fo=896, routed)         0.931     1.297    design_1_i/ps7_0_axi_periph/s00_couplers/auto_pc/inst/gen_axilite.gen_b2s_conv.axilite_b2s/WR.b_channel_0/aclk
    SLICE_X28Y101        FDRE                                         r  design_1_i/ps7_0_axi_periph/s00_couplers/auto_pc/inst/gen_axilite.gen_b2s_conv.axilite_b2s/WR.b_channel_0/bresp_cnt_reg[5]/C
                         clock pessimism             -0.035     1.262    
    SLICE_X28Y101        FDRE (Hold_fdre_C_CE)       -0.093     1.169    design_1_i/ps7_0_axi_periph/s00_couplers/auto_pc/inst/gen_axilite.gen_b2s_conv.axilite_b2s/WR.b_channel_0/bresp_cnt_reg[5]
  -------------------------------------------------------------------
                         required time                         -1.169    
                         arrival time                           1.240    
  -------------------------------------------------------------------
                         slack                                  0.071    

Slack (MET) :             0.071ns  (arrival time - required time)
  Source:                 design_1_i/ps7_0_axi_periph/s00_couplers/auto_pc/inst/gen_axilite.gen_b2s_conv.axilite_b2s/WR.b_channel_0/mhandshake_r_reg/C
                            (rising edge-triggered cell FDRE clocked by clk_fpga_0  {rise@0.000ns fall@5.000ns period=10.000ns})
  Destination:            design_1_i/ps7_0_axi_periph/s00_couplers/auto_pc/inst/gen_axilite.gen_b2s_conv.axilite_b2s/WR.b_channel_0/bresp_cnt_reg[6]/CE
                            (rising edge-triggered cell FDRE clocked by clk_fpga_0  {rise@0.000ns fall@5.000ns period=10.000ns})
  Path Group:             clk_fpga_0
  Path Type:              Hold (Min at Fast Process Corner)
  Requirement:            0.000ns  (clk_fpga_0 rise@0.000ns - clk_fpga_0 rise@0.000ns)
  Data Path Delay:        0.327ns  (logic 0.128ns (39.109%)  route 0.199ns (60.891%))
  Logic Levels:           0  
  Clock Path Skew:        0.349ns (DCD - SCD - CPR)
    Destination Clock Delay (DCD):    1.297ns
    Source Clock Delay      (SCD):    0.913ns
    Clock Pessimism Removal (CPR):    0.035ns

    Location             Delay type                Incr(ns)  Path(ns)    Netlist Resource(s)
  -------------------------------------------------------------------    -------------------
                         (clock clk_fpga_0 rise edge)
                                                      0.000     0.000 r  
    PS7_X0Y0             PS7                          0.000     0.000 r  design_1_i/processing_system7_0/inst/PS7_i/FCLKCLK[0]
                         net (fo=1, routed)           0.310     0.310    design_1_i/processing_system7_0/inst/FCLK_CLK_unbuffered[0]
    BUFGCTRL_X0Y16       BUFG (Prop_bufg_I_O)         0.026     0.336 r  design_1_i/processing_system7_0/inst/buffer_fclk_clk_0.FCLK_CLK_0_BUFG/O
                         net (fo=896, routed)         0.577     0.913    design_1_i/ps7_0_axi_periph/s00_couplers/auto_pc/inst/gen_axilite.gen_b2s_conv.axilite_b2s/WR.b_channel_0/aclk
    SLICE_X31Y99         FDRE                                         r  design_1_i/ps7_0_axi_periph/s00_couplers/auto_pc/inst/gen_axilite.gen_b2s_conv.axilite_b2s/WR.b_channel_0/mhandshake_r_reg/C
  -------------------------------------------------------------------    -------------------
    SLICE_X31Y99         FDRE (Prop_fdre_C_Q)         0.128     1.041 r  design_1_i/ps7_0_axi_periph/s00_couplers/auto_pc/inst/gen_axilite.gen_b2s_conv.axilite_b2s/WR.b_channel_0/mhandshake_r_reg/Q
                         net (fo=12, routed)          0.199     1.240    design_1_i/ps7_0_axi_periph/s00_couplers/auto_pc/inst/gen_axilite.gen_b2s_conv.axilite_b2s/WR.b_channel_0/mhandshake_r
    SLICE_X28Y101        FDRE                                         r  design_1_i/ps7_0_axi_periph/s00_couplers/auto_pc/inst/gen_axilite.gen_b2s_conv.axilite_b2s/WR.b_channel_0/bresp_cnt_reg[6]/CE
  -------------------------------------------------------------------    -------------------

                         (clock clk_fpga_0 rise edge)
                                                      0.000     0.000 r  
    PS7_X0Y0             PS7                          0.000     0.000 r  design_1_i/processing_system7_0/inst/PS7_i/FCLKCLK[0]
                         net (fo=1, routed)           0.337     0.337    design_1_i/processing_system7_0/inst/FCLK_CLK_unbuffered[0]
    BUFGCTRL_X0Y16       BUFG (Prop_bufg_I_O)         0.029     0.366 r  design_1_i/processing_system7_0/inst/buffer_fclk_clk_0.FCLK_CLK_0_BUFG/O
                         net (fo=896, routed)         0.931     1.297    design_1_i/ps7_0_axi_periph/s00_couplers/auto_pc/inst/gen_axilite.gen_b2s_conv.axilite_b2s/WR.b_channel_0/aclk
    SLICE_X28Y101        FDRE                                         r  design_1_i/ps7_0_axi_periph/s00_couplers/auto_pc/inst/gen_axilite.gen_b2s_conv.axilite_b2s/WR.b_channel_0/bresp_cnt_reg[6]/C
                         clock pessimism             -0.035     1.262    
    SLICE_X28Y101        FDRE (Hold_fdre_C_CE)       -0.093     1.169    design_1_i/ps7_0_axi_periph/s00_couplers/auto_pc/inst/gen_axilite.gen_b2s_conv.axilite_b2s/WR.b_channel_0/bresp_cnt_reg[6]
  -------------------------------------------------------------------
                         required time                         -1.169    
                         arrival time                           1.240    
  -------------------------------------------------------------------
                         slack                                  0.071    

Slack (MET) :             0.071ns  (arrival time - required time)
  Source:                 design_1_i/ps7_0_axi_periph/s00_couplers/auto_pc/inst/gen_axilite.gen_b2s_conv.axilite_b2s/WR.b_channel_0/mhandshake_r_reg/C
                            (rising edge-triggered cell FDRE clocked by clk_fpga_0  {rise@0.000ns fall@5.000ns period=10.000ns})
  Destination:            design_1_i/ps7_0_axi_periph/s00_couplers/auto_pc/inst/gen_axilite.gen_b2s_conv.axilite_b2s/WR.b_channel_0/bresp_cnt_reg[7]/CE
                            (rising edge-triggered cell FDRE clocked by clk_fpga_0  {rise@0.000ns fall@5.000ns period=10.000ns})
  Path Group:             clk_fpga_0
  Path Type:              Hold (Min at Fast Process Corner)
  Requirement:            0.000ns  (clk_fpga_0 rise@0.000ns - clk_fpga_0 rise@0.000ns)
  Data Path Delay:        0.327ns  (logic 0.128ns (39.109%)  route 0.199ns (60.891%))
  Logic Levels:           0  
  Clock Path Skew:        0.349ns (DCD - SCD - CPR)
    Destination Clock Delay (DCD):    1.297ns
    Source Clock Delay      (SCD):    0.913ns
    Clock Pessimism Removal (CPR):    0.035ns

    Location             Delay type                Incr(ns)  Path(ns)    Netlist Resource(s)
  -------------------------------------------------------------------    -------------------
                         (clock clk_fpga_0 rise edge)
                                                      0.000     0.000 r  
    PS7_X0Y0             PS7                          0.000     0.000 r  design_1_i/processing_system7_0/inst/PS7_i/FCLKCLK[0]
                         net (fo=1, routed)           0.310     0.310    design_1_i/processing_system7_0/inst/FCLK_CLK_unbuffered[0]
    BUFGCTRL_X0Y16       BUFG (Prop_bufg_I_O)         0.026     0.336 r  design_1_i/processing_system7_0/inst/buffer_fclk_clk_0.FCLK_CLK_0_BUFG/O
                         net (fo=896, routed)         0.577     0.913    design_1_i/ps7_0_axi_periph/s00_couplers/auto_pc/inst/gen_axilite.gen_b2s_conv.axilite_b2s/WR.b_channel_0/aclk
    SLICE_X31Y99         FDRE                                         r  design_1_i/ps7_0_axi_periph/s00_couplers/auto_pc/inst/gen_axilite.gen_b2s_conv.axilite_b2s/WR.b_channel_0/mhandshake_r_reg/C
  -------------------------------------------------------------------    -------------------
    SLICE_X31Y99         FDRE (Prop_fdre_C_Q)         0.128     1.041 r  design_1_i/ps7_0_axi_periph/s00_couplers/auto_pc/inst/gen_axilite.gen_b2s_conv.axilite_b2s/WR.b_channel_0/mhandshake_r_reg/Q
                         net (fo=12, routed)          0.199     1.240    design_1_i/ps7_0_axi_periph/s00_couplers/auto_pc/inst/gen_axilite.gen_b2s_conv.axilite_b2s/WR.b_channel_0/mhandshake_r
    SLICE_X28Y101        FDRE                                         r  design_1_i/ps7_0_axi_periph/s00_couplers/auto_pc/inst/gen_axilite.gen_b2s_conv.axilite_b2s/WR.b_channel_0/bresp_cnt_reg[7]/CE
  -------------------------------------------------------------------    -------------------

                         (clock clk_fpga_0 rise edge)
                                                      0.000     0.000 r  
    PS7_X0Y0             PS7                          0.000     0.000 r  design_1_i/processing_system7_0/inst/PS7_i/FCLKCLK[0]
                         net (fo=1, routed)           0.337     0.337    design_1_i/processing_system7_0/inst/FCLK_CLK_unbuffered[0]
    BUFGCTRL_X0Y16       BUFG (Prop_bufg_I_O)         0.029     0.366 r  design_1_i/processing_system7_0/inst/buffer_fclk_clk_0.FCLK_CLK_0_BUFG/O
                         net (fo=896, routed)         0.931     1.297    design_1_i/ps7_0_axi_periph/s00_couplers/auto_pc/inst/gen_axilite.gen_b2s_conv.axilite_b2s/WR.b_channel_0/aclk
    SLICE_X28Y101        FDRE                                         r  design_1_i/ps7_0_axi_periph/s00_couplers/auto_pc/inst/gen_axilite.gen_b2s_conv.axilite_b2s/WR.b_channel_0/bresp_cnt_reg[7]/C
                         clock pessimism             -0.035     1.262    
    SLICE_X28Y101        FDRE (Hold_fdre_C_CE)       -0.093     1.169    design_1_i/ps7_0_axi_periph/s00_couplers/auto_pc/inst/gen_axilite.gen_b2s_conv.axilite_b2s/WR.b_channel_0/bresp_cnt_reg[7]
  -------------------------------------------------------------------
                         required time                         -1.169    
                         arrival time                           1.240    
  -------------------------------------------------------------------
                         slack                                  0.071    

Slack (MET) :             0.089ns  (arrival time - required time)
  Source:                 design_1_i/axi_iic_0/U0/X_IIC/IIC_CONTROL_I/data_i2c_i_reg[0]/C
                            (rising edge-triggered cell FDRE clocked by clk_fpga_0  {rise@0.000ns fall@5.000ns period=10.000ns})
  Destination:            design_1_i/axi_iic_0/U0/X_IIC/READ_FIFO_I/FIFO_RAM[7].SRL16E_I/D
                            (rising edge-triggered cell SRL16E clocked by clk_fpga_0  {rise@0.000ns fall@5.000ns period=10.000ns})
  Path Group:             clk_fpga_0
  Path Type:              Hold (Min at Fast Process Corner)
  Requirement:            0.000ns  (clk_fpga_0 rise@0.000ns - clk_fpga_0 rise@0.000ns)
  Data Path Delay:        0.285ns  (logic 0.141ns (49.450%)  route 0.144ns (50.550%))
  Logic Levels:           0  
  Clock Path Skew:        0.013ns (DCD - SCD - CPR)
    Destination Clock Delay (DCD):    1.190ns
    Source Clock Delay      (SCD):    0.892ns
    Clock Pessimism Removal (CPR):    0.285ns

    Location             Delay type                Incr(ns)  Path(ns)    Netlist Resource(s)
  -------------------------------------------------------------------    -------------------
                         (clock clk_fpga_0 rise edge)
                                                      0.000     0.000 r  
    PS7_X0Y0             PS7                          0.000     0.000 r  design_1_i/processing_system7_0/inst/PS7_i/FCLKCLK[0]
                         net (fo=1, routed)           0.310     0.310    design_1_i/processing_system7_0/inst/FCLK_CLK_unbuffered[0]
    BUFGCTRL_X0Y16       BUFG (Prop_bufg_I_O)         0.026     0.336 r  design_1_i/processing_system7_0/inst/buffer_fclk_clk_0.FCLK_CLK_0_BUFG/O
                         net (fo=896, routed)         0.556     0.892    design_1_i/axi_iic_0/U0/X_IIC/IIC_CONTROL_I/s_axi_aclk
    SLICE_X43Y96         FDRE                                         r  design_1_i/axi_iic_0/U0/X_IIC/IIC_CONTROL_I/data_i2c_i_reg[0]/C
  -------------------------------------------------------------------    -------------------
    SLICE_X43Y96         FDRE (Prop_fdre_C_Q)         0.141     1.033 r  design_1_i/axi_iic_0/U0/X_IIC/IIC_CONTROL_I/data_i2c_i_reg[0]/Q
                         net (fo=1, routed)           0.144     1.177    design_1_i/axi_iic_0/U0/X_IIC/READ_FIFO_I/FIFO_RAM[0].SRL16E_I_0[0]
    SLICE_X42Y96         SRL16E                                       r  design_1_i/axi_iic_0/U0/X_IIC/READ_FIFO_I/FIFO_RAM[7].SRL16E_I/D
  -------------------------------------------------------------------    -------------------

                         (clock clk_fpga_0 rise edge)
                                                      0.000     0.000 r  
    PS7_X0Y0             PS7                          0.000     0.000 r  design_1_i/processing_system7_0/inst/PS7_i/FCLKCLK[0]
                         net (fo=1, routed)           0.337     0.337    design_1_i/processing_system7_0/inst/FCLK_CLK_unbuffered[0]
    BUFGCTRL_X0Y16       BUFG (Prop_bufg_I_O)         0.029     0.366 r  design_1_i/processing_system7_0/inst/buffer_fclk_clk_0.FCLK_CLK_0_BUFG/O
                         net (fo=896, routed)         0.824     1.190    design_1_i/axi_iic_0/U0/X_IIC/READ_FIFO_I/s_axi_aclk
    SLICE_X42Y96         SRL16E                                       r  design_1_i/axi_iic_0/U0/X_IIC/READ_FIFO_I/FIFO_RAM[7].SRL16E_I/CLK
                         clock pessimism             -0.285     0.905    
    SLICE_X42Y96         SRL16E (Hold_srl16e_CLK_D)
                                                      0.183     1.088    design_1_i/axi_iic_0/U0/X_IIC/READ_FIFO_I/FIFO_RAM[7].SRL16E_I
  -------------------------------------------------------------------
                         required time                         -1.088    
                         arrival time                           1.177    
  -------------------------------------------------------------------
                         slack                                  0.089    

Slack (MET) :             0.091ns  (arrival time - required time)
  Source:                 design_1_i/ps7_0_axi_periph/s00_couplers/auto_pc/inst/gen_axilite.gen_b2s_conv.axilite_b2s/SI_REG/b.b_pipe/m_payload_i_reg[1]/C
                            (rising edge-triggered cell FDRE clocked by clk_fpga_0  {rise@0.000ns fall@5.000ns period=10.000ns})
  Destination:            design_1_i/processing_system7_0/inst/PS7_i/MAXIGP0BRESP[1]
                            (rising edge-triggered cell PS7 clocked by clk_fpga_0  {rise@0.000ns fall@5.000ns period=10.000ns})
  Path Group:             clk_fpga_0
  Path Type:              Hold (Min at Fast Process Corner)
  Requirement:            0.000ns  (clk_fpga_0 rise@0.000ns - clk_fpga_0 rise@0.000ns)
  Data Path Delay:        0.260ns  (logic 0.128ns (49.151%)  route 0.132ns (50.849%))
  Logic Levels:           0  
  Clock Path Skew:        0.224ns (DCD - SCD - CPR)
    Destination Clock Delay (DCD):    1.251ns
    Source Clock Delay      (SCD):    0.992ns
    Clock Pessimism Removal (CPR):    0.035ns

    Location             Delay type                Incr(ns)  Path(ns)    Netlist Resource(s)
  -------------------------------------------------------------------    -------------------
                         (clock clk_fpga_0 rise edge)
                                                      0.000     0.000 r  
    PS7_X0Y0             PS7                          0.000     0.000 r  design_1_i/processing_system7_0/inst/PS7_i/FCLKCLK[0]
                         net (fo=1, routed)           0.310     0.310    design_1_i/processing_system7_0/inst/FCLK_CLK_unbuffered[0]
    BUFGCTRL_X0Y16       BUFG (Prop_bufg_I_O)         0.026     0.336 r  design_1_i/processing_system7_0/inst/buffer_fclk_clk_0.FCLK_CLK_0_BUFG/O
                         net (fo=896, routed)         0.656     0.992    design_1_i/ps7_0_axi_periph/s00_couplers/auto_pc/inst/gen_axilite.gen_b2s_conv.axilite_b2s/SI_REG/b.b_pipe/aclk
    SLICE_X27Y100        FDRE                                         r  design_1_i/ps7_0_axi_periph/s00_couplers/auto_pc/inst/gen_axilite.gen_b2s_conv.axilite_b2s/SI_REG/b.b_pipe/m_payload_i_reg[1]/C
  -------------------------------------------------------------------    -------------------
    SLICE_X27Y100        FDRE (Prop_fdre_C_Q)         0.128     1.120 r  design_1_i/ps7_0_axi_periph/s00_couplers/auto_pc/inst/gen_axilite.gen_b2s_conv.axilite_b2s/SI_REG/b.b_pipe/m_payload_i_reg[1]/Q
                         net (fo=1, routed)           0.132     1.252    design_1_i/processing_system7_0/inst/M_AXI_GP0_BRESP[1]
    PS7_X0Y0             PS7                                          r  design_1_i/processing_system7_0/inst/PS7_i/MAXIGP0BRESP[1]
  -------------------------------------------------------------------    -------------------

                         (clock clk_fpga_0 rise edge)
                                                      0.000     0.000 r  
    PS7_X0Y0             PS7                          0.000     0.000 r  design_1_i/processing_system7_0/inst/PS7_i/FCLKCLK[0]
                         net (fo=1, routed)           0.337     0.337    design_1_i/processing_system7_0/inst/FCLK_CLK_unbuffered[0]
    BUFGCTRL_X0Y16       BUFG (Prop_bufg_I_O)         0.029     0.366 r  design_1_i/processing_system7_0/inst/buffer_fclk_clk_0.FCLK_CLK_0_BUFG/O
                         net (fo=896, routed)         0.885     1.251    design_1_i/processing_system7_0/inst/M_AXI_GP0_ACLK
    PS7_X0Y0             PS7                                          r  design_1_i/processing_system7_0/inst/PS7_i/MAXIGP0ACLK
                         clock pessimism             -0.035     1.216    
    PS7_X0Y0             PS7 (Hold_ps7_MAXIGP0ACLK_MAXIGP0BRESP[1])
                                                     -0.054     1.162    design_1_i/processing_system7_0/inst/PS7_i
  -------------------------------------------------------------------
                         required time                         -1.162    
                         arrival time                           1.252    
  -------------------------------------------------------------------
                         slack                                  0.091    

Slack (MET) :             0.101ns  (arrival time - required time)
  Source:                 design_1_i/axi_iic_0/U0/X_IIC/X_AXI_IPIF_SSP1/AXI_LITE_IPIF_I/I_SLAVE_ATTACHMENT/start2_reg/C
                            (rising edge-triggered cell FDRE clocked by clk_fpga_0  {rise@0.000ns fall@5.000ns period=10.000ns})
  Destination:            design_1_i/axi_iic_0/U0/X_IIC/X_AXI_IPIF_SSP1/AXI_LITE_IPIF_I/I_SLAVE_ATTACHMENT/I_DECODER/GEN_BKEND_CE_REGISTERS[21].ce_out_i_reg[21]/CE
                            (rising edge-triggered cell FDRE clocked by clk_fpga_0  {rise@0.000ns fall@5.000ns period=10.000ns})
  Path Group:             clk_fpga_0
  Path Type:              Hold (Min at Fast Process Corner)
  Requirement:            0.000ns  (clk_fpga_0 rise@0.000ns - clk_fpga_0 rise@0.000ns)
  Data Path Delay:        0.380ns  (logic 0.128ns (33.714%)  route 0.252ns (66.286%))
  Logic Levels:           0  
  Clock Path Skew:        0.348ns (DCD - SCD - CPR)
    Destination Clock Delay (DCD):    1.277ns
    Source Clock Delay      (SCD):    0.894ns
    Clock Pessimism Removal (CPR):    0.035ns

    Location             Delay type                Incr(ns)  Path(ns)    Netlist Resource(s)
  -------------------------------------------------------------------    -------------------
                         (clock clk_fpga_0 rise edge)
                                                      0.000     0.000 r  
    PS7_X0Y0             PS7                          0.000     0.000 r  design_1_i/processing_system7_0/inst/PS7_i/FCLKCLK[0]
                         net (fo=1, routed)           0.310     0.310    design_1_i/processing_system7_0/inst/FCLK_CLK_unbuffered[0]
    BUFGCTRL_X0Y16       BUFG (Prop_bufg_I_O)         0.026     0.336 r  design_1_i/processing_system7_0/inst/buffer_fclk_clk_0.FCLK_CLK_0_BUFG/O
                         net (fo=896, routed)         0.558     0.894    design_1_i/axi_iic_0/U0/X_IIC/X_AXI_IPIF_SSP1/AXI_LITE_IPIF_I/I_SLAVE_ATTACHMENT/s_axi_aclk
    SLICE_X33Y95         FDRE                                         r  design_1_i/axi_iic_0/U0/X_IIC/X_AXI_IPIF_SSP1/AXI_LITE_IPIF_I/I_SLAVE_ATTACHMENT/start2_reg/C
  -------------------------------------------------------------------    -------------------
    SLICE_X33Y95         FDRE (Prop_fdre_C_Q)         0.128     1.022 r  design_1_i/axi_iic_0/U0/X_IIC/X_AXI_IPIF_SSP1/AXI_LITE_IPIF_I/I_SLAVE_ATTACHMENT/start2_reg/Q
                         net (fo=27, routed)          0.252     1.273    design_1_i/axi_iic_0/U0/X_IIC/X_AXI_IPIF_SSP1/AXI_LITE_IPIF_I/I_SLAVE_ATTACHMENT/I_DECODER/Q
    SLICE_X36Y100        FDRE                                         r  design_1_i/axi_iic_0/U0/X_IIC/X_AXI_IPIF_SSP1/AXI_LITE_IPIF_I/I_SLAVE_ATTACHMENT/I_DECODER/GEN_BKEND_CE_REGISTERS[21].ce_out_i_reg[21]/CE
  -------------------------------------------------------------------    -------------------

                         (clock clk_fpga_0 rise edge)
                                                      0.000     0.000 r  
    PS7_X0Y0             PS7                          0.000     0.000 r  design_1_i/processing_system7_0/inst/PS7_i/FCLKCLK[0]
                         net (fo=1, routed)           0.337     0.337    design_1_i/processing_system7_0/inst/FCLK_CLK_unbuffered[0]
    BUFGCTRL_X0Y16       BUFG (Prop_bufg_I_O)         0.029     0.366 r  design_1_i/processing_system7_0/inst/buffer_fclk_clk_0.FCLK_CLK_0_BUFG/O
                         net (fo=896, routed)         0.911     1.277    design_1_i/axi_iic_0/U0/X_IIC/X_AXI_IPIF_SSP1/AXI_LITE_IPIF_I/I_SLAVE_ATTACHMENT/I_DECODER/s_axi_aclk
    SLICE_X36Y100        FDRE                                         r  design_1_i/axi_iic_0/U0/X_IIC/X_AXI_IPIF_SSP1/AXI_LITE_IPIF_I/I_SLAVE_ATTACHMENT/I_DECODER/GEN_BKEND_CE_REGISTERS[21].ce_out_i_reg[21]/C
                         clock pessimism             -0.035     1.242    
    SLICE_X36Y100        FDRE (Hold_fdre_C_CE)       -0.070     1.172    design_1_i/axi_iic_0/U0/X_IIC/X_AXI_IPIF_SSP1/AXI_LITE_IPIF_I/I_SLAVE_ATTACHMENT/I_DECODER/GEN_BKEND_CE_REGISTERS[21].ce_out_i_reg[21]
  -------------------------------------------------------------------
                         required time                         -1.172    
                         arrival time                           1.273    
  -------------------------------------------------------------------
                         slack                                  0.101    

Slack (MET) :             0.101ns  (arrival time - required time)
  Source:                 design_1_i/axi_iic_0/U0/X_IIC/X_AXI_IPIF_SSP1/AXI_LITE_IPIF_I/I_SLAVE_ATTACHMENT/start2_reg/C
                            (rising edge-triggered cell FDRE clocked by clk_fpga_0  {rise@0.000ns fall@5.000ns period=10.000ns})
  Destination:            design_1_i/axi_iic_0/U0/X_IIC/X_AXI_IPIF_SSP1/AXI_LITE_IPIF_I/I_SLAVE_ATTACHMENT/I_DECODER/GEN_BKEND_CE_REGISTERS[26].ce_out_i_reg[26]/CE
                            (rising edge-triggered cell FDRE clocked by clk_fpga_0  {rise@0.000ns fall@5.000ns period=10.000ns})
  Path Group:             clk_fpga_0
  Path Type:              Hold (Min at Fast Process Corner)
  Requirement:            0.000ns  (clk_fpga_0 rise@0.000ns - clk_fpga_0 rise@0.000ns)
  Data Path Delay:        0.380ns  (logic 0.128ns (33.714%)  route 0.252ns (66.286%))
  Logic Levels:           0  
  Clock Path Skew:        0.348ns (DCD - SCD - CPR)
    Destination Clock Delay (DCD):    1.277ns
    Source Clock Delay      (SCD):    0.894ns
    Clock Pessimism Removal (CPR):    0.035ns

    Location             Delay type                Incr(ns)  Path(ns)    Netlist Resource(s)
  -------------------------------------------------------------------    -------------------
                         (clock clk_fpga_0 rise edge)
                                                      0.000     0.000 r  
    PS7_X0Y0             PS7                          0.000     0.000 r  design_1_i/processing_system7_0/inst/PS7_i/FCLKCLK[0]
                         net (fo=1, routed)           0.310     0.310    design_1_i/processing_system7_0/inst/FCLK_CLK_unbuffered[0]
    BUFGCTRL_X0Y16       BUFG (Prop_bufg_I_O)         0.026     0.336 r  design_1_i/processing_system7_0/inst/buffer_fclk_clk_0.FCLK_CLK_0_BUFG/O
                         net (fo=896, routed)         0.558     0.894    design_1_i/axi_iic_0/U0/X_IIC/X_AXI_IPIF_SSP1/AXI_LITE_IPIF_I/I_SLAVE_ATTACHMENT/s_axi_aclk
    SLICE_X33Y95         FDRE                                         r  design_1_i/axi_iic_0/U0/X_IIC/X_AXI_IPIF_SSP1/AXI_LITE_IPIF_I/I_SLAVE_ATTACHMENT/start2_reg/C
  -------------------------------------------------------------------    -------------------
    SLICE_X33Y95         FDRE (Prop_fdre_C_Q)         0.128     1.022 r  design_1_i/axi_iic_0/U0/X_IIC/X_AXI_IPIF_SSP1/AXI_LITE_IPIF_I/I_SLAVE_ATTACHMENT/start2_reg/Q
                         net (fo=27, routed)          0.252     1.273    design_1_i/axi_iic_0/U0/X_IIC/X_AXI_IPIF_SSP1/AXI_LITE_IPIF_I/I_SLAVE_ATTACHMENT/I_DECODER/Q
    SLICE_X36Y100        FDRE                                         r  design_1_i/axi_iic_0/U0/X_IIC/X_AXI_IPIF_SSP1/AXI_LITE_IPIF_I/I_SLAVE_ATTACHMENT/I_DECODER/GEN_BKEND_CE_REGISTERS[26].ce_out_i_reg[26]/CE
  -------------------------------------------------------------------    -------------------

                         (clock clk_fpga_0 rise edge)
                                                      0.000     0.000 r  
    PS7_X0Y0             PS7                          0.000     0.000 r  design_1_i/processing_system7_0/inst/PS7_i/FCLKCLK[0]
                         net (fo=1, routed)           0.337     0.337    design_1_i/processing_system7_0/inst/FCLK_CLK_unbuffered[0]
    BUFGCTRL_X0Y16       BUFG (Prop_bufg_I_O)         0.029     0.366 r  design_1_i/processing_system7_0/inst/buffer_fclk_clk_0.FCLK_CLK_0_BUFG/O
                         net (fo=896, routed)         0.911     1.277    design_1_i/axi_iic_0/U0/X_IIC/X_AXI_IPIF_SSP1/AXI_LITE_IPIF_I/I_SLAVE_ATTACHMENT/I_DECODER/s_axi_aclk
    SLICE_X36Y100        FDRE                                         r  design_1_i/axi_iic_0/U0/X_IIC/X_AXI_IPIF_SSP1/AXI_LITE_IPIF_I/I_SLAVE_ATTACHMENT/I_DECODER/GEN_BKEND_CE_REGISTERS[26].ce_out_i_reg[26]/C
                         clock pessimism             -0.035     1.242    
    SLICE_X36Y100        FDRE (Hold_fdre_C_CE)       -0.070     1.172    design_1_i/axi_iic_0/U0/X_IIC/X_AXI_IPIF_SSP1/AXI_LITE_IPIF_I/I_SLAVE_ATTACHMENT/I_DECODER/GEN_BKEND_CE_REGISTERS[26].ce_out_i_reg[26]
  -------------------------------------------------------------------
                         required time                         -1.172    
                         arrival time                           1.273    
  -------------------------------------------------------------------
                         slack                                  0.101    

Slack (MET) :             0.101ns  (arrival time - required time)
  Source:                 design_1_i/axi_iic_0/U0/X_IIC/X_AXI_IPIF_SSP1/AXI_LITE_IPIF_I/I_SLAVE_ATTACHMENT/start2_reg/C
                            (rising edge-triggered cell FDRE clocked by clk_fpga_0  {rise@0.000ns fall@5.000ns period=10.000ns})
  Destination:            design_1_i/axi_iic_0/U0/X_IIC/X_AXI_IPIF_SSP1/AXI_LITE_IPIF_I/I_SLAVE_ATTACHMENT/I_DECODER/GEN_BKEND_CE_REGISTERS[31].ce_out_i_reg[31]/CE
                            (rising edge-triggered cell FDRE clocked by clk_fpga_0  {rise@0.000ns fall@5.000ns period=10.000ns})
  Path Group:             clk_fpga_0
  Path Type:              Hold (Min at Fast Process Corner)
  Requirement:            0.000ns  (clk_fpga_0 rise@0.000ns - clk_fpga_0 rise@0.000ns)
  Data Path Delay:        0.380ns  (logic 0.128ns (33.714%)  route 0.252ns (66.286%))
  Logic Levels:           0  
  Clock Path Skew:        0.348ns (DCD - SCD - CPR)
    Destination Clock Delay (DCD):    1.277ns
    Source Clock Delay      (SCD):    0.894ns
    Clock Pessimism Removal (CPR):    0.035ns

    Location             Delay type                Incr(ns)  Path(ns)    Netlist Resource(s)
  -------------------------------------------------------------------    -------------------
                         (clock clk_fpga_0 rise edge)
                                                      0.000     0.000 r  
    PS7_X0Y0             PS7                          0.000     0.000 r  design_1_i/processing_system7_0/inst/PS7_i/FCLKCLK[0]
                         net (fo=1, routed)           0.310     0.310    design_1_i/processing_system7_0/inst/FCLK_CLK_unbuffered[0]
    BUFGCTRL_X0Y16       BUFG (Prop_bufg_I_O)         0.026     0.336 r  design_1_i/processing_system7_0/inst/buffer_fclk_clk_0.FCLK_CLK_0_BUFG/O
                         net (fo=896, routed)         0.558     0.894    design_1_i/axi_iic_0/U0/X_IIC/X_AXI_IPIF_SSP1/AXI_LITE_IPIF_I/I_SLAVE_ATTACHMENT/s_axi_aclk
    SLICE_X33Y95         FDRE                                         r  design_1_i/axi_iic_0/U0/X_IIC/X_AXI_IPIF_SSP1/AXI_LITE_IPIF_I/I_SLAVE_ATTACHMENT/start2_reg/C
  -------------------------------------------------------------------    -------------------
    SLICE_X33Y95         FDRE (Prop_fdre_C_Q)         0.128     1.022 r  design_1_i/axi_iic_0/U0/X_IIC/X_AXI_IPIF_SSP1/AXI_LITE_IPIF_I/I_SLAVE_ATTACHMENT/start2_reg/Q
                         net (fo=27, routed)          0.252     1.273    design_1_i/axi_iic_0/U0/X_IIC/X_AXI_IPIF_SSP1/AXI_LITE_IPIF_I/I_SLAVE_ATTACHMENT/I_DECODER/Q
    SLICE_X36Y100        FDRE                                         r  design_1_i/axi_iic_0/U0/X_IIC/X_AXI_IPIF_SSP1/AXI_LITE_IPIF_I/I_SLAVE_ATTACHMENT/I_DECODER/GEN_BKEND_CE_REGISTERS[31].ce_out_i_reg[31]/CE
  -------------------------------------------------------------------    -------------------

                         (clock clk_fpga_0 rise edge)
                                                      0.000     0.000 r  
    PS7_X0Y0             PS7                          0.000     0.000 r  design_1_i/processing_system7_0/inst/PS7_i/FCLKCLK[0]
                         net (fo=1, routed)           0.337     0.337    design_1_i/processing_system7_0/inst/FCLK_CLK_unbuffered[0]
    BUFGCTRL_X0Y16       BUFG (Prop_bufg_I_O)         0.029     0.366 r  design_1_i/processing_system7_0/inst/buffer_fclk_clk_0.FCLK_CLK_0_BUFG/O
                         net (fo=896, routed)         0.911     1.277    design_1_i/axi_iic_0/U0/X_IIC/X_AXI_IPIF_SSP1/AXI_LITE_IPIF_I/I_SLAVE_ATTACHMENT/I_DECODER/s_axi_aclk
    SLICE_X36Y100        FDRE                                         r  design_1_i/axi_iic_0/U0/X_IIC/X_AXI_IPIF_SSP1/AXI_LITE_IPIF_I/I_SLAVE_ATTACHMENT/I_DECODER/GEN_BKEND_CE_REGISTERS[31].ce_out_i_reg[31]/C
                         clock pessimism             -0.035     1.242    
    SLICE_X36Y100        FDRE (Hold_fdre_C_CE)       -0.070     1.172    design_1_i/axi_iic_0/U0/X_IIC/X_AXI_IPIF_SSP1/AXI_LITE_IPIF_I/I_SLAVE_ATTACHMENT/I_DECODER/GEN_BKEND_CE_REGISTERS[31].ce_out_i_reg[31]
  -------------------------------------------------------------------
                         required time                         -1.172    
                         arrival time                           1.273    
  -------------------------------------------------------------------
                         slack                                  0.101    

Slack (MET) :             0.102ns  (arrival time - required time)
  Source:                 design_1_i/ps7_0_axi_periph/s00_couplers/auto_pc/inst/gen_axilite.gen_b2s_conv.axilite_b2s/RD.r_channel_0/r_arid_r_reg[6]/C
                            (rising edge-triggered cell FDRE clocked by clk_fpga_0  {rise@0.000ns fall@5.000ns period=10.000ns})
  Destination:            design_1_i/ps7_0_axi_periph/s00_couplers/auto_pc/inst/gen_axilite.gen_b2s_conv.axilite_b2s/RD.r_channel_0/transaction_fifo_0/memory_reg[31][7]_srl32/D
                            (rising edge-triggered cell SRLC32E clocked by clk_fpga_0  {rise@0.000ns fall@5.000ns period=10.000ns})
  Path Group:             clk_fpga_0
  Path Type:              Hold (Min at Fast Process Corner)
  Requirement:            0.000ns  (clk_fpga_0 rise@0.000ns - clk_fpga_0 rise@0.000ns)
  Data Path Delay:        0.319ns  (logic 0.141ns (44.140%)  route 0.178ns (55.860%))
  Logic Levels:           0  
  Clock Path Skew:        0.034ns (DCD - SCD - CPR)
    Destination Clock Delay (DCD):    1.207ns
    Source Clock Delay      (SCD):    0.909ns
    Clock Pessimism Removal (CPR):    0.264ns

    Location             Delay type                Incr(ns)  Path(ns)    Netlist Resource(s)
  -------------------------------------------------------------------    -------------------
                         (clock clk_fpga_0 rise edge)
                                                      0.000     0.000 r  
    PS7_X0Y0             PS7                          0.000     0.000 r  design_1_i/processing_system7_0/inst/PS7_i/FCLKCLK[0]
                         net (fo=1, routed)           0.310     0.310    design_1_i/processing_system7_0/inst/FCLK_CLK_unbuffered[0]
    BUFGCTRL_X0Y16       BUFG (Prop_bufg_I_O)         0.026     0.336 r  design_1_i/processing_system7_0/inst/buffer_fclk_clk_0.FCLK_CLK_0_BUFG/O
                         net (fo=896, routed)         0.573     0.909    design_1_i/ps7_0_axi_periph/s00_couplers/auto_pc/inst/gen_axilite.gen_b2s_conv.axilite_b2s/RD.r_channel_0/aclk
    SLICE_X28Y87         FDRE                                         r  design_1_i/ps7_0_axi_periph/s00_couplers/auto_pc/inst/gen_axilite.gen_b2s_conv.axilite_b2s/RD.r_channel_0/r_arid_r_reg[6]/C
  -------------------------------------------------------------------    -------------------
    SLICE_X28Y87         FDRE (Prop_fdre_C_Q)         0.141     1.050 r  design_1_i/ps7_0_axi_periph/s00_couplers/auto_pc/inst/gen_axilite.gen_b2s_conv.axilite_b2s/RD.r_channel_0/r_arid_r_reg[6]/Q
                         net (fo=1, routed)           0.178     1.228    design_1_i/ps7_0_axi_periph/s00_couplers/auto_pc/inst/gen_axilite.gen_b2s_conv.axilite_b2s/RD.r_channel_0/transaction_fifo_0/in[7]
    SLICE_X26Y89         SRLC32E                                      r  design_1_i/ps7_0_axi_periph/s00_couplers/auto_pc/inst/gen_axilite.gen_b2s_conv.axilite_b2s/RD.r_channel_0/transaction_fifo_0/memory_reg[31][7]_srl32/D
  -------------------------------------------------------------------    -------------------

                         (clock clk_fpga_0 rise edge)
                                                      0.000     0.000 r  
    PS7_X0Y0             PS7                          0.000     0.000 r  design_1_i/processing_system7_0/inst/PS7_i/FCLKCLK[0]
                         net (fo=1, routed)           0.337     0.337    design_1_i/processing_system7_0/inst/FCLK_CLK_unbuffered[0]
    BUFGCTRL_X0Y16       BUFG (Prop_bufg_I_O)         0.029     0.366 r  design_1_i/processing_system7_0/inst/buffer_fclk_clk_0.FCLK_CLK_0_BUFG/O
                         net (fo=896, routed)         0.841     1.207    design_1_i/ps7_0_axi_periph/s00_couplers/auto_pc/inst/gen_axilite.gen_b2s_conv.axilite_b2s/RD.r_channel_0/transaction_fifo_0/aclk
    SLICE_X26Y89         SRLC32E                                      r  design_1_i/ps7_0_axi_periph/s00_couplers/auto_pc/inst/gen_axilite.gen_b2s_conv.axilite_b2s/RD.r_channel_0/transaction_fifo_0/memory_reg[31][7]_srl32/CLK
                         clock pessimism             -0.264     0.943    
    SLICE_X26Y89         SRLC32E (Hold_srlc32e_CLK_D)
                                                      0.183     1.126    design_1_i/ps7_0_axi_periph/s00_couplers/auto_pc/inst/gen_axilite.gen_b2s_conv.axilite_b2s/RD.r_channel_0/transaction_fifo_0/memory_reg[31][7]_srl32
  -------------------------------------------------------------------
                         required time                         -1.126    
                         arrival time                           1.228    
  -------------------------------------------------------------------
                         slack                                  0.102    





Pulse Width Checks
--------------------------------------------------------------------------------------
Clock Name:         clk_fpga_0
Waveform(ns):       { 0.000 5.000 }
Period(ns):         10.000
Sources:            { design_1_i/processing_system7_0/inst/PS7_i/FCLKCLK[0] }

Check Type        Corner  Lib Pin     Reference Pin  Required(ns)  Actual(ns)  Slack(ns)  Location        Pin
Min Period        n/a     BUFG/I      n/a            2.155         10.000      7.845      BUFGCTRL_X0Y16  design_1_i/processing_system7_0/inst/buffer_fclk_clk_0.FCLK_CLK_0_BUFG/I
Min Period        n/a     FDRE/C      n/a            1.000         10.000      9.000      SLICE_X41Y94    design_1_i/axi_iic_0/U0/X_IIC/Rc_fifo_rd_d_reg/C
Min Period        n/a     FDRE/C      n/a            1.000         10.000      9.000      SLICE_X41Y94    design_1_i/axi_iic_0/U0/X_IIC/Rc_fifo_wr_d_reg/C
Min Period        n/a     FDRE/C      n/a            1.000         10.000      9.000      SLICE_X46Y95    design_1_i/axi_iic_0/U0/X_IIC/Tx_fifo_rd_d_reg/C
Min Period        n/a     FDRE/C      n/a            1.000         10.000      9.000      SLICE_X43Y93    design_1_i/axi_iic_0/U0/X_IIC/Tx_fifo_wr_d_reg/C
Min Period        n/a     FDRE/C      n/a            1.000         10.000      9.000      SLICE_X44Y95    design_1_i/axi_iic_0/U0/X_IIC/DYN_MASTER_I/Cr_txModeSelect_clr_reg/C
Min Period        n/a     FDRE/C      n/a            1.000         10.000      9.000      SLICE_X44Y95    design_1_i/axi_iic_0/U0/X_IIC/DYN_MASTER_I/Cr_txModeSelect_set_reg/C
Min Period        n/a     FDRE/C      n/a            1.000         10.000      9.000      SLICE_X44Y93    design_1_i/axi_iic_0/U0/X_IIC/DYN_MASTER_I/ackDataState_d1_reg/C
Min Period        n/a     FDRE/C      n/a            1.000         10.000      9.000      SLICE_X45Y95    design_1_i/axi_iic_0/U0/X_IIC/DYN_MASTER_I/callingReadAccess_reg/C
Min Period        n/a     FDRE/C      n/a            1.000         10.000      9.000      SLICE_X42Y90    design_1_i/axi_iic_0/U0/X_IIC/DYN_MASTER_I/earlyAckDataState_d1_reg/C
Low Pulse Width   Slow    SRL16E/CLK  n/a            0.980         5.000       4.020      SLICE_X42Y96    design_1_i/axi_iic_0/U0/X_IIC/READ_FIFO_I/FIFO_RAM[0].SRL16E_I/CLK
Low Pulse Width   Fast    SRL16E/CLK  n/a            0.980         5.000       4.020      SLICE_X42Y96    design_1_i/axi_iic_0/U0/X_IIC/READ_FIFO_I/FIFO_RAM[0].SRL16E_I/CLK
Low Pulse Width   Slow    SRL16E/CLK  n/a            0.980         5.000       4.020      SLICE_X42Y96    design_1_i/axi_iic_0/U0/X_IIC/READ_FIFO_I/FIFO_RAM[1].SRL16E_I/CLK
Low Pulse Width   Fast    SRL16E/CLK  n/a            0.980         5.000       4.020      SLICE_X42Y96    design_1_i/axi_iic_0/U0/X_IIC/READ_FIFO_I/FIFO_RAM[1].SRL16E_I/CLK
Low Pulse Width   Slow    SRL16E/CLK  n/a            0.980         5.000       4.020      SLICE_X42Y96    design_1_i/axi_iic_0/U0/X_IIC/READ_FIFO_I/FIFO_RAM[2].SRL16E_I/CLK
Low Pulse Width   Fast    SRL16E/CLK  n/a            0.980         5.000       4.020      SLICE_X42Y96    design_1_i/axi_iic_0/U0/X_IIC/READ_FIFO_I/FIFO_RAM[2].SRL16E_I/CLK
Low Pulse Width   Slow    SRL16E/CLK  n/a            0.980         5.000       4.020      SLICE_X42Y96    design_1_i/axi_iic_0/U0/X_IIC/READ_FIFO_I/FIFO_RAM[3].SRL16E_I/CLK
Low Pulse Width   Fast    SRL16E/CLK  n/a            0.980         5.000       4.020      SLICE_X42Y96    design_1_i/axi_iic_0/U0/X_IIC/READ_FIFO_I/FIFO_RAM[3].SRL16E_I/CLK
Low Pulse Width   Slow    SRL16E/CLK  n/a            0.980         5.000       4.020      SLICE_X42Y96    design_1_i/axi_iic_0/U0/X_IIC/READ_FIFO_I/FIFO_RAM[4].SRL16E_I/CLK
Low Pulse Width   Fast    SRL16E/CLK  n/a            0.980         5.000       4.020      SLICE_X42Y96    design_1_i/axi_iic_0/U0/X_IIC/READ_FIFO_I/FIFO_RAM[4].SRL16E_I/CLK
High Pulse Width  Slow    SRL16E/CLK  n/a            0.980         5.000       4.020      SLICE_X42Y96    design_1_i/axi_iic_0/U0/X_IIC/READ_FIFO_I/FIFO_RAM[0].SRL16E_I/CLK
High Pulse Width  Fast    SRL16E/CLK  n/a            0.980         5.000       4.020      SLICE_X42Y96    design_1_i/axi_iic_0/U0/X_IIC/READ_FIFO_I/FIFO_RAM[0].SRL16E_I/CLK
High Pulse Width  Slow    SRL16E/CLK  n/a            0.980         5.000       4.020      SLICE_X42Y96    design_1_i/axi_iic_0/U0/X_IIC/READ_FIFO_I/FIFO_RAM[1].SRL16E_I/CLK
High Pulse Width  Fast    SRL16E/CLK  n/a            0.980         5.000       4.020      SLICE_X42Y96    design_1_i/axi_iic_0/U0/X_IIC/READ_FIFO_I/FIFO_RAM[1].SRL16E_I/CLK
High Pulse Width  Slow    SRL16E/CLK  n/a            0.980         5.000       4.020      SLICE_X42Y96    design_1_i/axi_iic_0/U0/X_IIC/READ_FIFO_I/FIFO_RAM[2].SRL16E_I/CLK
High Pulse Width  Fast    SRL16E/CLK  n/a            0.980         5.000       4.020      SLICE_X42Y96    design_1_i/axi_iic_0/U0/X_IIC/READ_FIFO_I/FIFO_RAM[2].SRL16E_I/CLK
High Pulse Width  Slow    SRL16E/CLK  n/a            0.980         5.000       4.020      SLICE_X42Y96    design_1_i/axi_iic_0/U0/X_IIC/READ_FIFO_I/FIFO_RAM[3].SRL16E_I/CLK
High Pulse Width  Fast    SRL16E/CLK  n/a            0.980         5.000       4.020      SLICE_X42Y96    design_1_i/axi_iic_0/U0/X_IIC/READ_FIFO_I/FIFO_RAM[3].SRL16E_I/CLK
High Pulse Width  Slow    SRL16E/CLK  n/a            0.980         5.000       4.020      SLICE_X42Y96    design_1_i/axi_iic_0/U0/X_IIC/READ_FIFO_I/FIFO_RAM[4].SRL16E_I/CLK
High Pulse Width  Fast    SRL16E/CLK  n/a            0.980         5.000       4.020      SLICE_X42Y96    design_1_i/axi_iic_0/U0/X_IIC/READ_FIFO_I/FIFO_RAM[4].SRL16E_I/CLK



--------------------------------------------------------------------------------------
Path Group:  (none)
From Clock:  
  To Clock:  clk_fpga_0

Max Delay             1 Endpoint
Min Delay             1 Endpoint
--------------------------------------------------------------------------------------


Max Delay Paths
--------------------------------------------------------------------------------------
Slack:                    inf
  Source:                 design_1_i/processing_system7_0/inst/PS7_i/FCLKRESETN[0]
                            (internal pin)
  Destination:            design_1_i/rst_ps7_0_100M/U0/EXT_LPF/ACTIVE_LOW_EXT.ACT_LO_EXT/GENERATE_LEVEL_P_S_CDC.SINGLE_BIT.CROSS_PLEVEL_IN2SCNDRY_IN_cdc_to/D
                            (rising edge-triggered cell FDRE clocked by clk_fpga_0  {rise@0.000ns fall@5.000ns period=10.000ns})
  Path Group:             (none)
  Path Type:              Setup (Max at Slow Process Corner)
  Data Path Delay:        2.232ns  (logic 0.124ns (5.556%)  route 2.108ns (94.444%))
  Logic Levels:           1  (LUT1=1)
  Clock Uncertainty:      0.152ns  ((TSJ^2 + TIJ^2)^1/2 + DJ) / 2 + PE
    Total System Jitter     (TSJ):    0.050ns
    Total Input Jitter      (TIJ):    0.300ns
    Discrete Jitter          (DJ):    0.000ns
    Phase Error              (PE):    0.000ns
  Timing Exception:       False Path

    Location             Delay type                Incr(ns)  Path(ns)    Netlist Resource(s)
  -------------------------------------------------------------------    -------------------
    PS7_X0Y0             PS7                          0.000     0.000 f  design_1_i/processing_system7_0/inst/PS7_i/FCLKRESETN[0]
                         net (fo=1, routed)           1.672     1.672    design_1_i/rst_ps7_0_100M/U0/EXT_LPF/ACTIVE_LOW_EXT.ACT_LO_EXT/ext_reset_in
    SLICE_X35Y100        LUT1 (Prop_lut1_I0_O)        0.124     1.796 r  design_1_i/rst_ps7_0_100M/U0/EXT_LPF/ACTIVE_LOW_EXT.ACT_LO_EXT/GENERATE_LEVEL_P_S_CDC.SINGLE_BIT.CROSS_PLEVEL_IN2SCNDRY_IN_cdc_to_i_1/O
                         net (fo=1, routed)           0.436     2.232    design_1_i/rst_ps7_0_100M/U0/EXT_LPF/ACTIVE_LOW_EXT.ACT_LO_EXT/exr_d1
    SLICE_X35Y101        FDRE                                         r  design_1_i/rst_ps7_0_100M/U0/EXT_LPF/ACTIVE_LOW_EXT.ACT_LO_EXT/GENERATE_LEVEL_P_S_CDC.SINGLE_BIT.CROSS_PLEVEL_IN2SCNDRY_IN_cdc_to/D
  -------------------------------------------------------------------    -------------------

                         (clock clk_fpga_0 rise edge)
                                                      0.000     0.000 r  
    PS7_X0Y0             PS7                          0.000     0.000 r  design_1_i/processing_system7_0/inst/PS7_i/FCLKCLK[0]
                         net (fo=1, routed)           1.088     1.088    design_1_i/processing_system7_0/inst/FCLK_CLK_unbuffered[0]
    BUFGCTRL_X0Y16       BUFG (Prop_bufg_I_O)         0.091     1.179 r  design_1_i/processing_system7_0/inst/buffer_fclk_clk_0.FCLK_CLK_0_BUFG/O
                         net (fo=896, routed)         1.655     2.834    design_1_i/rst_ps7_0_100M/U0/EXT_LPF/ACTIVE_LOW_EXT.ACT_LO_EXT/slowest_sync_clk
    SLICE_X35Y101        FDRE                                         r  design_1_i/rst_ps7_0_100M/U0/EXT_LPF/ACTIVE_LOW_EXT.ACT_LO_EXT/GENERATE_LEVEL_P_S_CDC.SINGLE_BIT.CROSS_PLEVEL_IN2SCNDRY_IN_cdc_to/C





Min Delay Paths
--------------------------------------------------------------------------------------
Slack:                    inf
  Source:                 design_1_i/processing_system7_0/inst/PS7_i/FCLKRESETN[0]
                            (internal pin)
  Destination:            design_1_i/rst_ps7_0_100M/U0/EXT_LPF/ACTIVE_LOW_EXT.ACT_LO_EXT/GENERATE_LEVEL_P_S_CDC.SINGLE_BIT.CROSS_PLEVEL_IN2SCNDRY_IN_cdc_to/D
                            (rising edge-triggered cell FDRE clocked by clk_fpga_0  {rise@0.000ns fall@5.000ns period=10.000ns})
  Path Group:             (none)
  Path Type:              Hold (Min at Fast Process Corner)
  Data Path Delay:        0.878ns  (logic 0.045ns (5.126%)  route 0.833ns (94.874%))
  Logic Levels:           1  (LUT1=1)
  Clock Uncertainty:      0.152ns  ((TSJ^2 + TIJ^2)^1/2 + DJ) / 2 + PE
    Total System Jitter     (TSJ):    0.050ns
    Total Input Jitter      (TIJ):    0.300ns
    Discrete Jitter          (DJ):    0.000ns
    Phase Error              (PE):    0.000ns
  Timing Exception:       False Path

    Location             Delay type                Incr(ns)  Path(ns)    Netlist Resource(s)
  -------------------------------------------------------------------    -------------------
    PS7_X0Y0             PS7                          0.000     0.000 f  design_1_i/processing_system7_0/inst/PS7_i/FCLKRESETN[0]
                         net (fo=1, routed)           0.673     0.673    design_1_i/rst_ps7_0_100M/U0/EXT_LPF/ACTIVE_LOW_EXT.ACT_LO_EXT/ext_reset_in
    SLICE_X35Y100        LUT1 (Prop_lut1_I0_O)        0.045     0.718 r  design_1_i/rst_ps7_0_100M/U0/EXT_LPF/ACTIVE_LOW_EXT.ACT_LO_EXT/GENERATE_LEVEL_P_S_CDC.SINGLE_BIT.CROSS_PLEVEL_IN2SCNDRY_IN_cdc_to_i_1/O
                         net (fo=1, routed)           0.160     0.878    design_1_i/rst_ps7_0_100M/U0/EXT_LPF/ACTIVE_LOW_EXT.ACT_LO_EXT/exr_d1
    SLICE_X35Y101        FDRE                                         r  design_1_i/rst_ps7_0_100M/U0/EXT_LPF/ACTIVE_LOW_EXT.ACT_LO_EXT/GENERATE_LEVEL_P_S_CDC.SINGLE_BIT.CROSS_PLEVEL_IN2SCNDRY_IN_cdc_to/D
  -------------------------------------------------------------------    -------------------

                         (clock clk_fpga_0 rise edge)
                                                      0.000     0.000 r  
    PS7_X0Y0             PS7                          0.000     0.000 r  design_1_i/processing_system7_0/inst/PS7_i/FCLKCLK[0]
                         net (fo=1, routed)           0.337     0.337    design_1_i/processing_system7_0/inst/FCLK_CLK_unbuffered[0]
    BUFGCTRL_X0Y16       BUFG (Prop_bufg_I_O)         0.029     0.366 r  design_1_i/processing_system7_0/inst/buffer_fclk_clk_0.FCLK_CLK_0_BUFG/O
                         net (fo=896, routed)         0.912     1.278    design_1_i/rst_ps7_0_100M/U0/EXT_LPF/ACTIVE_LOW_EXT.ACT_LO_EXT/slowest_sync_clk
    SLICE_X35Y101        FDRE                                         r  design_1_i/rst_ps7_0_100M/U0/EXT_LPF/ACTIVE_LOW_EXT.ACT_LO_EXT/GENERATE_LEVEL_P_S_CDC.SINGLE_BIT.CROSS_PLEVEL_IN2SCNDRY_IN_cdc_to/C





--------------------------------------------------------------------------------------
Path Group:  (none)
From Clock:  clk_fpga_0
  To Clock:  

Max Delay             2 Endpoints
Min Delay             2 Endpoints
--------------------------------------------------------------------------------------


Max Delay Paths
--------------------------------------------------------------------------------------
Slack:                    inf
  Source:                 design_1_i/axi_iic_0/U0/X_IIC/REG_INTERFACE_I/RD_FIFO_CNTRL.ro_prev_i_reg/C
                            (rising edge-triggered cell FDRE clocked by clk_fpga_0  {rise@0.000ns fall@5.000ns period=10.000ns})
  Destination:            IIC_0_scl_io
                            (output port)
  Path Group:             (none)
  Path Type:              Max at Slow Process Corner
  Data Path Delay:        10.001ns  (logic 4.175ns (41.743%)  route 5.826ns (58.257%))
  Logic Levels:           2  (LUT4=1 OBUFT=1)
  Clock Uncertainty:      0.152ns  ((TSJ^2 + TIJ^2)^1/2 + DJ) / 2 + PE
    Total System Jitter     (TSJ):    0.050ns
    Total Input Jitter      (TIJ):    0.300ns
    Discrete Jitter          (DJ):    0.000ns
    Phase Error              (PE):    0.000ns

    Location             Delay type                Incr(ns)  Path(ns)    Netlist Resource(s)
  -------------------------------------------------------------------    -------------------
                         (clock clk_fpga_0 rise edge)
                                                      0.000     0.000 r  
    PS7_X0Y0             PS7                          0.000     0.000 r  design_1_i/processing_system7_0/inst/PS7_i/FCLKCLK[0]
                         net (fo=1, routed)           1.193     1.193    design_1_i/processing_system7_0/inst/FCLK_CLK_unbuffered[0]
    BUFGCTRL_X0Y16       BUFG (Prop_bufg_I_O)         0.101     1.294 r  design_1_i/processing_system7_0/inst/buffer_fclk_clk_0.FCLK_CLK_0_BUFG/O
                         net (fo=896, routed)         1.844     3.138    design_1_i/axi_iic_0/U0/X_IIC/REG_INTERFACE_I/s_axi_aclk
    SLICE_X40Y100        FDRE                                         r  design_1_i/axi_iic_0/U0/X_IIC/REG_INTERFACE_I/RD_FIFO_CNTRL.ro_prev_i_reg/C
  -------------------------------------------------------------------    -------------------
    SLICE_X40Y100        FDRE (Prop_fdre_C_Q)         0.456     3.594 r  design_1_i/axi_iic_0/U0/X_IIC/REG_INTERFACE_I/RD_FIFO_CNTRL.ro_prev_i_reg/Q
                         net (fo=11, routed)          1.349     4.943    design_1_i/axi_iic_0/U0/X_IIC/IIC_CONTROL_I/Ro_prev
    SLICE_X47Y98         LUT4 (Prop_lut4_I2_O)        0.124     5.067 f  design_1_i/axi_iic_0/U0/X_IIC/IIC_CONTROL_I/scl_t_INST_0/O
                         net (fo=1, routed)           4.478     9.544    IIC_0_scl_iobuf/T
    Y18                  OBUFT (TriStatE_obuft_T_O)
                                                      3.595    13.139 r  IIC_0_scl_iobuf/OBUFT/O
                         net (fo=1, unset)            0.000    13.139    IIC_0_scl_io
    Y18                                                               r  IIC_0_scl_io (INOUT)
  -------------------------------------------------------------------    -------------------

Slack:                    inf
  Source:                 design_1_i/axi_iic_0/U0/X_IIC/IIC_CONTROL_I/master_slave_reg/C
                            (rising edge-triggered cell FDRE clocked by clk_fpga_0  {rise@0.000ns fall@5.000ns period=10.000ns})
  Destination:            IIC_0_sda_io
                            (output port)
  Path Group:             (none)
  Path Type:              Max at Slow Process Corner
  Data Path Delay:        9.698ns  (logic 4.231ns (43.625%)  route 5.467ns (56.375%))
  Logic Levels:           2  (LUT5=1 OBUFT=1)
  Clock Uncertainty:      0.152ns  ((TSJ^2 + TIJ^2)^1/2 + DJ) / 2 + PE
    Total System Jitter     (TSJ):    0.050ns
    Total Input Jitter      (TIJ):    0.300ns
    Discrete Jitter          (DJ):    0.000ns
    Phase Error              (PE):    0.000ns

    Location             Delay type                Incr(ns)  Path(ns)    Netlist Resource(s)
  -------------------------------------------------------------------    -------------------
                         (clock clk_fpga_0 rise edge)
                                                      0.000     0.000 r  
    PS7_X0Y0             PS7                          0.000     0.000 r  design_1_i/processing_system7_0/inst/PS7_i/FCLKCLK[0]
                         net (fo=1, routed)           1.193     1.193    design_1_i/processing_system7_0/inst/FCLK_CLK_unbuffered[0]
    BUFGCTRL_X0Y16       BUFG (Prop_bufg_I_O)         0.101     1.294 r  design_1_i/processing_system7_0/inst/buffer_fclk_clk_0.FCLK_CLK_0_BUFG/O
                         net (fo=896, routed)         1.652     2.946    design_1_i/axi_iic_0/U0/X_IIC/IIC_CONTROL_I/s_axi_aclk
    SLICE_X46Y99         FDRE                                         r  design_1_i/axi_iic_0/U0/X_IIC/IIC_CONTROL_I/master_slave_reg/C
  -------------------------------------------------------------------    -------------------
    SLICE_X46Y99         FDRE (Prop_fdre_C_Q)         0.518     3.464 r  design_1_i/axi_iic_0/U0/X_IIC/IIC_CONTROL_I/master_slave_reg/Q
                         net (fo=16, routed)          1.421     4.885    design_1_i/axi_iic_0/U0/X_IIC/IIC_CONTROL_I/master_slave
    SLICE_X46Y96         LUT5 (Prop_lut5_I2_O)        0.124     5.009 f  design_1_i/axi_iic_0/U0/X_IIC/IIC_CONTROL_I/sda_t_INST_0/O
                         net (fo=1, routed)           4.046     9.055    IIC_0_sda_iobuf/T
    Y19                  OBUFT (TriStatE_obuft_T_O)
                                                      3.589    12.644 r  IIC_0_sda_iobuf/OBUFT/O
                         net (fo=1, unset)            0.000    12.644    IIC_0_sda_io
    Y19                                                               r  IIC_0_sda_io (INOUT)
  -------------------------------------------------------------------    -------------------





Min Delay Paths
--------------------------------------------------------------------------------------
Slack:                    inf
  Source:                 design_1_i/axi_iic_0/U0/X_IIC/IIC_CONTROL_I/slave_sda_reg/C
                            (rising edge-triggered cell FDSE clocked by clk_fpga_0  {rise@0.000ns fall@5.000ns period=10.000ns})
  Destination:            IIC_0_sda_io
                            (output port)
  Path Group:             (none)
  Path Type:              Min at Fast Process Corner
  Data Path Delay:        2.890ns  (logic 1.010ns (34.946%)  route 1.880ns (65.054%))
  Logic Levels:           2  (LUT5=1 OBUFT=1)
  Clock Uncertainty:      0.152ns  ((TSJ^2 + TIJ^2)^1/2 + DJ) / 2 + PE
    Total System Jitter     (TSJ):    0.050ns
    Total Input Jitter      (TIJ):    0.300ns
    Discrete Jitter          (DJ):    0.000ns
    Phase Error              (PE):    0.000ns

    Location             Delay type                Incr(ns)  Path(ns)    Netlist Resource(s)
  -------------------------------------------------------------------    -------------------
                         (clock clk_fpga_0 rise edge)
                                                      0.000     0.000 r  
    PS7_X0Y0             PS7                          0.000     0.000 r  design_1_i/processing_system7_0/inst/PS7_i/FCLKCLK[0]
                         net (fo=1, routed)           0.310     0.310    design_1_i/processing_system7_0/inst/FCLK_CLK_unbuffered[0]
    BUFGCTRL_X0Y16       BUFG (Prop_bufg_I_O)         0.026     0.336 r  design_1_i/processing_system7_0/inst/buffer_fclk_clk_0.FCLK_CLK_0_BUFG/O
                         net (fo=896, routed)         0.556     0.892    design_1_i/axi_iic_0/U0/X_IIC/IIC_CONTROL_I/s_axi_aclk
    SLICE_X45Y96         FDSE                                         r  design_1_i/axi_iic_0/U0/X_IIC/IIC_CONTROL_I/slave_sda_reg/C
  -------------------------------------------------------------------    -------------------
    SLICE_X45Y96         FDSE (Prop_fdse_C_Q)         0.141     1.033 r  design_1_i/axi_iic_0/U0/X_IIC/IIC_CONTROL_I/slave_sda_reg/Q
                         net (fo=1, routed)           0.098     1.131    design_1_i/axi_iic_0/U0/X_IIC/IIC_CONTROL_I/slave_sda_reg_n_0
    SLICE_X46Y96         LUT5 (Prop_lut5_I3_O)        0.045     1.176 r  design_1_i/axi_iic_0/U0/X_IIC/IIC_CONTROL_I/sda_t_INST_0/O
                         net (fo=1, routed)           1.782     2.958    IIC_0_sda_iobuf/T
    Y19                  OBUFT (TriStatD_obuft_T_O)
                                                      0.824     3.782 r  IIC_0_sda_iobuf/OBUFT/O
                         net (fo=1, unset)            0.000     3.782    IIC_0_sda_io
    Y19                                                               r  IIC_0_sda_io (INOUT)
  -------------------------------------------------------------------    -------------------

Slack:                    inf
  Source:                 design_1_i/axi_iic_0/U0/X_IIC/IIC_CONTROL_I/sda_setup_reg/C
                            (rising edge-triggered cell FDRE clocked by clk_fpga_0  {rise@0.000ns fall@5.000ns period=10.000ns})
  Destination:            IIC_0_scl_io
                            (output port)
  Path Group:             (none)
  Path Type:              Min at Fast Process Corner
  Data Path Delay:        3.180ns  (logic 1.010ns (31.760%)  route 2.170ns (68.240%))
  Logic Levels:           2  (LUT4=1 OBUFT=1)
  Clock Uncertainty:      0.152ns  ((TSJ^2 + TIJ^2)^1/2 + DJ) / 2 + PE
    Total System Jitter     (TSJ):    0.050ns
    Total Input Jitter      (TIJ):    0.300ns
    Discrete Jitter          (DJ):    0.000ns
    Phase Error              (PE):    0.000ns

    Location             Delay type                Incr(ns)  Path(ns)    Netlist Resource(s)
  -------------------------------------------------------------------    -------------------
                         (clock clk_fpga_0 rise edge)
                                                      0.000     0.000 r  
    PS7_X0Y0             PS7                          0.000     0.000 r  design_1_i/processing_system7_0/inst/PS7_i/FCLKCLK[0]
                         net (fo=1, routed)           0.310     0.310    design_1_i/processing_system7_0/inst/FCLK_CLK_unbuffered[0]
    BUFGCTRL_X0Y16       BUFG (Prop_bufg_I_O)         0.026     0.336 r  design_1_i/processing_system7_0/inst/buffer_fclk_clk_0.FCLK_CLK_0_BUFG/O
                         net (fo=896, routed)         0.557     0.893    design_1_i/axi_iic_0/U0/X_IIC/IIC_CONTROL_I/s_axi_aclk
    SLICE_X47Y99         FDRE                                         r  design_1_i/axi_iic_0/U0/X_IIC/IIC_CONTROL_I/sda_setup_reg/C
  -------------------------------------------------------------------    -------------------
    SLICE_X47Y99         FDRE (Prop_fdre_C_Q)         0.141     1.034 f  design_1_i/axi_iic_0/U0/X_IIC/IIC_CONTROL_I/sda_setup_reg/Q
                         net (fo=3, routed)           0.150     1.184    design_1_i/axi_iic_0/U0/X_IIC/IIC_CONTROL_I/sda_setup
    SLICE_X47Y98         LUT4 (Prop_lut4_I3_O)        0.045     1.229 r  design_1_i/axi_iic_0/U0/X_IIC/IIC_CONTROL_I/scl_t_INST_0/O
                         net (fo=1, routed)           2.020     3.249    IIC_0_scl_iobuf/T
    Y18                  OBUFT (TriStatD_obuft_T_O)
                                                      0.824     4.073 r  IIC_0_scl_iobuf/OBUFT/O
                         net (fo=1, unset)            0.000     4.073    IIC_0_scl_io
    Y18                                                               r  IIC_0_scl_io (INOUT)
  -------------------------------------------------------------------    -------------------





--------------------------------------------------------------------------------------
Path Group:  (none)
From Clock:  
  To Clock:  clk_fpga_0

Max Delay             2 Endpoints
Min Delay             2 Endpoints
--------------------------------------------------------------------------------------


Max Delay Paths
--------------------------------------------------------------------------------------
Slack:                    inf
  Source:                 IIC_0_sda_io
                            (input port)
  Destination:            design_1_i/axi_iic_0/U0/X_IIC/FILTER_I/SDA_DEBOUNCE/INPUT_DOUBLE_REGS/GENERATE_LEVEL_P_S_CDC.SINGLE_BIT.CROSS_PLEVEL_IN2SCNDRY_IN_cdc_to/D
                            (rising edge-triggered cell FDRE clocked by clk_fpga_0  {rise@0.000ns fall@5.000ns period=10.000ns})
  Path Group:             (none)
  Path Type:              Setup (Max at Slow Process Corner)
  Data Path Delay:        5.018ns  (logic 1.519ns (30.263%)  route 3.499ns (69.737%))
  Logic Levels:           1  (IBUF=1)
  Clock Path Skew:        2.645ns (DCD - SCD + CPR)
    Destination Clock Delay (DCD):    2.645ns
    Source Clock Delay      (SCD):    0.000ns
    Clock Pessimism Removal (CPR):    0.000ns
  Clock Uncertainty:      0.152ns  ((TSJ^2 + TIJ^2)^1/2 + DJ) / 2 + PE
    Total System Jitter     (TSJ):    0.050ns
    Total Input Jitter      (TIJ):    0.300ns
    Discrete Jitter          (DJ):    0.000ns
    Phase Error              (PE):    0.000ns

    Location             Delay type                Incr(ns)  Path(ns)    Netlist Resource(s)
  -------------------------------------------------------------------    -------------------
    Y19                                               0.000     0.000 r  IIC_0_sda_io (INOUT)
                         net (fo=1, unset)            0.000     0.000    IIC_0_sda_iobuf/IO
    Y19                  IBUF (Prop_ibuf_I_O)         1.519     1.519 r  IIC_0_sda_iobuf/IBUF/O
                         net (fo=1, routed)           3.499     5.018    design_1_i/axi_iic_0/U0/X_IIC/FILTER_I/SDA_DEBOUNCE/INPUT_DOUBLE_REGS/sda_i
    SLICE_X51Y94         FDRE                                         r  design_1_i/axi_iic_0/U0/X_IIC/FILTER_I/SDA_DEBOUNCE/INPUT_DOUBLE_REGS/GENERATE_LEVEL_P_S_CDC.SINGLE_BIT.CROSS_PLEVEL_IN2SCNDRY_IN_cdc_to/D
  -------------------------------------------------------------------    -------------------

                         (clock clk_fpga_0 rise edge)
                                                      0.000     0.000 r  
    PS7_X0Y0             PS7                          0.000     0.000 r  design_1_i/processing_system7_0/inst/PS7_i/FCLKCLK[0]
                         net (fo=1, routed)           1.088     1.088    design_1_i/processing_system7_0/inst/FCLK_CLK_unbuffered[0]
    BUFGCTRL_X0Y16       BUFG (Prop_bufg_I_O)         0.091     1.179 r  design_1_i/processing_system7_0/inst/buffer_fclk_clk_0.FCLK_CLK_0_BUFG/O
                         net (fo=896, routed)         1.466     2.645    design_1_i/axi_iic_0/U0/X_IIC/FILTER_I/SDA_DEBOUNCE/INPUT_DOUBLE_REGS/s_axi_aclk
    SLICE_X51Y94         FDRE                                         r  design_1_i/axi_iic_0/U0/X_IIC/FILTER_I/SDA_DEBOUNCE/INPUT_DOUBLE_REGS/GENERATE_LEVEL_P_S_CDC.SINGLE_BIT.CROSS_PLEVEL_IN2SCNDRY_IN_cdc_to/C

Slack:                    inf
  Source:                 IIC_0_scl_io
                            (input port)
  Destination:            design_1_i/axi_iic_0/U0/X_IIC/FILTER_I/SCL_DEBOUNCE/INPUT_DOUBLE_REGS/GENERATE_LEVEL_P_S_CDC.SINGLE_BIT.CROSS_PLEVEL_IN2SCNDRY_IN_cdc_to/D
                            (rising edge-triggered cell FDRE clocked by clk_fpga_0  {rise@0.000ns fall@5.000ns period=10.000ns})
  Path Group:             (none)
  Path Type:              Setup (Max at Slow Process Corner)
  Data Path Delay:        4.576ns  (logic 1.525ns (33.321%)  route 3.051ns (66.679%))
  Logic Levels:           1  (IBUF=1)
  Clock Path Skew:        2.646ns (DCD - SCD + CPR)
    Destination Clock Delay (DCD):    2.646ns
    Source Clock Delay      (SCD):    0.000ns
    Clock Pessimism Removal (CPR):    0.000ns
  Clock Uncertainty:      0.152ns  ((TSJ^2 + TIJ^2)^1/2 + DJ) / 2 + PE
    Total System Jitter     (TSJ):    0.050ns
    Total Input Jitter      (TIJ):    0.300ns
    Discrete Jitter          (DJ):    0.000ns
    Phase Error              (PE):    0.000ns

    Location             Delay type                Incr(ns)  Path(ns)    Netlist Resource(s)
  -------------------------------------------------------------------    -------------------
    Y18                                               0.000     0.000 r  IIC_0_scl_io (INOUT)
                         net (fo=1, unset)            0.000     0.000    IIC_0_scl_iobuf/IO
    Y18                  IBUF (Prop_ibuf_I_O)         1.525     1.525 r  IIC_0_scl_iobuf/IBUF/O
                         net (fo=1, routed)           3.051     4.576    design_1_i/axi_iic_0/U0/X_IIC/FILTER_I/SCL_DEBOUNCE/INPUT_DOUBLE_REGS/scl_i
    SLICE_X51Y97         FDRE                                         r  design_1_i/axi_iic_0/U0/X_IIC/FILTER_I/SCL_DEBOUNCE/INPUT_DOUBLE_REGS/GENERATE_LEVEL_P_S_CDC.SINGLE_BIT.CROSS_PLEVEL_IN2SCNDRY_IN_cdc_to/D
  -------------------------------------------------------------------    -------------------

                         (clock clk_fpga_0 rise edge)
                                                      0.000     0.000 r  
    PS7_X0Y0             PS7                          0.000     0.000 r  design_1_i/processing_system7_0/inst/PS7_i/FCLKCLK[0]
                         net (fo=1, routed)           1.088     1.088    design_1_i/processing_system7_0/inst/FCLK_CLK_unbuffered[0]
    BUFGCTRL_X0Y16       BUFG (Prop_bufg_I_O)         0.091     1.179 r  design_1_i/processing_system7_0/inst/buffer_fclk_clk_0.FCLK_CLK_0_BUFG/O
                         net (fo=896, routed)         1.467     2.646    design_1_i/axi_iic_0/U0/X_IIC/FILTER_I/SCL_DEBOUNCE/INPUT_DOUBLE_REGS/s_axi_aclk
    SLICE_X51Y97         FDRE                                         r  design_1_i/axi_iic_0/U0/X_IIC/FILTER_I/SCL_DEBOUNCE/INPUT_DOUBLE_REGS/GENERATE_LEVEL_P_S_CDC.SINGLE_BIT.CROSS_PLEVEL_IN2SCNDRY_IN_cdc_to/C





Min Delay Paths
--------------------------------------------------------------------------------------
Slack:                    inf
  Source:                 IIC_0_scl_io
                            (input port)
  Destination:            design_1_i/axi_iic_0/U0/X_IIC/FILTER_I/SCL_DEBOUNCE/INPUT_DOUBLE_REGS/GENERATE_LEVEL_P_S_CDC.SINGLE_BIT.CROSS_PLEVEL_IN2SCNDRY_IN_cdc_to/D
                            (rising edge-triggered cell FDRE clocked by clk_fpga_0  {rise@0.000ns fall@5.000ns period=10.000ns})
  Path Group:             (none)
  Path Type:              Hold (Min at Fast Process Corner)
  Data Path Delay:        1.689ns  (logic 0.292ns (17.291%)  route 1.397ns (82.709%))
  Logic Levels:           1  (IBUF=1)
  Clock Path Skew:        1.187ns (DCD - SCD - CPR)
    Destination Clock Delay (DCD):    1.187ns
    Source Clock Delay      (SCD):    0.000ns
    Clock Pessimism Removal (CPR):    -0.000ns

    Location             Delay type                Incr(ns)  Path(ns)    Netlist Resource(s)
  -------------------------------------------------------------------    -------------------
    Y18                                               0.000     0.000 r  IIC_0_scl_io (INOUT)
                         net (fo=1, unset)            0.000     0.000    IIC_0_scl_iobuf/IO
    Y18                  IBUF (Prop_ibuf_I_O)         0.292     0.292 r  IIC_0_scl_iobuf/IBUF/O
                         net (fo=1, routed)           1.397     1.689    design_1_i/axi_iic_0/U0/X_IIC/FILTER_I/SCL_DEBOUNCE/INPUT_DOUBLE_REGS/scl_i
    SLICE_X51Y97         FDRE                                         r  design_1_i/axi_iic_0/U0/X_IIC/FILTER_I/SCL_DEBOUNCE/INPUT_DOUBLE_REGS/GENERATE_LEVEL_P_S_CDC.SINGLE_BIT.CROSS_PLEVEL_IN2SCNDRY_IN_cdc_to/D
  -------------------------------------------------------------------    -------------------

                         (clock clk_fpga_0 rise edge)
                                                      0.000     0.000 r  
    PS7_X0Y0             PS7                          0.000     0.000 r  design_1_i/processing_system7_0/inst/PS7_i/FCLKCLK[0]
                         net (fo=1, routed)           0.337     0.337    design_1_i/processing_system7_0/inst/FCLK_CLK_unbuffered[0]
    BUFGCTRL_X0Y16       BUFG (Prop_bufg_I_O)         0.029     0.366 r  design_1_i/processing_system7_0/inst/buffer_fclk_clk_0.FCLK_CLK_0_BUFG/O
                         net (fo=896, routed)         0.821     1.187    design_1_i/axi_iic_0/U0/X_IIC/FILTER_I/SCL_DEBOUNCE/INPUT_DOUBLE_REGS/s_axi_aclk
    SLICE_X51Y97         FDRE                                         r  design_1_i/axi_iic_0/U0/X_IIC/FILTER_I/SCL_DEBOUNCE/INPUT_DOUBLE_REGS/GENERATE_LEVEL_P_S_CDC.SINGLE_BIT.CROSS_PLEVEL_IN2SCNDRY_IN_cdc_to/C

Slack:                    inf
  Source:                 IIC_0_sda_io
                            (input port)
  Destination:            design_1_i/axi_iic_0/U0/X_IIC/FILTER_I/SDA_DEBOUNCE/INPUT_DOUBLE_REGS/GENERATE_LEVEL_P_S_CDC.SINGLE_BIT.CROSS_PLEVEL_IN2SCNDRY_IN_cdc_to/D
                            (rising edge-triggered cell FDRE clocked by clk_fpga_0  {rise@0.000ns fall@5.000ns period=10.000ns})
  Path Group:             (none)
  Path Type:              Hold (Min at Fast Process Corner)
  Data Path Delay:        1.937ns  (logic 0.286ns (14.763%)  route 1.651ns (85.237%))
  Logic Levels:           1  (IBUF=1)
  Clock Path Skew:        1.186ns (DCD - SCD - CPR)
    Destination Clock Delay (DCD):    1.186ns
    Source Clock Delay      (SCD):    0.000ns
    Clock Pessimism Removal (CPR):    -0.000ns

    Location             Delay type                Incr(ns)  Path(ns)    Netlist Resource(s)
  -------------------------------------------------------------------    -------------------
    Y19                                               0.000     0.000 r  IIC_0_sda_io (INOUT)
                         net (fo=1, unset)            0.000     0.000    IIC_0_sda_iobuf/IO
    Y19                  IBUF (Prop_ibuf_I_O)         0.286     0.286 r  IIC_0_sda_iobuf/IBUF/O
                         net (fo=1, routed)           1.651     1.937    design_1_i/axi_iic_0/U0/X_IIC/FILTER_I/SDA_DEBOUNCE/INPUT_DOUBLE_REGS/sda_i
    SLICE_X51Y94         FDRE                                         r  design_1_i/axi_iic_0/U0/X_IIC/FILTER_I/SDA_DEBOUNCE/INPUT_DOUBLE_REGS/GENERATE_LEVEL_P_S_CDC.SINGLE_BIT.CROSS_PLEVEL_IN2SCNDRY_IN_cdc_to/D
  -------------------------------------------------------------------    -------------------

                         (clock clk_fpga_0 rise edge)
                                                      0.000     0.000 r  
    PS7_X0Y0             PS7                          0.000     0.000 r  design_1_i/processing_system7_0/inst/PS7_i/FCLKCLK[0]
                         net (fo=1, routed)           0.337     0.337    design_1_i/processing_system7_0/inst/FCLK_CLK_unbuffered[0]
    BUFGCTRL_X0Y16       BUFG (Prop_bufg_I_O)         0.029     0.366 r  design_1_i/processing_system7_0/inst/buffer_fclk_clk_0.FCLK_CLK_0_BUFG/O
                         net (fo=896, routed)         0.820     1.186    design_1_i/axi_iic_0/U0/X_IIC/FILTER_I/SDA_DEBOUNCE/INPUT_DOUBLE_REGS/s_axi_aclk
    SLICE_X51Y94         FDRE                                         r  design_1_i/axi_iic_0/U0/X_IIC/FILTER_I/SDA_DEBOUNCE/INPUT_DOUBLE_REGS/GENERATE_LEVEL_P_S_CDC.SINGLE_BIT.CROSS_PLEVEL_IN2SCNDRY_IN_cdc_to/C





